2026-05-12T00:01:33.227+08:00 [DEBU] etcd put success with key "/service/default/default/game_user/latest/172.20.10.3:9010", value "{"protocol":"grpc"}", lease "7587894528270026186"
2026-05-12T00:01:33.253+08:00 [DEBU] etcd put success with key "/service/default/default/game_user.svc/latest/172.20.10.3:8010", value "{"insecure":true,"protocol":"http"}", lease "7587894528270026189"
2026-05-12T00:02:19.017+08:00 [DEBU] etcd put success with key "/service/default/default/game_user/latest/172.20.10.3:9010", value "{"protocol":"grpc"}", lease "7587894528270026194"
2026-05-12T00:02:19.042+08:00 [DEBU] etcd put success with key "/service/default/default/game_user.svc/latest/172.20.10.3:8010", value "{"insecure":true,"protocol":"http"}", lease "7587894528270026197"
2026-05-12T00:21:10.454+08:00 [DEBU] etcd put success with key "/service/default/default/game_user/latest/172.20.10.3:9010", value "{"protocol":"grpc"}", lease "7587894528270026202"
2026-05-12T00:21:10.486+08:00 [DEBU] etcd put success with key "/service/default/default/game_user.svc/latest/172.20.10.3:8010", value "{"insecure":true,"protocol":"http"}", lease "7587894528270026205"
2026-05-12T00:21:28.267+08:00 [DEBU] etcd put success with key "/service/default/default/game_user/latest/172.20.10.3:9010", value "{"protocol":"grpc"}", lease "7587894528270026208"
2026-05-12T00:21:28.290+08:00 [DEBU] etcd put success with key "/service/default/default/game_user.svc/latest/172.20.10.3:8010", value "{"insecure":true,"protocol":"http"}", lease "7587894528270026211"
2026-05-12T00:21:53.663+08:00 [INFO] {4472309c588fae1824c7ab655c77f58b} 用户 1 连接成功
2026-05-12T00:21:53.674+08:00 [INFO] heartbeatCheck: 2562047h47m16.854775807s
2026-05-12T00:21:53.777+08:00 [INFO] 用户 1 接收消息: {"type":"getInfo","data":"","name":""}（类型: 1）
2026-05-12T00:21:56.699+08:00 [INFO] 用户 1 接收消息: {"type":"createRoom","data":"","name":""}（类型: 1）
2026-05-12T00:22:04.321+08:00 [INFO] heartbeatCheck: 7.6224744s
2026-05-12T00:22:04.323+08:00 [INFO] 用户 1 发送消息: {"type":"createRoom","data":"[{\"ID\":0,\"Name\":\"1\",\"RoomID\":\"UU0BPA\",\"Type\":0,\"CardNum\":13,\"Point\":100,\"UserId\":\"1\",\"RoomType\":2}]","from":"1"}
2026-05-12T00:22:04.324+08:00 [WARN] keepalive exit, lease id: 7587894528270026211, retry register
2026-05-12T00:22:04.326+08:00 [INFO] 用户 1 接收消息: {"type":"heartbeat","data":"ping"}（类型: 1）
2026-05-12T00:22:04.330+08:00 [INFO] 用户 1 发送消息: {"type":"heartbeat","data":"pong","from":"1"}
2026-05-12T00:22:08.377+08:00 [INFO] 执行日志异步任务: RoomID:"UU0BPA"  Type:2  UserID:"1"  Point:100  Action:"initRoom"
2026-05-12T00:22:08.381+08:00 [DEBU] Watch key "/service/default/default/log-service/latest/"
2026-05-12T00:22:08.384+08:00 [DEBU] etcd put success with key "/service/default/default/game_user.svc/latest/172.20.10.3:8010", value "{"insecure":true,"protocol":"http"}", lease "7587894528270026217"
2026-05-12T00:22:08.674+08:00 [INFO] heartbeatCheck: 4.3480477s
2026-05-12T00:22:13.675+08:00 [INFO] heartbeatCheck: 9.3484475s
2026-05-12T00:22:14.344+08:00 [INFO] 用户 1 接收消息: {"type":"heartbeat","data":"ping"}（类型: 1）
2026-05-12T00:22:14.347+08:00 [INFO] 用户 1 发送消息: {"type":"heartbeat","data":"pong","from":"1"}
2026-05-12T00:22:18.678+08:00 [INFO] heartbeatCheck: 4.334261s
2026-05-12T00:22:23.674+08:00 [INFO] heartbeatCheck: 9.3306329s
2026-05-12T00:22:24.365+08:00 [INFO] 用户 1 接收消息: {"type":"heartbeat","data":"ping"}（类型: 1）
2026-05-12T00:22:24.366+08:00 [INFO] 用户 1 发送消息: {"type":"heartbeat","data":"pong","from":"1"}
2026-05-12T00:22:28.675+08:00 [INFO] heartbeatCheck: 4.3097175s
2026-05-12T00:22:33.674+08:00 [INFO] heartbeatCheck: 9.3094926s
2026-05-12T00:22:34.380+08:00 [INFO] 用户 1 接收消息: {"type":"heartbeat","data":"ping"}（类型: 1）
2026-05-12T00:22:34.383+08:00 [INFO] 用户 1 发送消息: {"type":"heartbeat","data":"pong","from":"1"}
2026-05-12T00:22:38.674+08:00 [INFO] heartbeatCheck: 4.2952366s
2026-05-12T00:22:43.675+08:00 [INFO] heartbeatCheck: 9.2956477s
2026-05-12T00:22:44.400+08:00 [INFO] 用户 1 接收消息: {"type":"heartbeat","data":"ping"}（类型: 1）
2026-05-12T00:22:44.401+08:00 [INFO] 用户 1 发送消息: {"type":"heartbeat","data":"pong","from":"1"}
2026-05-12T00:22:48.675+08:00 [INFO] heartbeatCheck: 4.274946s
2026-05-12T00:22:53.675+08:00 [INFO] heartbeatCheck: 9.2755606s
2026-05-12T00:22:54.409+08:00 [INFO] 用户 1 接收消息: {"type":"heartbeat","data":"ping"}（类型: 1）
2026-05-12T00:22:54.411+08:00 [INFO] 用户 1 发送消息: {"type":"heartbeat","data":"pong","from":"1"}
2026-05-12T00:22:58.674+08:00 [INFO] heartbeatCheck: 4.2650512s
2026-05-12T00:23:03.674+08:00 [INFO] heartbeatCheck: 9.265086s
2026-05-12T00:23:04.417+08:00 [INFO] 用户 1 接收消息: {"type":"heartbeat","data":"ping"}（类型: 1）
2026-05-12T00:23:04.418+08:00 [INFO] 用户 1 发送消息: {"type":"heartbeat","data":"pong","from":"1"}
2026-05-12T00:23:08.675+08:00 [INFO] heartbeatCheck: 4.2586188s
2026-05-12T00:23:13.675+08:00 [INFO] heartbeatCheck: 9.2581774s
2026-05-12T00:23:14.433+08:00 [INFO] 用户 1 接收消息: {"type":"heartbeat","data":"ping"}（类型: 1）
2026-05-12T00:23:14.434+08:00 [INFO] 用户 1 发送消息: {"type":"heartbeat","data":"pong","from":"1"}
2026-05-12T00:23:18.872+08:00 [INFO] heartbeatCheck: 4.4387934s
2026-05-12T00:23:23.766+08:00 [INFO] heartbeatCheck: 9.3329199s
2026-05-12T00:23:24.884+08:00 [INFO] 用户 1 接收消息: {"type":"heartbeat","data":"ping"}（类型: 1）
2026-05-12T00:23:25.197+08:00 [INFO] 用户 1 发送消息: {"type":"heartbeat","data":"pong","from":"1"}
2026-05-12T00:23:29.121+08:00 [INFO] heartbeatCheck: 4.2366127s
2026-05-12T00:23:35.084+08:00 [INFO] heartbeatCheck: 8.793095s
2026-05-12T00:23:36.058+08:00 [INFO] 用户 1 接收消息: {"type":"heartbeat","data":"ping"}（类型: 1）
2026-05-12T00:23:36.488+08:00 [WARN] keepalive exit, lease id: 7587894528270026208, retry register
2026-05-12T00:23:36.488+08:00 [WARN] keepalive exit, lease id: 7587894528270026217, retry register
2026-05-12T00:23:36.496+08:00 [INFO] 用户 1 发送消息: {"type":"heartbeat","data":"pong","from":"1"}
2026-05-12T00:23:38.975+08:00 [INFO] heartbeatCheck: 2.9173982s
2026-05-12T00:23:42.703+08:00 [ERRO] keepalive retry register failed, will retry in 2s: etcd grant failed with keepalive ttl "10s": context deadline exceeded
1. etcd grant failed with keepalive ttl "10s"
2. context deadline exceeded

2026-05-12T00:23:42.732+08:00 [ERRO] keepalive retry register failed, will retry in 1s: etcd put failed with key "/service/default/default/game_user/latest/172.20.10.3:9010", value "{"protocol":"grpc"}", lease "7587894528270026228": context deadline exceeded
1. etcd put failed with key "/service/default/default/game_user/latest/172.20.10.3:9010", value "{"protocol":"grpc"}", lease "7587894528270026228"
2. context deadline exceeded

2026-05-12T00:23:43.698+08:00 [INFO] heartbeatCheck: 7.640443s
2026-05-12T00:23:44.828+08:00 [DEBU] etcd put success with key "/service/default/default/game_user/latest/172.20.10.3:9010", value "{"protocol":"grpc"}", lease "7587894528270026242"
2026-05-12T00:23:46.207+08:00 [DEBU] etcd put success with key "/service/default/default/game_user.svc/latest/172.20.10.3:8010", value "{"insecure":true,"protocol":"http"}", lease "7587894528270026245"
2026-05-12T00:23:47.291+08:00 [INFO] 用户 1 接收消息: {"type":"heartbeat","data":"ping"}（类型: 1）
2026-05-12T00:23:47.331+08:00 [INFO] 用户 1 发送消息: {"type":"heartbeat","data":"pong","from":"1"}
2026-05-12T00:23:48.749+08:00 [INFO] heartbeatCheck: 1.4576612s
2026-05-12T00:23:53.678+08:00 [INFO] heartbeatCheck: 6.3861832s
2026-05-12T00:23:57.533+08:00 [INFO] 用户 1 接收消息: {"type":"heartbeat","data":"ping"}（类型: 1）
2026-05-12T00:23:57.654+08:00 [INFO] 用户 1 发送消息: {"type":"heartbeat","data":"pong","from":"1"}
2026-05-12T00:23:58.680+08:00 [INFO] heartbeatCheck: 1.147415s
2026-05-12T00:24:03.712+08:00 [INFO] heartbeatCheck: 6.1791842s
2026-05-12T00:24:07.742+08:00 [INFO] 用户 1 接收消息: {"type":"heartbeat","data":"ping"}（类型: 1）
2026-05-12T00:24:07.758+08:00 [INFO] 用户 1 发送消息: {"type":"heartbeat","data":"pong","from":"1"}
2026-05-12T00:24:08.679+08:00 [INFO] heartbeatCheck: 936.7681ms
2026-05-12T00:24:13.681+08:00 [INFO] heartbeatCheck: 5.9384829s
2026-05-12T00:24:17.795+08:00 [INFO] 用户 1 接收消息: {"type":"heartbeat","data":"ping"}（类型: 1）
2026-05-12T00:24:17.819+08:00 [INFO] 用户 1 发送消息: {"type":"heartbeat","data":"pong","from":"1"}
2026-05-12T00:24:18.701+08:00 [INFO] heartbeatCheck: 905.9664ms
2026-05-12T00:24:23.790+08:00 [INFO] heartbeatCheck: 5.9947007s
2026-05-12T00:24:27.830+08:00 [INFO] 用户 1 接收消息: {"type":"heartbeat","data":"ping"}（类型: 1）
2026-05-12T00:24:27.833+08:00 [INFO] 用户 1 发送消息: {"type":"heartbeat","data":"pong","from":"1"}
2026-05-12T00:24:28.676+08:00 [INFO] heartbeatCheck: 846.0667ms
2026-05-12T00:24:33.701+08:00 [INFO] heartbeatCheck: 5.8718297s
2026-05-12T00:24:34.999+08:00 [INFO] {6874422f7e8fae183bc7ab65de5b2131} 用户 c罗 连接成功
2026-05-12T00:24:35.044+08:00 [INFO] 用户 c罗 接收消息: {"type":"getInfo","data":"","name":""}（类型: 1）
2026-05-12T00:24:35.045+08:00 [INFO] heartbeatCheck: 999µs
2026-05-12T00:24:37.840+08:00 [INFO] 用户 1 接收消息: {"type":"heartbeat","data":"ping"}（类型: 1）
2026-05-12T00:24:37.852+08:00 [INFO] 用户 1 发送消息: {"type":"heartbeat","data":"pong","from":"1"}
2026-05-12T00:24:38.675+08:00 [INFO] heartbeatCheck: 834.582ms
2026-05-12T00:24:40.045+08:00 [INFO] heartbeatCheck: 5.0016147s
2026-05-12T00:24:41.697+08:00 [INFO] 用户 c罗 接收消息: {"type":"joinRoom","data":"{\"roomID\":\"UU0BPA\"}","name":""}（类型: 1）
2026-05-12T00:24:48.535+08:00 [INFO] heartbeatCheck: 6.8375892s
2026-05-12T00:24:48.537+08:00 [ERRO] 用户 1 已在房间 UU0BPA 
Stack:
1.  game_user/internal/controller/enter.(*Client).validJoinRoom
    D:/gowork/max2/max2/app/game_user/internal/controller/enter/enter_v1_enter.go:441
2.  game_user/internal/controller/enter.(*Client).roomFriendMsgLoop
    D:/gowork/max2/max2/app/game_user/internal/controller/enter/enter_v1_enter.go:390

2026-05-12T00:24:48.570+08:00 [INFO] heartbeatCheck: 10.729777s
2026-05-12T00:24:48.570+08:00 [INFO] 用户 1 接收消息: {"type":"heartbeat","data":"ping"}（类型: 1）
2026-05-12T00:24:48.572+08:00 [INFO] 用户 1 发送消息: {"type":"heartbeat","data":"pong","from":"1"}
2026-05-12T00:25:04.105+08:00 [INFO] 用户 1 接收消息: {"type":"heartbeat","data":"ping"}（类型: 1）
2026-05-12T00:30:54.195+08:00 [DEBU] etcd put success with key "/service/default/default/game_user/latest/172.20.10.3:9010", value "{"protocol":"grpc"}", lease "7587894528270026272"
2026-05-12T00:30:54.229+08:00 [DEBU] etcd put success with key "/service/default/default/game_user.svc/latest/172.20.10.3:8010", value "{"insecure":true,"protocol":"http"}", lease "7587894528270026275"
2026-05-12T00:31:17.167+08:00 [INFO] {bc90e9d2db8fae18312c1a61a0994060} 用户 1 连接成功
2026-05-12T00:31:17.171+08:00 [INFO] heartbeatCheck: 2562047h47m16.854775807s
2026-05-12T00:31:17.192+08:00 [INFO] 用户 1 接收消息: {"type":"getInfo","data":"","name":""}（类型: 1）
2026-05-12T00:31:19.857+08:00 [INFO] 用户 1 接收消息: {"type":"createRoom","data":"","name":""}（类型: 1）
2026-05-12T00:31:19.863+08:00 [INFO] 执行日志异步任务: RoomID:"D7U4T7" Type:2 UserID:"1" Point:100 Action:"initRoom"
2026-05-12T00:31:19.864+08:00 [INFO] 用户 1 发送消息: {"type":"createRoom","data":"[{\"ID\":0,\"Name\":\"1\",\"RoomID\":\"D7U4T7\",\"Type\":0,\"CardNum\":13,\"Point\":100,\"UserId\":\"1\",\"RoomType\":2}]","from":"1"}
2026-05-12T00:31:19.864+08:00 [DEBU] Watch key "/service/default/default/log-service/latest/"
2026-05-12T00:31:22.173+08:00 [INFO] heartbeatCheck: 2.3159507s
2026-05-12T00:31:27.172+08:00 [INFO] heartbeatCheck: 7.3146395s
2026-05-12T00:31:29.920+08:00 [INFO] 用户 1 接收消息: {"type":"heartbeat","data":"ping"}（类型: 1）
2026-05-12T00:31:29.921+08:00 [INFO] 用户 1 发送消息: {"type":"heartbeat","data":"pong","from":"1"}
2026-05-12T00:31:32.172+08:00 [INFO] heartbeatCheck: 2.2517929s
2026-05-12T00:31:36.375+08:00 [INFO] {a8e3544ce08fae183a2c1a610cf7b660} 用户 c罗 连接成功
2026-05-12T00:31:36.377+08:00 [INFO] heartbeatCheck: 2562047h47m16.854775807s
2026-05-12T00:31:36.407+08:00 [INFO] 用户 c罗 接收消息: {"type":"getInfo","data":"","name":""}（类型: 1）
2026-05-12T00:31:37.172+08:00 [INFO] heartbeatCheck: 7.2518503s
2026-05-12T00:31:39.927+08:00 [INFO] 用户 1 接收消息: {"type":"heartbeat","data":"ping"}（类型: 1）
2026-05-12T00:31:39.930+08:00 [INFO] 用户 1 发送消息: {"type":"heartbeat","data":"pong","from":"1"}
2026-05-12T00:31:41.377+08:00 [INFO] heartbeatCheck: 4.9690311s
2026-05-12T00:31:42.172+08:00 [INFO] heartbeatCheck: 2.2447996s
2026-05-12T00:31:42.377+08:00 [INFO] 用户 c罗 接收消息: {"type":"joinRoom","data":"{\"roomID\":\"D7U4T7\"}","name":""}（类型: 1）
2026-05-12T00:31:42.488+08:00 [ERRO] 用户 1 已在房间 D7U4T7 
Stack:
1.  game_user/internal/controller/enter.(*Client).validJoinRoom
    D:/gowork/max2/max2/app/game_user/internal/controller/enter/enter_v1_enter.go:442
2.  game_user/internal/controller/enter.(*Client).roomFriendMsgLoop
    D:/gowork/max2/max2/app/game_user/internal/controller/enter/enter_v1_enter.go:390

2026-05-12T00:31:42.537+08:00 [INFO] 用户 1 发送消息: {"type":"joinRoom","data":"[{\"ID\":0,\"Name\":\"1\",\"RoomID\":\"D7U4T7\",\"Type\":0,\"CardNum\":13,\"Point\":100,\"UserId\":\"1\",\"RoomType\":2}]","from":"1"}
2026-05-12T00:31:46.377+08:00 [INFO] heartbeatCheck: 3.9999974s
2026-05-12T00:31:46.385+08:00 [INFO] 用户 c罗 接收消息: {"type":"heartbeat","data":"ping"}（类型: 1）
2026-05-12T00:31:46.387+08:00 [INFO] 用户 c罗 发送消息: {"type":"heartbeat","data":"pong","from":"c罗"}
2026-05-12T00:31:47.173+08:00 [INFO] heartbeatCheck: 7.2457144s
2026-05-12T00:31:51.377+08:00 [INFO] heartbeatCheck: 4.9919336s
2026-05-12T00:31:52.172+08:00 [INFO] heartbeatCheck: 12.2443081s
2026-05-12T00:31:52.562+08:00 [INFO] 用户 1 接收消息: {"type":"heartbeat","data":"ping"}（类型: 1）
2026-05-12T00:31:52.564+08:00 [INFO] 用户 1 发送消息: {"type":"heartbeat","data":"pong","from":"1"}
2026-05-12T00:31:56.377+08:00 [INFO] heartbeatCheck: 9.9919987s
2026-05-12T00:31:56.400+08:00 [INFO] 用户 c罗 接收消息: {"type":"heartbeat","data":"ping"}（类型: 1）
2026-05-12T00:31:56.402+08:00 [INFO] 用户 c罗 发送消息: {"type":"heartbeat","data":"pong","from":"c罗"}
2026-05-12T00:31:57.172+08:00 [INFO] heartbeatCheck: 4.6109594s
2026-05-12T00:32:01.377+08:00 [INFO] heartbeatCheck: 4.9769757s
2026-05-12T00:32:02.172+08:00 [INFO] heartbeatCheck: 9.6108145s
2026-05-12T00:32:02.581+08:00 [INFO] 用户 1 接收消息: {"type":"heartbeat","data":"ping"}（类型: 1）
2026-05-12T00:32:02.584+08:00 [INFO] 用户 1 发送消息: {"type":"heartbeat","data":"pong","from":"1"}
2026-05-12T00:32:06.378+08:00 [INFO] heartbeatCheck: 9.9772172s
2026-05-12T00:32:06.414+08:00 [INFO] 用户 c罗 接收消息: {"type":"heartbeat","data":"ping"}（类型: 1）
2026-05-12T00:32:06.416+08:00 [INFO] 用户 c罗 发送消息: {"type":"heartbeat","data":"pong","from":"c罗"}
2026-05-12T00:32:07.171+08:00 [INFO] heartbeatCheck: 4.5907363s
2026-05-12T00:32:11.377+08:00 [INFO] heartbeatCheck: 4.9633059s
2026-05-12T00:32:12.172+08:00 [INFO] heartbeatCheck: 9.5911886s
2026-05-12T00:32:12.599+08:00 [INFO] 用户 1 接收消息: {"type":"heartbeat","data":"ping"}（类型: 1）
2026-05-12T00:32:12.602+08:00 [INFO] 用户 1 发送消息: {"type":"heartbeat","data":"pong","from":"1"}
2026-05-12T00:32:16.377+08:00 [INFO] heartbeatCheck: 9.9632744s
2026-05-12T00:32:16.420+08:00 [INFO] 用户 c罗 接收消息: {"type":"heartbeat","data":"ping"}（类型: 1）
2026-05-12T00:32:16.423+08:00 [INFO] 用户 c罗 发送消息: {"type":"heartbeat","data":"pong","from":"c罗"}
2026-05-12T00:32:17.172+08:00 [INFO] heartbeatCheck: 4.573434s
2026-05-12T00:32:21.377+08:00 [INFO] heartbeatCheck: 4.9571733s
2026-05-12T00:32:22.172+08:00 [INFO] heartbeatCheck: 9.5731665s
2026-05-12T00:32:22.613+08:00 [INFO] 用户 1 接收消息: {"type":"heartbeat","data":"ping"}（类型: 1）
2026-05-12T00:32:22.615+08:00 [INFO] 用户 1 发送消息: {"type":"heartbeat","data":"pong","from":"1"}
2026-05-12T00:32:26.377+08:00 [INFO] heartbeatCheck: 9.9575185s
2026-05-12T00:32:26.443+08:00 [INFO] 用户 c罗 接收消息: {"type":"heartbeat","data":"ping"}（类型: 1）
2026-05-12T00:32:26.445+08:00 [INFO] 用户 c罗 发送消息: {"type":"heartbeat","data":"pong","from":"c罗"}
2026-05-12T00:32:27.177+08:00 [INFO] heartbeatCheck: 4.5643946s
2026-05-12T00:32:31.377+08:00 [INFO] heartbeatCheck: 4.9335693s
2026-05-12T00:32:32.172+08:00 [INFO] heartbeatCheck: 9.5588274s
2026-05-12T00:32:32.620+08:00 [INFO] 用户 1 接收消息: {"type":"heartbeat","data":"ping"}（类型: 1）
2026-05-12T00:32:32.621+08:00 [INFO] 用户 1 发送消息: {"type":"heartbeat","data":"pong","from":"1"}
2026-05-12T00:32:36.377+08:00 [INFO] heartbeatCheck: 9.9338557s
2026-05-12T00:32:36.462+08:00 [INFO] 用户 c罗 接收消息: {"type":"heartbeat","data":"ping"}（类型: 1）
2026-05-12T00:32:36.465+08:00 [INFO] 用户 c罗 发送消息: {"type":"heartbeat","data":"pong","from":"c罗"}
2026-05-12T00:32:37.172+08:00 [INFO] heartbeatCheck: 4.552634s
2026-05-12T00:32:41.377+08:00 [INFO] heartbeatCheck: 4.9153261s
2026-05-12T00:32:42.172+08:00 [INFO] heartbeatCheck: 9.5521302s
2026-05-12T00:32:42.624+08:00 [INFO] 用户 1 接收消息: {"type":"heartbeat","data":"ping"}（类型: 1）
2026-05-12T00:32:42.626+08:00 [INFO] 用户 1 发送消息: {"type":"heartbeat","data":"pong","from":"1"}
2026-05-12T00:32:46.378+08:00 [INFO] heartbeatCheck: 9.9156584s
2026-05-12T00:32:46.484+08:00 [INFO] 用户 c罗 接收消息: {"type":"heartbeat","data":"ping"}（类型: 1）
2026-05-12T00:32:46.488+08:00 [INFO] 用户 c罗 发送消息: {"type":"heartbeat","data":"pong","from":"c罗"}
2026-05-12T00:32:47.172+08:00 [INFO] heartbeatCheck: 4.54789s
2026-05-12T00:32:51.377+08:00 [INFO] heartbeatCheck: 4.8930849s
2026-05-12T00:32:52.172+08:00 [INFO] heartbeatCheck: 9.5476078s
2026-05-12T00:32:52.643+08:00 [INFO] 用户 1 接收消息: {"type":"heartbeat","data":"ping"}（类型: 1）
2026-05-12T00:32:52.648+08:00 [INFO] 用户 1 发送消息: {"type":"heartbeat","data":"pong","from":"1"}
2026-05-12T00:32:56.377+08:00 [INFO] heartbeatCheck: 9.8927143s
2026-05-12T00:32:56.494+08:00 [INFO] 用户 c罗 接收消息: {"type":"heartbeat","data":"ping"}（类型: 1）
2026-05-12T00:32:56.499+08:00 [INFO] 用户 c罗 发送消息: {"type":"heartbeat","data":"pong","from":"c罗"}
2026-05-12T00:32:57.172+08:00 [INFO] heartbeatCheck: 4.5289207s
2026-05-12T00:33:01.377+08:00 [INFO] heartbeatCheck: 4.882407s
2026-05-12T00:33:02.172+08:00 [INFO] heartbeatCheck: 9.5289526s
2026-05-12T00:33:02.653+08:00 [INFO] 用户 1 接收消息: {"type":"heartbeat","data":"ping"}（类型: 1）
2026-05-12T00:33:02.658+08:00 [INFO] 用户 1 发送消息: {"type":"heartbeat","data":"pong","from":"1"}
2026-05-12T00:33:06.377+08:00 [INFO] heartbeatCheck: 9.8825374s
2026-05-12T00:33:06.514+08:00 [INFO] 用户 c罗 接收消息: {"type":"heartbeat","data":"ping"}（类型: 1）
2026-05-12T00:33:06.517+08:00 [INFO] 用户 c罗 发送消息: {"type":"heartbeat","data":"pong","from":"c罗"}
2026-05-12T00:33:07.172+08:00 [INFO] heartbeatCheck: 4.5195571s
2026-05-12T00:33:11.377+08:00 [INFO] heartbeatCheck: 4.8627441s
2026-05-12T00:33:12.173+08:00 [INFO] heartbeatCheck: 9.5204803s
2026-05-12T00:33:12.672+08:00 [INFO] 用户 1 接收消息: {"type":"heartbeat","data":"ping"}（类型: 1）
2026-05-12T00:33:12.675+08:00 [INFO] 用户 1 发送消息: {"type":"heartbeat","data":"pong","from":"1"}
2026-05-12T00:33:16.377+08:00 [INFO] heartbeatCheck: 9.8630258s
2026-05-12T00:33:16.525+08:00 [INFO] 用户 c罗 接收消息: {"type":"heartbeat","data":"ping"}（类型: 1）
2026-05-12T00:33:16.527+08:00 [INFO] 用户 c罗 发送消息: {"type":"heartbeat","data":"pong","from":"c罗"}
2026-05-12T00:33:17.172+08:00 [INFO] heartbeatCheck: 4.4992423s
2026-05-12T00:33:21.378+08:00 [INFO] heartbeatCheck: 4.8528832s
2026-05-12T00:33:22.172+08:00 [INFO] heartbeatCheck: 9.4993362s
2026-05-12T00:33:22.690+08:00 [INFO] 用户 1 接收消息: {"type":"heartbeat","data":"ping"}（类型: 1）
2026-05-12T00:33:22.693+08:00 [INFO] 用户 1 发送消息: {"type":"heartbeat","data":"pong","from":"1"}
2026-05-12T00:33:26.377+08:00 [INFO] heartbeatCheck: 9.852273s
2026-05-12T00:33:26.538+08:00 [INFO] 用户 c罗 接收消息: {"type":"heartbeat","data":"ping"}（类型: 1）
2026-05-12T00:33:26.540+08:00 [INFO] 用户 c罗 发送消息: {"type":"heartbeat","data":"pong","from":"c罗"}
2026-05-12T00:33:27.172+08:00 [INFO] heartbeatCheck: 4.4821446s
2026-05-12T00:33:29.881+08:00 [INFO] 用户 c罗 接收消息: {"type":"leaveRoom","data":"","name":""}（类型: 1）
2026-05-12T00:33:29.987+08:00 [INFO] 用户 c罗 接收消息: {"type":"getInfo","data":"","name":""}（类型: 1）
2026-05-12T00:33:31.377+08:00 [INFO] heartbeatCheck: 1.3901295s
2026-05-12T00:33:32.172+08:00 [INFO] heartbeatCheck: 9.4822095s
2026-05-12T00:33:32.709+08:00 [INFO] 用户 1 接收消息: {"type":"heartbeat","data":"ping"}（类型: 1）
2026-05-12T00:33:32.712+08:00 [INFO] 用户 1 发送消息: {"type":"heartbeat","data":"pong","from":"1"}
2026-05-12T00:33:35.321+08:00 [INFO] 用户 c罗 接收消息: {"type":"joinRoom","data":"{\"roomID\":\"D7U4T7\"}","name":""}（类型: 1）
2026-05-12T00:34:14.111+08:00 [WARN] keepalive exit, lease id: 7587894528270026275, retry register
2026-05-12T00:34:14.111+08:00 [INFO] 用户 1 接收消息: {"type":"heartbeat","data":"ping"}（类型: 1）
2026-05-12T00:34:37.266+08:00 [INFO] 用户 c罗 接收消息: {"type":"heartbeat","data":"ping"}（类型: 1）
2026-05-12T00:34:37.270+08:00 [INFO] heartbeatCheck: 2.6642ms
2026-05-12T00:34:37.270+08:00 [ERRO] 用户 1 已在房间 D7U4T7 
Stack:
1.  game_user/internal/controller/enter.(*Client).validJoinRoom
    D:/gowork/max2/max2/app/game_user/internal/controller/enter/enter_v1_enter.go:442
2.  game_user/internal/controller/enter.(*Client).roomFriendMsgLoop
    D:/gowork/max2/max2/app/game_user/internal/controller/enter/enter_v1_enter.go:390

2026-05-12T00:34:37.274+08:00 [WARN] keepalive exit, lease id: 7587894528270026272, retry register
2026-05-12T00:34:37.271+08:00 [INFO] heartbeatCheck: 23.1598857s
2026-05-12T00:34:37.279+08:00 [INFO] heartbeatCheck: 23.1678831s
2026-05-12T00:34:37.280+08:00 [INFO] 用户 1 接收消息: {"type":"heartbeat","data":"ping"}（类型: 1）
2026-05-12T00:34:37.282+08:00 [INFO] 用户 c罗 发送消息: {"type":"heartbeat","data":"pong","from":"c罗"}
2026-05-12T00:34:37.278+08:00 [INFO] heartbeatCheck: 11.6526ms
2026-05-12T00:34:37.285+08:00 [INFO] 用户 c罗 接收消息: {"type":"heartbeat","data":"ping"}（类型: 1）
2026-05-12T00:34:37.289+08:00 [INFO] 用户 c罗 发送消息: {"type":"heartbeat","data":"pong","from":"c罗"}
2026-05-12T00:34:37.291+08:00 [INFO] 用户 c罗 接收消息: {"type":"heartbeat","data":"ping"}（类型: 1）
2026-05-12T00:34:37.287+08:00 [INFO] 用户 1 接收消息: {"type":"heartbeat","data":"ping"}（类型: 1）
2026-05-12T00:34:37.285+08:00 [INFO] 用户 1 发送消息: {"type":"heartbeat","data":"pong","from":"1"}
2026-05-12T00:34:37.298+08:00 [INFO] 用户 1 发送消息: {"type":"heartbeat","data":"pong","from":"1"}
2026-05-12T00:34:37.302+08:00 [INFO] 用户 c罗 发送消息: {"type":"heartbeat","data":"pong","from":"c罗"}
2026-05-12T00:34:37.302+08:00 [INFO] 用户 1 接收消息: {"type":"heartbeat","data":"ping"}（类型: 1）
2026-05-12T00:34:37.303+08:00 [INFO] 用户 c罗 接收消息: {"type":"heartbeat","data":"ping"}（类型: 1）
2026-05-12T00:34:37.304+08:00 [INFO] 用户 1 发送消息: {"type":"heartbeat","data":"pong","from":"1"}
2026-05-12T00:34:44.635+08:00 [INFO] 用户 c罗 发送消息: {"type":"heartbeat","data":"pong","from":"c罗"}
2026-05-12T00:34:44.636+08:00 [INFO] 用户 1 发送消息: {"type":"heartbeat","data":"pong","from":"1"}
2026-05-12T00:34:44.634+08:00 [INFO] heartbeatCheck: 7.3316356s
2026-05-12T00:34:44.634+08:00 [INFO] 用户 1 接收消息: {"type":"heartbeat","data":"ping"}（类型: 1）
2026-05-12T00:34:44.638+08:00 [INFO] 用户 1 发送消息: {"type":"joinRoom","data":"[{\"ID\":0,\"Name\":\"1\",\"RoomID\":\"D7U4T7\",\"Type\":0,\"CardNum\":13,\"Point\":100,\"UserId\":\"1\",\"RoomType\":2}]","from":"1"}
2026-05-12T00:34:44.641+08:00 [INFO] 用户 1 发送消息: {"type":"heartbeat","data":"pong","from":"1"}
2026-05-12T00:34:44.638+08:00 [INFO] heartbeatCheck: 7.3349774s
2026-05-12T00:34:44.640+08:00 [INFO] 用户 c罗 接收消息: {"type":"heartbeat","data":"ping"}（类型: 1）
2026-05-12T00:34:44.643+08:00 [INFO] 用户 1 接收消息: {"type":"heartbeat","data":"ping"}（类型: 1）
2026-05-12T00:34:44.646+08:00 [INFO] 用户 c罗 发送消息: {"type":"heartbeat","data":"pong","from":"c罗"}
2026-05-12T00:34:44.648+08:00 [INFO] 用户 c罗 接收消息: {"type":"heartbeat","data":"ping"}（类型: 1）
2026-05-12T00:34:44.651+08:00 [INFO] 用户 1 发送消息: {"type":"heartbeat","data":"pong","from":"1"}
2026-05-12T00:34:44.651+08:00 [INFO] 用户 c罗 发送消息: {"type":"heartbeat","data":"pong","from":"c罗"}
2026-05-12T00:34:44.651+08:00 [INFO] 用户 c罗 接收消息: {"type":"heartbeat","data":"ping"}（类型: 1）
2026-05-12T00:34:44.654+08:00 [INFO] 用户 c罗 发送消息: {"type":"heartbeat","data":"pong","from":"c罗"}
2026-05-12T00:34:44.658+08:00 [ERRO] keepalive retry register failed, will retry in 2s: etcd grant failed with keepalive ttl "10s": context deadline exceeded
1. etcd grant failed with keepalive ttl "10s"
2. context deadline exceeded

2026-05-12T00:34:44.659+08:00 [ERRO] keepalive retry register failed, will retry in 2s: etcd put failed with key "/service/default/default/game_user.svc/latest/172.20.10.3:8010", value "{"insecure":true,"protocol":"http"}", lease "7587894528270026283": context deadline exceeded
1. etcd put failed with key "/service/default/default/game_user.svc/latest/172.20.10.3:8010", value "{"insecure":true,"protocol":"http"}", lease "7587894528270026283"
2. context deadline exceeded

2026-05-12T00:34:46.377+08:00 [INFO] heartbeatCheck: 1.726283s
2026-05-12T00:34:46.668+08:00 [DEBU] etcd put success with key "/service/default/default/game_user.svc/latest/172.20.10.3:8010", value "{"insecure":true,"protocol":"http"}", lease "7587894528270026287"
2026-05-12T00:34:46.669+08:00 [DEBU] etcd put success with key "/service/default/default/game_user/latest/172.20.10.3:9010", value "{"protocol":"grpc"}", lease "7587894528270026289"
2026-05-12T00:34:47.172+08:00 [INFO] heartbeatCheck: 2.5293596s
2026-05-12T00:34:51.377+08:00 [INFO] heartbeatCheck: 6.725912s
2026-05-12T00:34:52.172+08:00 [INFO] heartbeatCheck: 7.5293878s
2026-05-12T00:34:54.654+08:00 [INFO] 用户 1 接收消息: {"type":"heartbeat","data":"ping"}（类型: 1）
2026-05-12T00:34:54.655+08:00 [INFO] 用户 1 发送消息: {"type":"heartbeat","data":"pong","from":"1"}
2026-05-12T00:34:54.670+08:00 [INFO] 用户 c罗 接收消息: {"type":"heartbeat","data":"ping"}（类型: 1）
2026-05-12T00:34:54.672+08:00 [INFO] 用户 c罗 发送消息: {"type":"heartbeat","data":"pong","from":"c罗"}
2026-05-12T00:34:56.377+08:00 [INFO] heartbeatCheck: 1.707132s
2026-05-12T00:34:57.172+08:00 [INFO] heartbeatCheck: 2.5180071s
2026-05-12T00:34:59.919+08:00 [INFO] 用户 c罗 接收消息: {"type":"leaveRoom","data":"","name":""}（类型: 1）
2026-05-12T00:35:00.041+08:00 [INFO] 用户 c罗 接收消息: {"type":"getInfo","data":"","name":""}（类型: 1）
2026-05-12T00:35:01.379+08:00 [INFO] heartbeatCheck: 1.3384658s
2026-05-12T00:35:02.172+08:00 [INFO] heartbeatCheck: 7.5180526s
2026-05-12T00:35:04.663+08:00 [INFO] 用户 1 接收消息: {"type":"heartbeat","data":"ping"}（类型: 1）
2026-05-12T00:35:04.664+08:00 [INFO] 用户 1 发送消息: {"type":"heartbeat","data":"pong","from":"1"}
2026-05-12T00:35:04.678+08:00 [INFO] 用户 c罗 接收消息: {"type":"heartbeat","data":"ping"}（类型: 1）
2026-05-12T00:35:04.680+08:00 [INFO] 用户 c罗 发送消息: {"type":"heartbeat","data":"pong","from":"c罗"}
2026-05-12T00:35:04.686+08:00 [INFO] 用户 c罗 接收消息: {"type":"joinRoom","data":"{\"roomID\":\"D7U4T7\"}","name":""}（类型: 1）
2026-05-12T00:35:09.641+08:00 [INFO] heartbeatCheck: 4.9780829s
2026-05-12T00:35:09.642+08:00 [INFO] heartbeatCheck: 4.9564442s
2026-05-12T00:35:12.544+08:00 [INFO] heartbeatCheck: 7.8581357s
2026-05-12T00:35:12.544+08:00 [ERRO] 用户 1 已在房间 D7U4T7 
Stack:
1.  game_user/internal/controller/enter.(*Client).validJoinRoom
    D:/gowork/max2/max2/app/game_user/internal/controller/enter/enter_v1_enter.go:442
2.  game_user/internal/controller/enter.(*Client).roomFriendMsgLoop
    D:/gowork/max2/max2/app/game_user/internal/controller/enter/enter_v1_enter.go:390

2026-05-12T00:35:12.544+08:00 [INFO] heartbeatCheck: 7.8808215s
2026-05-12T00:36:32.547+08:00 [INFO] heartbeatCheck: 1m27.8608188s
2026-05-12T00:36:32.547+08:00 [WARN] keepalive exit, lease id: 7587894528270026287, retry register
2026-05-12T00:36:32.548+08:00 [WARN] keepalive exit, lease id: 7587894528270026289, retry register
2026-05-12T00:36:32.548+08:00 [INFO] 用户 c罗 接收消息: {"type":"heartbeat","data":"ping"}（类型: 1）
2026-05-12T00:36:32.549+08:00 [INFO] 用户 1 接收消息: {"type":"heartbeat","data":"ping"}（类型: 1）
2026-05-12T00:36:32.549+08:00 [INFO] heartbeatCheck: 0s
2026-05-12T00:36:32.575+08:00 [INFO] 用户 1 接收消息: {"type":"heartbeat","data":"ping"}（类型: 1）
2026-05-12T00:36:32.577+08:00 [INFO] 用户 c罗 接收消息: {"type":"heartbeat","data":"ping"}（类型: 1）
2026-05-12T00:36:32.578+08:00 [INFO] 用户 c罗 发送消息: {"type":"heartbeat","data":"pong","from":"c罗"}
2026-05-12T00:36:32.581+08:00 [INFO] 用户 c罗 发送消息: {"type":"heartbeat","data":"pong","from":"c罗"}
2026-05-12T00:36:32.585+08:00 [INFO] 用户 1 接收消息: {"type":"heartbeat","data":"ping"}（类型: 1）
2026-05-12T00:36:32.587+08:00 [INFO] 用户 1 发送消息: {"type":"heartbeat","data":"pong","from":"1"}
2026-05-12T00:36:32.588+08:00 [INFO] 用户 1 发送消息: {"type":"joinRoom","data":"[{\"ID\":0,\"Name\":\"1\",\"RoomID\":\"D7U4T7\",\"Type\":0,\"CardNum\":13,\"Point\":100,\"UserId\":\"1\",\"RoomType\":2}]","from":"1"}
2026-05-12T00:36:32.590+08:00 [INFO] 用户 1 发送消息: {"type":"heartbeat","data":"pong","from":"1"}
2026-05-12T00:36:32.591+08:00 [INFO] 用户 1 发送消息: {"type":"heartbeat","data":"pong","from":"1"}
2026-05-12T00:36:32.592+08:00 [INFO] 用户 1 接收消息: {"type":"heartbeat","data":"ping"}（类型: 1）
2026-05-12T00:36:32.593+08:00 [INFO] 用户 c罗 接收消息: {"type":"heartbeat","data":"ping"}（类型: 1）
2026-05-12T00:36:32.594+08:00 [INFO] 用户 1 发送消息: {"type":"heartbeat","data":"pong","from":"1"}
2026-05-12T00:36:32.596+08:00 [INFO] 用户 1 接收消息: {"type":"heartbeat","data":"ping"}（类型: 1）
2026-05-12T00:36:32.598+08:00 [INFO] 用户 c罗 发送消息: {"type":"heartbeat","data":"pong","from":"c罗"}
2026-05-12T00:36:32.599+08:00 [INFO] 用户 c罗 接收消息: {"type":"heartbeat","data":"ping"}（类型: 1）
2026-05-12T00:36:32.601+08:00 [INFO] 用户 1 发送消息: {"type":"heartbeat","data":"pong","from":"1"}
2026-05-12T00:36:32.602+08:00 [INFO] 用户 1 接收消息: {"type":"heartbeat","data":"ping"}（类型: 1）
2026-05-12T00:36:32.605+08:00 [INFO] 用户 c罗 发送消息: {"type":"heartbeat","data":"pong","from":"c罗"}
2026-05-12T00:36:32.607+08:00 [INFO] 用户 c罗 接收消息: {"type":"heartbeat","data":"ping"}（类型: 1）
2026-05-12T00:36:32.609+08:00 [INFO] 用户 c罗 接收消息: {"type":"heartbeat","data":"ping"}（类型: 1）
2026-05-12T00:36:32.610+08:00 [INFO] 用户 c罗 发送消息: {"type":"heartbeat","data":"pong","from":"c罗"}
2026-05-12T00:36:32.612+08:00 [INFO] 用户 c罗 发送消息: {"type":"heartbeat","data":"pong","from":"c罗"}
2026-05-12T00:36:32.614+08:00 [INFO] 用户 1 发送消息: {"type":"heartbeat","data":"pong","from":"1"}
2026-05-12T00:36:32.614+08:00 [INFO] 用户 1 接收消息: {"type":"heartbeat","data":"ping"}（类型: 1）
2026-05-12T00:36:32.616+08:00 [INFO] 用户 1 接收消息: {"type":"heartbeat","data":"ping"}（类型: 1）
2026-05-12T00:36:32.628+08:00 [INFO] 用户 1 发送消息: {"type":"heartbeat","data":"pong","from":"1"}
2026-05-12T00:36:32.640+08:00 [INFO] 用户 1 发送消息: {"type":"heartbeat","data":"pong","from":"1"}
2026-05-12T00:36:32.628+08:00 [INFO] 用户 c罗 接收消息: {"type":"heartbeat","data":"ping"}（类型: 1）
2026-05-12T00:36:32.653+08:00 [INFO] 用户 c罗 发送消息: {"type":"heartbeat","data":"pong","from":"c罗"}
2026-05-12T00:36:32.655+08:00 [INFO] 用户 c罗 接收消息: {"type":"heartbeat","data":"ping"}（类型: 1）
2026-05-12T00:36:32.671+08:00 [INFO] 用户 c罗 发送消息: {"type":"heartbeat","data":"pong","from":"c罗"}
2026-05-12T00:36:32.724+08:00 [DEBU] etcd put success with key "/service/default/default/game_user/latest/172.20.10.3:9010", value "{"protocol":"grpc"}", lease "7587894528270026296"
2026-05-12T00:36:32.737+08:00 [DEBU] etcd put success with key "/service/default/default/game_user.svc/latest/172.20.10.3:8010", value "{"insecure":true,"protocol":"http"}", lease "7587894528270026298"
2026-05-12T00:36:36.379+08:00 [INFO] heartbeatCheck: 3.7241415s
2026-05-12T00:36:37.175+08:00 [INFO] heartbeatCheck: 4.5592866s
2026-05-12T00:36:41.505+08:00 [INFO] heartbeatCheck: 8.8493662s
2026-05-12T00:36:42.196+08:00 [INFO] heartbeatCheck: 9.5804335s
2026-05-12T00:36:42.685+08:00 [INFO] 用户 1 接收消息: {"type":"heartbeat","data":"ping"}（类型: 1）
2026-05-12T00:36:42.689+08:00 [INFO] 用户 1 发送消息: {"type":"heartbeat","data":"pong","from":"1"}
2026-05-12T00:36:42.691+08:00 [INFO] 用户 c罗 接收消息: {"type":"heartbeat","data":"ping"}（类型: 1）
2026-05-12T00:36:42.748+08:00 [INFO] 用户 c罗 发送消息: {"type":"heartbeat","data":"pong","from":"c罗"}
2026-05-12T00:36:46.471+08:00 [INFO] heartbeatCheck: 3.7794352s
2026-05-12T00:36:47.209+08:00 [INFO] heartbeatCheck: 4.5242097s
2026-05-12T00:36:51.384+08:00 [INFO] heartbeatCheck: 8.6930785s
2026-05-12T00:36:52.184+08:00 [INFO] heartbeatCheck: 9.498882s
2026-05-12T00:36:52.700+08:00 [INFO] 用户 1 接收消息: {"type":"heartbeat","data":"ping"}（类型: 1）
2026-05-12T00:36:52.714+08:00 [INFO] 用户 1 发送消息: {"type":"heartbeat","data":"pong","from":"1"}
2026-05-12T00:36:52.761+08:00 [INFO] 用户 c罗 接收消息: {"type":"heartbeat","data":"ping"}（类型: 1）
2026-05-12T00:36:52.764+08:00 [INFO] 用户 c罗 发送消息: {"type":"heartbeat","data":"pong","from":"c罗"}
2026-05-12T00:36:56.399+08:00 [INFO] heartbeatCheck: 3.6387337s
2026-05-12T00:36:57.189+08:00 [INFO] heartbeatCheck: 4.48904s
2026-05-12T00:37:01.379+08:00 [INFO] heartbeatCheck: 8.6189455s
2026-05-12T00:37:02.177+08:00 [INFO] heartbeatCheck: 9.4770475s
2026-05-12T00:37:02.744+08:00 [INFO] 用户 1 接收消息: {"type":"heartbeat","data":"ping"}（类型: 1）
2026-05-12T00:37:02.749+08:00 [INFO] 用户 1 发送消息: {"type":"heartbeat","data":"pong","from":"1"}
2026-05-12T00:37:02.788+08:00 [INFO] 用户 c罗 接收消息: {"type":"heartbeat","data":"ping"}（类型: 1）
2026-05-12T00:37:02.811+08:00 [INFO] 用户 c罗 发送消息: {"type":"heartbeat","data":"pong","from":"c罗"}
2026-05-12T00:37:06.379+08:00 [INFO] heartbeatCheck: 3.5915277s
2026-05-12T00:37:07.173+08:00 [INFO] heartbeatCheck: 4.4302007s
2026-05-12T00:37:11.378+08:00 [INFO] heartbeatCheck: 8.5901903s
2026-05-12T00:37:12.172+08:00 [INFO] heartbeatCheck: 9.4290749s
2026-05-12T00:37:12.763+08:00 [INFO] 用户 1 接收消息: {"type":"heartbeat","data":"ping"}（类型: 1）
2026-05-12T00:37:12.764+08:00 [INFO] 用户 1 发送消息: {"type":"heartbeat","data":"pong","from":"1"}
2026-05-12T00:37:12.826+08:00 [INFO] 用户 c罗 接收消息: {"type":"heartbeat","data":"ping"}（类型: 1）
2026-05-12T00:37:12.828+08:00 [INFO] 用户 c罗 发送消息: {"type":"heartbeat","data":"pong","from":"c罗"}
2026-05-12T00:37:16.377+08:00 [INFO] heartbeatCheck: 3.5511158s
2026-05-12T00:37:17.172+08:00 [INFO] heartbeatCheck: 4.4090247s
2026-05-12T00:37:21.377+08:00 [INFO] heartbeatCheck: 8.5511943s
2026-05-12T00:37:22.171+08:00 [INFO] heartbeatCheck: 9.4087882s
2026-05-12T00:37:22.771+08:00 [INFO] 用户 1 接收消息: {"type":"heartbeat","data":"ping"}（类型: 1）
2026-05-12T00:37:22.782+08:00 [INFO] 用户 1 发送消息: {"type":"heartbeat","data":"pong","from":"1"}
2026-05-12T00:37:22.845+08:00 [INFO] 用户 c罗 接收消息: {"type":"heartbeat","data":"ping"}（类型: 1）
2026-05-12T00:37:22.853+08:00 [INFO] 用户 c罗 发送消息: {"type":"heartbeat","data":"pong","from":"c罗"}
2026-05-12T00:37:26.385+08:00 [INFO] heartbeatCheck: 3.5421777s
2026-05-12T00:37:27.172+08:00 [INFO] heartbeatCheck: 4.4007215s
2026-05-12T00:37:31.377+08:00 [INFO] heartbeatCheck: 8.5342365s
2026-05-12T00:37:32.183+08:00 [INFO] heartbeatCheck: 9.412226s
2026-05-12T00:37:32.784+08:00 [INFO] 用户 1 接收消息: {"type":"heartbeat","data":"ping"}（类型: 1）
2026-05-12T00:37:32.791+08:00 [INFO] 用户 1 发送消息: {"type":"heartbeat","data":"pong","from":"1"}
2026-05-12T00:37:32.863+08:00 [INFO] 用户 c罗 接收消息: {"type":"heartbeat","data":"ping"}（类型: 1）
2026-05-12T00:37:32.865+08:00 [INFO] 用户 c罗 发送消息: {"type":"heartbeat","data":"pong","from":"c罗"}
2026-05-12T00:37:36.431+08:00 [INFO] heartbeatCheck: 3.5682161s
2026-05-12T00:37:37.172+08:00 [INFO] heartbeatCheck: 4.3873719s
2026-05-12T00:37:41.377+08:00 [INFO] heartbeatCheck: 8.5138363s
2026-05-12T00:37:42.172+08:00 [INFO] heartbeatCheck: 9.3873853s
2026-05-12T00:37:42.804+08:00 [INFO] 用户 1 接收消息: {"type":"heartbeat","data":"ping"}（类型: 1）
2026-05-12T00:37:42.805+08:00 [INFO] 用户 1 发送消息: {"type":"heartbeat","data":"pong","from":"1"}
2026-05-12T00:37:42.878+08:00 [INFO] 用户 c罗 接收消息: {"type":"heartbeat","data":"ping"}（类型: 1）
2026-05-12T00:37:42.880+08:00 [INFO] 用户 c罗 发送消息: {"type":"heartbeat","data":"pong","from":"c罗"}
2026-05-12T00:37:46.377+08:00 [INFO] heartbeatCheck: 3.498939s
2026-05-12T00:37:47.171+08:00 [INFO] heartbeatCheck: 4.3672229s
2026-05-12T00:37:51.377+08:00 [INFO] heartbeatCheck: 8.498505s
2026-05-12T00:37:52.172+08:00 [INFO] heartbeatCheck: 9.3679453s
2026-05-12T00:37:52.810+08:00 [INFO] 用户 1 接收消息: {"type":"heartbeat","data":"ping"}（类型: 1）
2026-05-12T00:37:52.813+08:00 [INFO] 用户 1 发送消息: {"type":"heartbeat","data":"pong","from":"1"}
2026-05-12T00:37:52.888+08:00 [INFO] 用户 c罗 接收消息: {"type":"heartbeat","data":"ping"}（类型: 1）
2026-05-12T00:37:52.891+08:00 [INFO] 用户 c罗 发送消息: {"type":"heartbeat","data":"pong","from":"c罗"}
2026-05-12T00:37:56.377+08:00 [INFO] heartbeatCheck: 3.4888126s
2026-05-12T00:37:57.172+08:00 [INFO] heartbeatCheck: 4.3629083s
2026-05-12T00:37:57.551+08:00 [INFO] 用户 1 连接已关闭，读循环退出
2026-05-12T00:37:57.553+08:00 [INFO] 用户 1 关闭连接，原因: 读循环退出
2026-05-12T00:37:57.559+08:00 [INFO] 用户 1 心跳检测被取消: context canceled
2026-05-12T00:37:57.561+08:00 [INFO] 用户 1 心跳检测退出
2026-05-12T00:38:01.400+08:00 [INFO] heartbeatCheck: 8.5124206s
2026-05-12T00:38:05.817+08:00 [INFO] 用户 c罗 连接已关闭，读循环退出
2026-05-12T00:38:05.818+08:00 [INFO] 用户 c罗 关闭连接，原因: 读循环退出
2026-05-12T00:38:05.823+08:00 [INFO] 用户 c罗 心跳检测被取消: context canceled
2026-05-12T00:38:05.824+08:00 [INFO] 用户 c罗 心跳检测退出
2026-05-12T00:38:28.043+08:00 [DEBU] etcd put success with key "/service/default/default/game_user/latest/172.20.10.3:9010", value "{"protocol":"grpc"}", lease "7587894528270026306"
2026-05-12T00:38:28.079+08:00 [DEBU] etcd put success with key "/service/default/default/game_user.svc/latest/172.20.10.3:8010", value "{"insecure":true,"protocol":"http"}", lease "7587894528270026309"
2026-05-12T00:38:47.171+08:00 [INFO] {bc2da1974490ae1865df5c30de0d98b6} 用户 1 连接成功
2026-05-12T00:38:47.182+08:00 [INFO] heartbeatCheck: 2562047h47m16.854775807s
2026-05-12T00:38:47.380+08:00 [INFO] 用户 1 接收消息: {"type":"getInfo","data":"","name":""}（类型: 1）
2026-05-12T00:38:49.967+08:00 [INFO] 用户 1 接收消息: {"type":"createRoom","data":"","name":""}（类型: 1）
2026-05-12T00:38:50.331+08:00 [INFO] 用户 1 发送消息: {"type":"createRoom","data":"[{\"ID\":0,\"Name\":\"1\",\"RoomID\":\"1NL75P\",\"Type\":0,\"CardNum\":13,\"Point\":100,\"UserId\":\"1\",\"RoomType\":2}]","from":"1"}
2026-05-12T00:38:50.350+08:00 [INFO] 执行日志异步任务: RoomID:"1NL75P"  Type:2  UserID:"1"  Point:100  Action:"initRoom"
2026-05-12T00:38:50.390+08:00 [DEBU] Watch key "/service/default/default/log-service/latest/"
2026-05-12T00:38:52.187+08:00 [INFO] heartbeatCheck: 2.2225694s
2026-05-12T00:38:57.184+08:00 [INFO] heartbeatCheck: 7.2223957s
2026-05-12T00:39:00.381+08:00 [INFO] 用户 1 接收消息: {"type":"heartbeat","data":"ping"}（类型: 1）
2026-05-12T00:39:00.454+08:00 [INFO] 用户 1 发送消息: {"type":"heartbeat","data":"pong","from":"1"}
2026-05-12T00:39:02.188+08:00 [INFO] heartbeatCheck: 1.8066753s
2026-05-12T00:39:07.264+08:00 [INFO] heartbeatCheck: 6.8778255s
2026-05-12T00:39:10.463+08:00 [INFO] 用户 1 接收消息: {"type":"heartbeat","data":"ping"}（类型: 1）
2026-05-12T00:39:10.465+08:00 [INFO] 用户 1 发送消息: {"type":"heartbeat","data":"pong","from":"1"}
2026-05-12T00:39:12.198+08:00 [INFO] heartbeatCheck: 1.7346385s
2026-05-12T00:39:17.183+08:00 [INFO] heartbeatCheck: 6.7199351s
2026-05-12T00:39:22.218+08:00 [INFO] heartbeatCheck: 11.7542629s
2026-05-12T00:39:27.181+08:00 [INFO] heartbeatCheck: 16.7175947s
2026-05-12T00:39:32.184+08:00 [INFO] heartbeatCheck: 21.7204369s
2026-05-12T00:39:33.765+08:00 [INFO] 用户 1 连接已关闭，读循环退出
2026-05-12T00:39:33.766+08:00 [INFO] 用户 1 关闭连接，原因: 读循环退出
2026-05-12T00:39:33.769+08:00 [INFO] 用户 1 心跳检测被取消: context canceled
2026-05-12T00:39:33.770+08:00 [INFO] 用户 1 心跳检测退出
2026-05-12T00:40:52.975+08:00 [INFO] {04029ee36190ae1871df5c3082f66f36} 用户 1 连接成功
2026-05-12T00:40:53.014+08:00 [INFO] 用户 1 接收消息: {"type":"getInfo","data":"","name":""}（类型: 1）
2026-05-12T00:40:53.031+08:00 [INFO] heartbeatCheck: 17.1681ms
2026-05-12T00:40:55.984+08:00 [INFO] 用户 1 接收消息: {"type":"createRoom","data":"","name":""}（类型: 1）
2026-05-12T00:40:55.991+08:00 [INFO] 用户 1 清理旧房间: 1NL75P
2026-05-12T00:40:56.037+08:00 [INFO] 用户 1 发送消息: {"type":"createRoom","data":"[{\"ID\":0,\"Name\":\"1\",\"RoomID\":\"AOCBJ9\",\"Type\":0,\"CardNum\":13,\"Point\":100,\"UserId\":\"1\",\"RoomType\":2}]","from":"1"}
2026-05-12T00:40:56.059+08:00 [INFO] 用户 1 连接已关闭，跳过消息发送
2026-05-12T00:40:56.064+08:00 [INFO] 用户 1 writeLoop退出
2026-05-12T00:40:58.032+08:00 [INFO] heartbeatCheck: 2.047065s
2026-05-12T00:41:02.107+08:00 [INFO] {0446a0046490ae1878df5c30f3947277} 用户 c罗 连接成功
2026-05-12T00:41:02.110+08:00 [INFO] heartbeatCheck: 2562047h47m16.854775807s
2026-05-12T00:41:02.190+08:00 [INFO] 用户 c罗 接收消息: {"type":"getInfo","data":"","name":""}（类型: 1）
2026-05-12T00:41:03.032+08:00 [INFO] heartbeatCheck: 7.0471708s
2026-05-12T00:41:06.057+08:00 [INFO] 用户 1 接收消息: {"type":"heartbeat","data":"ping"}（类型: 1）
2026-05-12T00:41:06.059+08:00 [INFO] 用户 1 发送消息: {"type":"heartbeat","data":"pong","from":"1"}
2026-05-12T00:41:06.924+08:00 [INFO] 用户 c罗 接收消息: {"type":"joinRoom","data":"{\"roomID\":\"AOCBJ9\"}","name":""}（类型: 1）
2026-05-12T00:41:18.269+08:00 [INFO] heartbeatCheck: 11.3449055s
2026-05-12T00:41:28.832+08:00 [INFO] heartbeatCheck: 10.561926s
2026-05-12T00:41:18.269+08:00 [WARN] keepalive exit, lease id: 7587894528270026306, retry register
2026-05-12T00:41:18.270+08:00 [INFO] heartbeatCheck: 12.21269s
2026-05-12T00:41:18.270+08:00 [WARN] keepalive exit, lease id: 7587894528270026309, retry register
2026-05-12T00:41:28.832+08:00 [INFO] 用户 1 发送消息: {"type":"joinRoom","data":"[{\"ID\":0,\"Name\":\"1\",\"RoomID\":\"AOCBJ9\",\"Type\":0,\"CardNum\":13,\"Point\":100,\"UserId\":\"1\",\"RoomType\":2},{\"ID\":1,\"Name\":\"11\",\"RoomID\":\"AOCBJ9\",\"Type\":0,\"CardNum\":13,\"Point\":100,\"UserId\":\"1\",\"RoomType\":2}]","from":"1"}
2026-05-12T00:41:18.270+08:00 [INFO] 用户 c罗 接收消息: {"type":"heartbeat","data":"ping"}（类型: 1）
2026-05-12T00:41:18.270+08:00 [INFO] 用户 1 接收消息: {"type":"heartbeat","data":"ping"}（类型: 1）
2026-05-12T00:41:28.834+08:00 [INFO] heartbeatCheck: 10.5639256s
2026-05-12T00:41:28.835+08:00 [INFO] 用户 1 发送消息: {"type":"joinRoom","data":"[{\"ID\":0,\"Name\":\"1\",\"RoomID\":\"AOCBJ9\",\"Type\":0,\"CardNum\":13,\"Point\":100,\"UserId\":\"1\",\"RoomType\":2},{\"ID\":1,\"Name\":\"11\",\"RoomID\":\"AOCBJ9\",\"Type\":0,\"CardNum\":13,\"Point\":100,\"UserId\":\"1\",\"RoomType\":2}]","from":"1"}
2026-05-12T00:41:28.838+08:00 [INFO] 用户 c罗 接收消息: {"type":"heartbeat","data":"ping"}（类型: 1）
2026-05-12T00:41:28.840+08:00 [INFO] 用户 1 发送消息: {"type":"heartbeat","data":"pong","from":"1"}
2026-05-12T00:41:28.839+08:00 [INFO] 用户 c罗 发送消息: {"type":"heartbeat","data":"pong","from":"c罗"}
2026-05-12T00:41:28.843+08:00 [INFO] 用户 1 接收消息: {"type":"heartbeat","data":"ping"}（类型: 1）
2026-05-12T00:41:28.845+08:00 [INFO] 用户 1 发送消息: {"type":"heartbeat","data":"pong","from":"1"}
2026-05-12T00:41:28.847+08:00 [INFO] 用户 c罗 发送消息: {"type":"heartbeat","data":"pong","from":"c罗"}
2026-05-12T00:41:28.850+08:00 [DEBU] etcd put success with key "/service/default/default/game_user/latest/172.20.10.3:9010", value "{"protocol":"grpc"}", lease "7587894528270026317"
2026-05-12T00:41:28.852+08:00 [DEBU] etcd put success with key "/service/default/default/game_user.svc/latest/172.20.10.3:8010", value "{"insecure":true,"protocol":"http"}", lease "7587894528270026319"
2026-05-12T00:41:32.111+08:00 [INFO] heartbeatCheck: 3.273283s
2026-05-12T00:41:33.032+08:00 [INFO] heartbeatCheck: 4.1896681s
2026-05-12T00:41:37.111+08:00 [INFO] heartbeatCheck: 8.2729949s
2026-05-12T00:41:38.032+08:00 [INFO] heartbeatCheck: 9.1893359s
2026-05-12T00:41:38.855+08:00 [INFO] 用户 1 接收消息: {"type":"heartbeat","data":"ping"}（类型: 1）
2026-05-12T00:41:38.855+08:00 [INFO] 用户 c罗 接收消息: {"type":"heartbeat","data":"ping"}（类型: 1）
2026-05-12T00:41:38.857+08:00 [INFO] 用户 1 发送消息: {"type":"heartbeat","data":"pong","from":"1"}
2026-05-12T00:41:38.857+08:00 [INFO] 用户 c罗 发送消息: {"type":"heartbeat","data":"pong","from":"c罗"}
2026-05-12T00:41:42.111+08:00 [INFO] heartbeatCheck: 3.2563569s
2026-05-12T00:41:43.032+08:00 [INFO] heartbeatCheck: 4.1769634s
2026-05-12T00:41:47.111+08:00 [INFO] heartbeatCheck: 8.2559432s
2026-05-12T00:41:48.032+08:00 [INFO] heartbeatCheck: 9.1766854s
2026-05-12T00:41:48.867+08:00 [INFO] 用户 1 接收消息: {"type":"heartbeat","data":"ping"}（类型: 1）
2026-05-12T00:41:48.867+08:00 [INFO] 用户 c罗 接收消息: {"type":"heartbeat","data":"ping"}（类型: 1）
2026-05-12T00:41:48.870+08:00 [INFO] 用户 1 发送消息: {"type":"heartbeat","data":"pong","from":"1"}
2026-05-12T00:41:48.870+08:00 [INFO] 用户 c罗 发送消息: {"type":"heartbeat","data":"pong","from":"c罗"}
2026-05-12T00:41:52.118+08:00 [INFO] heartbeatCheck: 3.2511478s
2026-05-12T00:41:53.031+08:00 [INFO] heartbeatCheck: 4.164955s
2026-05-12T00:41:57.111+08:00 [INFO] heartbeatCheck: 8.2445598s
2026-05-12T00:41:58.035+08:00 [INFO] heartbeatCheck: 9.1682464s
2026-05-12T00:41:58.889+08:00 [INFO] 用户 1 接收消息: {"type":"heartbeat","data":"ping"}（类型: 1）
2026-05-12T00:41:58.890+08:00 [INFO] 用户 c罗 接收消息: {"type":"heartbeat","data":"ping"}（类型: 1）
2026-05-12T00:41:58.891+08:00 [INFO] 用户 1 发送消息: {"type":"heartbeat","data":"pong","from":"1"}
2026-05-12T00:41:58.892+08:00 [INFO] 用户 c罗 发送消息: {"type":"heartbeat","data":"pong","from":"c罗"}
2026-05-12T00:42:01.791+08:00 [INFO] 用户 1 接收消息: {"type":"leaveRoom","data":"","name":""}（类型: 1）
2026-05-12T00:42:01.814+08:00 [INFO] 用户 1 接收消息: {"type":"getInfo","data":"","name":""}（类型: 1）
2026-05-12T00:42:02.113+08:00 [INFO] heartbeatCheck: 3.2249575s
2026-05-12T00:42:03.032+08:00 [INFO] heartbeatCheck: 1.2236411s
2026-05-12T00:42:03.922+08:00 [INFO] 用户 1 接收消息: {"type":"createRoom","data":"","name":""}（类型: 1）
2026-05-12T00:42:03.936+08:00 [INFO] 用户 1 发送消息: {"type":"createRoom","data":"[{\"ID\":0,\"Name\":\"1\",\"RoomID\":\"KM8RPR\",\"Type\":0,\"CardNum\":13,\"Point\":100,\"UserId\":\"1\",\"RoomType\":2}]","from":"1"}
2026-05-12T00:42:07.110+08:00 [INFO] heartbeatCheck: 8.2219363s
2026-05-12T00:42:08.032+08:00 [INFO] heartbeatCheck: 4.1099258s
2026-05-12T00:42:08.903+08:00 [INFO] 用户 c罗 接收消息: {"type":"heartbeat","data":"ping"}（类型: 1）
2026-05-12T00:42:08.907+08:00 [INFO] 用户 c罗 发送消息: {"type":"heartbeat","data":"pong","from":"c罗"}
2026-05-12T00:42:08.941+08:00 [INFO] 用户 c罗 接收消息: {"type":"leaveRoom","data":"","name":""}（类型: 1）
2026-05-12T00:42:08.995+08:00 [INFO] 用户 c罗 接收消息: {"type":"getInfo","data":"","name":""}（类型: 1）
2026-05-12T00:42:11.000+08:00 [INFO] 用户 c罗 接收消息: {"type":"createRoom","data":"","name":""}（类型: 1）
2026-05-12T00:42:11.029+08:00 [INFO] 用户 c罗 发送消息: {"type":"createRoom","data":"[{\"ID\":0,\"Name\":\"c罗\",\"RoomID\":\"1Z2BJ6\",\"Type\":0,\"CardNum\":13,\"Point\":100,\"UserId\":\"c罗\",\"RoomType\":2}]","from":"c罗"}
2026-05-12T00:42:12.138+08:00 [INFO] heartbeatCheck: 1.1383666s
2026-05-12T00:42:13.031+08:00 [INFO] heartbeatCheck: 9.1090795s
2026-05-12T00:42:13.965+08:00 [INFO] 用户 1 接收消息: {"type":"heartbeat","data":"ping"}（类型: 1）
2026-05-12T00:42:13.967+08:00 [INFO] 用户 1 发送消息: {"type":"heartbeat","data":"pong","from":"1"}
2026-05-12T00:42:14.115+08:00 [INFO] 用户 c罗 接收消息: {"type":"leaveRoom","data":"","name":""}（类型: 1）
2026-05-12T00:42:14.138+08:00 [INFO] 用户 c罗 接收消息: {"type":"getInfo","data":"","name":""}（类型: 1）
2026-05-12T00:42:17.111+08:00 [INFO] heartbeatCheck: 2.9724111s
2026-05-12T00:42:18.032+08:00 [INFO] heartbeatCheck: 4.0664368s
2026-05-12T00:42:18.951+08:00 [INFO] 用户 c罗 接收消息: {"type":"joinRoom","data":"{\"roomID\":\"KM8RPR\"}","name":""}（类型: 1）
2026-05-12T00:42:18.961+08:00 [INFO] 用户 1 发送消息: {"type":"joinRoom","data":"[{\"ID\":0,\"Name\":\"1\",\"RoomID\":\"KM8RPR\",\"Type\":0,\"CardNum\":13,\"Point\":100,\"UserId\":\"1\",\"RoomType\":2},{\"ID\":1,\"Name\":\"11\",\"RoomID\":\"KM8RPR\",\"Type\":0,\"CardNum\":13,\"Point\":100,\"UserId\":\"1\",\"RoomType\":2}]","from":"1"}
2026-05-12T00:42:18.989+08:00 [INFO] 用户 1 发送消息: {"type":"joinRoom","data":"[{\"ID\":0,\"Name\":\"1\",\"RoomID\":\"KM8RPR\",\"Type\":0,\"CardNum\":13,\"Point\":100,\"UserId\":\"1\",\"RoomType\":2},{\"ID\":1,\"Name\":\"11\",\"RoomID\":\"KM8RPR\",\"Type\":0,\"CardNum\":13,\"Point\":100,\"UserId\":\"1\",\"RoomType\":2}]","from":"1"}
2026-05-12T00:42:21.135+08:00 [INFO] 用户 c罗 接收消息: {"type":"heartbeat","data":"ping"}（类型: 1）
2026-05-12T00:42:21.138+08:00 [INFO] 用户 c罗 发送消息: {"type":"heartbeat","data":"pong","from":"c罗"}
2026-05-12T00:42:22.111+08:00 [INFO] heartbeatCheck: 975.4882ms
2026-05-12T00:42:23.032+08:00 [INFO] heartbeatCheck: 9.0665216s
2026-05-12T00:42:27.111+08:00 [INFO] heartbeatCheck: 5.9757853s
2026-05-12T00:42:28.031+08:00 [INFO] heartbeatCheck: 14.0661158s
2026-05-12T00:42:29.001+08:00 [INFO] 用户 1 接收消息: {"type":"heartbeat","data":"ping"}（类型: 1）
2026-05-12T00:42:29.004+08:00 [INFO] 用户 1 发送消息: {"type":"heartbeat","data":"pong","from":"1"}
2026-05-12T00:42:29.196+08:00 [INFO] 用户 c罗 接收消息: {"type":"leaveRoom","data":"","name":""}（类型: 1）
2026-05-12T00:42:29.228+08:00 [INFO] 用户 c罗 接收消息: {"type":"getInfo","data":"","name":""}（类型: 1）
2026-05-12T00:42:31.179+08:00 [INFO] 用户 c罗 接收消息: {"type":"heartbeat","data":"ping"}（类型: 1）
2026-05-12T00:42:31.185+08:00 [INFO] 用户 c罗 发送消息: {"type":"heartbeat","data":"pong","from":"c罗"}
2026-05-12T00:42:32.111+08:00 [INFO] heartbeatCheck: 931.525ms
2026-05-12T00:42:33.032+08:00 [INFO] heartbeatCheck: 4.0301252s
2026-05-12T00:42:33.665+08:00 [INFO] 用户 c罗 接收消息: {"type":"joinRoom","data":"{\"roomID\":\"KM8RPR\"}","name":""}（类型: 1）
2026-05-12T00:43:06.841+08:00 [INFO] heartbeatCheck: 37.8393213s
2026-05-12T00:43:06.842+08:00 [INFO] heartbeatCheck: 33.1761346s
2026-05-12T00:43:06.842+08:00 [INFO] 用户 c罗 接收消息: {"type":"heartbeat","data":"ping"}（类型: 1）
2026-05-12T00:43:06.844+08:00 [WARN] keepalive exit, lease id: 7587894528270026317, retry register
2026-05-12T00:43:06.843+08:00 [INFO] 用户 1 接收消息: {"type":"heartbeat","data":"ping"}（类型: 1）
2026-05-12T00:43:06.843+08:00 [WARN] keepalive exit, lease id: 7587894528270026319, retry register
2026-05-12T00:43:12.512+08:00 [INFO] heartbeatCheck: 5.6695012s
2026-05-12T00:43:12.513+08:00 [INFO] 用户 1 发送消息: {"type":"joinRoom","data":"[{\"ID\":0,\"Name\":\"1\",\"RoomID\":\"KM8RPR\",\"Type\":0,\"CardNum\":13,\"Point\":100,\"UserId\":\"1\",\"RoomType\":2},{\"ID\":1,\"Name\":\"11\",\"RoomID\":\"KM8RPR\",\"Type\":0,\"CardNum\":13,\"Point\":100,\"UserId\":\"1\",\"RoomType\":2},{\"ID\":2,\"Name\":\"12\",\"RoomID\":\"KM8RPR\",\"Type\":0,\"CardNum\":13,\"Point\":100,\"UserId\":\"1\",\"RoomType\":2}]","from":"1"}
2026-05-12T00:43:12.514+08:00 [DEBU] etcd put success with key "/service/default/default/game_user.svc/latest/172.20.10.3:8010", value "{"insecure":true,"protocol":"http"}", lease "7587894528270026325"
2026-05-12T00:43:12.515+08:00 [INFO] 用户 1 发送消息: {"type":"heartbeat","data":"pong","from":"1"}
2026-05-12T00:43:12.517+08:00 [INFO] 用户 c罗 接收消息: {"type":"heartbeat","data":"ping"}（类型: 1）
2026-05-12T00:43:12.519+08:00 [INFO] 用户 1 发送消息: {"type":"joinRoom","data":"[{\"ID\":0,\"Name\":\"1\",\"RoomID\":\"KM8RPR\",\"Type\":0,\"CardNum\":13,\"Point\":100,\"UserId\":\"1\",\"RoomType\":2},{\"ID\":1,\"Name\":\"11\",\"RoomID\":\"KM8RPR\",\"Type\":0,\"CardNum\":13,\"Point\":100,\"UserId\":\"1\",\"RoomType\":2},{\"ID\":2,\"Name\":\"12\",\"RoomID\":\"KM8RPR\",\"Type\":0,\"CardNum\":13,\"Point\":100,\"UserId\":\"1\",\"RoomType\":2}]","from":"1"}
2026-05-12T00:43:12.516+08:00 [INFO] 用户 1 接收消息: {"type":"heartbeat","data":"ping"}（类型: 1）
2026-05-12T00:43:13.432+08:00 [INFO] heartbeatCheck: 916.6764ms
2026-05-12T00:43:13.432+08:00 [INFO] 用户 c罗 接收消息: {"type":"heartbeat","data":"ping"}（类型: 1）
2026-05-12T00:43:13.432+08:00 [INFO] 用户 c罗 发送消息: {"type":"heartbeat","data":"pong","from":"c罗"}
2026-05-12T00:43:13.432+08:00 [INFO] heartbeatCheck: 913.946ms
2026-05-12T00:43:13.432+08:00 [INFO] 用户 1 发送消息: {"type":"joinRoom","data":"[{\"ID\":0,\"Name\":\"1\",\"RoomID\":\"KM8RPR\",\"Type\":0,\"CardNum\":13,\"Point\":100,\"UserId\":\"1\",\"RoomType\":2},{\"ID\":1,\"Name\":\"11\",\"RoomID\":\"KM8RPR\",\"Type\":0,\"CardNum\":13,\"Point\":100,\"UserId\":\"1\",\"RoomType\":2},{\"ID\":2,\"Name\":\"12\",\"RoomID\":\"KM8RPR\",\"Type\":0,\"CardNum\":13,\"Point\":100,\"UserId\":\"1\",\"RoomType\":2}]","from":"1"}
2026-05-12T00:43:13.435+08:00 [INFO] 用户 1 接收消息: {"type":"heartbeat","data":"ping"}（类型: 1）
2026-05-12T00:43:13.436+08:00 [INFO] 用户 c罗 接收消息: {"type":"heartbeat","data":"ping"}（类型: 1）
2026-05-12T00:43:13.440+08:00 [INFO] 用户 1 接收消息: {"type":"heartbeat","data":"ping"}（类型: 1）
2026-05-12T00:43:13.437+08:00 [INFO] 用户 c罗 发送消息: {"type":"heartbeat","data":"pong","from":"c罗"}
2026-05-12T00:43:13.439+08:00 [INFO] 用户 1 发送消息: {"type":"heartbeat","data":"pong","from":"1"}
2026-05-12T00:43:13.442+08:00 [INFO] 用户 c罗 发送消息: {"type":"heartbeat","data":"pong","from":"c罗"}
2026-05-12T00:43:13.443+08:00 [INFO] 用户 1 发送消息: {"type":"heartbeat","data":"pong","from":"1"}
2026-05-12T00:43:13.446+08:00 [INFO] 用户 1 发送消息: {"type":"heartbeat","data":"pong","from":"1"}
2026-05-12T00:43:13.445+08:00 [INFO] 用户 c罗 发送消息: {"type":"heartbeat","data":"pong","from":"c罗"}
2026-05-12T00:43:13.448+08:00 [ERRO] keepalive retry register failed, will retry in 2s: etcd put failed with key "/service/default/default/game_user/latest/172.20.10.3:9010", value "{"protocol":"grpc"}", lease "7587894528270026327": context deadline exceeded
1. etcd put failed with key "/service/default/default/game_user/latest/172.20.10.3:9010", value "{"protocol":"grpc"}", lease "7587894528270026327"
2. context deadline exceeded

2026-05-12T00:43:15.468+08:00 [DEBU] etcd put success with key "/service/default/default/game_user/latest/172.20.10.3:9010", value "{"protocol":"grpc"}", lease "7587894528270026330"
2026-05-12T00:43:17.110+08:00 [INFO] heartbeatCheck: 3.6740178s
2026-05-12T00:43:18.032+08:00 [INFO] heartbeatCheck: 4.59146s
2026-05-12T00:43:22.111+08:00 [INFO] heartbeatCheck: 8.6743086s
2026-05-12T00:43:23.031+08:00 [INFO] heartbeatCheck: 9.5910078s
2026-05-12T00:43:23.459+08:00 [INFO] 用户 1 接收消息: {"type":"heartbeat","data":"ping"}（类型: 1）
2026-05-12T00:43:23.461+08:00 [INFO] 用户 1 发送消息: {"type":"heartbeat","data":"pong","from":"1"}
2026-05-12T00:43:23.484+08:00 [INFO] 用户 c罗 接收消息: {"type":"heartbeat","data":"ping"}（类型: 1）
2026-05-12T00:43:23.486+08:00 [INFO] 用户 c罗 发送消息: {"type":"heartbeat","data":"pong","from":"c罗"}
2026-05-12T00:43:27.110+08:00 [INFO] heartbeatCheck: 3.6263193s
2026-05-12T00:43:28.032+08:00 [INFO] heartbeatCheck: 4.5728445s
2026-05-12T00:43:32.110+08:00 [INFO] heartbeatCheck: 8.6262021s
2026-05-12T00:43:33.032+08:00 [INFO] heartbeatCheck: 9.5732481s
2026-05-12T00:43:33.470+08:00 [INFO] 用户 1 接收消息: {"type":"heartbeat","data":"ping"}（类型: 1）
2026-05-12T00:43:33.472+08:00 [INFO] 用户 1 发送消息: {"type":"heartbeat","data":"pong","from":"1"}
2026-05-12T00:43:33.516+08:00 [INFO] 用户 c罗 接收消息: {"type":"heartbeat","data":"ping"}（类型: 1）
2026-05-12T00:43:33.518+08:00 [INFO] 用户 c罗 发送消息: {"type":"heartbeat","data":"pong","from":"c罗"}
2026-05-12T00:43:37.110+08:00 [INFO] heartbeatCheck: 3.5942415s
2026-05-12T00:43:38.031+08:00 [INFO] heartbeatCheck: 4.561276s
2026-05-12T00:43:42.111+08:00 [INFO] heartbeatCheck: 8.5949064s
2026-05-12T00:43:43.032+08:00 [INFO] heartbeatCheck: 9.5616062s
2026-05-12T00:43:43.472+08:00 [INFO] 用户 1 接收消息: {"type":"heartbeat","data":"ping"}（类型: 1）
2026-05-12T00:43:43.474+08:00 [INFO] 用户 1 发送消息: {"type":"heartbeat","data":"pong","from":"1"}
2026-05-12T00:43:43.535+08:00 [INFO] 用户 c罗 接收消息: {"type":"heartbeat","data":"ping"}（类型: 1）
2026-05-12T00:43:43.536+08:00 [INFO] 用户 c罗 发送消息: {"type":"heartbeat","data":"pong","from":"c罗"}
2026-05-12T00:43:47.111+08:00 [INFO] heartbeatCheck: 3.5752486s
2026-05-12T00:43:48.035+08:00 [INFO] heartbeatCheck: 4.5630943s
2026-05-12T00:43:52.111+08:00 [INFO] heartbeatCheck: 8.5758814s
2026-05-12T00:43:53.032+08:00 [INFO] heartbeatCheck: 9.5594034s
2026-05-12T00:43:53.485+08:00 [INFO] 用户 1 接收消息: {"type":"heartbeat","data":"ping"}（类型: 1）
2026-05-12T00:43:53.486+08:00 [INFO] 用户 1 发送消息: {"type":"heartbeat","data":"pong","from":"1"}
2026-05-12T00:43:53.570+08:00 [INFO] 用户 c罗 接收消息: {"type":"heartbeat","data":"ping"}（类型: 1）
2026-05-12T00:43:53.608+08:00 [INFO] 用户 c罗 发送消息: {"type":"heartbeat","data":"pong","from":"c罗"}
2026-05-12T00:43:57.111+08:00 [INFO] heartbeatCheck: 3.5408894s
2026-05-12T00:43:58.032+08:00 [INFO] heartbeatCheck: 4.5466735s
2026-05-12T00:44:02.111+08:00 [INFO] heartbeatCheck: 8.5408895s
2026-05-12T00:44:03.032+08:00 [INFO] heartbeatCheck: 9.5468621s
2026-05-12T00:44:03.495+08:00 [INFO] 用户 1 接收消息: {"type":"heartbeat","data":"ping"}（类型: 1）
2026-05-12T00:44:03.496+08:00 [INFO] 用户 1 发送消息: {"type":"heartbeat","data":"pong","from":"1"}
2026-05-12T00:44:03.616+08:00 [INFO] 用户 c罗 接收消息: {"type":"heartbeat","data":"ping"}（类型: 1）
2026-05-12T00:44:03.619+08:00 [INFO] 用户 c罗 发送消息: {"type":"heartbeat","data":"pong","from":"c罗"}
2026-05-12T00:44:07.111+08:00 [INFO] heartbeatCheck: 3.4946117s
2026-05-12T00:44:08.033+08:00 [INFO] heartbeatCheck: 4.5390734s
2026-05-12T00:44:12.008+08:00 [INFO] 用户 c罗 接收消息: {"type":"leaveRoom","data":"","name":""}（类型: 1）
2026-05-12T00:44:12.069+08:00 [INFO] 用户 c罗 接收消息: {"type":"getInfo","data":"","name":""}（类型: 1）
2026-05-12T00:44:12.146+08:00 [INFO] heartbeatCheck: 85.3584ms
2026-05-12T00:44:13.095+08:00 [INFO] heartbeatCheck: 9.6011149s
2026-05-12T00:44:13.509+08:00 [INFO] 用户 1 接收消息: {"type":"heartbeat","data":"ping"}（类型: 1）
2026-05-12T00:44:13.511+08:00 [INFO] 用户 1 发送消息: {"type":"heartbeat","data":"pong","from":"1"}
2026-05-12T00:44:23.800+08:00 [INFO] heartbeatCheck: 10.2906846s
2026-05-12T00:44:23.800+08:00 [WARN] keepalive exit, lease id: 7587894528270026330, retry register
2026-05-12T00:44:23.800+08:00 [INFO] 用户 1 接收消息: {"type":"heartbeat","data":"ping"}（类型: 1）
2026-05-12T00:44:23.800+08:00 [INFO] 用户 c罗 接收消息: {"type":"heartbeat","data":"ping"}（类型: 1）
2026-05-12T00:44:23.800+08:00 [WARN] keepalive exit, lease id: 7587894528270026325, retry register
2026-05-12T00:44:23.800+08:00 [INFO] heartbeatCheck: 0s
2026-05-12T00:44:34.116+08:00 [INFO] heartbeatCheck: 10.3162539s
2026-05-12T00:44:34.112+08:00 [INFO] 用户 1 发送消息: {"type":"heartbeat","data":"pong","from":"1"}
2026-05-12T00:44:36.006+08:00 [ERRO] keepalive retry register failed, will retry in 2s: etcd grant failed with keepalive ttl "10s": context deadline exceeded
1. etcd grant failed with keepalive ttl "10s"
2. context deadline exceeded

2026-05-12T00:44:34.112+08:00 [INFO] 用户 1 接收消息: {"type":"heartbeat","data":"ping"}（类型: 1）
2026-05-12T00:44:36.007+08:00 [ERRO] keepalive retry register failed, will retry in 2s: etcd put failed with key "/service/default/default/game_user/latest/172.20.10.3:9010", value "{"protocol":"grpc"}", lease "7587894528270026336": context deadline exceeded
1. etcd put failed with key "/service/default/default/game_user/latest/172.20.10.3:9010", value "{"protocol":"grpc"}", lease "7587894528270026336"
2. context deadline exceeded

2026-05-12T00:44:36.008+08:00 [INFO] heartbeatCheck: 1.8960759s
2026-05-12T00:44:36.013+08:00 [INFO] 用户 1 发送消息: {"type":"heartbeat","data":"pong","from":"1"}
2026-05-12T00:44:36.009+08:00 [INFO] 用户 c罗 发送消息: {"type":"heartbeat","data":"pong","from":"c罗"}
2026-05-12T00:44:36.010+08:00 [INFO] 用户 c罗 接收消息: {"type":"heartbeat","data":"ping"}（类型: 1）
2026-05-12T00:44:37.153+08:00 [INFO] heartbeatCheck: 1.1448484s
2026-05-12T00:44:37.156+08:00 [INFO] 用户 c罗 发送消息: {"type":"heartbeat","data":"pong","from":"c罗"}
2026-05-12T00:44:37.578+08:00 [INFO] 用户 c罗 接收消息: {"type":"heartbeat","data":"ping"}（类型: 1）
2026-05-12T00:44:37.580+08:00 [INFO] 用户 c罗 发送消息: {"type":"heartbeat","data":"pong","from":"c罗"}
2026-05-12T00:44:38.247+08:00 [INFO] heartbeatCheck: 4.1343248s
2026-05-12T00:44:38.299+08:00 [DEBU] etcd put success with key "/service/default/default/game_user/latest/172.20.10.3:9010", value "{"protocol":"grpc"}", lease "7587894528270026339"
2026-05-12T00:44:38.300+08:00 [DEBU] etcd put success with key "/service/default/default/game_user.svc/latest/172.20.10.3:8010", value "{"insecure":true,"protocol":"http"}", lease "7587894528270026341"
2026-05-12T00:44:42.111+08:00 [INFO] heartbeatCheck: 4.5329334s
2026-05-12T00:44:43.089+08:00 [INFO] heartbeatCheck: 8.9768105s
2026-05-12T00:44:46.027+08:00 [INFO] 用户 1 接收消息: {"type":"heartbeat","data":"ping"}（类型: 1）
2026-05-12T00:44:46.028+08:00 [INFO] 用户 1 发送消息: {"type":"heartbeat","data":"pong","from":"1"}
2026-05-12T00:44:46.266+08:00 [INFO] 用户 c罗 接收消息: {"type":"joinRoom","data":"{\"roomID\":\"KM8RPR\"}","name":""}（类型: 1）
2026-05-12T00:45:49.224+08:00 [INFO] heartbeatCheck: 1m3.1976022s
2026-05-12T00:45:49.225+08:00 [WARN] keepalive exit, lease id: 7587894528270026339, retry register
2026-05-12T00:45:49.225+08:00 [INFO] 用户 1 心跳超时（60秒），断开连接
2026-05-12T00:45:50.542+08:00 [INFO] 用户 1 关闭连接，原因: 心跳超时
2026-05-12T00:45:49.225+08:00 [WARN] keepalive exit, lease id: 7587894528270026341, retry register
2026-05-12T00:45:49.226+08:00 [INFO] heartbeatCheck: 1m2.9597022s
2026-05-12T00:45:49.229+08:00 [INFO] 用户 c罗 接收消息: {"type":"heartbeat","data":"ping"}（类型: 1）
2026-05-12T00:45:49.231+08:00 [INFO] 用户 1 接收消息: {"type":"heartbeat","data":"ping"}（类型: 1）
2026-05-12T00:45:49.231+08:00 [INFO] 用户 1 发送消息: {"type":"joinRoom","data":"[{\"ID\":0,\"Name\":\"1\",\"RoomID\":\"KM8RPR\",\"Type\":0,\"CardNum\":13,\"Point\":100,\"UserId\":\"1\",\"RoomType\":2},{\"ID\":1,\"Name\":\"11\",\"RoomID\":\"KM8RPR\",\"Type\":0,\"CardNum\":13,\"Point\":100,\"UserId\":\"1\",\"RoomType\":2},{\"ID\":2,\"Name\":\"12\",\"RoomID\":\"KM8RPR\",\"Type\":0,\"CardNum\":13,\"Point\":100,\"UserId\":\"1\",\"RoomType\":2},{\"ID\":3,\"Name\":\"13\",\"RoomID\":\"KM8RPR\",\"Type\":0,\"CardNum\":13,\"Point\":100,\"UserId\":\"1\",\"RoomType\":2}]","from":"1"}
2026-05-12T00:45:50.549+08:00 [INFO] 用户 1 发送消息: {"type":"joinRoom","data":"[{\"ID\":0,\"Name\":\"1\",\"RoomID\":\"KM8RPR\",\"Type\":0,\"CardNum\":13,\"Point\":100,\"UserId\":\"1\",\"RoomType\":2},{\"ID\":1,\"Name\":\"11\",\"RoomID\":\"KM8RPR\",\"Type\":0,\"CardNum\":13,\"Point\":100,\"UserId\":\"1\",\"RoomType\":2},{\"ID\":2,\"Name\":\"12\",\"RoomID\":\"KM8RPR\",\"Type\":0,\"CardNum\":13,\"Point\":100,\"UserId\":\"1\",\"RoomType\":2},{\"ID\":3,\"Name\":\"13\",\"RoomID\":\"KM8RPR\",\"Type\":0,\"CardNum\":13,\"Point\":100,\"UserId\":\"1\",\"RoomType\":2}]","from":"1"}
2026-05-12T00:45:50.550+08:00 [INFO] 用户 1 发送消息: {"type":"joinRoom","data":"[{\"ID\":0,\"Name\":\"1\",\"RoomID\":\"KM8RPR\",\"Type\":0,\"CardNum\":13,\"Point\":100,\"UserId\":\"1\",\"RoomType\":2},{\"ID\":1,\"Name\":\"11\",\"RoomID\":\"KM8RPR\",\"Type\":0,\"CardNum\":13,\"Point\":100,\"UserId\":\"1\",\"RoomType\":2},{\"ID\":2,\"Name\":\"12\",\"RoomID\":\"KM8RPR\",\"Type\":0,\"CardNum\":13,\"Point\":100,\"UserId\":\"1\",\"RoomType\":2},{\"ID\":3,\"Name\":\"13\",\"RoomID\":\"KM8RPR\",\"Type\":0,\"CardNum\":13,\"Point\":100,\"UserId\":\"1\",\"RoomType\":2}]","from":"1"}
2026-05-12T00:45:50.553+08:00 [INFO] 用户 1 发送消息: {"type":"joinRoom","data":"[{\"ID\":0,\"Name\":\"1\",\"RoomID\":\"KM8RPR\",\"Type\":0,\"CardNum\":13,\"Point\":100,\"UserId\":\"1\",\"RoomType\":2},{\"ID\":1,\"Name\":\"11\",\"RoomID\":\"KM8RPR\",\"Type\":0,\"CardNum\":13,\"Point\":100,\"UserId\":\"1\",\"RoomType\":2},{\"ID\":2,\"Name\":\"12\",\"RoomID\":\"KM8RPR\",\"Type\":0,\"CardNum\":13,\"Point\":100,\"UserId\":\"1\",\"RoomType\":2},{\"ID\":3,\"Name\":\"13\",\"RoomID\":\"KM8RPR\",\"Type\":0,\"CardNum\":13,\"Point\":100,\"UserId\":\"1\",\"RoomType\":2}]","from":"1"}
2026-05-12T00:45:50.554+08:00 [INFO] writeLoop 停止监听
2026-05-12T00:45:50.556+08:00 [INFO] 用户 c罗 发送消息: {"type":"heartbeat","data":"pong","from":"c罗"}
2026-05-12T00:45:50.556+08:00 [INFO] 用户 1 writeLoop退出
2026-05-12T00:45:50.556+08:00 [INFO] 用户 1 心跳检测退出
2026-05-12T00:45:50.556+08:00 [INFO] Casbin 停止监听
2026-05-12T00:45:50.557+08:00 [INFO] 用户 c罗 接收消息: {"type":"heartbeat","data":"ping"}（类型: 1）
2026-05-12T00:45:50.560+08:00 [INFO] 用户 1 连接已关闭，跳过重复关闭
2026-05-12T00:45:50.569+08:00 [INFO] 用户 c罗 接收消息: {"type":"heartbeat","data":"ping"}（类型: 1）
2026-05-12T00:45:50.570+08:00 [DEBU] etcd put success with key "/service/default/default/game_user/latest/172.20.10.3:9010", value "{"protocol":"grpc"}", lease "7587894528270026347"
2026-05-12T00:45:50.571+08:00 [INFO] 用户 c罗 发送消息: {"type":"heartbeat","data":"pong","from":"c罗"}
2026-05-12T00:45:50.578+08:00 [INFO] 用户 c罗 发送消息: {"type":"heartbeat","data":"pong","from":"c罗"}
2026-05-12T00:45:50.572+08:00 [INFO] 用户 c罗 接收消息: {"type":"heartbeat","data":"ping"}（类型: 1）
2026-05-12T00:45:50.582+08:00 [INFO] 用户 c罗 接收消息: {"type":"heartbeat","data":"ping"}（类型: 1）
2026-05-12T00:45:50.583+08:00 [INFO] 用户 c罗 发送消息: {"type":"heartbeat","data":"pong","from":"c罗"}
2026-05-12T00:45:50.584+08:00 [INFO] 用户 c罗 发送消息: {"type":"heartbeat","data":"pong","from":"c罗"}
2026-05-12T00:45:50.585+08:00 [INFO] 用户 c罗 接收消息: {"type":"heartbeat","data":"ping"}（类型: 1）
2026-05-12T00:45:50.589+08:00 [INFO] 用户 c罗 发送消息: {"type":"heartbeat","data":"pong","from":"c罗"}
2026-05-12T00:45:50.591+08:00 [INFO] 用户 c罗 接收消息: {"type":"heartbeat","data":"ping"}（类型: 1）
2026-05-12T00:45:50.596+08:00 [INFO] 用户 c罗 发送消息: {"type":"heartbeat","data":"pong","from":"c罗"}
2026-05-12T00:45:50.603+08:00 [DEBU] etcd put success with key "/service/default/default/game_user.svc/latest/172.20.10.3:8010", value "{"insecure":true,"protocol":"http"}", lease "7587894528270026350"
2026-05-12T00:45:52.110+08:00 [INFO] heartbeatCheck: 1.5197383s
2026-05-12T00:45:55.581+08:00 [INFO] {64df0359a890ae18e0df5c303da3c2a0} 用户 1 连接成功
2026-05-12T00:45:55.582+08:00 [INFO] heartbeatCheck: 2562047h47m16.854775807s
2026-05-12T00:45:55.583+08:00 [INFO] 用户 1 接收消息: {"type":"getInfo","data":"","name":""}（类型: 1）
2026-05-12T00:45:55.586+08:00 [INFO] 用户 1 接收消息: {"type":"getInfo","data":"","name":""}（类型: 1）
2026-05-12T00:45:55.588+08:00 [INFO] 用户 1 接收消息: {"type":"getInfo","data":"","name":""}（类型: 1）
2026-05-12T00:45:55.590+08:00 [INFO] 用户 1 接收消息: {"type":"getInfo","data":"","name":""}（类型: 1）
2026-05-12T00:45:57.111+08:00 [INFO] heartbeatCheck: 6.5199207s
2026-05-12T00:46:00.582+08:00 [INFO] heartbeatCheck: 4.9926803s
2026-05-12T00:46:00.608+08:00 [INFO] 用户 c罗 接收消息: {"type":"heartbeat","data":"ping"}（类型: 1）
2026-05-12T00:46:00.612+08:00 [INFO] 用户 c罗 发送消息: {"type":"heartbeat","data":"pong","from":"c罗"}
2026-05-12T00:46:02.111+08:00 [INFO] heartbeatCheck: 1.5029857s
2026-05-12T00:46:05.582+08:00 [INFO] heartbeatCheck: 9.9927959s
2026-05-12T00:46:05.592+08:00 [INFO] 用户 1 接收消息: {"type":"heartbeat","data":"ping"}（类型: 1）
2026-05-12T00:46:05.595+08:00 [INFO] 用户 1 发送消息: {"type":"heartbeat","data":"pong","from":"1"}
2026-05-12T00:46:07.111+08:00 [INFO] heartbeatCheck: 6.5034789s
2026-05-12T00:46:10.582+08:00 [INFO] heartbeatCheck: 4.9908159s
2026-05-12T00:46:10.619+08:00 [INFO] 用户 c罗 接收消息: {"type":"heartbeat","data":"ping"}（类型: 1）
2026-05-12T00:46:10.621+08:00 [INFO] 用户 c罗 发送消息: {"type":"heartbeat","data":"pong","from":"c罗"}
2026-05-12T00:46:12.111+08:00 [INFO] heartbeatCheck: 1.4917888s
2026-05-12T00:46:15.583+08:00 [INFO] heartbeatCheck: 9.9911359s
2026-05-12T00:46:15.601+08:00 [INFO] 用户 1 接收消息: {"type":"heartbeat","data":"ping"}（类型: 1）
2026-05-12T00:46:15.602+08:00 [INFO] 用户 1 发送消息: {"type":"heartbeat","data":"pong","from":"1"}
2026-05-12T00:46:17.111+08:00 [INFO] heartbeatCheck: 6.4914714s
2026-05-12T00:46:20.582+08:00 [INFO] heartbeatCheck: 4.9823165s
2026-05-12T00:46:20.633+08:00 [INFO] 用户 c罗 接收消息: {"type":"heartbeat","data":"ping"}（类型: 1）
2026-05-12T00:46:20.635+08:00 [INFO] 用户 c罗 发送消息: {"type":"heartbeat","data":"pong","from":"c罗"}
2026-05-12T00:46:22.111+08:00 [INFO] heartbeatCheck: 1.4788765s
2026-05-12T00:46:25.582+08:00 [INFO] heartbeatCheck: 9.9824101s
2026-05-12T00:46:25.605+08:00 [INFO] 用户 1 接收消息: {"type":"heartbeat","data":"ping"}（类型: 1）
2026-05-12T00:46:25.606+08:00 [INFO] 用户 1 发送消息: {"type":"heartbeat","data":"pong","from":"1"}
2026-05-12T00:46:27.111+08:00 [INFO] heartbeatCheck: 6.4784831s
2026-05-12T00:46:30.582+08:00 [INFO] heartbeatCheck: 4.9773854s
2026-05-12T00:46:30.653+08:00 [INFO] 用户 c罗 接收消息: {"type":"heartbeat","data":"ping"}（类型: 1）
2026-05-12T00:46:30.657+08:00 [INFO] 用户 c罗 发送消息: {"type":"heartbeat","data":"pong","from":"c罗"}
2026-05-12T00:46:32.111+08:00 [INFO] heartbeatCheck: 1.4576406s
2026-05-12T00:46:35.583+08:00 [INFO] heartbeatCheck: 9.97817s
2026-05-12T00:46:35.612+08:00 [INFO] 用户 1 接收消息: {"type":"heartbeat","data":"ping"}（类型: 1）
2026-05-12T00:46:35.613+08:00 [INFO] 用户 1 发送消息: {"type":"heartbeat","data":"pong","from":"1"}
2026-05-12T00:46:37.111+08:00 [INFO] heartbeatCheck: 6.4578424s
2026-05-12T00:46:40.582+08:00 [INFO] heartbeatCheck: 4.9704963s
2026-05-12T00:46:40.667+08:00 [INFO] 用户 c罗 接收消息: {"type":"heartbeat","data":"ping"}（类型: 1）
2026-05-12T00:46:40.669+08:00 [INFO] 用户 c罗 发送消息: {"type":"heartbeat","data":"pong","from":"c罗"}
2026-05-12T00:46:42.151+08:00 [INFO] heartbeatCheck: 1.4846392s
2026-05-12T00:46:45.584+08:00 [INFO] heartbeatCheck: 9.9724529s
2026-05-12T00:46:45.618+08:00 [INFO] 用户 1 接收消息: {"type":"heartbeat","data":"ping"}（类型: 1）
2026-05-12T00:46:45.621+08:00 [INFO] 用户 1 发送消息: {"type":"heartbeat","data":"pong","from":"1"}
2026-05-12T00:46:47.112+08:00 [INFO] heartbeatCheck: 6.4452532s
2026-05-12T00:46:50.582+08:00 [INFO] heartbeatCheck: 4.9639154s
2026-05-12T00:46:50.675+08:00 [INFO] 用户 c罗 接收消息: {"type":"heartbeat","data":"ping"}（类型: 1）
2026-05-12T00:46:50.677+08:00 [INFO] 用户 c罗 发送消息: {"type":"heartbeat","data":"pong","from":"c罗"}
2026-05-12T00:46:52.111+08:00 [INFO] heartbeatCheck: 1.435599s
2026-05-12T00:46:55.583+08:00 [INFO] heartbeatCheck: 9.9642104s
2026-05-12T00:46:55.632+08:00 [INFO] 用户 1 接收消息: {"type":"heartbeat","data":"ping"}（类型: 1）
2026-05-12T00:46:55.635+08:00 [INFO] 用户 1 发送消息: {"type":"heartbeat","data":"pong","from":"1"}
2026-05-12T00:46:57.111+08:00 [INFO] heartbeatCheck: 6.4355223s
2026-05-12T00:47:00.582+08:00 [INFO] heartbeatCheck: 4.9501108s
2026-05-12T00:47:00.679+08:00 [INFO] 用户 c罗 接收消息: {"type":"heartbeat","data":"ping"}（类型: 1）
2026-05-12T00:47:00.680+08:00 [INFO] 用户 c罗 发送消息: {"type":"heartbeat","data":"pong","from":"c罗"}
2026-05-12T00:47:02.111+08:00 [INFO] heartbeatCheck: 1.4316859s
2026-05-12T00:47:05.588+08:00 [INFO] heartbeatCheck: 9.9552332s
2026-05-12T00:47:07.170+08:00 [INFO] heartbeatCheck: 6.491285s
2026-05-12T00:47:09.135+08:00 [INFO] 用户 1 接收消息: {"type":"heartbeat","data":"ping"}（类型: 1）
2026-05-12T00:47:09.136+08:00 [INFO] 用户 1 发送消息: {"type":"heartbeat","data":"pong","from":"1"}
2026-05-12T00:47:10.591+08:00 [INFO] heartbeatCheck: 1.4572265s
2026-05-12T00:47:10.714+08:00 [INFO] 用户 c罗 接收消息: {"type":"heartbeat","data":"ping"}（类型: 1）
2026-05-12T00:47:10.730+08:00 [INFO] 用户 c罗 发送消息: {"type":"heartbeat","data":"pong","from":"c罗"}
2026-05-12T00:47:12.118+08:00 [INFO] heartbeatCheck: 1.4044826s
2026-05-12T00:47:15.593+08:00 [INFO] heartbeatCheck: 6.4583452s
2026-05-12T00:47:17.112+08:00 [INFO] heartbeatCheck: 6.3979103s
2026-05-12T00:47:19.156+08:00 [INFO] 用户 1 接收消息: {"type":"heartbeat","data":"ping"}（类型: 1）
2026-05-12T00:47:19.159+08:00 [INFO] 用户 1 发送消息: {"type":"heartbeat","data":"pong","from":"1"}
2026-05-12T00:47:20.584+08:00 [INFO] heartbeatCheck: 1.4281597s
2026-05-12T00:47:20.743+08:00 [INFO] 用户 c罗 接收消息: {"type":"heartbeat","data":"ping"}（类型: 1）
2026-05-12T00:47:20.748+08:00 [INFO] 用户 c罗 发送消息: {"type":"heartbeat","data":"pong","from":"c罗"}
2026-05-12T00:47:22.112+08:00 [INFO] heartbeatCheck: 1.3694918s
2026-05-12T00:47:25.589+08:00 [INFO] heartbeatCheck: 6.4332406s
2026-05-12T00:47:27.124+08:00 [INFO] heartbeatCheck: 6.381264s
2026-05-12T00:47:29.184+08:00 [INFO] 用户 1 接收消息: {"type":"heartbeat","data":"ping"}（类型: 1）
2026-05-12T00:47:29.206+08:00 [INFO] 用户 1 发送消息: {"type":"heartbeat","data":"pong","from":"1"}
2026-05-12T00:47:30.583+08:00 [INFO] heartbeatCheck: 1.3985577s
2026-05-12T00:47:30.754+08:00 [INFO] 用户 c罗 接收消息: {"type":"heartbeat","data":"ping"}（类型: 1）
2026-05-12T00:47:30.756+08:00 [INFO] 用户 c罗 发送消息: {"type":"heartbeat","data":"pong","from":"c罗"}
2026-05-12T00:47:32.117+08:00 [INFO] heartbeatCheck: 1.3627405s
2026-05-12T00:47:35.583+08:00 [INFO] heartbeatCheck: 6.3991697s
2026-05-12T00:47:37.114+08:00 [INFO] heartbeatCheck: 6.3597162s
2026-05-12T00:47:39.221+08:00 [INFO] 用户 1 接收消息: {"type":"heartbeat","data":"ping"}（类型: 1）
2026-05-12T00:47:39.223+08:00 [INFO] 用户 1 发送消息: {"type":"heartbeat","data":"pong","from":"1"}
2026-05-12T00:47:40.592+08:00 [INFO] heartbeatCheck: 1.371228s
2026-05-12T00:47:40.776+08:00 [INFO] 用户 c罗 接收消息: {"type":"heartbeat","data":"ping"}（类型: 1）
2026-05-12T00:47:40.778+08:00 [INFO] 用户 c罗 发送消息: {"type":"heartbeat","data":"pong","from":"c罗"}
2026-05-12T00:47:42.129+08:00 [INFO] heartbeatCheck: 1.3527887s
2026-05-12T00:47:45.583+08:00 [INFO] heartbeatCheck: 6.3620196s
2026-05-12T00:47:47.110+08:00 [INFO] heartbeatCheck: 6.3346241s
2026-05-12T00:47:49.235+08:00 [INFO] 用户 1 接收消息: {"type":"heartbeat","data":"ping"}（类型: 1）
2026-05-12T00:47:49.243+08:00 [INFO] 用户 1 发送消息: {"type":"heartbeat","data":"pong","from":"1"}
2026-05-12T00:47:50.583+08:00 [INFO] heartbeatCheck: 1.3483829s
2026-05-12T00:47:50.785+08:00 [INFO] 用户 c罗 接收消息: {"type":"heartbeat","data":"ping"}（类型: 1）
2026-05-12T00:47:50.788+08:00 [INFO] 用户 c罗 发送消息: {"type":"heartbeat","data":"pong","from":"c罗"}
2026-05-12T00:47:52.114+08:00 [INFO] heartbeatCheck: 1.3289337s
2026-05-12T00:47:55.582+08:00 [INFO] heartbeatCheck: 6.348272s
2026-05-12T00:47:57.111+08:00 [INFO] heartbeatCheck: 6.3260815s
2026-05-12T00:47:59.267+08:00 [INFO] 用户 1 接收消息: {"type":"heartbeat","data":"ping"}（类型: 1）
2026-05-12T00:47:59.273+08:00 [INFO] 用户 1 发送消息: {"type":"heartbeat","data":"pong","from":"1"}
2026-05-12T00:48:00.592+08:00 [INFO] heartbeatCheck: 1.3254584s
2026-05-12T00:48:00.813+08:00 [INFO] 用户 c罗 接收消息: {"type":"heartbeat","data":"ping"}（类型: 1）
2026-05-12T00:48:00.882+08:00 [INFO] 用户 c罗 发送消息: {"type":"heartbeat","data":"pong","from":"c罗"}
2026-05-12T00:48:02.118+08:00 [INFO] heartbeatCheck: 1.3051365s
2026-05-12T00:48:05.582+08:00 [INFO] heartbeatCheck: 6.31535s
2026-05-12T00:48:07.120+08:00 [INFO] heartbeatCheck: 6.3074061s
2026-05-12T00:48:09.297+08:00 [INFO] 用户 1 接收消息: {"type":"heartbeat","data":"ping"}（类型: 1）
2026-05-12T00:48:09.300+08:00 [INFO] 用户 1 发送消息: {"type":"heartbeat","data":"pong","from":"1"}
2026-05-12T00:48:10.589+08:00 [INFO] heartbeatCheck: 1.2920443s
2026-05-12T00:48:10.896+08:00 [INFO] 用户 c罗 接收消息: {"type":"heartbeat","data":"ping"}（类型: 1）
2026-05-12T00:48:10.900+08:00 [INFO] 用户 c罗 发送消息: {"type":"heartbeat","data":"pong","from":"c罗"}
2026-05-12T00:48:12.111+08:00 [INFO] heartbeatCheck: 1.2141358s
2026-05-12T00:48:15.586+08:00 [INFO] heartbeatCheck: 6.288749s
2026-05-12T00:48:17.117+08:00 [INFO] heartbeatCheck: 6.2209998s
2026-05-12T00:48:19.306+08:00 [INFO] 用户 1 接收消息: {"type":"heartbeat","data":"ping"}（类型: 1）
2026-05-12T00:48:19.308+08:00 [INFO] 用户 1 发送消息: {"type":"heartbeat","data":"pong","from":"1"}
2026-05-12T00:48:20.651+08:00 [INFO] heartbeatCheck: 1.3444231s
2026-05-12T00:48:20.944+08:00 [INFO] 用户 c罗 接收消息: {"type":"heartbeat","data":"ping"}（类型: 1）
2026-05-12T00:48:20.959+08:00 [INFO] 用户 c罗 发送消息: {"type":"heartbeat","data":"pong","from":"c罗"}
2026-05-12T00:48:22.111+08:00 [INFO] heartbeatCheck: 1.1671194s
2026-05-12T00:48:25.584+08:00 [INFO] heartbeatCheck: 6.2774764s
2026-05-12T00:48:27.112+08:00 [INFO] heartbeatCheck: 6.1684847s
2026-05-12T00:48:29.327+08:00 [INFO] 用户 1 接收消息: {"type":"heartbeat","data":"ping"}（类型: 1）
2026-05-12T00:48:29.330+08:00 [INFO] 用户 1 发送消息: {"type":"heartbeat","data":"pong","from":"1"}
2026-05-12T00:48:30.586+08:00 [INFO] heartbeatCheck: 1.2593872s
2026-05-12T00:48:30.972+08:00 [INFO] 用户 c罗 接收消息: {"type":"heartbeat","data":"ping"}（类型: 1）
2026-05-12T00:48:30.978+08:00 [INFO] 用户 c罗 发送消息: {"type":"heartbeat","data":"pong","from":"c罗"}
2026-05-12T00:48:32.110+08:00 [INFO] heartbeatCheck: 1.1380415s
2026-05-12T00:48:35.588+08:00 [INFO] heartbeatCheck: 6.261085s
2026-05-12T00:48:37.119+08:00 [INFO] heartbeatCheck: 6.1464585s
2026-05-12T00:48:39.338+08:00 [INFO] 用户 1 接收消息: {"type":"heartbeat","data":"ping"}（类型: 1）
2026-05-12T00:48:39.340+08:00 [INFO] 用户 1 发送消息: {"type":"heartbeat","data":"pong","from":"1"}
2026-05-12T00:48:40.583+08:00 [INFO] heartbeatCheck: 1.2442891s
2026-05-12T00:48:40.988+08:00 [INFO] 用户 c罗 接收消息: {"type":"heartbeat","data":"ping"}（类型: 1）
2026-05-12T00:48:40.991+08:00 [INFO] 用户 c罗 发送消息: {"type":"heartbeat","data":"pong","from":"c罗"}
2026-05-12T00:48:42.110+08:00 [INFO] heartbeatCheck: 1.1228159s
2026-05-12T00:48:45.583+08:00 [INFO] heartbeatCheck: 6.244557s
2026-05-12T00:48:47.111+08:00 [INFO] heartbeatCheck: 6.1235171s
2026-05-12T00:48:49.350+08:00 [INFO] 用户 1 接收消息: {"type":"heartbeat","data":"ping"}（类型: 1）
2026-05-12T00:48:49.354+08:00 [INFO] 用户 1 发送消息: {"type":"heartbeat","data":"pong","from":"1"}
2026-05-12T00:48:50.582+08:00 [INFO] heartbeatCheck: 1.2327805s
2026-05-12T00:48:51.001+08:00 [INFO] 用户 c罗 接收消息: {"type":"heartbeat","data":"ping"}（类型: 1）
2026-05-12T00:48:51.010+08:00 [INFO] 用户 c罗 发送消息: {"type":"heartbeat","data":"pong","from":"c罗"}
2026-05-12T00:48:52.111+08:00 [INFO] heartbeatCheck: 1.110426s
2026-05-12T00:48:55.583+08:00 [INFO] heartbeatCheck: 6.2331675s
2026-05-12T00:49:17.039+08:00 [DEBU] etcd put success with key "/service/default/default/game_user/latest/172.20.10.3:9010", value "{"protocol":"grpc"}", lease "7587894528270026355"
2026-05-12T00:49:17.068+08:00 [DEBU] etcd put success with key "/service/default/default/game_user.svc/latest/172.20.10.3:8010", value "{"insecure":true,"protocol":"http"}", lease "7587894528270026358"
2026-05-12T00:49:17.127+08:00 [INFO] {c433e845d790ae183248120aeb1e3100} 用户 c罗 连接成功
2026-05-12T00:49:17.129+08:00 [INFO] {c433e845d790ae183148120a4a942398} 用户 1 连接成功
2026-05-12T00:49:17.130+08:00 [INFO] heartbeatCheck: 2562047h47m16.854775807s
2026-05-12T00:49:17.131+08:00 [INFO] 用户 c罗 接收消息: {"type":"getInfo","data":"","name":""}（类型: 1）
2026-05-12T00:49:17.132+08:00 [INFO] 用户 1 接收消息: {"type":"getInfo","data":"","name":""}（类型: 1）
2026-05-12T00:49:17.130+08:00 [INFO] heartbeatCheck: 2562047h47m16.854775807s
2026-05-12T00:49:17.139+08:00 [INFO] 用户 c罗 接收消息: {"type":"getInfo","data":"","name":""}（类型: 1）
2026-05-12T00:49:17.141+08:00 [INFO] 用户 1 接收消息: {"type":"getInfo","data":"","name":""}（类型: 1）
2026-05-12T00:49:17.142+08:00 [INFO] 用户 c罗 接收消息: {"type":"getInfo","data":"","name":""}（类型: 1）
2026-05-12T00:49:17.143+08:00 [INFO] 用户 1 接收消息: {"type":"getInfo","data":"","name":""}（类型: 1）
2026-05-12T00:49:17.144+08:00 [INFO] 用户 c罗 接收消息: {"type":"getInfo","data":"","name":""}（类型: 1）
2026-05-12T00:49:17.145+08:00 [INFO] 用户 1 接收消息: {"type":"getInfo","data":"","name":""}（类型: 1）
2026-05-12T00:49:17.146+08:00 [INFO] 用户 c罗 接收消息: {"type":"getInfo","data":"","name":""}（类型: 1）
2026-05-12T00:49:17.148+08:00 [INFO] 用户 c罗 接收消息: {"type":"getInfo","data":"","name":""}（类型: 1）
2026-05-12T00:49:17.149+08:00 [INFO] 用户 c罗 接收消息: {"type":"getInfo","data":"","name":""}（类型: 1）
2026-05-12T00:49:17.151+08:00 [INFO] 用户 c罗 接收消息: {"type":"getInfo","data":"","name":""}（类型: 1）
2026-05-12T00:49:17.154+08:00 [INFO] 用户 c罗 接收消息: {"type":"getInfo","data":"","name":""}（类型: 1）
2026-05-12T00:49:17.155+08:00 [INFO] 用户 c罗 接收消息: {"type":"getInfo","data":"","name":""}（类型: 1）
2026-05-12T00:49:22.130+08:00 [INFO] heartbeatCheck: 4.9847371s
2026-05-12T00:49:22.130+08:00 [INFO] heartbeatCheck: 4.9751514s
2026-05-12T00:49:23.012+08:00 [INFO] 用户 1 连接已关闭，读循环退出
2026-05-12T00:49:23.013+08:00 [INFO] 用户 1 关闭连接，原因: 读循环退出
2026-05-12T00:49:23.015+08:00 [INFO] 用户 1 心跳检测被取消: context canceled
2026-05-12T00:49:23.016+08:00 [INFO] 用户 1 心跳检测退出
2026-05-12T00:49:27.130+08:00 [INFO] heartbeatCheck: 9.9750913s
2026-05-12T00:49:27.136+08:00 [INFO] 用户 c罗 接收消息: {"type":"heartbeat","data":"ping"}（类型: 1）
2026-05-12T00:49:27.138+08:00 [INFO] 用户 c罗 发送消息: {"type":"heartbeat","data":"pong","from":"c罗"}
2026-05-12T00:49:32.130+08:00 [INFO] heartbeatCheck: 4.99416s
2026-05-12T00:49:32.773+08:00 [INFO] 用户 c罗 连接已关闭，读循环退出
2026-05-12T00:49:32.773+08:00 [INFO] 用户 c罗 关闭连接，原因: 读循环退出
2026-05-12T00:49:32.790+08:00 [INFO] 用户 c罗 心跳检测被取消: context canceled
2026-05-12T00:49:32.798+08:00 [INFO] 用户 c罗 心跳检测退出
2026-05-12T00:49:42.949+08:00 [DEBU] etcd put success with key "/service/default/default/game_user/latest/172.20.10.3:9010", value "{"protocol":"grpc"}", lease "7587894528270026363"
2026-05-12T00:49:42.986+08:00 [DEBU] etcd put success with key "/service/default/default/game_user.svc/latest/172.20.10.3:8010", value "{"insecure":true,"protocol":"http"}", lease "7587894528270026366"
2026-05-12T00:49:58.324+08:00 [INFO] {f033f7d8e090ae18ef0a6b47bdbd2da0} 用户 1 连接成功
2026-05-12T00:49:58.391+08:00 [INFO] heartbeatCheck: 2562047h47m16.854775807s
2026-05-12T00:49:58.425+08:00 [INFO] 用户 1 接收消息: {"type":"getInfo","data":"","name":""}（类型: 1）
2026-05-12T00:50:03.395+08:00 [INFO] heartbeatCheck: 5.002865s
2026-05-12T00:50:08.339+08:00 [INFO] 用户 1 接收消息: {"type":"heartbeat","data":"ping"}（类型: 1）
2026-05-12T00:50:08.348+08:00 [INFO] 用户 1 发送消息: {"type":"heartbeat","data":"pong","from":"1"}
2026-05-12T00:50:08.392+08:00 [INFO] heartbeatCheck: 53.6139ms
2026-05-12T00:50:11.576+08:00 [INFO] 用户 1 连接已关闭，读循环退出
2026-05-12T00:50:11.608+08:00 [INFO] 用户 1 关闭连接，原因: 读循环退出
2026-05-12T00:50:11.634+08:00 [INFO] 用户 1 心跳检测被取消: context canceled
2026-05-12T00:50:11.635+08:00 [INFO] 用户 1 心跳检测退出
2026-05-12T00:50:37.461+08:00 [INFO] {3081b8f9e990ae18f60a6b474e6854fd} 用户 1 连接成功
2026-05-12T00:50:37.486+08:00 [INFO] 用户 1 接收消息: {"type":"getInfo","data":"","name":""}（类型: 1）
2026-05-12T00:50:37.495+08:00 [INFO] heartbeatCheck: 2562047h47m16.854775807s
2026-05-12T00:50:42.490+08:00 [INFO] heartbeatCheck: 5.0034763s
2026-05-12T00:50:47.474+08:00 [INFO] 用户 1 接收消息: {"type":"heartbeat","data":"ping"}（类型: 1）
2026-05-12T00:50:47.475+08:00 [INFO] 用户 1 发送消息: {"type":"heartbeat","data":"pong","from":"1"}
2026-05-12T00:50:47.475+08:00 [INFO] 用户 1 连接已关闭，跳过消息发送
2026-05-12T00:50:47.476+08:00 [INFO] 用户 1 writeLoop退出
2026-05-12T00:50:47.477+08:00 [INFO] heartbeatCheck: 3.8132ms
2026-05-12T00:50:50.217+08:00 [INFO] 用户 1 接收消息: {"type":"createRoom","data":"","name":""}（类型: 1）
2026-05-12T00:50:50.222+08:00 [INFO] 用户 1 发送消息: {"type":"createRoom","data":"[{\"ID\":0,\"Name\":\"1\",\"RoomID\":\"MBOHHP\",\"Type\":0,\"CardNum\":13,\"Point\":100,\"UserId\":\"1\",\"RoomType\":2}]","from":"1"}
2026-05-12T00:50:50.357+08:00 [INFO] 执行日志异步任务: RoomID:"MBOHHP"  Type:2  UserID:"1"  Point:100  Action:"initRoom"
2026-05-12T00:50:50.361+08:00 [DEBU] Watch key "/service/default/default/log-service/latest/"
2026-05-12T00:50:52.477+08:00 [INFO] heartbeatCheck: 2.2605515s
2026-05-12T00:50:57.855+08:00 [INFO] heartbeatCheck: 7.6386755s
2026-05-12T00:51:00.293+08:00 [INFO] 用户 1 接收消息: {"type":"heartbeat","data":"ping"}（类型: 1）
2026-05-12T00:51:00.294+08:00 [INFO] 用户 1 发送消息: {"type":"heartbeat","data":"pong","from":"1"}
2026-05-12T00:51:02.477+08:00 [INFO] heartbeatCheck: 2.1835148s
2026-05-12T00:51:07.478+08:00 [INFO] heartbeatCheck: 7.1846783s
2026-05-12T00:51:10.304+08:00 [INFO] 用户 1 接收消息: {"type":"heartbeat","data":"ping"}（类型: 1）
2026-05-12T00:51:10.305+08:00 [INFO] 用户 1 发送消息: {"type":"heartbeat","data":"pong","from":"1"}
2026-05-12T00:51:12.477+08:00 [INFO] heartbeatCheck: 2.1728176s
2026-05-12T00:51:17.477+08:00 [INFO] heartbeatCheck: 7.1735753s
2026-05-12T00:51:20.320+08:00 [INFO] 用户 1 接收消息: {"type":"heartbeat","data":"ping"}（类型: 1）
2026-05-12T00:51:20.325+08:00 [INFO] 用户 1 发送消息: {"type":"heartbeat","data":"pong","from":"1"}
2026-05-12T00:51:22.477+08:00 [INFO] heartbeatCheck: 2.1573117s
2026-05-12T00:51:27.479+08:00 [INFO] heartbeatCheck: 7.1595785s
2026-05-12T00:51:30.330+08:00 [INFO] 用户 1 接收消息: {"type":"heartbeat","data":"ping"}（类型: 1）
2026-05-12T00:51:30.340+08:00 [INFO] 用户 1 发送消息: {"type":"heartbeat","data":"pong","from":"1"}
2026-05-12T00:51:32.477+08:00 [INFO] heartbeatCheck: 2.1463603s
2026-05-12T00:51:37.492+08:00 [INFO] heartbeatCheck: 7.1620143s
2026-05-12T00:51:40.349+08:00 [INFO] 用户 1 接收消息: {"type":"heartbeat","data":"ping"}（类型: 1）
2026-05-12T00:51:40.351+08:00 [INFO] 用户 1 发送消息: {"type":"heartbeat","data":"pong","from":"1"}
2026-05-12T00:51:42.476+08:00 [INFO] heartbeatCheck: 2.1276763s
2026-05-12T00:51:47.477+08:00 [INFO] heartbeatCheck: 7.1281825s
2026-05-12T00:51:50.368+08:00 [INFO] 用户 1 接收消息: {"type":"heartbeat","data":"ping"}（类型: 1）
2026-05-12T00:51:50.371+08:00 [INFO] 用户 1 发送消息: {"type":"heartbeat","data":"pong","from":"1"}
2026-05-12T00:51:52.476+08:00 [INFO] heartbeatCheck: 2.1081802s
2026-05-12T00:51:57.477+08:00 [INFO] heartbeatCheck: 7.1084062s
2026-05-12T00:52:00.376+08:00 [INFO] 用户 1 接收消息: {"type":"heartbeat","data":"ping"}（类型: 1）
2026-05-12T00:52:00.378+08:00 [INFO] 用户 1 发送消息: {"type":"heartbeat","data":"pong","from":"1"}
2026-05-12T00:52:02.477+08:00 [INFO] heartbeatCheck: 2.1009079s
2026-05-12T00:52:07.476+08:00 [INFO] heartbeatCheck: 7.1004777s
2026-05-12T00:52:10.383+08:00 [INFO] 用户 1 接收消息: {"type":"heartbeat","data":"ping"}（类型: 1）
2026-05-12T00:52:10.385+08:00 [INFO] 用户 1 发送消息: {"type":"heartbeat","data":"pong","from":"1"}
2026-05-12T00:52:12.476+08:00 [INFO] heartbeatCheck: 2.0938122s
2026-05-12T00:52:17.477+08:00 [INFO] heartbeatCheck: 7.0942567s
2026-05-12T00:52:20.392+08:00 [INFO] 用户 1 接收消息: {"type":"heartbeat","data":"ping"}（类型: 1）
2026-05-12T00:52:20.394+08:00 [INFO] 用户 1 发送消息: {"type":"heartbeat","data":"pong","from":"1"}
2026-05-12T00:52:22.476+08:00 [INFO] heartbeatCheck: 2.0845788s
2026-05-12T00:52:27.480+08:00 [INFO] heartbeatCheck: 7.0878883s
2026-05-12T00:52:30.396+08:00 [INFO] 用户 1 接收消息: {"type":"heartbeat","data":"ping"}（类型: 1）
2026-05-12T00:52:30.397+08:00 [INFO] 用户 1 发送消息: {"type":"heartbeat","data":"pong","from":"1"}
2026-05-12T00:52:32.477+08:00 [INFO] heartbeatCheck: 2.0808195s
2026-05-12T00:52:37.476+08:00 [INFO] heartbeatCheck: 7.0805249s
2026-05-12T00:52:40.412+08:00 [INFO] 用户 1 接收消息: {"type":"heartbeat","data":"ping"}（类型: 1）
2026-05-12T00:52:40.414+08:00 [INFO] 用户 1 发送消息: {"type":"heartbeat","data":"pong","from":"1"}
2026-05-12T00:52:42.476+08:00 [INFO] heartbeatCheck: 2.0642489s
2026-05-12T00:52:47.477+08:00 [INFO] heartbeatCheck: 7.0647066s
2026-05-12T00:52:50.425+08:00 [INFO] 用户 1 接收消息: {"type":"heartbeat","data":"ping"}（类型: 1）
2026-05-12T00:52:50.428+08:00 [INFO] 用户 1 发送消息: {"type":"heartbeat","data":"pong","from":"1"}
2026-05-12T00:52:52.476+08:00 [INFO] heartbeatCheck: 2.0512427s
2026-05-12T00:52:57.477+08:00 [INFO] heartbeatCheck: 7.0522162s
2026-05-12T00:53:00.431+08:00 [INFO] 用户 1 接收消息: {"type":"heartbeat","data":"ping"}（类型: 1）
2026-05-12T00:53:00.434+08:00 [INFO] 用户 1 发送消息: {"type":"heartbeat","data":"pong","from":"1"}
2026-05-12T00:53:02.477+08:00 [INFO] heartbeatCheck: 2.0459576s
2026-05-12T00:53:07.477+08:00 [INFO] heartbeatCheck: 7.0459934s
2026-05-12T00:53:08.090+08:00 [INFO] {a0038b0c0d91ae180c0b6b47ab8131b8} 用户 c罗 连接成功
2026-05-12T00:53:08.092+08:00 [INFO] heartbeatCheck: 2562047h47m16.854775807s
2026-05-12T00:53:08.120+08:00 [INFO] 用户 c罗 接收消息: {"type":"getInfo","data":"","name":""}（类型: 1）
2026-05-12T00:53:10.442+08:00 [INFO] 用户 1 接收消息: {"type":"heartbeat","data":"ping"}（类型: 1）
2026-05-12T00:53:10.444+08:00 [INFO] 用户 1 发送消息: {"type":"heartbeat","data":"pong","from":"1"}
2026-05-12T00:53:12.477+08:00 [INFO] heartbeatCheck: 2.0346726s
2026-05-12T00:53:12.756+08:00 [INFO] 用户 c罗 接收消息: {"type":"joinRoom","data":"{\"roomID\":\"MBOHHP\"}","name":""}（类型: 1）
2026-05-12T00:53:42.746+08:00 [INFO] 用户 1 接收消息: {"type":"heartbeat","data":"ping"}（类型: 1）
2026-05-12T00:53:42.746+08:00 [INFO] 用户 c罗 接收消息: {"type":"heartbeat","data":"ping"}（类型: 1）
2026-05-12T00:53:42.753+08:00 [INFO] 用户 1 发送消息: {"type":"joinRoom","data":"[{\"ID\":0,\"Name\":\"1\",\"RoomID\":\"MBOHHP\",\"Type\":0,\"CardNum\":13,\"Point\":100,\"UserId\":\"1\",\"RoomType\":2},{\"ID\":1,\"Name\":\"c罗\",\"RoomID\":\"MBOHHP\",\"Type\":0,\"CardNum\":13,\"Point\":100,\"UserId\":\"c罗\",\"RoomType\":2}]","from":"1"}
2026-05-12T00:53:42.751+08:00 [INFO] heartbeatCheck: 5.6264ms
2026-05-12T00:53:50.274+08:00 [INFO] heartbeatCheck: 1.041ms
2026-05-12T00:53:42.748+08:00 [WARN] keepalive exit, lease id: 7587894528270026366, retry register
2026-05-12T00:53:42.751+08:00 [INFO] heartbeatCheck: 5.6264ms
2026-05-12T00:53:50.276+08:00 [INFO] heartbeatCheck: 7.5308317s
2026-05-12T00:53:50.276+08:00 [INFO] 用户 c罗 发送消息: {"type":"joinRoom","data":"[{\"ID\":0,\"Name\":\"1\",\"RoomID\":\"MBOHHP\",\"Type\":0,\"CardNum\":13,\"Point\":100,\"UserId\":\"1\",\"RoomType\":2},{\"ID\":1,\"Name\":\"c罗\",\"RoomID\":\"MBOHHP\",\"Type\":0,\"CardNum\":13,\"Point\":100,\"UserId\":\"c罗\",\"RoomType\":2}]","from":"1"}
2026-05-12T00:53:50.273+08:00 [INFO] 用户 1 发送消息: {"type":"heartbeat","data":"pong","from":"1"}
2026-05-12T00:53:42.748+08:00 [WARN] keepalive exit, lease id: 7587894528270026363, retry register
2026-05-12T00:53:50.273+08:00 [INFO] 用户 1 接收消息: {"type":"heartbeat","data":"ping"}（类型: 1）
2026-05-12T00:53:50.281+08:00 [INFO] 用户 1 发送消息: {"type":"heartbeat","data":"pong","from":"1"}
2026-05-12T00:53:50.282+08:00 [INFO] 用户 c罗 发送消息: {"type":"heartbeat","data":"pong","from":"c罗"}
2026-05-12T00:53:50.282+08:00 [INFO] 用户 c罗 接收消息: {"type":"heartbeat","data":"ping"}（类型: 1）
2026-05-12T00:53:50.281+08:00 [INFO] 用户 1 接收消息: {"type":"heartbeat","data":"ping"}（类型: 1）
2026-05-12T00:53:50.286+08:00 [INFO] 用户 c罗 接收消息: {"type":"heartbeat","data":"ping"}（类型: 1）
2026-05-12T00:53:50.286+08:00 [INFO] 用户 c罗 发送消息: {"type":"heartbeat","data":"pong","from":"c罗"}
2026-05-12T00:53:50.288+08:00 [INFO] 用户 1 发送消息: {"type":"heartbeat","data":"pong","from":"1"}
2026-05-12T00:53:50.289+08:00 [INFO] 用户 c罗 发送消息: {"type":"heartbeat","data":"pong","from":"c罗"}
2026-05-12T00:53:50.289+08:00 [INFO] 用户 c罗 接收消息: {"type":"heartbeat","data":"ping"}（类型: 1）
2026-05-12T00:53:50.292+08:00 [INFO] 用户 c罗 发送消息: {"type":"heartbeat","data":"pong","from":"c罗"}
2026-05-12T00:53:50.296+08:00 [DEBU] etcd put success with key "/service/default/default/game_user.svc/latest/172.20.10.3:8010", value "{"insecure":true,"protocol":"http"}", lease "7587894528270026375"
2026-05-12T00:53:50.299+08:00 [DEBU] etcd put success with key "/service/default/default/game_user/latest/172.20.10.3:9010", value "{"protocol":"grpc"}", lease "7587894528270026377"
2026-05-12T00:53:52.477+08:00 [INFO] heartbeatCheck: 2.1958905s
2026-05-12T00:53:53.097+08:00 [INFO] heartbeatCheck: 2.8085482s
2026-05-12T00:53:57.476+08:00 [INFO] heartbeatCheck: 7.195393s
2026-05-12T00:53:58.095+08:00 [INFO] heartbeatCheck: 7.8063325s
2026-05-12T00:54:00.299+08:00 [INFO] 用户 c罗 接收消息: {"type":"heartbeat","data":"ping"}（类型: 1）
2026-05-12T00:54:00.299+08:00 [INFO] 用户 1 接收消息: {"type":"heartbeat","data":"ping"}（类型: 1）
2026-05-12T00:54:00.301+08:00 [INFO] 用户 c罗 发送消息: {"type":"heartbeat","data":"pong","from":"c罗"}
2026-05-12T00:54:00.301+08:00 [INFO] 用户 1 发送消息: {"type":"heartbeat","data":"pong","from":"1"}
2026-05-12T00:54:02.476+08:00 [INFO] heartbeatCheck: 2.1776742s
2026-05-12T00:54:03.092+08:00 [INFO] heartbeatCheck: 2.7933813s
2026-05-12T00:54:07.477+08:00 [INFO] heartbeatCheck: 7.1785915s
2026-05-12T00:54:08.092+08:00 [INFO] heartbeatCheck: 7.7936165s
2026-05-12T00:54:10.309+08:00 [INFO] 用户 1 接收消息: {"type":"heartbeat","data":"ping"}（类型: 1）
2026-05-12T00:54:10.309+08:00 [INFO] 用户 c罗 接收消息: {"type":"heartbeat","data":"ping"}（类型: 1）
2026-05-12T00:54:10.311+08:00 [INFO] 用户 1 发送消息: {"type":"heartbeat","data":"pong","from":"1"}
2026-05-12T00:54:10.312+08:00 [INFO] 用户 c罗 发送消息: {"type":"heartbeat","data":"pong","from":"c罗"}
2026-05-12T00:54:12.477+08:00 [INFO] heartbeatCheck: 2.1671306s
2026-05-12T00:54:13.092+08:00 [INFO] heartbeatCheck: 2.7826198s
2026-05-12T00:54:17.476+08:00 [INFO] heartbeatCheck: 7.16683s
2026-05-12T00:54:18.092+08:00 [INFO] heartbeatCheck: 7.7827484s
2026-05-12T00:54:20.315+08:00 [INFO] 用户 1 接收消息: {"type":"heartbeat","data":"ping"}（类型: 1）
2026-05-12T00:54:20.318+08:00 [INFO] 用户 1 发送消息: {"type":"heartbeat","data":"pong","from":"1"}
2026-05-12T00:54:20.330+08:00 [INFO] 用户 c罗 接收消息: {"type":"heartbeat","data":"ping"}（类型: 1）
2026-05-12T00:54:20.333+08:00 [INFO] 用户 c罗 发送消息: {"type":"heartbeat","data":"pong","from":"c罗"}
2026-05-12T00:54:22.477+08:00 [INFO] heartbeatCheck: 2.1624575s
2026-05-12T00:54:23.092+08:00 [INFO] heartbeatCheck: 2.7632155s
2026-05-12T00:54:27.476+08:00 [INFO] heartbeatCheck: 7.1621734s
2026-05-12T00:54:28.092+08:00 [INFO] heartbeatCheck: 7.7628861s
2026-05-12T00:54:30.332+08:00 [INFO] 用户 1 接收消息: {"type":"heartbeat","data":"ping"}（类型: 1）
2026-05-12T00:54:30.333+08:00 [INFO] 用户 1 发送消息: {"type":"heartbeat","data":"pong","from":"1"}
2026-05-12T00:54:30.347+08:00 [INFO] 用户 c罗 接收消息: {"type":"heartbeat","data":"ping"}（类型: 1）
2026-05-12T00:54:30.348+08:00 [INFO] 用户 c罗 发送消息: {"type":"heartbeat","data":"pong","from":"c罗"}
2026-05-12T00:54:32.476+08:00 [INFO] heartbeatCheck: 2.144938s
2026-05-12T00:54:33.093+08:00 [INFO] heartbeatCheck: 2.7459814s
2026-05-12T00:54:37.477+08:00 [INFO] heartbeatCheck: 7.1453341s
2026-05-12T00:54:38.092+08:00 [INFO] heartbeatCheck: 7.7452259s
2026-05-12T00:54:40.346+08:00 [INFO] 用户 1 接收消息: {"type":"heartbeat","data":"ping"}（类型: 1）
2026-05-12T00:54:40.349+08:00 [INFO] 用户 1 发送消息: {"type":"heartbeat","data":"pong","from":"1"}
2026-05-12T00:54:40.361+08:00 [INFO] 用户 c罗 接收消息: {"type":"heartbeat","data":"ping"}（类型: 1）
2026-05-12T00:54:40.365+08:00 [INFO] 用户 c罗 发送消息: {"type":"heartbeat","data":"pong","from":"c罗"}
2026-05-12T00:54:42.476+08:00 [INFO] heartbeatCheck: 2.1304354s
2026-05-12T00:54:43.092+08:00 [INFO] heartbeatCheck: 2.7308846s
2026-05-12T00:54:47.476+08:00 [INFO] heartbeatCheck: 7.1305975s
2026-05-12T00:54:48.092+08:00 [INFO] heartbeatCheck: 7.7307924s
2026-05-12T00:54:50.354+08:00 [INFO] 用户 1 接收消息: {"type":"heartbeat","data":"ping"}（类型: 1）
2026-05-12T00:54:50.359+08:00 [INFO] 用户 1 发送消息: {"type":"heartbeat","data":"pong","from":"1"}
2026-05-12T00:54:50.370+08:00 [INFO] 用户 c罗 接收消息: {"type":"heartbeat","data":"ping"}（类型: 1）
2026-05-12T00:54:50.374+08:00 [INFO] 用户 c罗 发送消息: {"type":"heartbeat","data":"pong","from":"c罗"}
2026-05-12T00:54:52.477+08:00 [INFO] heartbeatCheck: 2.1221791s
2026-05-12T00:54:53.092+08:00 [INFO] heartbeatCheck: 2.7221184s
2026-05-12T00:54:57.476+08:00 [INFO] heartbeatCheck: 7.1220686s
2026-05-12T00:54:58.116+08:00 [INFO] heartbeatCheck: 7.746504s
2026-05-12T00:55:00.374+08:00 [INFO] 用户 1 接收消息: {"type":"heartbeat","data":"ping"}（类型: 1）
2026-05-12T00:55:00.375+08:00 [INFO] 用户 1 发送消息: {"type":"heartbeat","data":"pong","from":"1"}
2026-05-12T00:55:00.389+08:00 [INFO] 用户 c罗 接收消息: {"type":"heartbeat","data":"ping"}（类型: 1）
2026-05-12T00:55:00.391+08:00 [INFO] 用户 c罗 发送消息: {"type":"heartbeat","data":"pong","from":"c罗"}
2026-05-12T00:55:02.476+08:00 [INFO] heartbeatCheck: 2.103412s
2026-05-12T00:55:03.093+08:00 [INFO] heartbeatCheck: 2.7037271s
2026-05-12T00:55:07.476+08:00 [INFO] heartbeatCheck: 7.1034175s
2026-05-12T00:55:08.092+08:00 [INFO] heartbeatCheck: 7.7031283s
2026-05-12T00:55:10.414+08:00 [INFO] 用户 c罗 接收消息: {"type":"heartbeat","data":"ping"}（类型: 1）
2026-05-12T00:55:10.416+08:00 [INFO] 用户 1 接收消息: {"type":"heartbeat","data":"ping"}（类型: 1）
2026-05-12T00:55:10.417+08:00 [INFO] 用户 1 发送消息: {"type":"heartbeat","data":"pong","from":"1"}
2026-05-12T00:55:10.419+08:00 [INFO] 用户 c罗 发送消息: {"type":"heartbeat","data":"pong","from":"c罗"}
2026-05-12T00:55:12.488+08:00 [INFO] heartbeatCheck: 2.0714928s
2026-05-12T00:55:13.092+08:00 [INFO] heartbeatCheck: 2.6780955s
2026-05-12T00:55:17.476+08:00 [INFO] heartbeatCheck: 7.0600399s
2026-05-12T00:55:18.092+08:00 [INFO] heartbeatCheck: 7.6786277s
2026-05-12T00:55:20.420+08:00 [INFO] 用户 1 接收消息: {"type":"heartbeat","data":"ping"}（类型: 1）
2026-05-12T00:55:20.424+08:00 [INFO] 用户 1 发送消息: {"type":"heartbeat","data":"pong","from":"1"}
2026-05-12T00:55:20.435+08:00 [INFO] 用户 c罗 接收消息: {"type":"heartbeat","data":"ping"}（类型: 1）
2026-05-12T00:55:20.437+08:00 [INFO] 用户 c罗 发送消息: {"type":"heartbeat","data":"pong","from":"c罗"}
2026-05-12T00:55:22.477+08:00 [INFO] heartbeatCheck: 2.0575726s
2026-05-12T00:55:23.092+08:00 [INFO] heartbeatCheck: 2.6570527s
2026-05-12T00:55:27.476+08:00 [INFO] heartbeatCheck: 7.0569117s
2026-05-12T00:55:28.092+08:00 [INFO] heartbeatCheck: 7.657048s
2026-05-12T00:55:30.428+08:00 [INFO] 用户 1 接收消息: {"type":"heartbeat","data":"ping"}（类型: 1）
2026-05-12T00:55:30.430+08:00 [INFO] 用户 1 发送消息: {"type":"heartbeat","data":"pong","from":"1"}
2026-05-12T00:55:30.444+08:00 [INFO] 用户 c罗 接收消息: {"type":"heartbeat","data":"ping"}（类型: 1）
2026-05-12T00:55:30.446+08:00 [INFO] 用户 c罗 发送消息: {"type":"heartbeat","data":"pong","from":"c罗"}
2026-05-12T00:55:32.477+08:00 [INFO] heartbeatCheck: 2.0487814s
2026-05-12T00:55:33.092+08:00 [INFO] heartbeatCheck: 2.6480089s
2026-05-12T00:55:37.477+08:00 [INFO] heartbeatCheck: 7.0483497s
2026-05-12T00:55:38.093+08:00 [INFO] heartbeatCheck: 7.648236s
2026-05-12T00:55:40.450+08:00 [INFO] 用户 1 接收消息: {"type":"heartbeat","data":"ping"}（类型: 1）
2026-05-12T00:55:40.456+08:00 [INFO] 用户 1 发送消息: {"type":"heartbeat","data":"pong","from":"1"}
2026-05-12T00:55:40.463+08:00 [INFO] 用户 c罗 接收消息: {"type":"heartbeat","data":"ping"}（类型: 1）
2026-05-12T00:55:40.469+08:00 [INFO] 用户 c罗 发送消息: {"type":"heartbeat","data":"pong","from":"c罗"}
2026-05-12T00:55:42.476+08:00 [INFO] heartbeatCheck: 2.0258061s
2026-05-12T00:55:43.092+08:00 [INFO] heartbeatCheck: 2.6287781s
2026-05-12T00:55:47.476+08:00 [INFO] heartbeatCheck: 7.0258426s
2026-05-12T00:55:48.092+08:00 [INFO] heartbeatCheck: 7.6285832s
2026-05-12T00:55:50.462+08:00 [INFO] 用户 1 接收消息: {"type":"heartbeat","data":"ping"}（类型: 1）
2026-05-12T00:55:50.464+08:00 [INFO] 用户 1 发送消息: {"type":"heartbeat","data":"pong","from":"1"}
2026-05-12T00:55:50.478+08:00 [INFO] 用户 c罗 接收消息: {"type":"heartbeat","data":"ping"}（类型: 1）
2026-05-12T00:55:50.480+08:00 [INFO] 用户 c罗 发送消息: {"type":"heartbeat","data":"pong","from":"c罗"}
2026-05-12T00:55:52.477+08:00 [INFO] heartbeatCheck: 2.0152316s
2026-05-12T00:55:53.092+08:00 [INFO] heartbeatCheck: 2.6144588s
2026-05-12T00:55:57.476+08:00 [INFO] heartbeatCheck: 7.014519s
2026-05-12T00:55:58.092+08:00 [INFO] heartbeatCheck: 7.6146796s
2026-05-12T00:56:00.468+08:00 [INFO] 用户 1 接收消息: {"type":"heartbeat","data":"ping"}（类型: 1）
2026-05-12T00:56:00.469+08:00 [INFO] 用户 1 发送消息: {"type":"heartbeat","data":"pong","from":"1"}
2026-05-12T00:56:00.487+08:00 [INFO] 用户 c罗 接收消息: {"type":"heartbeat","data":"ping"}（类型: 1）
2026-05-12T00:56:00.490+08:00 [INFO] 用户 c罗 发送消息: {"type":"heartbeat","data":"pong","from":"c罗"}
2026-05-12T00:56:02.476+08:00 [INFO] heartbeatCheck: 2.00876s
2026-05-12T00:56:03.092+08:00 [INFO] heartbeatCheck: 2.6051839s
2026-05-12T00:56:07.477+08:00 [INFO] heartbeatCheck: 7.0094307s
2026-05-12T00:56:08.092+08:00 [INFO] heartbeatCheck: 7.6054998s
2026-05-12T00:56:10.479+08:00 [INFO] 用户 1 接收消息: {"type":"heartbeat","data":"ping"}（类型: 1）
2026-05-12T00:56:10.481+08:00 [INFO] 用户 1 发送消息: {"type":"heartbeat","data":"pong","from":"1"}
2026-05-12T00:56:10.508+08:00 [INFO] 用户 c罗 接收消息: {"type":"heartbeat","data":"ping"}（类型: 1）
2026-05-12T00:56:10.509+08:00 [INFO] 用户 c罗 发送消息: {"type":"heartbeat","data":"pong","from":"c罗"}
2026-05-12T00:56:12.477+08:00 [INFO] heartbeatCheck: 1.9987097s
2026-05-12T00:56:13.092+08:00 [INFO] heartbeatCheck: 2.5848477s
2026-05-12T00:56:17.819+08:00 [INFO] heartbeatCheck: 7.3409333s
2026-05-12T00:56:18.137+08:00 [INFO] heartbeatCheck: 7.6299281s
2026-05-12T00:56:20.486+08:00 [INFO] 用户 1 接收消息: {"type":"heartbeat","data":"ping"}（类型: 1）
2026-05-12T00:56:20.489+08:00 [INFO] 用户 1 发送消息: {"type":"heartbeat","data":"pong","from":"1"}
2026-05-12T00:56:20.516+08:00 [INFO] 用户 c罗 接收消息: {"type":"heartbeat","data":"ping"}（类型: 1）
2026-05-12T00:56:20.519+08:00 [INFO] 用户 c罗 发送消息: {"type":"heartbeat","data":"pong","from":"c罗"}
2026-05-12T00:56:22.476+08:00 [INFO] heartbeatCheck: 1.9902546s
2026-05-12T00:56:23.092+08:00 [INFO] heartbeatCheck: 2.5760357s
2026-05-12T00:56:27.528+08:00 [INFO] heartbeatCheck: 7.0416721s
2026-05-12T00:56:28.092+08:00 [INFO] heartbeatCheck: 7.5762708s
2026-05-12T00:56:30.506+08:00 [INFO] 用户 1 接收消息: {"type":"heartbeat","data":"ping"}（类型: 1）
2026-05-12T00:56:30.509+08:00 [INFO] 用户 1 发送消息: {"type":"heartbeat","data":"pong","from":"1"}
2026-05-12T00:56:30.522+08:00 [INFO] 用户 c罗 接收消息: {"type":"heartbeat","data":"ping"}（类型: 1）
2026-05-12T00:56:30.525+08:00 [INFO] 用户 c罗 发送消息: {"type":"heartbeat","data":"pong","from":"c罗"}
2026-05-12T00:56:32.476+08:00 [INFO] heartbeatCheck: 1.9697788s
2026-05-12T00:56:33.093+08:00 [INFO] heartbeatCheck: 2.5702745s
2026-05-12T00:56:37.476+08:00 [INFO] heartbeatCheck: 6.9697486s
2026-05-12T00:56:38.134+08:00 [INFO] heartbeatCheck: 7.6117837s
2026-05-12T00:56:40.514+08:00 [INFO] 用户 1 接收消息: {"type":"heartbeat","data":"ping"}（类型: 1）
2026-05-12T00:56:40.516+08:00 [INFO] 用户 1 发送消息: {"type":"heartbeat","data":"pong","from":"1"}
2026-05-12T00:56:40.530+08:00 [INFO] 用户 c罗 接收消息: {"type":"heartbeat","data":"ping"}（类型: 1）
2026-05-12T00:56:40.531+08:00 [INFO] 用户 c罗 发送消息: {"type":"heartbeat","data":"pong","from":"c罗"}
2026-05-12T00:56:42.485+08:00 [INFO] heartbeatCheck: 1.9709127s
2026-05-12T00:56:43.093+08:00 [INFO] heartbeatCheck: 2.5626357s
2026-05-12T00:56:47.482+08:00 [INFO] heartbeatCheck: 6.9684363s
2026-05-12T00:56:48.105+08:00 [INFO] heartbeatCheck: 7.5752798s
2026-05-12T00:56:50.519+08:00 [INFO] 用户 1 接收消息: {"type":"heartbeat","data":"ping"}（类型: 1）
2026-05-12T00:56:50.522+08:00 [INFO] 用户 1 发送消息: {"type":"heartbeat","data":"pong","from":"1"}
2026-05-12T00:56:50.551+08:00 [INFO] 用户 c罗 接收消息: {"type":"heartbeat","data":"ping"}（类型: 1）
2026-05-12T00:56:50.553+08:00 [INFO] 用户 c罗 发送消息: {"type":"heartbeat","data":"pong","from":"c罗"}
2026-05-12T00:56:52.476+08:00 [INFO] heartbeatCheck: 1.95675s
2026-05-12T00:56:53.092+08:00 [INFO] heartbeatCheck: 2.5410118s
2026-05-12T00:56:57.476+08:00 [INFO] heartbeatCheck: 6.9567609s
2026-05-12T00:56:58.114+08:00 [INFO] heartbeatCheck: 7.563342s
2026-05-12T00:57:00.531+08:00 [INFO] 用户 1 接收消息: {"type":"heartbeat","data":"ping"}（类型: 1）
2026-05-12T00:57:00.532+08:00 [INFO] 用户 1 发送消息: {"type":"heartbeat","data":"pong","from":"1"}
2026-05-12T00:57:00.561+08:00 [INFO] 用户 c罗 接收消息: {"type":"heartbeat","data":"ping"}（类型: 1）
2026-05-12T00:57:00.563+08:00 [INFO] 用户 c罗 发送消息: {"type":"heartbeat","data":"pong","from":"c罗"}
2026-05-12T00:57:02.544+08:00 [INFO] heartbeatCheck: 2.0139306s
2026-05-12T00:57:03.129+08:00 [INFO] heartbeatCheck: 2.5680572s
2026-05-12T00:57:07.477+08:00 [INFO] heartbeatCheck: 6.9467477s
2026-05-12T00:57:08.123+08:00 [INFO] heartbeatCheck: 7.5614412s
2026-05-12T00:57:10.600+08:00 [INFO] 用户 1 接收消息: {"type":"heartbeat","data":"ping"}（类型: 1）
2026-05-12T00:57:10.616+08:00 [INFO] 用户 1 发送消息: {"type":"heartbeat","data":"pong","from":"1"}
2026-05-12T00:57:10.628+08:00 [INFO] 用户 c罗 接收消息: {"type":"heartbeat","data":"ping"}（类型: 1）
2026-05-12T00:57:10.629+08:00 [INFO] 用户 c罗 发送消息: {"type":"heartbeat","data":"pong","from":"c罗"}
2026-05-12T00:57:12.477+08:00 [INFO] heartbeatCheck: 1.8775839s
2026-05-12T00:57:13.092+08:00 [INFO] heartbeatCheck: 2.4655579s
2026-05-12T00:57:17.476+08:00 [INFO] heartbeatCheck: 6.8773636s
2026-05-12T00:57:18.092+08:00 [INFO] heartbeatCheck: 7.4652251s
2026-05-12T00:57:20.627+08:00 [INFO] 用户 1 接收消息: {"type":"heartbeat","data":"ping"}（类型: 1）
2026-05-12T00:57:20.630+08:00 [INFO] 用户 1 发送消息: {"type":"heartbeat","data":"pong","from":"1"}
2026-05-12T00:57:20.650+08:00 [INFO] 用户 c罗 接收消息: {"type":"heartbeat","data":"ping"}（类型: 1）
2026-05-12T00:57:20.654+08:00 [INFO] 用户 c罗 发送消息: {"type":"heartbeat","data":"pong","from":"c罗"}
2026-05-12T00:57:22.477+08:00 [INFO] heartbeatCheck: 1.8499198s
2026-05-12T00:57:23.092+08:00 [INFO] heartbeatCheck: 2.4426271s
2026-05-12T00:57:27.476+08:00 [INFO] heartbeatCheck: 6.8490646s
2026-05-12T00:57:28.092+08:00 [INFO] heartbeatCheck: 7.4421202s
2026-05-12T00:57:30.641+08:00 [INFO] 用户 1 接收消息: {"type":"heartbeat","data":"ping"}（类型: 1）
2026-05-12T00:57:30.644+08:00 [INFO] 用户 1 发送消息: {"type":"heartbeat","data":"pong","from":"1"}
2026-05-12T00:57:30.672+08:00 [INFO] 用户 c罗 接收消息: {"type":"heartbeat","data":"ping"}（类型: 1）
2026-05-12T00:57:30.674+08:00 [INFO] 用户 c罗 发送消息: {"type":"heartbeat","data":"pong","from":"c罗"}
2026-05-12T00:57:32.477+08:00 [INFO] heartbeatCheck: 1.8360396s
2026-05-12T00:57:33.092+08:00 [INFO] heartbeatCheck: 2.4198928s
2026-05-12T00:57:37.477+08:00 [INFO] heartbeatCheck: 6.8357056s
2026-05-12T00:57:38.092+08:00 [INFO] heartbeatCheck: 7.4199125s
2026-05-12T00:57:40.648+08:00 [INFO] 用户 1 接收消息: {"type":"heartbeat","data":"ping"}（类型: 1）
2026-05-12T00:57:40.650+08:00 [INFO] 用户 1 发送消息: {"type":"heartbeat","data":"pong","from":"1"}
2026-05-12T00:57:40.679+08:00 [INFO] 用户 c罗 接收消息: {"type":"heartbeat","data":"ping"}（类型: 1）
2026-05-12T00:57:40.680+08:00 [INFO] 用户 c罗 发送消息: {"type":"heartbeat","data":"pong","from":"c罗"}
2026-05-12T00:57:42.477+08:00 [INFO] heartbeatCheck: 1.8289933s
2026-05-12T00:57:43.092+08:00 [INFO] heartbeatCheck: 2.4130013s
2026-05-12T00:57:47.476+08:00 [INFO] heartbeatCheck: 6.82873s
2026-05-12T00:57:48.093+08:00 [INFO] heartbeatCheck: 7.4137751s
2026-05-12T00:57:50.654+08:00 [INFO] 用户 1 接收消息: {"type":"heartbeat","data":"ping"}（类型: 1）
2026-05-12T00:57:50.655+08:00 [INFO] 用户 1 发送消息: {"type":"heartbeat","data":"pong","from":"1"}
2026-05-12T00:57:50.686+08:00 [INFO] 用户 c罗 接收消息: {"type":"heartbeat","data":"ping"}（类型: 1）
2026-05-12T00:57:50.687+08:00 [INFO] 用户 c罗 发送消息: {"type":"heartbeat","data":"pong","from":"c罗"}
2026-05-12T00:57:52.477+08:00 [INFO] heartbeatCheck: 1.8226821s
2026-05-12T00:57:53.092+08:00 [INFO] heartbeatCheck: 2.4059642s
2026-05-12T00:57:57.477+08:00 [INFO] heartbeatCheck: 6.8230511s
2026-05-12T00:57:58.092+08:00 [INFO] heartbeatCheck: 7.4062966s
2026-05-12T00:58:00.664+08:00 [INFO] 用户 1 接收消息: {"type":"heartbeat","data":"ping"}（类型: 1）
2026-05-12T00:58:00.665+08:00 [INFO] 用户 1 发送消息: {"type":"heartbeat","data":"pong","from":"1"}
2026-05-12T00:58:00.694+08:00 [INFO] 用户 c罗 接收消息: {"type":"heartbeat","data":"ping"}（类型: 1）
2026-05-12T00:58:00.696+08:00 [INFO] 用户 c罗 发送消息: {"type":"heartbeat","data":"pong","from":"c罗"}
2026-05-12T00:58:02.477+08:00 [INFO] heartbeatCheck: 1.8126679s
2026-05-12T00:58:03.092+08:00 [INFO] heartbeatCheck: 2.3974511s
2026-05-12T00:58:07.476+08:00 [INFO] heartbeatCheck: 6.8120358s
2026-05-12T00:58:08.092+08:00 [INFO] heartbeatCheck: 7.3973783s
2026-05-12T00:58:10.679+08:00 [INFO] 用户 1 接收消息: {"type":"heartbeat","data":"ping"}（类型: 1）
2026-05-12T00:58:10.682+08:00 [INFO] 用户 1 发送消息: {"type":"heartbeat","data":"pong","from":"1"}
2026-05-12T00:58:10.710+08:00 [INFO] 用户 c罗 接收消息: {"type":"heartbeat","data":"ping"}（类型: 1）
2026-05-12T00:58:10.713+08:00 [INFO] 用户 c罗 发送消息: {"type":"heartbeat","data":"pong","from":"c罗"}
2026-05-12T00:58:12.477+08:00 [INFO] heartbeatCheck: 1.7982247s
2026-05-12T00:58:13.092+08:00 [INFO] heartbeatCheck: 2.3825426s
2026-05-12T00:58:17.476+08:00 [INFO] heartbeatCheck: 6.7973397s
2026-05-12T00:58:18.092+08:00 [INFO] heartbeatCheck: 7.3826265s
2026-05-12T00:58:20.697+08:00 [INFO] 用户 1 接收消息: {"type":"heartbeat","data":"ping"}（类型: 1）
2026-05-12T00:58:20.704+08:00 [INFO] 用户 1 发送消息: {"type":"heartbeat","data":"pong","from":"1"}
2026-05-12T00:58:20.727+08:00 [INFO] 用户 c罗 接收消息: {"type":"heartbeat","data":"ping"}（类型: 1）
2026-05-12T00:58:20.729+08:00 [INFO] 用户 c罗 发送消息: {"type":"heartbeat","data":"pong","from":"c罗"}
2026-05-12T00:58:22.477+08:00 [INFO] heartbeatCheck: 1.7795759s
2026-05-12T00:58:23.093+08:00 [INFO] heartbeatCheck: 2.3651159s
2026-05-12T00:58:27.477+08:00 [INFO] heartbeatCheck: 6.7798517s
2026-05-12T00:58:28.092+08:00 [INFO] heartbeatCheck: 7.3643954s
2026-05-12T00:58:30.719+08:00 [INFO] 用户 1 接收消息: {"type":"heartbeat","data":"ping"}（类型: 1）
2026-05-12T00:58:30.720+08:00 [INFO] 用户 1 发送消息: {"type":"heartbeat","data":"pong","from":"1"}
2026-05-12T00:58:30.734+08:00 [INFO] 用户 c罗 接收消息: {"type":"heartbeat","data":"ping"}（类型: 1）
2026-05-12T00:58:30.735+08:00 [INFO] 用户 c罗 发送消息: {"type":"heartbeat","data":"pong","from":"c罗"}
2026-05-12T00:58:32.607+08:00 [INFO] heartbeatCheck: 1.8882989s
2026-05-12T00:58:33.092+08:00 [INFO] heartbeatCheck: 2.3585s
2026-05-12T00:58:37.477+08:00 [INFO] heartbeatCheck: 6.7580454s
2026-05-12T00:58:38.100+08:00 [INFO] heartbeatCheck: 7.3667824s
2026-05-12T00:58:40.726+08:00 [INFO] 用户 1 接收消息: {"type":"heartbeat","data":"ping"}（类型: 1）
2026-05-12T00:58:40.727+08:00 [INFO] 用户 1 发送消息: {"type":"heartbeat","data":"pong","from":"1"}
2026-05-12T00:58:40.744+08:00 [INFO] 用户 c罗 接收消息: {"type":"heartbeat","data":"ping"}（类型: 1）
2026-05-12T00:58:40.745+08:00 [INFO] 用户 c罗 发送消息: {"type":"heartbeat","data":"pong","from":"c罗"}
2026-05-12T00:58:42.494+08:00 [INFO] heartbeatCheck: 1.7677918s
2026-05-12T00:58:43.092+08:00 [INFO] heartbeatCheck: 2.34915s
2026-05-12T00:58:47.489+08:00 [INFO] heartbeatCheck: 6.7627874s
2026-05-12T00:58:48.175+08:00 [INFO] heartbeatCheck: 7.4317414s
2026-05-12T00:58:50.856+08:00 [INFO] 用户 1 接收消息: {"type":"heartbeat","data":"ping"}（类型: 1）
2026-05-12T00:58:50.900+08:00 [INFO] 用户 1 发送消息: {"type":"heartbeat","data":"pong","from":"1"}
2026-05-12T00:58:50.911+08:00 [INFO] 用户 c罗 接收消息: {"type":"heartbeat","data":"ping"}（类型: 1）
2026-05-12T00:58:50.913+08:00 [INFO] 用户 c罗 发送消息: {"type":"heartbeat","data":"pong","from":"c罗"}
2026-05-12T00:58:52.476+08:00 [INFO] heartbeatCheck: 1.6205823s
2026-05-12T00:58:53.093+08:00 [INFO] heartbeatCheck: 2.1818411s
2026-05-12T00:58:57.476+08:00 [INFO] heartbeatCheck: 6.6206879s
2026-05-12T00:58:58.092+08:00 [INFO] heartbeatCheck: 7.1808078s
2026-05-12T00:59:00.902+08:00 [INFO] 用户 1 接收消息: {"type":"heartbeat","data":"ping"}（类型: 1）
2026-05-12T00:59:00.905+08:00 [INFO] 用户 1 发送消息: {"type":"heartbeat","data":"pong","from":"1"}
2026-05-12T00:59:00.934+08:00 [INFO] 用户 c罗 接收消息: {"type":"heartbeat","data":"ping"}（类型: 1）
2026-05-12T00:59:00.936+08:00 [INFO] 用户 c罗 发送消息: {"type":"heartbeat","data":"pong","from":"c罗"}
2026-05-12T00:59:02.476+08:00 [INFO] heartbeatCheck: 1.574452s
2026-05-12T00:59:03.092+08:00 [INFO] heartbeatCheck: 2.1584167s
2026-05-12T00:59:07.477+08:00 [INFO] heartbeatCheck: 6.575174s
2026-05-12T00:59:08.092+08:00 [INFO] heartbeatCheck: 7.1582553s
2026-05-12T00:59:10.910+08:00 [INFO] 用户 1 接收消息: {"type":"heartbeat","data":"ping"}（类型: 1）
2026-05-12T00:59:10.913+08:00 [INFO] 用户 1 发送消息: {"type":"heartbeat","data":"pong","from":"1"}
2026-05-12T00:59:10.941+08:00 [INFO] 用户 c罗 接收消息: {"type":"heartbeat","data":"ping"}（类型: 1）
2026-05-12T00:59:10.945+08:00 [INFO] 用户 c罗 发送消息: {"type":"heartbeat","data":"pong","from":"c罗"}
2026-05-12T00:59:12.477+08:00 [INFO] heartbeatCheck: 1.5664923s
2026-05-12T00:59:13.092+08:00 [INFO] heartbeatCheck: 2.1511246s
2026-05-12T00:59:17.476+08:00 [INFO] heartbeatCheck: 6.5659261s
2026-05-12T00:59:18.092+08:00 [INFO] heartbeatCheck: 7.1510778s
2026-05-12T00:59:20.918+08:00 [INFO] 用户 1 接收消息: {"type":"heartbeat","data":"ping"}（类型: 1）
2026-05-12T00:59:20.921+08:00 [INFO] 用户 1 发送消息: {"type":"heartbeat","data":"pong","from":"1"}
2026-05-12T00:59:20.964+08:00 [INFO] 用户 c罗 接收消息: {"type":"heartbeat","data":"ping"}（类型: 1）
2026-05-12T00:59:20.968+08:00 [INFO] 用户 c罗 发送消息: {"type":"heartbeat","data":"pong","from":"c罗"}
2026-05-12T00:59:22.476+08:00 [INFO] heartbeatCheck: 1.5585489s
2026-05-12T00:59:23.092+08:00 [INFO] heartbeatCheck: 2.1280333s
2026-05-12T00:59:27.477+08:00 [INFO] heartbeatCheck: 6.5588428s
2026-05-12T00:59:28.092+08:00 [INFO] heartbeatCheck: 7.1274845s
2026-05-12T00:59:30.929+08:00 [INFO] 用户 1 接收消息: {"type":"heartbeat","data":"ping"}（类型: 1）
2026-05-12T00:59:30.932+08:00 [INFO] 用户 1 发送消息: {"type":"heartbeat","data":"pong","from":"1"}
2026-05-12T00:59:30.975+08:00 [INFO] 用户 c罗 接收消息: {"type":"heartbeat","data":"ping"}（类型: 1）
2026-05-12T00:59:30.977+08:00 [INFO] 用户 c罗 发送消息: {"type":"heartbeat","data":"pong","from":"c罗"}
2026-05-12T00:59:32.477+08:00 [INFO] heartbeatCheck: 1.5486696s
2026-05-12T00:59:33.092+08:00 [INFO] heartbeatCheck: 2.1170822s
2026-05-12T00:59:37.476+08:00 [INFO] heartbeatCheck: 6.5478779s
2026-05-12T00:59:38.093+08:00 [INFO] heartbeatCheck: 7.1176873s
2026-05-12T00:59:40.944+08:00 [INFO] 用户 1 接收消息: {"type":"heartbeat","data":"ping"}（类型: 1）
2026-05-12T00:59:40.945+08:00 [INFO] 用户 1 发送消息: {"type":"heartbeat","data":"pong","from":"1"}
2026-05-12T00:59:40.990+08:00 [INFO] 用户 c罗 接收消息: {"type":"heartbeat","data":"ping"}（类型: 1）
2026-05-12T00:59:40.992+08:00 [INFO] 用户 c罗 发送消息: {"type":"heartbeat","data":"pong","from":"c罗"}
2026-05-12T00:59:42.476+08:00 [INFO] heartbeatCheck: 1.5330155s
2026-05-12T00:59:43.092+08:00 [INFO] heartbeatCheck: 2.1022666s
2026-05-12T00:59:47.476+08:00 [INFO] heartbeatCheck: 6.5330106s
2026-05-12T00:59:48.092+08:00 [INFO] heartbeatCheck: 7.1021534s
2026-05-12T00:59:50.949+08:00 [INFO] 用户 1 接收消息: {"type":"heartbeat","data":"ping"}（类型: 1）
2026-05-12T00:59:50.959+08:00 [INFO] 用户 1 发送消息: {"type":"heartbeat","data":"pong","from":"1"}
2026-05-12T00:59:50.995+08:00 [INFO] 用户 c罗 接收消息: {"type":"heartbeat","data":"ping"}（类型: 1）
2026-05-12T00:59:51.000+08:00 [INFO] 用户 c罗 发送消息: {"type":"heartbeat","data":"pong","from":"c罗"}
2026-05-12T00:59:52.476+08:00 [INFO] heartbeatCheck: 1.5281084s
2026-05-12T00:59:53.092+08:00 [INFO] heartbeatCheck: 2.0973734s
2026-05-12T00:59:57.477+08:00 [INFO] heartbeatCheck: 6.5287729s
2026-05-12T00:59:58.092+08:00 [INFO] heartbeatCheck: 7.0977061s
2026-05-12T01:00:00.975+08:00 [INFO] 用户 1 接收消息: {"type":"heartbeat","data":"ping"}（类型: 1）
2026-05-12T01:00:00.980+08:00 [INFO] 用户 1 发送消息: {"type":"heartbeat","data":"pong","from":"1"}
2026-05-12T01:00:01.022+08:00 [INFO] 用户 c罗 接收消息: {"type":"heartbeat","data":"ping"}（类型: 1）
2026-05-12T01:00:01.025+08:00 [INFO] 用户 c罗 发送消息: {"type":"heartbeat","data":"pong","from":"c罗"}
2026-05-12T01:00:02.477+08:00 [INFO] heartbeatCheck: 1.5017954s
2026-05-12T01:00:03.092+08:00 [INFO] heartbeatCheck: 2.0700367s
2026-05-12T01:00:07.481+08:00 [INFO] heartbeatCheck: 6.5053113s
2026-05-12T01:00:08.094+08:00 [INFO] heartbeatCheck: 7.0723026s
2026-05-12T01:00:10.987+08:00 [INFO] 用户 1 接收消息: {"type":"heartbeat","data":"ping"}（类型: 1）
2026-05-12T01:00:10.990+08:00 [INFO] 用户 1 发送消息: {"type":"heartbeat","data":"pong","from":"1"}
2026-05-12T01:00:11.039+08:00 [INFO] 用户 c罗 接收消息: {"type":"heartbeat","data":"ping"}（类型: 1）
2026-05-12T01:00:11.046+08:00 [INFO] 用户 c罗 发送消息: {"type":"heartbeat","data":"pong","from":"c罗"}
2026-05-12T01:00:12.480+08:00 [INFO] heartbeatCheck: 1.4930064s
2026-05-12T01:00:13.108+08:00 [INFO] heartbeatCheck: 2.0686462s
2026-05-12T01:00:17.500+08:00 [INFO] heartbeatCheck: 6.5129264s
2026-05-12T01:00:18.113+08:00 [INFO] heartbeatCheck: 7.0740966s
2026-05-12T01:00:21.024+08:00 [INFO] 用户 1 接收消息: {"type":"heartbeat","data":"ping"}（类型: 1）
2026-05-12T01:00:21.028+08:00 [INFO] 用户 1 发送消息: {"type":"heartbeat","data":"pong","from":"1"}
2026-05-12T01:00:21.054+08:00 [INFO] 用户 c罗 接收消息: {"type":"heartbeat","data":"ping"}（类型: 1）
2026-05-12T01:00:21.057+08:00 [INFO] 用户 c罗 发送消息: {"type":"heartbeat","data":"pong","from":"c罗"}
2026-05-12T01:00:22.493+08:00 [INFO] heartbeatCheck: 1.4688814s
2026-05-12T01:00:23.092+08:00 [INFO] heartbeatCheck: 2.0382041s
2026-05-12T01:00:27.477+08:00 [INFO] heartbeatCheck: 6.4526235s
2026-05-12T01:00:28.093+08:00 [INFO] heartbeatCheck: 7.0389412s
2026-05-12T01:00:31.034+08:00 [INFO] 用户 1 接收消息: {"type":"heartbeat","data":"ping"}（类型: 1）
2026-05-12T01:00:31.035+08:00 [INFO] 用户 1 发送消息: {"type":"heartbeat","data":"pong","from":"1"}
2026-05-12T01:00:31.065+08:00 [INFO] 用户 c罗 接收消息: {"type":"heartbeat","data":"ping"}（类型: 1）
2026-05-12T01:00:31.068+08:00 [INFO] 用户 c罗 发送消息: {"type":"heartbeat","data":"pong","from":"c罗"}
2026-05-12T01:00:32.484+08:00 [INFO] heartbeatCheck: 1.4497054s
2026-05-12T01:00:33.117+08:00 [INFO] heartbeatCheck: 2.0517905s
2026-05-12T01:00:37.536+08:00 [INFO] heartbeatCheck: 6.5020719s
2026-05-12T01:00:38.096+08:00 [INFO] heartbeatCheck: 7.0307077s
2026-05-12T01:00:41.041+08:00 [INFO] 用户 1 接收消息: {"type":"heartbeat","data":"ping"}（类型: 1）
2026-05-12T01:00:41.042+08:00 [INFO] 用户 1 发送消息: {"type":"heartbeat","data":"pong","from":"1"}
2026-05-12T01:00:41.090+08:00 [INFO] 用户 c罗 接收消息: {"type":"heartbeat","data":"ping"}（类型: 1）
2026-05-12T01:00:41.093+08:00 [INFO] 用户 c罗 发送消息: {"type":"heartbeat","data":"pong","from":"c罗"}
2026-05-12T01:00:42.494+08:00 [INFO] heartbeatCheck: 1.4531828s
2026-05-12T01:00:43.100+08:00 [INFO] heartbeatCheck: 2.0101131s
2026-05-12T01:00:47.486+08:00 [INFO] heartbeatCheck: 6.4450814s
2026-05-12T01:00:48.104+08:00 [INFO] heartbeatCheck: 7.0137316s
2026-05-12T01:00:51.060+08:00 [INFO] 用户 1 接收消息: {"type":"heartbeat","data":"ping"}（类型: 1）
2026-05-12T01:00:51.064+08:00 [INFO] 用户 1 发送消息: {"type":"heartbeat","data":"pong","from":"1"}
2026-05-12T01:00:51.108+08:00 [INFO] 用户 c罗 接收消息: {"type":"heartbeat","data":"ping"}（类型: 1）
2026-05-12T01:00:51.112+08:00 [INFO] 用户 c罗 发送消息: {"type":"heartbeat","data":"pong","from":"c罗"}
2026-05-12T01:00:52.477+08:00 [INFO] heartbeatCheck: 1.4168057s
2026-05-12T01:00:53.097+08:00 [INFO] heartbeatCheck: 1.9888471s
2026-05-12T01:00:57.585+08:00 [INFO] heartbeatCheck: 6.5253329s
2026-05-12T01:00:58.169+08:00 [INFO] heartbeatCheck: 7.0607012s
2026-05-12T01:01:01.285+08:00 [INFO] 用户 c罗 接收消息: {"type":"heartbeat","data":"ping"}（类型: 1）
2026-05-12T01:01:01.285+08:00 [INFO] 用户 1 接收消息: {"type":"heartbeat","data":"ping"}（类型: 1）
2026-05-12T01:01:01.561+08:00 [INFO] 用户 c罗 发送消息: {"type":"heartbeat","data":"pong","from":"c罗"}
2026-05-12T01:01:01.794+08:00 [INFO] 用户 1 发送消息: {"type":"heartbeat","data":"pong","from":"1"}
2026-05-12T01:01:02.583+08:00 [INFO] heartbeatCheck: 1.2976447s
2026-05-12T01:01:03.102+08:00 [INFO] heartbeatCheck: 1.8166864s
2026-05-12T01:01:07.504+08:00 [INFO] heartbeatCheck: 6.2189984s
2026-05-12T01:01:08.111+08:00 [INFO] heartbeatCheck: 6.8257109s
2026-05-12T01:01:11.875+08:00 [INFO] 用户 c罗 接收消息: {"type":"heartbeat","data":"ping"}（类型: 1）
2026-05-12T01:01:11.877+08:00 [INFO] 用户 1 接收消息: {"type":"heartbeat","data":"ping"}（类型: 1）
2026-05-12T01:01:11.953+08:00 [INFO] 用户 1 发送消息: {"type":"heartbeat","data":"pong","from":"1"}
2026-05-12T01:01:11.954+08:00 [INFO] 用户 c罗 发送消息: {"type":"heartbeat","data":"pong","from":"c罗"}
2026-05-12T01:01:12.477+08:00 [INFO] heartbeatCheck: 600.4253ms
2026-05-12T01:01:13.137+08:00 [INFO] heartbeatCheck: 1.2626147s
2026-05-12T01:01:17.505+08:00 [INFO] heartbeatCheck: 5.6284533s
2026-05-12T01:01:18.112+08:00 [INFO] heartbeatCheck: 6.2372271s
2026-05-12T01:01:21.990+08:00 [INFO] 用户 c罗 接收消息: {"type":"heartbeat","data":"ping"}（类型: 1）
2026-05-12T01:01:21.991+08:00 [INFO] 用户 1 接收消息: {"type":"heartbeat","data":"ping"}（类型: 1）
2026-05-12T01:01:21.994+08:00 [INFO] 用户 c罗 发送消息: {"type":"heartbeat","data":"pong","from":"c罗"}
2026-05-12T01:01:22.030+08:00 [INFO] 用户 1 发送消息: {"type":"heartbeat","data":"pong","from":"1"}
2026-05-12T01:01:22.478+08:00 [INFO] heartbeatCheck: 487.1805ms
2026-05-12T01:01:23.093+08:00 [INFO] heartbeatCheck: 1.1035319s
2026-05-12T01:01:27.484+08:00 [INFO] heartbeatCheck: 5.4928104s
2026-05-12T01:01:28.096+08:00 [INFO] heartbeatCheck: 6.1065759s
2026-05-12T01:01:32.013+08:00 [INFO] 用户 c罗 接收消息: {"type":"heartbeat","data":"ping"}（类型: 1）
2026-05-12T01:01:32.021+08:00 [INFO] 用户 c罗 发送消息: {"type":"heartbeat","data":"pong","from":"c罗"}
2026-05-12T01:01:32.480+08:00 [INFO] heartbeatCheck: 10.4889765s
2026-05-12T01:01:33.098+08:00 [INFO] heartbeatCheck: 1.0848406s
2026-05-12T01:01:33.898+08:00 [INFO] 用户 1 接收消息: {"type":"heartbeat","data":"ping"}（类型: 1）
2026-05-12T01:01:33.900+08:00 [INFO] 用户 1 发送消息: {"type":"heartbeat","data":"pong","from":"1"}
2026-05-12T01:01:37.530+08:00 [INFO] heartbeatCheck: 3.6322054s
2026-05-12T01:01:38.094+08:00 [INFO] heartbeatCheck: 6.0809106s
2026-05-12T01:01:42.491+08:00 [INFO] heartbeatCheck: 8.5928009s
2026-05-12T01:01:43.106+08:00 [INFO] heartbeatCheck: 11.0926279s
2026-05-12T01:01:43.718+08:00 [INFO] 用户 c罗 接收消息: {"type":"heartbeat","data":"ping"}（类型: 1）
2026-05-12T01:01:43.731+08:00 [INFO] 用户 c罗 发送消息: {"type":"heartbeat","data":"pong","from":"c罗"}
2026-05-12T01:01:45.049+08:00 [INFO] 用户 1 接收消息: {"type":"heartbeat","data":"ping"}（类型: 1）
2026-05-12T01:01:45.082+08:00 [INFO] 用户 1 发送消息: {"type":"heartbeat","data":"pong","from":"1"}
2026-05-12T01:01:47.500+08:00 [INFO] heartbeatCheck: 2.4602209s
2026-05-12T01:01:48.131+08:00 [INFO] heartbeatCheck: 4.4132809s
2026-05-12T01:01:52.716+08:00 [INFO] heartbeatCheck: 7.6767969s
2026-05-12T01:01:53.106+08:00 [INFO] heartbeatCheck: 9.3884416s
2026-05-12T01:01:53.764+08:00 [INFO] 用户 c罗 接收消息: {"type":"heartbeat","data":"ping"}（类型: 1）
2026-05-12T01:01:53.788+08:00 [INFO] 用户 c罗 发送消息: {"type":"heartbeat","data":"pong","from":"c罗"}
2026-05-12T01:01:55.090+08:00 [INFO] 用户 1 接收消息: {"type":"heartbeat","data":"ping"}（类型: 1）
2026-05-12T01:01:55.091+08:00 [INFO] 用户 1 发送消息: {"type":"heartbeat","data":"pong","from":"1"}
2026-05-12T01:01:57.495+08:00 [INFO] heartbeatCheck: 2.4043807s
2026-05-12T01:01:58.096+08:00 [INFO] heartbeatCheck: 4.3325898s
2026-05-12T01:02:02.483+08:00 [INFO] heartbeatCheck: 7.3925287s
2026-05-12T01:02:03.095+08:00 [INFO] heartbeatCheck: 9.3309792s
2026-05-12T01:02:03.807+08:00 [INFO] 用户 c罗 接收消息: {"type":"heartbeat","data":"ping"}（类型: 1）
2026-05-12T01:02:03.811+08:00 [INFO] 用户 c罗 发送消息: {"type":"heartbeat","data":"pong","from":"c罗"}
2026-05-12T01:02:05.109+08:00 [INFO] 用户 1 接收消息: {"type":"heartbeat","data":"ping"}（类型: 1）
2026-05-12T01:02:05.119+08:00 [INFO] 用户 1 发送消息: {"type":"heartbeat","data":"pong","from":"1"}
2026-05-12T01:02:07.526+08:00 [INFO] heartbeatCheck: 2.4168128s
2026-05-12T01:02:08.137+08:00 [INFO] heartbeatCheck: 4.3296786s
2026-05-12T01:02:12.479+08:00 [INFO] heartbeatCheck: 7.3696396s
2026-05-12T01:02:13.099+08:00 [INFO] heartbeatCheck: 9.2913523s
2026-05-12T01:02:13.834+08:00 [INFO] 用户 c罗 接收消息: {"type":"heartbeat","data":"ping"}（类型: 1）
2026-05-12T01:02:13.837+08:00 [INFO] 用户 c罗 发送消息: {"type":"heartbeat","data":"pong","from":"c罗"}
2026-05-12T01:02:15.136+08:00 [INFO] 用户 1 接收消息: {"type":"heartbeat","data":"ping"}（类型: 1）
2026-05-12T01:02:15.153+08:00 [INFO] 用户 1 发送消息: {"type":"heartbeat","data":"pong","from":"1"}
2026-05-12T01:02:17.481+08:00 [INFO] heartbeatCheck: 2.3448171s
2026-05-12T01:02:18.182+08:00 [INFO] heartbeatCheck: 4.3479201s
2026-05-12T01:02:22.554+08:00 [INFO] heartbeatCheck: 7.4171428s
2026-05-12T01:02:23.136+08:00 [INFO] heartbeatCheck: 9.3017411s
2026-05-12T01:02:27.504+08:00 [INFO] heartbeatCheck: 12.3678982s
2026-05-12T01:02:28.132+08:00 [INFO] heartbeatCheck: 14.2980512s
2026-05-12T01:02:28.841+08:00 [INFO] 用户 c罗 接收消息: {"type":"heartbeat","data":"ping"}（类型: 1）
2026-05-12T01:02:28.843+08:00 [INFO] 用户 1 接收消息: {"type":"heartbeat","data":"ping"}（类型: 1）
2026-05-12T01:02:28.876+08:00 [INFO] 用户 c罗 发送消息: {"type":"heartbeat","data":"pong","from":"c罗"}
2026-05-12T01:02:28.877+08:00 [INFO] 用户 1 发送消息: {"type":"heartbeat","data":"pong","from":"1"}
2026-05-12T01:02:32.490+08:00 [INFO] heartbeatCheck: 3.6466023s
2026-05-12T01:02:33.092+08:00 [INFO] heartbeatCheck: 4.2506054s
2026-05-12T01:02:37.504+08:00 [INFO] heartbeatCheck: 8.6603111s
2026-05-12T01:02:38.094+08:00 [INFO] heartbeatCheck: 9.2527981s
2026-05-12T01:02:38.957+08:00 [INFO] 用户 1 接收消息: {"type":"heartbeat","data":"ping"}（类型: 1）
2026-05-12T01:02:39.058+08:00 [INFO] 用户 c罗 接收消息: {"type":"heartbeat","data":"ping"}（类型: 1）
2026-05-12T01:02:39.061+08:00 [INFO] 用户 1 发送消息: {"type":"heartbeat","data":"pong","from":"1"}
2026-05-12T01:02:39.064+08:00 [INFO] 用户 c罗 发送消息: {"type":"heartbeat","data":"pong","from":"c罗"}
2026-05-12T01:02:42.549+08:00 [INFO] heartbeatCheck: 3.5921621s
2026-05-12T01:02:43.337+08:00 [INFO] heartbeatCheck: 4.2792216s
2026-05-12T01:02:47.486+08:00 [INFO] heartbeatCheck: 8.5282803s
2026-05-12T01:02:48.132+08:00 [INFO] heartbeatCheck: 9.0738441s
2026-05-12T01:02:49.088+08:00 [INFO] 用户 c罗 接收消息: {"type":"heartbeat","data":"ping"}（类型: 1）
2026-05-12T01:02:49.088+08:00 [INFO] 用户 1 接收消息: {"type":"heartbeat","data":"ping"}（类型: 1）
2026-05-12T01:02:49.091+08:00 [INFO] 用户 c罗 发送消息: {"type":"heartbeat","data":"pong","from":"c罗"}
2026-05-12T01:02:49.096+08:00 [INFO] 用户 1 发送消息: {"type":"heartbeat","data":"pong","from":"1"}
2026-05-12T01:02:52.487+08:00 [INFO] heartbeatCheck: 3.3993712s
2026-05-12T01:02:53.104+08:00 [INFO] heartbeatCheck: 4.0155066s
2026-05-12T01:02:53.352+08:00 [INFO] 用户 1 连接已关闭，读循环退出
2026-05-12T01:02:53.354+08:00 [INFO] 用户 1 关闭连接，原因: 读循环退出
2026-05-12T01:02:53.439+08:00 [INFO] 用户 1 心跳检测被取消: context canceled
2026-05-12T01:02:53.441+08:00 [INFO] 用户 1 心跳检测退出
2026-05-12T01:02:58.092+08:00 [INFO] heartbeatCheck: 9.0038202s
2026-05-12T01:03:03.094+08:00 [INFO] heartbeatCheck: 14.0058145s
2026-05-12T01:03:08.096+08:00 [INFO] heartbeatCheck: 19.0081442s
2026-05-12T01:03:13.094+08:00 [INFO] heartbeatCheck: 24.0063116s
2026-05-12T01:03:18.106+08:00 [INFO] heartbeatCheck: 29.0180414s
2026-05-12T01:03:23.094+08:00 [INFO] heartbeatCheck: 34.0056507s
2026-05-12T01:03:24.617+08:00 [INFO] 用户 c罗 连接已关闭，读循环退出
2026-05-12T01:03:24.618+08:00 [INFO] 用户 c罗 关闭连接，原因: 读循环退出
2026-05-12T01:03:24.652+08:00 [INFO] 用户 c罗 心跳检测被取消: context canceled
2026-05-12T01:03:24.653+08:00 [INFO] 用户 c罗 心跳检测退出
