2026-05-09T00:24:34.501+08:00 [ERRO] {248cbd4ec0a3ad18032a7f19b6b6c2ca} 用户名或密码错误 
Stack:
1.  game_user/internal/controller/enter.(*ControllerV1).Enter
    D:/gowork/max2/max2/app/game_user/internal/controller/enter/enter_v1_enter.go:82

2026-05-09T00:40:34.493+08:00 [ERRO] {b43c56e09fa4ad18042a7f19be859053} 用户名或密码错误 
Stack:
1.  game_user/internal/controller/enter.(*ControllerV1).Enter
    D:/gowork/max2/max2/app/game_user/internal/controller/enter/enter_v1_enter.go:82

2026-05-09T00:47:29.788+08:00 [ERRO] {1c16bf8e00a5ad18052a7f1943bc2983} 用户名或密码错误 
Stack:
1.  game_user/internal/controller/enter.(*ControllerV1).Enter
    D:/gowork/max2/max2/app/game_user/internal/controller/enter/enter_v1_enter.go:82

2026-05-09T21:19:55.579+08:00 [ERRO] {38329f6a41e8ad18062a7f19f08e28c0} 用户名或密码错误 
Stack:
1.  game_user/internal/controller/enter.(*ControllerV1).Enter
    D:/gowork/max2/max2/app/game_user/internal/controller/enter/enter_v1_enter.go:82

2026-05-09T21:20:23.371+08:00 [ERRO] {e4ad6be347e8ad18072a7f19246d80fb} 用户名或密码错误 
Stack:
1.  game_user/internal/controller/enter.(*ControllerV1).Enter
    D:/gowork/max2/max2/app/game_user/internal/controller/enter/enter_v1_enter.go:82

2026-05-09T21:27:51.026+08:00 [ERRO] {c02c8a1fb0e8ad18082a7f19f87581fe} 用户名或密码错误 
Stack:
1.  game_user/internal/controller/enter.(*ControllerV1).Enter
    D:/gowork/max2/max2/app/game_user/internal/controller/enter/enter_v1_enter.go:82

2026-05-09T21:35:26.103+08:00 [ERRO] {6c335b131ae9ad18092a7f192a5d302e} 用户名或密码错误 
Stack:
1.  game_user/internal/controller/enter.(*ControllerV1).Enter
    D:/gowork/max2/max2/app/game_user/internal/controller/enter/enter_v1_enter.go:82

2026-05-09T21:40:16.978+08:00 [ERRO] {68697ac45de9ad180a2a7f19201e7ad1} 用户名或密码错误 
Stack:
1.  game_user/internal/controller/enter.(*ControllerV1).Enter
    D:/gowork/max2/max2/app/game_user/internal/controller/enter/enter_v1_enter.go:82

2026-05-09T21:40:33.101+08:00 [ERRO] {50e81e8861e9ad180b2a7f192a45a6bf} 用户名或密码错误 
Stack:
1.  game_user/internal/controller/enter.(*ControllerV1).Enter
    D:/gowork/max2/max2/app/game_user/internal/controller/enter/enter_v1_enter.go:82

2026-05-09T21:41:59.885+08:00 [ERRO] {74e16cc275e9ad180c2a7f1929a14bfe} 用户名或密码错误 
Stack:
1.  game_user/internal/controller/enter.(*ControllerV1).Enter
    D:/gowork/max2/max2/app/game_user/internal/controller/enter/enter_v1_enter.go:82

2026-05-09T21:42:52.371+08:00 [ERRO] {28e5eaf881e9ad180d2a7f19a4bbe108} 用户名或密码错误 
Stack:
1.  game_user/internal/controller/enter.(*ControllerV1).Enter
    D:/gowork/max2/max2/app/game_user/internal/controller/enter/enter_v1_enter.go:82

2026-05-09T22:06:14.798+08:00 [DEBU] etcd put success with key "/service/default/default/game_user/latest/172.20.10.3:9010", value "{"protocol":"grpc"}", lease "7587894528270013150"
2026-05-09T22:06:14.826+08:00 [DEBU] etcd put success with key "/service/default/default/default/latest/172.20.10.3:8010", value "{"insecure":true,"protocol":"http"}", lease "7587894528270013153"
2026-05-09T22:18:49.248+08:00 [ERRO] {a0c08d2f71ebad180fe0e34999be0f39} Redis Client Do failed with arguments "[Get gFastV3Cache:user:]": i/o timeout 
Stack:
1.  github.com/tiger1103/gfast-cache/cache.(*GfCache).Get
    D:/gowork/pkg/mod/github.com/tiger1103/gfast-cache@v1.0.12/cache/cache.go:168
2.  game_user/internal/controller/enter.(*ControllerV1).Enter
    D:/gowork/max2/max2/app/game_user/internal/controller/enter/enter_v1_enter.go:74

2026-05-09T22:18:49.250+08:00 [ERRO] {a0c08d2f71ebad180fe0e34999be0f39} 用户名或密码错误 
Stack:
1.  game_user/internal/controller/enter.(*ControllerV1).Enter
    D:/gowork/max2/max2/app/game_user/internal/controller/enter/enter_v1_enter.go:82

2026-05-09T22:26:50.168+08:00 [ERRO] {d4732020e8ebad1810e0e349935a166e} 用户名或密码错误 
Stack:
1.  game_user/internal/controller/enter.(*ControllerV1).Enter
    D:/gowork/max2/max2/app/game_user/internal/controller/enter/enter_v1_enter.go:82

2026-05-09T22:29:16.958+08:00 [ERRO] {08881d4a0aecad1811e0e349a541bd39} 用户名或密码错误 
Stack:
1.  game_user/internal/controller/enter.(*ControllerV1).Enter
    D:/gowork/max2/max2/app/game_user/internal/controller/enter/enter_v1_enter.go:82

2026-05-09T22:34:51.022+08:00 [ERRO] {240a771858ecad1812e0e34925b786e1} 用户名或密码错误 
Stack:
1.  game_user/internal/controller/enter.(*ControllerV1).Enter
    D:/gowork/max2/max2/app/game_user/internal/controller/enter/enter_v1_enter.go:82

2026-05-09T22:44:21.506+08:00 [DEBU] etcd put success with key "/service/default/default/game_user/latest/172.20.10.3:9010", value "{"protocol":"grpc"}", lease "7587894528270013192"
2026-05-09T22:44:21.536+08:00 [DEBU] etcd put success with key "/service/default/default/default/latest/172.20.10.3:8010", value "{"insecure":true,"protocol":"http"}", lease "7587894528270013195"
2026-05-09T22:44:21.593+08:00 [ERRO] {648a93f2dcecad18c252ef7819439fda} 用户名或密码错误 
Stack:
1.  game_user/internal/controller/enter.(*ControllerV1).Enter
    D:/gowork/max2/max2/app/game_user/internal/controller/enter/enter_v1_enter.go:82

2026-05-09T22:53:33.310+08:00 [ERRO] {1863a7535dedad18c352ef7816efe0dd} 用户名或密码错误 
Stack:
1.  game_user/internal/controller/enter.(*ControllerV1).Enter
    D:/gowork/max2/max2/app/game_user/internal/controller/enter/enter_v1_enter.go:82

2026-05-09T22:59:41.264+08:00 [ERRO] {18c2bf12b3edad18c452ef78b43654de} 用户名或密码错误 
Stack:
1.  game_user/internal/controller/enter.(*ControllerV1).Enter
    D:/gowork/max2/max2/app/game_user/internal/controller/enter/enter_v1_enter.go:82

2026-05-09T22:59:51.088+08:00 [ERRO] {7cb9085db5edad18c552ef780971d54f} 用户名或密码错误 
Stack:
1.  game_user/internal/controller/enter.(*ControllerV1).Enter
    D:/gowork/max2/max2/app/game_user/internal/controller/enter/enter_v1_enter.go:82

2026-05-09T23:00:39.751+08:00 [ERRO] {f48b1db1c0edad18c652ef78c7c9b2c8} 用户名或密码错误 
Stack:
1.  game_user/internal/controller/enter.(*ControllerV1).Enter
    D:/gowork/max2/max2/app/game_user/internal/controller/enter/enter_v1_enter.go:82

2026-05-09T23:01:50.026+08:00 [ERRO] {105b1a0ed1edad18c752ef780f5ee16a} 用户名或密码错误 
Stack:
1.  game_user/internal/controller/enter.(*ControllerV1).Enter
    D:/gowork/max2/max2/app/game_user/internal/controller/enter/enter_v1_enter.go:82

2026-05-09T23:08:21.195+08:00 [WARN] keepalive exit, lease id: 7587894528270013192, retry register
2026-05-09T23:08:21.490+08:00 [DEBU] etcd put success with key "/service/default/default/game_user/latest/172.20.10.3:9010", value "{"protocol":"grpc"}", lease "7587894528270013207"
2026-05-09T23:08:28.075+08:00 [WARN] keepalive exit, lease id: 7587894528270013207, retry register
2026-05-09T23:08:28.170+08:00 [DEBU] etcd put success with key "/service/default/default/game_user/latest/172.20.10.3:9010", value "{"protocol":"grpc"}", lease "7587894528270013219"
2026-05-09T23:08:35.090+08:00 [WARN] keepalive exit, lease id: 7587894528270013219, retry register
2026-05-09T23:08:35.095+08:00 [DEBU] etcd put success with key "/service/default/default/game_user/latest/172.20.10.3:9010", value "{"protocol":"grpc"}", lease "7587894528270013231"
2026-05-09T23:08:41.096+08:00 [WARN] keepalive exit, lease id: 7587894528270013231, retry register
2026-05-09T23:08:41.110+08:00 [DEBU] etcd put success with key "/service/default/default/game_user/latest/172.20.10.3:9010", value "{"protocol":"grpc"}", lease "7587894528270013239"
2026-05-09T23:08:47.122+08:00 [WARN] keepalive exit, lease id: 7587894528270013239, retry register
2026-05-09T23:08:52.139+08:00 [ERRO] keepalive retry register failed, will retry in 1s: etcd put failed with key "/service/default/default/game_user/latest/172.20.10.3:9010", value "{"protocol":"grpc"}", lease "7587894528270013249": context deadline exceeded
1. etcd put failed with key "/service/default/default/game_user/latest/172.20.10.3:9010", value "{"protocol":"grpc"}", lease "7587894528270013249"
2. context deadline exceeded

2026-05-09T23:08:53.148+08:00 [DEBU] etcd put success with key "/service/default/default/game_user/latest/172.20.10.3:9010", value "{"protocol":"grpc"}", lease "7587894528270013261"
2026-05-09T23:09:00.129+08:00 [WARN] keepalive exit, lease id: 7587894528270013261, retry register
2026-05-09T23:09:00.135+08:00 [DEBU] etcd put success with key "/service/default/default/game_user/latest/172.20.10.3:9010", value "{"protocol":"grpc"}", lease "7587894528270013273"
2026-05-09T23:09:07.132+08:00 [WARN] keepalive exit, lease id: 7587894528270013273, retry register
2026-05-09T23:09:07.139+08:00 [DEBU] etcd put success with key "/service/default/default/game_user/latest/172.20.10.3:9010", value "{"protocol":"grpc"}", lease "7587894528270013285"
2026-05-09T23:09:14.137+08:00 [WARN] keepalive exit, lease id: 7587894528270013285, retry register
2026-05-09T23:09:14.144+08:00 [DEBU] etcd put success with key "/service/default/default/game_user/latest/172.20.10.3:9010", value "{"protocol":"grpc"}", lease "7587894528270013297"
2026-05-09T23:09:21.142+08:00 [WARN] keepalive exit, lease id: 7587894528270013297, retry register
2026-05-09T23:09:21.149+08:00 [DEBU] etcd put success with key "/service/default/default/game_user/latest/172.20.10.3:9010", value "{"protocol":"grpc"}", lease "7587894528270013309"
2026-05-09T23:09:27.153+08:00 [WARN] keepalive exit, lease id: 7587894528270013309, retry register
2026-05-09T23:09:27.158+08:00 [DEBU] etcd put success with key "/service/default/default/game_user/latest/172.20.10.3:9010", value "{"protocol":"grpc"}", lease "7587894528270013321"
2026-05-09T23:09:34.157+08:00 [WARN] keepalive exit, lease id: 7587894528270013321, retry register
2026-05-09T23:09:34.168+08:00 [DEBU] etcd put success with key "/service/default/default/game_user/latest/172.20.10.3:9010", value "{"protocol":"grpc"}", lease "7587894528270013333"
2026-05-09T23:09:41.162+08:00 [WARN] keepalive exit, lease id: 7587894528270013333, retry register
2026-05-09T23:09:41.180+08:00 [DEBU] etcd put success with key "/service/default/default/game_user/latest/172.20.10.3:9010", value "{"protocol":"grpc"}", lease "7587894528270013345"
2026-05-09T23:09:48.167+08:00 [WARN] keepalive exit, lease id: 7587894528270013345, retry register
2026-05-09T23:09:53.175+08:00 [ERRO] keepalive retry register failed, will retry in 3s: etcd grant failed with keepalive ttl "10s": context deadline exceeded
1. etcd grant failed with keepalive ttl "10s"
2. context deadline exceeded

2026-05-09T23:09:57.227+08:00 [WARN] keepalive exit, lease id: 7587894528270013195, retry register
2026-05-09T23:10:01.183+08:00 [ERRO] keepalive retry register failed, will retry in 3s: etcd grant failed with keepalive ttl "10s": context deadline exceeded
1. etcd grant failed with keepalive ttl "10s"
2. context deadline exceeded

2026-05-09T23:10:02.230+08:00 [ERRO] keepalive retry register failed, will retry in 1s: etcd grant failed with keepalive ttl "10s": context deadline exceeded
1. etcd grant failed with keepalive ttl "10s"
2. context deadline exceeded

2026-05-09T23:10:08.240+08:00 [ERRO] keepalive retry register failed, will retry in 1s: etcd grant failed with keepalive ttl "10s": context deadline exceeded
1. etcd grant failed with keepalive ttl "10s"
2. context deadline exceeded

2026-05-09T23:10:09.192+08:00 [ERRO] keepalive retry register failed, will retry in 2s: etcd grant failed with keepalive ttl "10s": context deadline exceeded
1. etcd grant failed with keepalive ttl "10s"
2. context deadline exceeded

2026-05-09T23:10:14.248+08:00 [ERRO] keepalive retry register failed, will retry in 1s: etcd grant failed with keepalive ttl "10s": context deadline exceeded
1. etcd grant failed with keepalive ttl "10s"
2. context deadline exceeded

2026-05-09T23:10:16.198+08:00 [ERRO] keepalive retry register failed, will retry in 1s: etcd grant failed with keepalive ttl "10s": context deadline exceeded
1. etcd grant failed with keepalive ttl "10s"
2. context deadline exceeded

2026-05-09T23:10:20.256+08:00 [ERRO] keepalive retry register failed, will retry in 1s: etcd grant failed with keepalive ttl "10s": context deadline exceeded
1. etcd grant failed with keepalive ttl "10s"
2. context deadline exceeded

2026-05-09T23:10:22.203+08:00 [ERRO] keepalive retry register failed, will retry in 1s: etcd grant failed with keepalive ttl "10s": context deadline exceeded
1. etcd grant failed with keepalive ttl "10s"
2. context deadline exceeded

2026-05-09T23:10:26.265+08:00 [ERRO] keepalive retry register failed, will retry in 1s: etcd grant failed with keepalive ttl "10s": context deadline exceeded
1. etcd grant failed with keepalive ttl "10s"
2. context deadline exceeded

2026-05-09T23:10:28.206+08:00 [ERRO] keepalive retry register failed, will retry in 2s: etcd grant failed with keepalive ttl "10s": context deadline exceeded
1. etcd grant failed with keepalive ttl "10s"
2. context deadline exceeded

2026-05-09T23:10:32.273+08:00 [ERRO] keepalive retry register failed, will retry in 1s: etcd grant failed with keepalive ttl "10s": context deadline exceeded
1. etcd grant failed with keepalive ttl "10s"
2. context deadline exceeded

2026-05-09T23:10:35.212+08:00 [ERRO] keepalive retry register failed, will retry in 3s: etcd grant failed with keepalive ttl "10s": context deadline exceeded
1. etcd grant failed with keepalive ttl "10s"
2. context deadline exceeded

2026-05-09T23:10:38.279+08:00 [ERRO] keepalive retry register failed, will retry in 1s: etcd grant failed with keepalive ttl "10s": context deadline exceeded
1. etcd grant failed with keepalive ttl "10s"
2. context deadline exceeded

2026-05-09T23:10:43.222+08:00 [ERRO] keepalive retry register failed, will retry in 2s: etcd grant failed with keepalive ttl "10s": context deadline exceeded
1. etcd grant failed with keepalive ttl "10s"
2. context deadline exceeded

2026-05-09T23:10:44.286+08:00 [ERRO] keepalive retry register failed, will retry in 2s: etcd grant failed with keepalive ttl "10s": context deadline exceeded
1. etcd grant failed with keepalive ttl "10s"
2. context deadline exceeded

2026-05-09T23:10:50.230+08:00 [ERRO] keepalive retry register failed, will retry in 3s: etcd grant failed with keepalive ttl "10s": context deadline exceeded
1. etcd grant failed with keepalive ttl "10s"
2. context deadline exceeded

2026-05-09T23:10:51.293+08:00 [ERRO] keepalive retry register failed, will retry in 2s: etcd grant failed with keepalive ttl "10s": context deadline exceeded
1. etcd grant failed with keepalive ttl "10s"
2. context deadline exceeded

2026-05-09T23:10:58.240+08:00 [ERRO] keepalive retry register failed, will retry in 1s: etcd grant failed with keepalive ttl "10s": context deadline exceeded
1. etcd grant failed with keepalive ttl "10s"
2. context deadline exceeded

2026-05-09T23:10:58.301+08:00 [ERRO] keepalive retry register failed, will retry in 2s: etcd grant failed with keepalive ttl "10s": context deadline exceeded
1. etcd grant failed with keepalive ttl "10s"
2. context deadline exceeded

2026-05-09T23:11:04.247+08:00 [ERRO] keepalive retry register failed, will retry in 1s: etcd grant failed with keepalive ttl "10s": context deadline exceeded
1. etcd grant failed with keepalive ttl "10s"
2. context deadline exceeded

2026-05-09T23:11:05.309+08:00 [ERRO] keepalive retry register failed, will retry in 2s: etcd grant failed with keepalive ttl "10s": context deadline exceeded
1. etcd grant failed with keepalive ttl "10s"
2. context deadline exceeded

2026-05-09T23:11:10.253+08:00 [ERRO] keepalive retry register failed, will retry in 2s: etcd grant failed with keepalive ttl "10s": context deadline exceeded
1. etcd grant failed with keepalive ttl "10s"
2. context deadline exceeded

2026-05-09T23:11:12.314+08:00 [ERRO] keepalive retry register failed, will retry in 2s: etcd grant failed with keepalive ttl "10s": context deadline exceeded
1. etcd grant failed with keepalive ttl "10s"
2. context deadline exceeded

2026-05-09T23:11:17.261+08:00 [ERRO] keepalive retry register failed, will retry in 1s: etcd grant failed with keepalive ttl "10s": context deadline exceeded
1. etcd grant failed with keepalive ttl "10s"
2. context deadline exceeded

2026-05-09T23:11:19.320+08:00 [ERRO] keepalive retry register failed, will retry in 2s: etcd grant failed with keepalive ttl "10s": context deadline exceeded
1. etcd grant failed with keepalive ttl "10s"
2. context deadline exceeded

2026-05-09T23:11:23.267+08:00 [ERRO] keepalive retry register failed, will retry in 1s: etcd grant failed with keepalive ttl "10s": context deadline exceeded
1. etcd grant failed with keepalive ttl "10s"
2. context deadline exceeded

2026-05-09T23:11:26.326+08:00 [ERRO] keepalive retry register failed, will retry in 2s: etcd grant failed with keepalive ttl "10s": context deadline exceeded
1. etcd grant failed with keepalive ttl "10s"
2. context deadline exceeded

2026-05-09T23:11:29.270+08:00 [ERRO] keepalive retry register failed, will retry in 3s: etcd grant failed with keepalive ttl "10s": context deadline exceeded
1. etcd grant failed with keepalive ttl "10s"
2. context deadline exceeded

2026-05-09T23:11:33.333+08:00 [ERRO] keepalive retry register failed, will retry in 3s: etcd grant failed with keepalive ttl "10s": context deadline exceeded
1. etcd grant failed with keepalive ttl "10s"
2. context deadline exceeded

2026-05-09T23:11:37.274+08:00 [ERRO] keepalive retry register failed, will retry in 3s: etcd grant failed with keepalive ttl "10s": context deadline exceeded
1. etcd grant failed with keepalive ttl "10s"
2. context deadline exceeded

2026-05-09T23:11:41.340+08:00 [ERRO] keepalive retry register failed, will retry in 2s: etcd grant failed with keepalive ttl "10s": context deadline exceeded
1. etcd grant failed with keepalive ttl "10s"
2. context deadline exceeded

2026-05-09T23:11:45.280+08:00 [ERRO] keepalive retry register failed, will retry in 2s: etcd grant failed with keepalive ttl "10s": context deadline exceeded
1. etcd grant failed with keepalive ttl "10s"
2. context deadline exceeded

2026-05-09T23:11:48.350+08:00 [ERRO] keepalive retry register failed, will retry in 1s: etcd grant failed with keepalive ttl "10s": context deadline exceeded
1. etcd grant failed with keepalive ttl "10s"
2. context deadline exceeded

2026-05-09T23:11:52.299+08:00 [ERRO] keepalive retry register failed, will retry in 2s: etcd grant failed with keepalive ttl "10s": context deadline exceeded
1. etcd grant failed with keepalive ttl "10s"
2. context deadline exceeded

2026-05-09T23:11:54.356+08:00 [ERRO] keepalive retry register failed, will retry in 3s: etcd grant failed with keepalive ttl "10s": context deadline exceeded
1. etcd grant failed with keepalive ttl "10s"
2. context deadline exceeded

2026-05-09T23:11:59.303+08:00 [ERRO] keepalive retry register failed, will retry in 3s: etcd grant failed with keepalive ttl "10s": context deadline exceeded
1. etcd grant failed with keepalive ttl "10s"
2. context deadline exceeded

2026-05-09T23:12:02.363+08:00 [ERRO] keepalive retry register failed, will retry in 1s: etcd grant failed with keepalive ttl "10s": context deadline exceeded
1. etcd grant failed with keepalive ttl "10s"
2. context deadline exceeded

2026-05-09T23:12:07.318+08:00 [ERRO] keepalive retry register failed, will retry in 3s: etcd grant failed with keepalive ttl "10s": context deadline exceeded
1. etcd grant failed with keepalive ttl "10s"
2. context deadline exceeded

2026-05-09T23:12:08.366+08:00 [ERRO] keepalive retry register failed, will retry in 2s: etcd grant failed with keepalive ttl "10s": context deadline exceeded
1. etcd grant failed with keepalive ttl "10s"
2. context deadline exceeded

2026-05-09T23:12:15.320+08:00 [ERRO] keepalive retry register failed, will retry in 3s: etcd grant failed with keepalive ttl "10s": context deadline exceeded
1. etcd grant failed with keepalive ttl "10s"
2. context deadline exceeded

2026-05-09T23:12:15.369+08:00 [ERRO] keepalive retry register failed, will retry in 1s: etcd grant failed with keepalive ttl "10s": context deadline exceeded
1. etcd grant failed with keepalive ttl "10s"
2. context deadline exceeded

2026-05-09T23:12:21.372+08:00 [ERRO] keepalive retry register failed, will retry in 2s: etcd grant failed with keepalive ttl "10s": context deadline exceeded
1. etcd grant failed with keepalive ttl "10s"
2. context deadline exceeded

2026-05-09T23:12:23.478+08:00 [ERRO] keepalive retry register failed, will retry in 1s: etcd grant failed with keepalive ttl "10s": context deadline exceeded
1. etcd grant failed with keepalive ttl "10s"
2. context deadline exceeded

2026-05-09T23:12:28.439+08:00 [ERRO] keepalive retry register failed, will retry in 1s: etcd grant failed with keepalive ttl "10s": context deadline exceeded
1. etcd grant failed with keepalive ttl "10s"
2. context deadline exceeded

2026-05-09T23:12:29.531+08:00 [ERRO] keepalive retry register failed, will retry in 1s: etcd grant failed with keepalive ttl "10s": context deadline exceeded
1. etcd grant failed with keepalive ttl "10s"
2. context deadline exceeded

2026-05-09T23:12:34.467+08:00 [ERRO] keepalive retry register failed, will retry in 1s: etcd grant failed with keepalive ttl "10s": context deadline exceeded
1. etcd grant failed with keepalive ttl "10s"
2. context deadline exceeded

2026-05-09T23:12:35.646+08:00 [ERRO] keepalive retry register failed, will retry in 2s: etcd grant failed with keepalive ttl "10s": context deadline exceeded
1. etcd grant failed with keepalive ttl "10s"
2. context deadline exceeded

2026-05-09T23:12:40.506+08:00 [ERRO] keepalive retry register failed, will retry in 2s: etcd grant failed with keepalive ttl "10s": context deadline exceeded
1. etcd grant failed with keepalive ttl "10s"
2. context deadline exceeded

2026-05-09T23:12:42.664+08:00 [ERRO] keepalive retry register failed, will retry in 3s: etcd grant failed with keepalive ttl "10s": context deadline exceeded
1. etcd grant failed with keepalive ttl "10s"
2. context deadline exceeded

2026-05-09T23:12:47.509+08:00 [ERRO] keepalive retry register failed, will retry in 2s: etcd grant failed with keepalive ttl "10s": context deadline exceeded
1. etcd grant failed with keepalive ttl "10s"
2. context deadline exceeded

2026-05-09T23:12:50.717+08:00 [ERRO] keepalive retry register failed, will retry in 1s: etcd grant failed with keepalive ttl "10s": context deadline exceeded
1. etcd grant failed with keepalive ttl "10s"
2. context deadline exceeded

2026-05-09T23:12:54.515+08:00 [ERRO] keepalive retry register failed, will retry in 2s: etcd grant failed with keepalive ttl "10s": context deadline exceeded
1. etcd grant failed with keepalive ttl "10s"
2. context deadline exceeded

2026-05-09T23:12:56.748+08:00 [ERRO] keepalive retry register failed, will retry in 1s: etcd grant failed with keepalive ttl "10s": context deadline exceeded
1. etcd grant failed with keepalive ttl "10s"
2. context deadline exceeded

2026-05-09T23:13:01.533+08:00 [ERRO] keepalive retry register failed, will retry in 2s: etcd grant failed with keepalive ttl "10s": context deadline exceeded
1. etcd grant failed with keepalive ttl "10s"
2. context deadline exceeded

2026-05-09T23:13:02.762+08:00 [ERRO] keepalive retry register failed, will retry in 3s: etcd grant failed with keepalive ttl "10s": context deadline exceeded
1. etcd grant failed with keepalive ttl "10s"
2. context deadline exceeded

2026-05-09T23:13:08.562+08:00 [ERRO] keepalive retry register failed, will retry in 1s: etcd grant failed with keepalive ttl "10s": context deadline exceeded
1. etcd grant failed with keepalive ttl "10s"
2. context deadline exceeded

2026-05-09T23:13:10.780+08:00 [ERRO] keepalive retry register failed, will retry in 2s: etcd grant failed with keepalive ttl "10s": context deadline exceeded
1. etcd grant failed with keepalive ttl "10s"
2. context deadline exceeded

2026-05-09T23:13:14.584+08:00 [ERRO] keepalive retry register failed, will retry in 1s: etcd grant failed with keepalive ttl "10s": context deadline exceeded
1. etcd grant failed with keepalive ttl "10s"
2. context deadline exceeded

2026-05-09T23:13:17.784+08:00 [ERRO] keepalive retry register failed, will retry in 3s: etcd grant failed with keepalive ttl "10s": context deadline exceeded
1. etcd grant failed with keepalive ttl "10s"
2. context deadline exceeded

2026-05-09T23:13:20.610+08:00 [ERRO] keepalive retry register failed, will retry in 3s: etcd grant failed with keepalive ttl "10s": context deadline exceeded
1. etcd grant failed with keepalive ttl "10s"
2. context deadline exceeded

2026-05-09T23:13:25.831+08:00 [ERRO] keepalive retry register failed, will retry in 3s: etcd grant failed with keepalive ttl "10s": context deadline exceeded
1. etcd grant failed with keepalive ttl "10s"
2. context deadline exceeded

2026-05-09T23:13:28.626+08:00 [ERRO] keepalive retry register failed, will retry in 1s: etcd grant failed with keepalive ttl "10s": context deadline exceeded
1. etcd grant failed with keepalive ttl "10s"
2. context deadline exceeded

2026-05-09T23:13:33.872+08:00 [ERRO] keepalive retry register failed, will retry in 2s: etcd grant failed with keepalive ttl "10s": context deadline exceeded
1. etcd grant failed with keepalive ttl "10s"
2. context deadline exceeded

2026-05-09T23:13:34.677+08:00 [ERRO] keepalive retry register failed, will retry in 3s: etcd grant failed with keepalive ttl "10s": context deadline exceeded
1. etcd grant failed with keepalive ttl "10s"
2. context deadline exceeded

2026-05-09T23:13:40.884+08:00 [ERRO] keepalive retry register failed, will retry in 3s: etcd grant failed with keepalive ttl "10s": context deadline exceeded
1. etcd grant failed with keepalive ttl "10s"
2. context deadline exceeded

2026-05-09T23:13:42.685+08:00 [ERRO] keepalive retry register failed, will retry in 1s: etcd grant failed with keepalive ttl "10s": context deadline exceeded
1. etcd grant failed with keepalive ttl "10s"
2. context deadline exceeded

2026-05-09T23:13:48.842+08:00 [ERRO] keepalive retry register failed, will retry in 3s: etcd grant failed with keepalive ttl "10s": context deadline exceeded
1. etcd grant failed with keepalive ttl "10s"
2. context deadline exceeded

2026-05-09T23:13:49.079+08:00 [ERRO] keepalive retry register failed, will retry in 2s: etcd grant failed with keepalive ttl "10s": context deadline exceeded
1. etcd grant failed with keepalive ttl "10s"
2. context deadline exceeded

2026-05-09T23:13:56.085+08:00 [ERRO] keepalive retry register failed, will retry in 3s: etcd grant failed with keepalive ttl "10s": context deadline exceeded
1. etcd grant failed with keepalive ttl "10s"
2. context deadline exceeded

2026-05-09T23:13:56.846+08:00 [ERRO] keepalive retry register failed, will retry in 1s: etcd grant failed with keepalive ttl "10s": context deadline exceeded
1. etcd grant failed with keepalive ttl "10s"
2. context deadline exceeded

2026-05-09T23:14:02.853+08:00 [ERRO] keepalive retry register failed, will retry in 1s: etcd grant failed with keepalive ttl "10s": context deadline exceeded
1. etcd grant failed with keepalive ttl "10s"
2. context deadline exceeded

2026-05-09T23:14:04.092+08:00 [ERRO] keepalive retry register failed, will retry in 3s: etcd grant failed with keepalive ttl "10s": context deadline exceeded
1. etcd grant failed with keepalive ttl "10s"
2. context deadline exceeded

2026-05-09T23:14:08.873+08:00 [ERRO] keepalive retry register failed, will retry in 2s: etcd grant failed with keepalive ttl "10s": context deadline exceeded
1. etcd grant failed with keepalive ttl "10s"
2. context deadline exceeded

2026-05-09T23:14:12.100+08:00 [ERRO] keepalive retry register failed, will retry in 1s: etcd grant failed with keepalive ttl "10s": context deadline exceeded
1. etcd grant failed with keepalive ttl "10s"
2. context deadline exceeded

2026-05-09T23:14:15.882+08:00 [ERRO] keepalive retry register failed, will retry in 1s: etcd grant failed with keepalive ttl "10s": context deadline exceeded
1. etcd grant failed with keepalive ttl "10s"
2. context deadline exceeded

2026-05-09T23:14:18.144+08:00 [ERRO] keepalive retry register failed, will retry in 1s: etcd grant failed with keepalive ttl "10s": context deadline exceeded
1. etcd grant failed with keepalive ttl "10s"
2. context deadline exceeded

2026-05-09T23:14:21.890+08:00 [ERRO] keepalive retry register failed, will retry in 2s: etcd grant failed with keepalive ttl "10s": context deadline exceeded
1. etcd grant failed with keepalive ttl "10s"
2. context deadline exceeded

2026-05-09T23:14:24.150+08:00 [ERRO] keepalive retry register failed, will retry in 2s: etcd grant failed with keepalive ttl "10s": context deadline exceeded
1. etcd grant failed with keepalive ttl "10s"
2. context deadline exceeded

2026-05-09T23:14:28.897+08:00 [ERRO] keepalive retry register failed, will retry in 1s: etcd grant failed with keepalive ttl "10s": context deadline exceeded
1. etcd grant failed with keepalive ttl "10s"
2. context deadline exceeded

2026-05-09T23:14:31.219+08:00 [ERRO] keepalive retry register failed, will retry in 2s: etcd grant failed with keepalive ttl "10s": context deadline exceeded
1. etcd grant failed with keepalive ttl "10s"
2. context deadline exceeded

2026-05-09T23:14:34.907+08:00 [ERRO] keepalive retry register failed, will retry in 3s: etcd grant failed with keepalive ttl "10s": context deadline exceeded
1. etcd grant failed with keepalive ttl "10s"
2. context deadline exceeded

2026-05-09T23:14:38.275+08:00 [ERRO] keepalive retry register failed, will retry in 2s: etcd grant failed with keepalive ttl "10s": context deadline exceeded
1. etcd grant failed with keepalive ttl "10s"
2. context deadline exceeded

2026-05-09T23:14:42.945+08:00 [ERRO] keepalive retry register failed, will retry in 1s: etcd grant failed with keepalive ttl "10s": context deadline exceeded
1. etcd grant failed with keepalive ttl "10s"
2. context deadline exceeded

2026-05-09T23:14:45.321+08:00 [ERRO] keepalive retry register failed, will retry in 2s: etcd grant failed with keepalive ttl "10s": context deadline exceeded
1. etcd grant failed with keepalive ttl "10s"
2. context deadline exceeded

2026-05-09T23:14:48.972+08:00 [ERRO] keepalive retry register failed, will retry in 1s: etcd grant failed with keepalive ttl "10s": context deadline exceeded
1. etcd grant failed with keepalive ttl "10s"
2. context deadline exceeded

2026-05-09T23:14:51.459+08:00 [ERRO] {744be5f686eead18c852ef78f970041e} 用户名或密码错误 
Stack:
1.  game_user/internal/controller/enter.(*ControllerV1).Enter
    D:/gowork/max2/max2/app/game_user/internal/controller/enter/enter_v1_enter.go:82

2026-05-09T23:14:52.445+08:00 [ERRO] keepalive retry register failed, will retry in 2s: etcd grant failed with keepalive ttl "10s": context deadline exceeded
1. etcd grant failed with keepalive ttl "10s"
2. context deadline exceeded

2026-05-09T23:14:55.357+08:00 [ERRO] keepalive retry register failed, will retry in 2s: etcd grant failed with keepalive ttl "10s": context deadline exceeded
1. etcd grant failed with keepalive ttl "10s"
2. context deadline exceeded

2026-05-09T23:14:59.471+08:00 [ERRO] keepalive retry register failed, will retry in 1s: etcd grant failed with keepalive ttl "10s": context deadline exceeded
1. etcd grant failed with keepalive ttl "10s"
2. context deadline exceeded

2026-05-09T23:15:02.613+08:00 [ERRO] keepalive retry register failed, will retry in 1s: etcd grant failed with keepalive ttl "10s": context deadline exceeded
1. etcd grant failed with keepalive ttl "10s"
2. context deadline exceeded

2026-05-09T23:15:05.478+08:00 [ERRO] keepalive retry register failed, will retry in 1s: etcd grant failed with keepalive ttl "10s": context deadline exceeded
1. etcd grant failed with keepalive ttl "10s"
2. context deadline exceeded

2026-05-09T23:15:08.621+08:00 [ERRO] keepalive retry register failed, will retry in 1s: etcd grant failed with keepalive ttl "10s": context deadline exceeded
1. etcd grant failed with keepalive ttl "10s"
2. context deadline exceeded

2026-05-09T23:15:11.482+08:00 [ERRO] keepalive retry register failed, will retry in 3s: etcd grant failed with keepalive ttl "10s": context deadline exceeded
1. etcd grant failed with keepalive ttl "10s"
2. context deadline exceeded

2026-05-09T23:15:14.629+08:00 [ERRO] keepalive retry register failed, will retry in 1s: etcd grant failed with keepalive ttl "10s": context deadline exceeded
1. etcd grant failed with keepalive ttl "10s"
2. context deadline exceeded

2026-05-09T23:15:19.543+08:00 [ERRO] keepalive retry register failed, will retry in 3s: etcd grant failed with keepalive ttl "10s": context deadline exceeded
1. etcd grant failed with keepalive ttl "10s"
2. context deadline exceeded

2026-05-09T23:15:20.634+08:00 [ERRO] keepalive retry register failed, will retry in 3s: etcd grant failed with keepalive ttl "10s": context deadline exceeded
1. etcd grant failed with keepalive ttl "10s"
2. context deadline exceeded

2026-05-09T23:15:27.549+08:00 [ERRO] keepalive retry register failed, will retry in 3s: etcd grant failed with keepalive ttl "10s": context deadline exceeded
1. etcd grant failed with keepalive ttl "10s"
2. context deadline exceeded

2026-05-09T23:15:28.657+08:00 [ERRO] keepalive retry register failed, will retry in 3s: etcd grant failed with keepalive ttl "10s": context deadline exceeded
1. etcd grant failed with keepalive ttl "10s"
2. context deadline exceeded

2026-05-09T23:15:35.552+08:00 [ERRO] keepalive retry register failed, will retry in 3s: etcd grant failed with keepalive ttl "10s": context deadline exceeded
1. etcd grant failed with keepalive ttl "10s"
2. context deadline exceeded

2026-05-09T23:15:36.664+08:00 [ERRO] keepalive retry register failed, will retry in 1s: etcd grant failed with keepalive ttl "10s": context deadline exceeded
1. etcd grant failed with keepalive ttl "10s"
2. context deadline exceeded

2026-05-09T23:15:42.672+08:00 [ERRO] keepalive retry register failed, will retry in 1s: etcd grant failed with keepalive ttl "10s": context deadline exceeded
1. etcd grant failed with keepalive ttl "10s"
2. context deadline exceeded

2026-05-09T23:15:43.556+08:00 [ERRO] keepalive retry register failed, will retry in 2s: etcd grant failed with keepalive ttl "10s": context deadline exceeded
1. etcd grant failed with keepalive ttl "10s"
2. context deadline exceeded

2026-05-09T23:15:48.676+08:00 [ERRO] keepalive retry register failed, will retry in 3s: etcd grant failed with keepalive ttl "10s": context deadline exceeded
1. etcd grant failed with keepalive ttl "10s"
2. context deadline exceeded

2026-05-09T23:15:50.559+08:00 [ERRO] keepalive retry register failed, will retry in 3s: etcd grant failed with keepalive ttl "10s": context deadline exceeded
1. etcd grant failed with keepalive ttl "10s"
2. context deadline exceeded

2026-05-09T23:15:56.680+08:00 [ERRO] keepalive retry register failed, will retry in 3s: etcd grant failed with keepalive ttl "10s": context deadline exceeded
1. etcd grant failed with keepalive ttl "10s"
2. context deadline exceeded

2026-05-09T23:15:58.564+08:00 [ERRO] keepalive retry register failed, will retry in 3s: etcd grant failed with keepalive ttl "10s": context deadline exceeded
1. etcd grant failed with keepalive ttl "10s"
2. context deadline exceeded

2026-05-09T23:16:04.704+08:00 [ERRO] keepalive retry register failed, will retry in 3s: etcd grant failed with keepalive ttl "10s": context deadline exceeded
1. etcd grant failed with keepalive ttl "10s"
2. context deadline exceeded

2026-05-09T23:16:06.568+08:00 [ERRO] keepalive retry register failed, will retry in 1s: etcd grant failed with keepalive ttl "10s": context deadline exceeded
1. etcd grant failed with keepalive ttl "10s"
2. context deadline exceeded

2026-05-09T23:16:12.661+08:00 [ERRO] keepalive retry register failed, will retry in 2s: etcd grant failed with keepalive ttl "10s": context deadline exceeded
1. etcd grant failed with keepalive ttl "10s"
2. context deadline exceeded

2026-05-09T23:16:13.099+08:00 [ERRO] keepalive retry register failed, will retry in 3s: etcd grant failed with keepalive ttl "10s": context deadline exceeded
1. etcd grant failed with keepalive ttl "10s"
2. context deadline exceeded

2026-05-09T23:16:19.768+08:00 [ERRO] keepalive retry register failed, will retry in 3s: etcd grant failed with keepalive ttl "10s": context deadline exceeded
1. etcd grant failed with keepalive ttl "10s"
2. context deadline exceeded

2026-05-09T23:16:21.116+08:00 [ERRO] keepalive retry register failed, will retry in 1s: etcd grant failed with keepalive ttl "10s": context deadline exceeded
1. etcd grant failed with keepalive ttl "10s"
2. context deadline exceeded

2026-05-09T23:16:27.119+08:00 [ERRO] keepalive retry register failed, will retry in 1s: etcd grant failed with keepalive ttl "10s": context deadline exceeded
1. etcd grant failed with keepalive ttl "10s"
2. context deadline exceeded

2026-05-09T23:16:27.774+08:00 [ERRO] keepalive retry register failed, will retry in 2s: etcd grant failed with keepalive ttl "10s": context deadline exceeded
1. etcd grant failed with keepalive ttl "10s"
2. context deadline exceeded

2026-05-09T23:16:33.122+08:00 [ERRO] keepalive retry register failed, will retry in 1s: etcd grant failed with keepalive ttl "10s": context deadline exceeded
1. etcd grant failed with keepalive ttl "10s"
2. context deadline exceeded

2026-05-09T23:16:34.778+08:00 [ERRO] keepalive retry register failed, will retry in 3s: etcd grant failed with keepalive ttl "10s": context deadline exceeded
1. etcd grant failed with keepalive ttl "10s"
2. context deadline exceeded

2026-05-09T23:16:39.127+08:00 [ERRO] keepalive retry register failed, will retry in 1s: etcd grant failed with keepalive ttl "10s": context deadline exceeded
1. etcd grant failed with keepalive ttl "10s"
2. context deadline exceeded

2026-05-09T23:16:42.791+08:00 [ERRO] keepalive retry register failed, will retry in 1s: etcd grant failed with keepalive ttl "10s": context deadline exceeded
1. etcd grant failed with keepalive ttl "10s"
2. context deadline exceeded

2026-05-09T23:16:45.136+08:00 [ERRO] keepalive retry register failed, will retry in 2s: etcd grant failed with keepalive ttl "10s": context deadline exceeded
1. etcd grant failed with keepalive ttl "10s"
2. context deadline exceeded

2026-05-09T23:16:48.801+08:00 [ERRO] keepalive retry register failed, will retry in 1s: etcd grant failed with keepalive ttl "10s": context deadline exceeded
1. etcd grant failed with keepalive ttl "10s"
2. context deadline exceeded

2026-05-09T23:16:52.142+08:00 [ERRO] keepalive retry register failed, will retry in 1s: etcd grant failed with keepalive ttl "10s": context deadline exceeded
1. etcd grant failed with keepalive ttl "10s"
2. context deadline exceeded

2026-05-09T23:16:54.804+08:00 [ERRO] keepalive retry register failed, will retry in 1s: etcd grant failed with keepalive ttl "10s": context deadline exceeded
1. etcd grant failed with keepalive ttl "10s"
2. context deadline exceeded

2026-05-09T23:16:58.149+08:00 [ERRO] keepalive retry register failed, will retry in 2s: etcd grant failed with keepalive ttl "10s": context deadline exceeded
1. etcd grant failed with keepalive ttl "10s"
2. context deadline exceeded

2026-05-09T23:17:00.807+08:00 [ERRO] keepalive retry register failed, will retry in 3s: etcd grant failed with keepalive ttl "10s": context deadline exceeded
1. etcd grant failed with keepalive ttl "10s"
2. context deadline exceeded

2026-05-09T23:17:05.154+08:00 [ERRO] keepalive retry register failed, will retry in 1s: etcd grant failed with keepalive ttl "10s": context deadline exceeded
1. etcd grant failed with keepalive ttl "10s"
2. context deadline exceeded

2026-05-09T23:17:08.813+08:00 [ERRO] keepalive retry register failed, will retry in 2s: etcd grant failed with keepalive ttl "10s": context deadline exceeded
1. etcd grant failed with keepalive ttl "10s"
2. context deadline exceeded

2026-05-09T23:17:11.160+08:00 [ERRO] keepalive retry register failed, will retry in 3s: etcd grant failed with keepalive ttl "10s": context deadline exceeded
1. etcd grant failed with keepalive ttl "10s"
2. context deadline exceeded

2026-05-09T23:17:15.820+08:00 [ERRO] keepalive retry register failed, will retry in 2s: etcd grant failed with keepalive ttl "10s": context deadline exceeded
1. etcd grant failed with keepalive ttl "10s"
2. context deadline exceeded

2026-05-09T23:17:19.168+08:00 [ERRO] keepalive retry register failed, will retry in 1s: etcd grant failed with keepalive ttl "10s": context deadline exceeded
1. etcd grant failed with keepalive ttl "10s"
2. context deadline exceeded

2026-05-09T23:17:22.827+08:00 [ERRO] keepalive retry register failed, will retry in 1s: etcd grant failed with keepalive ttl "10s": context deadline exceeded
1. etcd grant failed with keepalive ttl "10s"
2. context deadline exceeded

2026-05-09T23:17:25.172+08:00 [ERRO] keepalive retry register failed, will retry in 1s: etcd grant failed with keepalive ttl "10s": context deadline exceeded
1. etcd grant failed with keepalive ttl "10s"
2. context deadline exceeded

2026-05-09T23:17:28.830+08:00 [ERRO] keepalive retry register failed, will retry in 2s: etcd grant failed with keepalive ttl "10s": context deadline exceeded
1. etcd grant failed with keepalive ttl "10s"
2. context deadline exceeded

2026-05-09T23:17:31.177+08:00 [ERRO] keepalive retry register failed, will retry in 3s: etcd grant failed with keepalive ttl "10s": context deadline exceeded
1. etcd grant failed with keepalive ttl "10s"
2. context deadline exceeded

2026-05-09T23:17:35.837+08:00 [ERRO] keepalive retry register failed, will retry in 2s: etcd grant failed with keepalive ttl "10s": context deadline exceeded
1. etcd grant failed with keepalive ttl "10s"
2. context deadline exceeded

2026-05-09T23:17:39.183+08:00 [ERRO] keepalive retry register failed, will retry in 1s: etcd grant failed with keepalive ttl "10s": context deadline exceeded
1. etcd grant failed with keepalive ttl "10s"
2. context deadline exceeded

2026-05-09T23:17:42.846+08:00 [ERRO] keepalive retry register failed, will retry in 3s: etcd grant failed with keepalive ttl "10s": context deadline exceeded
1. etcd grant failed with keepalive ttl "10s"
2. context deadline exceeded

2026-05-09T23:17:45.190+08:00 [ERRO] keepalive retry register failed, will retry in 1s: etcd grant failed with keepalive ttl "10s": context deadline exceeded
1. etcd grant failed with keepalive ttl "10s"
2. context deadline exceeded

2026-05-09T23:17:50.850+08:00 [ERRO] keepalive retry register failed, will retry in 1s: etcd grant failed with keepalive ttl "10s": context deadline exceeded
1. etcd grant failed with keepalive ttl "10s"
2. context deadline exceeded

2026-05-09T23:17:51.197+08:00 [ERRO] keepalive retry register failed, will retry in 3s: etcd grant failed with keepalive ttl "10s": context deadline exceeded
1. etcd grant failed with keepalive ttl "10s"
2. context deadline exceeded

2026-05-09T23:17:56.859+08:00 [ERRO] keepalive retry register failed, will retry in 3s: etcd grant failed with keepalive ttl "10s": context deadline exceeded
1. etcd grant failed with keepalive ttl "10s"
2. context deadline exceeded

2026-05-09T23:17:59.203+08:00 [ERRO] keepalive retry register failed, will retry in 1s: etcd grant failed with keepalive ttl "10s": context deadline exceeded
1. etcd grant failed with keepalive ttl "10s"
2. context deadline exceeded

2026-05-09T23:18:04.867+08:00 [ERRO] keepalive retry register failed, will retry in 1s: etcd grant failed with keepalive ttl "10s": context deadline exceeded
1. etcd grant failed with keepalive ttl "10s"
2. context deadline exceeded

2026-05-09T23:18:05.210+08:00 [ERRO] keepalive retry register failed, will retry in 3s: etcd grant failed with keepalive ttl "10s": context deadline exceeded
1. etcd grant failed with keepalive ttl "10s"
2. context deadline exceeded

2026-05-09T23:18:10.870+08:00 [ERRO] keepalive retry register failed, will retry in 3s: etcd grant failed with keepalive ttl "10s": context deadline exceeded
1. etcd grant failed with keepalive ttl "10s"
2. context deadline exceeded

2026-05-09T23:18:13.214+08:00 [ERRO] keepalive retry register failed, will retry in 3s: etcd grant failed with keepalive ttl "10s": context deadline exceeded
1. etcd grant failed with keepalive ttl "10s"
2. context deadline exceeded

2026-05-09T23:18:18.877+08:00 [ERRO] keepalive retry register failed, will retry in 3s: etcd grant failed with keepalive ttl "10s": context deadline exceeded
1. etcd grant failed with keepalive ttl "10s"
2. context deadline exceeded

2026-05-09T23:18:21.219+08:00 [ERRO] keepalive retry register failed, will retry in 3s: etcd grant failed with keepalive ttl "10s": context deadline exceeded
1. etcd grant failed with keepalive ttl "10s"
2. context deadline exceeded

2026-05-09T23:18:26.884+08:00 [ERRO] keepalive retry register failed, will retry in 2s: etcd grant failed with keepalive ttl "10s": context deadline exceeded
1. etcd grant failed with keepalive ttl "10s"
2. context deadline exceeded

2026-05-09T23:18:29.221+08:00 [ERRO] keepalive retry register failed, will retry in 2s: etcd grant failed with keepalive ttl "10s": context deadline exceeded
1. etcd grant failed with keepalive ttl "10s"
2. context deadline exceeded

2026-05-09T23:18:33.891+08:00 [ERRO] keepalive retry register failed, will retry in 2s: etcd grant failed with keepalive ttl "10s": context deadline exceeded
1. etcd grant failed with keepalive ttl "10s"
2. context deadline exceeded

2026-05-09T23:18:36.229+08:00 [ERRO] keepalive retry register failed, will retry in 2s: etcd grant failed with keepalive ttl "10s": context deadline exceeded
1. etcd grant failed with keepalive ttl "10s"
2. context deadline exceeded

2026-05-09T23:18:40.899+08:00 [ERRO] keepalive retry register failed, will retry in 3s: etcd grant failed with keepalive ttl "10s": context deadline exceeded
1. etcd grant failed with keepalive ttl "10s"
2. context deadline exceeded

2026-05-09T23:18:43.237+08:00 [ERRO] keepalive retry register failed, will retry in 3s: etcd grant failed with keepalive ttl "10s": context deadline exceeded
1. etcd grant failed with keepalive ttl "10s"
2. context deadline exceeded

2026-05-09T23:18:48.906+08:00 [ERRO] keepalive retry register failed, will retry in 1s: etcd grant failed with keepalive ttl "10s": context deadline exceeded
1. etcd grant failed with keepalive ttl "10s"
2. context deadline exceeded

2026-05-09T23:18:51.244+08:00 [ERRO] keepalive retry register failed, will retry in 2s: etcd grant failed with keepalive ttl "10s": context deadline exceeded
1. etcd grant failed with keepalive ttl "10s"
2. context deadline exceeded

2026-05-09T23:18:54.914+08:00 [ERRO] keepalive retry register failed, will retry in 2s: etcd grant failed with keepalive ttl "10s": context deadline exceeded
1. etcd grant failed with keepalive ttl "10s"
2. context deadline exceeded

2026-05-09T23:18:58.252+08:00 [ERRO] keepalive retry register failed, will retry in 1s: etcd grant failed with keepalive ttl "10s": context deadline exceeded
1. etcd grant failed with keepalive ttl "10s"
2. context deadline exceeded

2026-05-09T23:19:01.920+08:00 [ERRO] keepalive retry register failed, will retry in 3s: etcd grant failed with keepalive ttl "10s": context deadline exceeded
1. etcd grant failed with keepalive ttl "10s"
2. context deadline exceeded

2026-05-09T23:19:04.259+08:00 [ERRO] keepalive retry register failed, will retry in 1s: etcd grant failed with keepalive ttl "10s": context deadline exceeded
1. etcd grant failed with keepalive ttl "10s"
2. context deadline exceeded

2026-05-09T23:19:09.927+08:00 [ERRO] keepalive retry register failed, will retry in 1s: etcd grant failed with keepalive ttl "10s": context deadline exceeded
1. etcd grant failed with keepalive ttl "10s"
2. context deadline exceeded

2026-05-09T23:19:10.265+08:00 [ERRO] keepalive retry register failed, will retry in 3s: etcd grant failed with keepalive ttl "10s": context deadline exceeded
1. etcd grant failed with keepalive ttl "10s"
2. context deadline exceeded

2026-05-09T23:19:15.930+08:00 [ERRO] keepalive retry register failed, will retry in 2s: etcd grant failed with keepalive ttl "10s": context deadline exceeded
1. etcd grant failed with keepalive ttl "10s"
2. context deadline exceeded

2026-05-09T23:19:18.269+08:00 [ERRO] keepalive retry register failed, will retry in 2s: etcd grant failed with keepalive ttl "10s": context deadline exceeded
1. etcd grant failed with keepalive ttl "10s"
2. context deadline exceeded

2026-05-09T23:19:22.934+08:00 [ERRO] keepalive retry register failed, will retry in 1s: etcd grant failed with keepalive ttl "10s": context deadline exceeded
1. etcd grant failed with keepalive ttl "10s"
2. context deadline exceeded

2026-05-09T23:19:25.270+08:00 [ERRO] keepalive retry register failed, will retry in 2s: etcd grant failed with keepalive ttl "10s": context deadline exceeded
1. etcd grant failed with keepalive ttl "10s"
2. context deadline exceeded

2026-05-09T23:19:28.936+08:00 [ERRO] keepalive retry register failed, will retry in 2s: etcd grant failed with keepalive ttl "10s": context deadline exceeded
1. etcd grant failed with keepalive ttl "10s"
2. context deadline exceeded

2026-05-09T23:19:32.274+08:00 [ERRO] keepalive retry register failed, will retry in 2s: etcd grant failed with keepalive ttl "10s": context deadline exceeded
1. etcd grant failed with keepalive ttl "10s"
2. context deadline exceeded

2026-05-09T23:19:35.939+08:00 [ERRO] keepalive retry register failed, will retry in 2s: etcd grant failed with keepalive ttl "10s": context deadline exceeded
1. etcd grant failed with keepalive ttl "10s"
2. context deadline exceeded

2026-05-09T23:19:39.276+08:00 [ERRO] keepalive retry register failed, will retry in 1s: etcd grant failed with keepalive ttl "10s": context deadline exceeded
1. etcd grant failed with keepalive ttl "10s"
2. context deadline exceeded

2026-05-09T23:19:42.946+08:00 [ERRO] keepalive retry register failed, will retry in 1s: etcd grant failed with keepalive ttl "10s": context deadline exceeded
1. etcd grant failed with keepalive ttl "10s"
2. context deadline exceeded

2026-05-09T23:19:45.283+08:00 [ERRO] keepalive retry register failed, will retry in 3s: etcd grant failed with keepalive ttl "10s": context deadline exceeded
1. etcd grant failed with keepalive ttl "10s"
2. context deadline exceeded

2026-05-09T23:19:48.949+08:00 [ERRO] keepalive retry register failed, will retry in 2s: etcd grant failed with keepalive ttl "10s": context deadline exceeded
1. etcd grant failed with keepalive ttl "10s"
2. context deadline exceeded

2026-05-09T23:19:53.286+08:00 [ERRO] keepalive retry register failed, will retry in 1s: etcd grant failed with keepalive ttl "10s": context deadline exceeded
1. etcd grant failed with keepalive ttl "10s"
2. context deadline exceeded

2026-05-09T23:19:55.956+08:00 [ERRO] keepalive retry register failed, will retry in 1s: etcd grant failed with keepalive ttl "10s": context deadline exceeded
1. etcd grant failed with keepalive ttl "10s"
2. context deadline exceeded

2026-05-09T23:19:59.291+08:00 [ERRO] keepalive retry register failed, will retry in 3s: etcd grant failed with keepalive ttl "10s": context deadline exceeded
1. etcd grant failed with keepalive ttl "10s"
2. context deadline exceeded

2026-05-09T23:20:01.965+08:00 [ERRO] keepalive retry register failed, will retry in 2s: etcd grant failed with keepalive ttl "10s": context deadline exceeded
1. etcd grant failed with keepalive ttl "10s"
2. context deadline exceeded

2026-05-09T23:20:07.298+08:00 [ERRO] keepalive retry register failed, will retry in 3s: etcd grant failed with keepalive ttl "10s": context deadline exceeded
1. etcd grant failed with keepalive ttl "10s"
2. context deadline exceeded

2026-05-09T23:20:08.972+08:00 [ERRO] keepalive retry register failed, will retry in 1s: etcd grant failed with keepalive ttl "10s": context deadline exceeded
1. etcd grant failed with keepalive ttl "10s"
2. context deadline exceeded

2026-05-09T23:20:14.980+08:00 [ERRO] keepalive retry register failed, will retry in 2s: etcd grant failed with keepalive ttl "10s": context deadline exceeded
1. etcd grant failed with keepalive ttl "10s"
2. context deadline exceeded

2026-05-09T23:20:15.305+08:00 [ERRO] keepalive retry register failed, will retry in 1s: etcd grant failed with keepalive ttl "10s": context deadline exceeded
1. etcd grant failed with keepalive ttl "10s"
2. context deadline exceeded

2026-05-09T23:20:21.312+08:00 [ERRO] keepalive retry register failed, will retry in 1s: etcd grant failed with keepalive ttl "10s": context deadline exceeded
1. etcd grant failed with keepalive ttl "10s"
2. context deadline exceeded

2026-05-09T23:20:21.988+08:00 [ERRO] keepalive retry register failed, will retry in 2s: etcd grant failed with keepalive ttl "10s": context deadline exceeded
1. etcd grant failed with keepalive ttl "10s"
2. context deadline exceeded

2026-05-09T23:20:27.325+08:00 [ERRO] keepalive retry register failed, will retry in 2s: etcd grant failed with keepalive ttl "10s": context deadline exceeded
1. etcd grant failed with keepalive ttl "10s"
2. context deadline exceeded

2026-05-09T23:20:28.993+08:00 [ERRO] keepalive retry register failed, will retry in 1s: etcd grant failed with keepalive ttl "10s": context deadline exceeded
1. etcd grant failed with keepalive ttl "10s"
2. context deadline exceeded

2026-05-09T23:20:34.332+08:00 [ERRO] keepalive retry register failed, will retry in 2s: etcd grant failed with keepalive ttl "10s": context deadline exceeded
1. etcd grant failed with keepalive ttl "10s"
2. context deadline exceeded

2026-05-09T23:20:35.003+08:00 [ERRO] keepalive retry register failed, will retry in 2s: etcd grant failed with keepalive ttl "10s": context deadline exceeded
1. etcd grant failed with keepalive ttl "10s"
2. context deadline exceeded

2026-05-09T23:20:41.340+08:00 [ERRO] keepalive retry register failed, will retry in 3s: etcd grant failed with keepalive ttl "10s": context deadline exceeded
1. etcd grant failed with keepalive ttl "10s"
2. context deadline exceeded

2026-05-09T23:20:42.008+08:00 [ERRO] keepalive retry register failed, will retry in 2s: etcd grant failed with keepalive ttl "10s": context deadline exceeded
1. etcd grant failed with keepalive ttl "10s"
2. context deadline exceeded

2026-05-09T23:20:49.017+08:00 [ERRO] keepalive retry register failed, will retry in 2s: etcd grant failed with keepalive ttl "10s": context deadline exceeded
1. etcd grant failed with keepalive ttl "10s"
2. context deadline exceeded

2026-05-09T23:20:49.347+08:00 [ERRO] keepalive retry register failed, will retry in 2s: etcd grant failed with keepalive ttl "10s": context deadline exceeded
1. etcd grant failed with keepalive ttl "10s"
2. context deadline exceeded

2026-05-09T23:20:56.024+08:00 [ERRO] keepalive retry register failed, will retry in 2s: etcd grant failed with keepalive ttl "10s": context deadline exceeded
1. etcd grant failed with keepalive ttl "10s"
2. context deadline exceeded

2026-05-09T23:20:56.354+08:00 [ERRO] keepalive retry register failed, will retry in 3s: etcd grant failed with keepalive ttl "10s": context deadline exceeded
1. etcd grant failed with keepalive ttl "10s"
2. context deadline exceeded

2026-05-09T23:21:03.028+08:00 [ERRO] keepalive retry register failed, will retry in 3s: etcd grant failed with keepalive ttl "10s": context deadline exceeded
1. etcd grant failed with keepalive ttl "10s"
2. context deadline exceeded

2026-05-09T23:21:04.358+08:00 [ERRO] keepalive retry register failed, will retry in 3s: etcd grant failed with keepalive ttl "10s": context deadline exceeded
1. etcd grant failed with keepalive ttl "10s"
2. context deadline exceeded

2026-05-09T23:21:11.144+08:00 [ERRO] keepalive retry register failed, will retry in 2s: etcd grant failed with keepalive ttl "10s": context deadline exceeded
1. etcd grant failed with keepalive ttl "10s"
2. context deadline exceeded

2026-05-09T23:21:12.936+08:00 [ERRO] keepalive retry register failed, will retry in 3s: etcd grant failed with keepalive ttl "10s": context deadline exceeded
1. etcd grant failed with keepalive ttl "10s"
2. context deadline exceeded

2026-05-09T23:21:18.173+08:00 [ERRO] keepalive retry register failed, will retry in 2s: etcd grant failed with keepalive ttl "10s": context deadline exceeded
1. etcd grant failed with keepalive ttl "10s"
2. context deadline exceeded

2026-05-09T23:21:20.940+08:00 [ERRO] keepalive retry register failed, will retry in 2s: etcd grant failed with keepalive ttl "10s": context deadline exceeded
1. etcd grant failed with keepalive ttl "10s"
2. context deadline exceeded

2026-05-09T23:21:25.179+08:00 [ERRO] keepalive retry register failed, will retry in 3s: etcd grant failed with keepalive ttl "10s": context deadline exceeded
1. etcd grant failed with keepalive ttl "10s"
2. context deadline exceeded

2026-05-09T23:21:27.947+08:00 [ERRO] keepalive retry register failed, will retry in 2s: etcd grant failed with keepalive ttl "10s": context deadline exceeded
1. etcd grant failed with keepalive ttl "10s"
2. context deadline exceeded

2026-05-09T23:21:33.181+08:00 [ERRO] keepalive retry register failed, will retry in 1s: etcd grant failed with keepalive ttl "10s": context deadline exceeded
1. etcd grant failed with keepalive ttl "10s"
2. context deadline exceeded

2026-05-09T23:21:34.951+08:00 [ERRO] keepalive retry register failed, will retry in 3s: etcd grant failed with keepalive ttl "10s": context deadline exceeded
1. etcd grant failed with keepalive ttl "10s"
2. context deadline exceeded

2026-05-09T23:21:39.187+08:00 [ERRO] keepalive retry register failed, will retry in 1s: etcd grant failed with keepalive ttl "10s": context deadline exceeded
1. etcd grant failed with keepalive ttl "10s"
2. context deadline exceeded

2026-05-09T23:21:42.957+08:00 [ERRO] keepalive retry register failed, will retry in 2s: etcd grant failed with keepalive ttl "10s": context deadline exceeded
1. etcd grant failed with keepalive ttl "10s"
2. context deadline exceeded

2026-05-09T23:21:45.195+08:00 [ERRO] keepalive retry register failed, will retry in 2s: etcd grant failed with keepalive ttl "10s": context deadline exceeded
1. etcd grant failed with keepalive ttl "10s"
2. context deadline exceeded

2026-05-09T23:21:49.963+08:00 [ERRO] keepalive retry register failed, will retry in 3s: etcd grant failed with keepalive ttl "10s": context deadline exceeded
1. etcd grant failed with keepalive ttl "10s"
2. context deadline exceeded

2026-05-09T23:21:52.202+08:00 [ERRO] keepalive retry register failed, will retry in 2s: etcd grant failed with keepalive ttl "10s": context deadline exceeded
1. etcd grant failed with keepalive ttl "10s"
2. context deadline exceeded

2026-05-09T23:21:57.968+08:00 [ERRO] keepalive retry register failed, will retry in 1s: etcd grant failed with keepalive ttl "10s": context deadline exceeded
1. etcd grant failed with keepalive ttl "10s"
2. context deadline exceeded

2026-05-09T23:21:59.208+08:00 [ERRO] keepalive retry register failed, will retry in 2s: etcd grant failed with keepalive ttl "10s": context deadline exceeded
1. etcd grant failed with keepalive ttl "10s"
2. context deadline exceeded

2026-05-09T23:22:03.973+08:00 [ERRO] keepalive retry register failed, will retry in 3s: etcd grant failed with keepalive ttl "10s": context deadline exceeded
1. etcd grant failed with keepalive ttl "10s"
2. context deadline exceeded

2026-05-09T23:22:06.213+08:00 [ERRO] keepalive retry register failed, will retry in 1s: etcd grant failed with keepalive ttl "10s": context deadline exceeded
1. etcd grant failed with keepalive ttl "10s"
2. context deadline exceeded

2026-05-09T23:22:11.979+08:00 [ERRO] keepalive retry register failed, will retry in 2s: etcd grant failed with keepalive ttl "10s": context deadline exceeded
1. etcd grant failed with keepalive ttl "10s"
2. context deadline exceeded

2026-05-09T23:22:12.220+08:00 [ERRO] keepalive retry register failed, will retry in 3s: etcd grant failed with keepalive ttl "10s": context deadline exceeded
1. etcd grant failed with keepalive ttl "10s"
2. context deadline exceeded

2026-05-09T23:22:18.984+08:00 [ERRO] keepalive retry register failed, will retry in 3s: etcd grant failed with keepalive ttl "10s": context deadline exceeded
1. etcd grant failed with keepalive ttl "10s"
2. context deadline exceeded

2026-05-09T23:22:20.227+08:00 [ERRO] keepalive retry register failed, will retry in 1s: etcd grant failed with keepalive ttl "10s": context deadline exceeded
1. etcd grant failed with keepalive ttl "10s"
2. context deadline exceeded

2026-05-09T23:22:26.234+08:00 [ERRO] keepalive retry register failed, will retry in 2s: etcd grant failed with keepalive ttl "10s": context deadline exceeded
1. etcd grant failed with keepalive ttl "10s"
2. context deadline exceeded

2026-05-09T23:22:26.991+08:00 [ERRO] keepalive retry register failed, will retry in 3s: etcd grant failed with keepalive ttl "10s": context deadline exceeded
1. etcd grant failed with keepalive ttl "10s"
2. context deadline exceeded

2026-05-09T23:22:33.242+08:00 [ERRO] keepalive retry register failed, will retry in 1s: etcd grant failed with keepalive ttl "10s": context deadline exceeded
1. etcd grant failed with keepalive ttl "10s"
2. context deadline exceeded

2026-05-09T23:22:34.997+08:00 [ERRO] keepalive retry register failed, will retry in 2s: etcd grant failed with keepalive ttl "10s": context deadline exceeded
1. etcd grant failed with keepalive ttl "10s"
2. context deadline exceeded

2026-05-09T23:22:39.249+08:00 [ERRO] keepalive retry register failed, will retry in 1s: etcd grant failed with keepalive ttl "10s": context deadline exceeded
1. etcd grant failed with keepalive ttl "10s"
2. context deadline exceeded

2026-05-09T23:22:42.005+08:00 [ERRO] keepalive retry register failed, will retry in 1s: etcd grant failed with keepalive ttl "10s": context deadline exceeded
1. etcd grant failed with keepalive ttl "10s"
2. context deadline exceeded

2026-05-09T23:22:45.255+08:00 [ERRO] keepalive retry register failed, will retry in 3s: etcd grant failed with keepalive ttl "10s": context deadline exceeded
1. etcd grant failed with keepalive ttl "10s"
2. context deadline exceeded

2026-05-09T23:22:48.012+08:00 [ERRO] keepalive retry register failed, will retry in 1s: etcd grant failed with keepalive ttl "10s": context deadline exceeded
1. etcd grant failed with keepalive ttl "10s"
2. context deadline exceeded

2026-05-09T23:22:53.263+08:00 [ERRO] keepalive retry register failed, will retry in 1s: etcd grant failed with keepalive ttl "10s": context deadline exceeded
1. etcd grant failed with keepalive ttl "10s"
2. context deadline exceeded

2026-05-09T23:22:54.016+08:00 [ERRO] keepalive retry register failed, will retry in 2s: etcd grant failed with keepalive ttl "10s": context deadline exceeded
1. etcd grant failed with keepalive ttl "10s"
2. context deadline exceeded

2026-05-09T23:22:59.270+08:00 [ERRO] keepalive retry register failed, will retry in 2s: etcd grant failed with keepalive ttl "10s": context deadline exceeded
1. etcd grant failed with keepalive ttl "10s"
2. context deadline exceeded

2026-05-09T23:23:01.024+08:00 [ERRO] keepalive retry register failed, will retry in 3s: etcd grant failed with keepalive ttl "10s": context deadline exceeded
1. etcd grant failed with keepalive ttl "10s"
2. context deadline exceeded

2026-05-09T23:23:06.277+08:00 [ERRO] keepalive retry register failed, will retry in 1s: etcd grant failed with keepalive ttl "10s": context deadline exceeded
1. etcd grant failed with keepalive ttl "10s"
2. context deadline exceeded

2026-05-09T23:23:09.033+08:00 [ERRO] keepalive retry register failed, will retry in 1s: etcd grant failed with keepalive ttl "10s": context deadline exceeded
1. etcd grant failed with keepalive ttl "10s"
2. context deadline exceeded

2026-05-09T23:23:12.284+08:00 [ERRO] keepalive retry register failed, will retry in 1s: etcd grant failed with keepalive ttl "10s": context deadline exceeded
1. etcd grant failed with keepalive ttl "10s"
2. context deadline exceeded

2026-05-09T23:23:15.043+08:00 [ERRO] keepalive retry register failed, will retry in 3s: etcd grant failed with keepalive ttl "10s": context deadline exceeded
1. etcd grant failed with keepalive ttl "10s"
2. context deadline exceeded

2026-05-09T23:23:18.289+08:00 [ERRO] keepalive retry register failed, will retry in 2s: etcd grant failed with keepalive ttl "10s": context deadline exceeded
1. etcd grant failed with keepalive ttl "10s"
2. context deadline exceeded

2026-05-09T23:23:23.049+08:00 [ERRO] keepalive retry register failed, will retry in 3s: etcd grant failed with keepalive ttl "10s": context deadline exceeded
1. etcd grant failed with keepalive ttl "10s"
2. context deadline exceeded

2026-05-09T23:23:25.295+08:00 [ERRO] keepalive retry register failed, will retry in 2s: etcd grant failed with keepalive ttl "10s": context deadline exceeded
1. etcd grant failed with keepalive ttl "10s"
2. context deadline exceeded

2026-05-09T23:23:31.051+08:00 [ERRO] keepalive retry register failed, will retry in 2s: etcd grant failed with keepalive ttl "10s": context deadline exceeded
1. etcd grant failed with keepalive ttl "10s"
2. context deadline exceeded

2026-05-09T23:23:32.300+08:00 [ERRO] keepalive retry register failed, will retry in 2s: etcd grant failed with keepalive ttl "10s": context deadline exceeded
1. etcd grant failed with keepalive ttl "10s"
2. context deadline exceeded

2026-05-09T23:23:38.059+08:00 [ERRO] keepalive retry register failed, will retry in 3s: etcd grant failed with keepalive ttl "10s": context deadline exceeded
1. etcd grant failed with keepalive ttl "10s"
2. context deadline exceeded

2026-05-09T23:23:39.306+08:00 [ERRO] keepalive retry register failed, will retry in 2s: etcd grant failed with keepalive ttl "10s": context deadline exceeded
1. etcd grant failed with keepalive ttl "10s"
2. context deadline exceeded

2026-05-09T23:23:46.066+08:00 [ERRO] keepalive retry register failed, will retry in 1s: etcd grant failed with keepalive ttl "10s": context deadline exceeded
1. etcd grant failed with keepalive ttl "10s"
2. context deadline exceeded

2026-05-09T23:23:46.312+08:00 [ERRO] keepalive retry register failed, will retry in 1s: etcd grant failed with keepalive ttl "10s": context deadline exceeded
1. etcd grant failed with keepalive ttl "10s"
2. context deadline exceeded

2026-05-09T23:23:52.072+08:00 [ERRO] keepalive retry register failed, will retry in 2s: etcd grant failed with keepalive ttl "10s": context deadline exceeded
1. etcd grant failed with keepalive ttl "10s"
2. context deadline exceeded

2026-05-09T23:23:52.321+08:00 [ERRO] keepalive retry register failed, will retry in 1s: etcd grant failed with keepalive ttl "10s": context deadline exceeded
1. etcd grant failed with keepalive ttl "10s"
2. context deadline exceeded

2026-05-09T23:23:58.328+08:00 [ERRO] keepalive retry register failed, will retry in 3s: etcd grant failed with keepalive ttl "10s": context deadline exceeded
1. etcd grant failed with keepalive ttl "10s"
2. context deadline exceeded

2026-05-09T23:23:59.079+08:00 [ERRO] keepalive retry register failed, will retry in 3s: etcd grant failed with keepalive ttl "10s": context deadline exceeded
1. etcd grant failed with keepalive ttl "10s"
2. context deadline exceeded

2026-05-09T23:24:06.336+08:00 [ERRO] keepalive retry register failed, will retry in 2s: etcd grant failed with keepalive ttl "10s": context deadline exceeded
1. etcd grant failed with keepalive ttl "10s"
2. context deadline exceeded

2026-05-09T23:24:07.087+08:00 [ERRO] keepalive retry register failed, will retry in 1s: etcd grant failed with keepalive ttl "10s": context deadline exceeded
1. etcd grant failed with keepalive ttl "10s"
2. context deadline exceeded

2026-05-09T23:24:13.092+08:00 [ERRO] keepalive retry register failed, will retry in 3s: etcd grant failed with keepalive ttl "10s": context deadline exceeded
1. etcd grant failed with keepalive ttl "10s"
2. context deadline exceeded

2026-05-09T23:24:13.345+08:00 [ERRO] keepalive retry register failed, will retry in 1s: etcd grant failed with keepalive ttl "10s": context deadline exceeded
1. etcd grant failed with keepalive ttl "10s"
2. context deadline exceeded

2026-05-09T23:24:19.351+08:00 [ERRO] keepalive retry register failed, will retry in 3s: etcd grant failed with keepalive ttl "10s": context deadline exceeded
1. etcd grant failed with keepalive ttl "10s"
2. context deadline exceeded

2026-05-09T23:24:21.098+08:00 [ERRO] keepalive retry register failed, will retry in 3s: etcd grant failed with keepalive ttl "10s": context deadline exceeded
1. etcd grant failed with keepalive ttl "10s"
2. context deadline exceeded

2026-05-09T23:24:27.358+08:00 [ERRO] keepalive retry register failed, will retry in 3s: etcd grant failed with keepalive ttl "10s": context deadline exceeded
1. etcd grant failed with keepalive ttl "10s"
2. context deadline exceeded

2026-05-09T23:24:29.106+08:00 [ERRO] keepalive retry register failed, will retry in 1s: etcd grant failed with keepalive ttl "10s": context deadline exceeded
1. etcd grant failed with keepalive ttl "10s"
2. context deadline exceeded

2026-05-09T23:24:35.114+08:00 [ERRO] keepalive retry register failed, will retry in 1s: etcd grant failed with keepalive ttl "10s": context deadline exceeded
1. etcd grant failed with keepalive ttl "10s"
2. context deadline exceeded

2026-05-09T23:24:35.365+08:00 [ERRO] keepalive retry register failed, will retry in 1s: etcd grant failed with keepalive ttl "10s": context deadline exceeded
1. etcd grant failed with keepalive ttl "10s"
2. context deadline exceeded

2026-05-09T23:24:41.121+08:00 [ERRO] keepalive retry register failed, will retry in 3s: etcd grant failed with keepalive ttl "10s": context deadline exceeded
1. etcd grant failed with keepalive ttl "10s"
2. context deadline exceeded

2026-05-09T23:24:41.372+08:00 [ERRO] keepalive retry register failed, will retry in 2s: etcd grant failed with keepalive ttl "10s": context deadline exceeded
1. etcd grant failed with keepalive ttl "10s"
2. context deadline exceeded

2026-05-09T23:24:48.378+08:00 [ERRO] keepalive retry register failed, will retry in 1s: etcd grant failed with keepalive ttl "10s": context deadline exceeded
1. etcd grant failed with keepalive ttl "10s"
2. context deadline exceeded

2026-05-09T23:24:49.128+08:00 [ERRO] keepalive retry register failed, will retry in 3s: etcd grant failed with keepalive ttl "10s": context deadline exceeded
1. etcd grant failed with keepalive ttl "10s"
2. context deadline exceeded

2026-05-09T23:24:54.385+08:00 [ERRO] keepalive retry register failed, will retry in 2s: etcd grant failed with keepalive ttl "10s": context deadline exceeded
1. etcd grant failed with keepalive ttl "10s"
2. context deadline exceeded

2026-05-09T23:24:57.136+08:00 [ERRO] keepalive retry register failed, will retry in 2s: etcd grant failed with keepalive ttl "10s": context deadline exceeded
1. etcd grant failed with keepalive ttl "10s"
2. context deadline exceeded

2026-05-09T23:25:01.391+08:00 [ERRO] keepalive retry register failed, will retry in 2s: etcd grant failed with keepalive ttl "10s": context deadline exceeded
1. etcd grant failed with keepalive ttl "10s"
2. context deadline exceeded

2026-05-09T23:25:04.141+08:00 [ERRO] keepalive retry register failed, will retry in 1s: etcd grant failed with keepalive ttl "10s": context deadline exceeded
1. etcd grant failed with keepalive ttl "10s"
2. context deadline exceeded

2026-05-09T23:25:08.398+08:00 [ERRO] keepalive retry register failed, will retry in 2s: etcd grant failed with keepalive ttl "10s": context deadline exceeded
1. etcd grant failed with keepalive ttl "10s"
2. context deadline exceeded

2026-05-09T23:25:10.147+08:00 [ERRO] keepalive retry register failed, will retry in 1s: etcd grant failed with keepalive ttl "10s": context deadline exceeded
1. etcd grant failed with keepalive ttl "10s"
2. context deadline exceeded

2026-05-09T23:25:15.405+08:00 [ERRO] keepalive retry register failed, will retry in 1s: etcd grant failed with keepalive ttl "10s": context deadline exceeded
1. etcd grant failed with keepalive ttl "10s"
2. context deadline exceeded

2026-05-09T23:25:16.153+08:00 [ERRO] keepalive retry register failed, will retry in 1s: etcd grant failed with keepalive ttl "10s": context deadline exceeded
1. etcd grant failed with keepalive ttl "10s"
2. context deadline exceeded

2026-05-09T23:25:21.409+08:00 [ERRO] keepalive retry register failed, will retry in 1s: etcd grant failed with keepalive ttl "10s": context deadline exceeded
1. etcd grant failed with keepalive ttl "10s"
2. context deadline exceeded

2026-05-09T23:25:22.159+08:00 [ERRO] keepalive retry register failed, will retry in 2s: etcd grant failed with keepalive ttl "10s": context deadline exceeded
1. etcd grant failed with keepalive ttl "10s"
2. context deadline exceeded

2026-05-09T23:25:27.415+08:00 [ERRO] keepalive retry register failed, will retry in 1s: etcd grant failed with keepalive ttl "10s": context deadline exceeded
1. etcd grant failed with keepalive ttl "10s"
2. context deadline exceeded

2026-05-09T23:25:29.165+08:00 [ERRO] keepalive retry register failed, will retry in 2s: etcd grant failed with keepalive ttl "10s": context deadline exceeded
1. etcd grant failed with keepalive ttl "10s"
2. context deadline exceeded

2026-05-09T23:25:33.419+08:00 [ERRO] keepalive retry register failed, will retry in 2s: etcd grant failed with keepalive ttl "10s": context deadline exceeded
1. etcd grant failed with keepalive ttl "10s"
2. context deadline exceeded

2026-05-09T23:25:36.173+08:00 [ERRO] keepalive retry register failed, will retry in 3s: etcd grant failed with keepalive ttl "10s": context deadline exceeded
1. etcd grant failed with keepalive ttl "10s"
2. context deadline exceeded

2026-05-09T23:25:40.425+08:00 [ERRO] keepalive retry register failed, will retry in 3s: etcd grant failed with keepalive ttl "10s": context deadline exceeded
1. etcd grant failed with keepalive ttl "10s"
2. context deadline exceeded

2026-05-09T23:25:44.183+08:00 [ERRO] keepalive retry register failed, will retry in 1s: etcd grant failed with keepalive ttl "10s": context deadline exceeded
1. etcd grant failed with keepalive ttl "10s"
2. context deadline exceeded

2026-05-09T23:25:48.431+08:00 [ERRO] keepalive retry register failed, will retry in 2s: etcd grant failed with keepalive ttl "10s": context deadline exceeded
1. etcd grant failed with keepalive ttl "10s"
2. context deadline exceeded

2026-05-09T23:25:50.187+08:00 [ERRO] keepalive retry register failed, will retry in 1s: etcd grant failed with keepalive ttl "10s": context deadline exceeded
1. etcd grant failed with keepalive ttl "10s"
2. context deadline exceeded

2026-05-09T23:25:55.439+08:00 [ERRO] keepalive retry register failed, will retry in 3s: etcd grant failed with keepalive ttl "10s": context deadline exceeded
1. etcd grant failed with keepalive ttl "10s"
2. context deadline exceeded

2026-05-09T23:25:56.192+08:00 [ERRO] keepalive retry register failed, will retry in 2s: etcd grant failed with keepalive ttl "10s": context deadline exceeded
1. etcd grant failed with keepalive ttl "10s"
2. context deadline exceeded

2026-05-09T23:26:03.200+08:00 [ERRO] keepalive retry register failed, will retry in 2s: etcd grant failed with keepalive ttl "10s": context deadline exceeded
1. etcd grant failed with keepalive ttl "10s"
2. context deadline exceeded

2026-05-09T23:26:03.447+08:00 [ERRO] keepalive retry register failed, will retry in 3s: etcd grant failed with keepalive ttl "10s": context deadline exceeded
1. etcd grant failed with keepalive ttl "10s"
2. context deadline exceeded

2026-05-09T23:26:10.207+08:00 [ERRO] keepalive retry register failed, will retry in 3s: etcd grant failed with keepalive ttl "10s": context deadline exceeded
1. etcd grant failed with keepalive ttl "10s"
2. context deadline exceeded

2026-05-09T23:26:11.455+08:00 [ERRO] keepalive retry register failed, will retry in 2s: etcd grant failed with keepalive ttl "10s": context deadline exceeded
1. etcd grant failed with keepalive ttl "10s"
2. context deadline exceeded

2026-05-09T23:26:18.213+08:00 [ERRO] keepalive retry register failed, will retry in 1s: etcd grant failed with keepalive ttl "10s": context deadline exceeded
1. etcd grant failed with keepalive ttl "10s"
2. context deadline exceeded

2026-05-09T23:26:18.462+08:00 [ERRO] keepalive retry register failed, will retry in 3s: etcd grant failed with keepalive ttl "10s": context deadline exceeded
1. etcd grant failed with keepalive ttl "10s"
2. context deadline exceeded

2026-05-09T23:26:24.221+08:00 [ERRO] keepalive retry register failed, will retry in 1s: etcd grant failed with keepalive ttl "10s": context deadline exceeded
1. etcd grant failed with keepalive ttl "10s"
2. context deadline exceeded

2026-05-09T23:26:26.468+08:00 [ERRO] keepalive retry register failed, will retry in 3s: etcd grant failed with keepalive ttl "10s": context deadline exceeded
1. etcd grant failed with keepalive ttl "10s"
2. context deadline exceeded

2026-05-09T23:26:30.224+08:00 [ERRO] keepalive retry register failed, will retry in 1s: etcd grant failed with keepalive ttl "10s": context deadline exceeded
1. etcd grant failed with keepalive ttl "10s"
2. context deadline exceeded

2026-05-09T23:26:34.475+08:00 [ERRO] keepalive retry register failed, will retry in 1s: etcd grant failed with keepalive ttl "10s": context deadline exceeded
1. etcd grant failed with keepalive ttl "10s"
2. context deadline exceeded

2026-05-09T23:26:36.226+08:00 [ERRO] keepalive retry register failed, will retry in 2s: etcd grant failed with keepalive ttl "10s": context deadline exceeded
1. etcd grant failed with keepalive ttl "10s"
2. context deadline exceeded

2026-05-09T23:26:40.479+08:00 [ERRO] keepalive retry register failed, will retry in 3s: etcd grant failed with keepalive ttl "10s": context deadline exceeded
1. etcd grant failed with keepalive ttl "10s"
2. context deadline exceeded

2026-05-09T23:26:43.239+08:00 [ERRO] keepalive retry register failed, will retry in 1s: etcd grant failed with keepalive ttl "10s": context deadline exceeded
1. etcd grant failed with keepalive ttl "10s"
2. context deadline exceeded

2026-05-09T23:26:48.492+08:00 [ERRO] keepalive retry register failed, will retry in 2s: etcd grant failed with keepalive ttl "10s": context deadline exceeded
1. etcd grant failed with keepalive ttl "10s"
2. context deadline exceeded

2026-05-09T23:26:49.246+08:00 [ERRO] keepalive retry register failed, will retry in 1s: etcd grant failed with keepalive ttl "10s": context deadline exceeded
1. etcd grant failed with keepalive ttl "10s"
2. context deadline exceeded

2026-05-09T23:26:55.253+08:00 [ERRO] keepalive retry register failed, will retry in 3s: etcd grant failed with keepalive ttl "10s": context deadline exceeded
1. etcd grant failed with keepalive ttl "10s"
2. context deadline exceeded

2026-05-09T23:26:55.498+08:00 [ERRO] keepalive retry register failed, will retry in 3s: etcd grant failed with keepalive ttl "10s": context deadline exceeded
1. etcd grant failed with keepalive ttl "10s"
2. context deadline exceeded

2026-05-09T23:27:03.260+08:00 [ERRO] keepalive retry register failed, will retry in 1s: etcd grant failed with keepalive ttl "10s": context deadline exceeded
1. etcd grant failed with keepalive ttl "10s"
2. context deadline exceeded

2026-05-09T23:27:03.507+08:00 [ERRO] keepalive retry register failed, will retry in 3s: etcd grant failed with keepalive ttl "10s": context deadline exceeded
1. etcd grant failed with keepalive ttl "10s"
2. context deadline exceeded

2026-05-09T23:27:09.267+08:00 [ERRO] keepalive retry register failed, will retry in 3s: etcd grant failed with keepalive ttl "10s": context deadline exceeded
1. etcd grant failed with keepalive ttl "10s"
2. context deadline exceeded

2026-05-09T23:27:11.513+08:00 [ERRO] keepalive retry register failed, will retry in 3s: etcd grant failed with keepalive ttl "10s": context deadline exceeded
1. etcd grant failed with keepalive ttl "10s"
2. context deadline exceeded

2026-05-09T23:27:17.274+08:00 [ERRO] keepalive retry register failed, will retry in 1s: etcd grant failed with keepalive ttl "10s": context deadline exceeded
1. etcd grant failed with keepalive ttl "10s"
2. context deadline exceeded

2026-05-09T23:27:19.521+08:00 [ERRO] keepalive retry register failed, will retry in 2s: etcd grant failed with keepalive ttl "10s": context deadline exceeded
1. etcd grant failed with keepalive ttl "10s"
2. context deadline exceeded

2026-05-09T23:27:23.281+08:00 [ERRO] keepalive retry register failed, will retry in 2s: etcd grant failed with keepalive ttl "10s": context deadline exceeded
1. etcd grant failed with keepalive ttl "10s"
2. context deadline exceeded

2026-05-09T23:27:26.529+08:00 [ERRO] keepalive retry register failed, will retry in 2s: etcd grant failed with keepalive ttl "10s": context deadline exceeded
1. etcd grant failed with keepalive ttl "10s"
2. context deadline exceeded

2026-05-09T23:27:30.287+08:00 [ERRO] keepalive retry register failed, will retry in 3s: etcd grant failed with keepalive ttl "10s": context deadline exceeded
1. etcd grant failed with keepalive ttl "10s"
2. context deadline exceeded

2026-05-09T23:27:33.536+08:00 [ERRO] keepalive retry register failed, will retry in 2s: etcd grant failed with keepalive ttl "10s": context deadline exceeded
1. etcd grant failed with keepalive ttl "10s"
2. context deadline exceeded

2026-05-09T23:27:38.294+08:00 [ERRO] keepalive retry register failed, will retry in 1s: etcd grant failed with keepalive ttl "10s": context deadline exceeded
1. etcd grant failed with keepalive ttl "10s"
2. context deadline exceeded

2026-05-09T23:27:40.545+08:00 [ERRO] keepalive retry register failed, will retry in 2s: etcd grant failed with keepalive ttl "10s": context deadline exceeded
1. etcd grant failed with keepalive ttl "10s"
2. context deadline exceeded

2026-05-09T23:27:44.300+08:00 [ERRO] keepalive retry register failed, will retry in 2s: etcd grant failed with keepalive ttl "10s": context deadline exceeded
1. etcd grant failed with keepalive ttl "10s"
2. context deadline exceeded

2026-05-09T23:27:47.553+08:00 [ERRO] keepalive retry register failed, will retry in 3s: etcd grant failed with keepalive ttl "10s": context deadline exceeded
1. etcd grant failed with keepalive ttl "10s"
2. context deadline exceeded

2026-05-09T23:27:51.307+08:00 [ERRO] keepalive retry register failed, will retry in 2s: etcd grant failed with keepalive ttl "10s": context deadline exceeded
1. etcd grant failed with keepalive ttl "10s"
2. context deadline exceeded

2026-05-09T23:27:55.560+08:00 [ERRO] keepalive retry register failed, will retry in 1s: etcd grant failed with keepalive ttl "10s": context deadline exceeded
1. etcd grant failed with keepalive ttl "10s"
2. context deadline exceeded

2026-05-09T23:27:58.315+08:00 [ERRO] keepalive retry register failed, will retry in 3s: etcd grant failed with keepalive ttl "10s": context deadline exceeded
1. etcd grant failed with keepalive ttl "10s"
2. context deadline exceeded

2026-05-09T23:28:01.567+08:00 [ERRO] keepalive retry register failed, will retry in 3s: etcd grant failed with keepalive ttl "10s": context deadline exceeded
1. etcd grant failed with keepalive ttl "10s"
2. context deadline exceeded

2026-05-09T23:28:06.322+08:00 [ERRO] keepalive retry register failed, will retry in 2s: etcd grant failed with keepalive ttl "10s": context deadline exceeded
1. etcd grant failed with keepalive ttl "10s"
2. context deadline exceeded

2026-05-09T23:28:09.576+08:00 [ERRO] keepalive retry register failed, will retry in 3s: etcd grant failed with keepalive ttl "10s": context deadline exceeded
1. etcd grant failed with keepalive ttl "10s"
2. context deadline exceeded

2026-05-09T23:28:13.333+08:00 [ERRO] keepalive retry register failed, will retry in 2s: etcd grant failed with keepalive ttl "10s": context deadline exceeded
1. etcd grant failed with keepalive ttl "10s"
2. context deadline exceeded

2026-05-09T23:28:17.586+08:00 [ERRO] keepalive retry register failed, will retry in 2s: etcd grant failed with keepalive ttl "10s": context deadline exceeded
1. etcd grant failed with keepalive ttl "10s"
2. context deadline exceeded

2026-05-09T23:28:20.340+08:00 [ERRO] keepalive retry register failed, will retry in 2s: etcd grant failed with keepalive ttl "10s": context deadline exceeded
1. etcd grant failed with keepalive ttl "10s"
2. context deadline exceeded

2026-05-09T23:28:24.595+08:00 [ERRO] keepalive retry register failed, will retry in 3s: etcd grant failed with keepalive ttl "10s": context deadline exceeded
1. etcd grant failed with keepalive ttl "10s"
2. context deadline exceeded

2026-05-09T23:28:27.459+08:00 [ERRO] keepalive retry register failed, will retry in 3s: etcd grant failed with keepalive ttl "10s": context deadline exceeded
1. etcd grant failed with keepalive ttl "10s"
2. context deadline exceeded

2026-05-09T23:28:32.631+08:00 [ERRO] keepalive retry register failed, will retry in 2s: etcd grant failed with keepalive ttl "10s": context deadline exceeded
1. etcd grant failed with keepalive ttl "10s"
2. context deadline exceeded

2026-05-09T23:28:35.466+08:00 [ERRO] keepalive retry register failed, will retry in 3s: etcd grant failed with keepalive ttl "10s": context deadline exceeded
1. etcd grant failed with keepalive ttl "10s"
2. context deadline exceeded

2026-05-09T23:28:39.636+08:00 [ERRO] keepalive retry register failed, will retry in 1s: etcd grant failed with keepalive ttl "10s": context deadline exceeded
1. etcd grant failed with keepalive ttl "10s"
2. context deadline exceeded

2026-05-09T23:28:43.472+08:00 [ERRO] keepalive retry register failed, will retry in 1s: etcd grant failed with keepalive ttl "10s": context deadline exceeded
1. etcd grant failed with keepalive ttl "10s"
2. context deadline exceeded

2026-05-09T23:28:45.639+08:00 [ERRO] keepalive retry register failed, will retry in 3s: etcd grant failed with keepalive ttl "10s": context deadline exceeded
1. etcd grant failed with keepalive ttl "10s"
2. context deadline exceeded

2026-05-09T23:28:49.480+08:00 [ERRO] keepalive retry register failed, will retry in 1s: etcd grant failed with keepalive ttl "10s": context deadline exceeded
1. etcd grant failed with keepalive ttl "10s"
2. context deadline exceeded

2026-05-09T23:28:53.646+08:00 [ERRO] keepalive retry register failed, will retry in 3s: etcd grant failed with keepalive ttl "10s": context deadline exceeded
1. etcd grant failed with keepalive ttl "10s"
2. context deadline exceeded

2026-05-09T23:28:55.488+08:00 [ERRO] keepalive retry register failed, will retry in 3s: etcd grant failed with keepalive ttl "10s": context deadline exceeded
1. etcd grant failed with keepalive ttl "10s"
2. context deadline exceeded

2026-05-09T23:29:01.654+08:00 [ERRO] keepalive retry register failed, will retry in 2s: etcd grant failed with keepalive ttl "10s": context deadline exceeded
1. etcd grant failed with keepalive ttl "10s"
2. context deadline exceeded

2026-05-09T23:29:03.496+08:00 [ERRO] keepalive retry register failed, will retry in 1s: etcd grant failed with keepalive ttl "10s": context deadline exceeded
1. etcd grant failed with keepalive ttl "10s"
2. context deadline exceeded

2026-05-09T23:29:08.665+08:00 [ERRO] keepalive retry register failed, will retry in 3s: etcd grant failed with keepalive ttl "10s": context deadline exceeded
1. etcd grant failed with keepalive ttl "10s"
2. context deadline exceeded

2026-05-09T23:29:09.500+08:00 [ERRO] keepalive retry register failed, will retry in 3s: etcd grant failed with keepalive ttl "10s": context deadline exceeded
1. etcd grant failed with keepalive ttl "10s"
2. context deadline exceeded

2026-05-09T23:29:16.672+08:00 [ERRO] keepalive retry register failed, will retry in 3s: etcd grant failed with keepalive ttl "10s": context deadline exceeded
1. etcd grant failed with keepalive ttl "10s"
2. context deadline exceeded

2026-05-09T23:29:17.506+08:00 [ERRO] keepalive retry register failed, will retry in 1s: etcd grant failed with keepalive ttl "10s": context deadline exceeded
1. etcd grant failed with keepalive ttl "10s"
2. context deadline exceeded

2026-05-09T23:29:23.517+08:00 [ERRO] keepalive retry register failed, will retry in 2s: etcd grant failed with keepalive ttl "10s": context deadline exceeded
1. etcd grant failed with keepalive ttl "10s"
2. context deadline exceeded

2026-05-09T23:29:24.679+08:00 [ERRO] keepalive retry register failed, will retry in 1s: etcd grant failed with keepalive ttl "10s": context deadline exceeded
1. etcd grant failed with keepalive ttl "10s"
2. context deadline exceeded

2026-05-09T23:29:30.526+08:00 [ERRO] keepalive retry register failed, will retry in 1s: etcd grant failed with keepalive ttl "10s": context deadline exceeded
1. etcd grant failed with keepalive ttl "10s"
2. context deadline exceeded

2026-05-09T23:29:30.683+08:00 [ERRO] keepalive retry register failed, will retry in 1s: etcd grant failed with keepalive ttl "10s": context deadline exceeded
1. etcd grant failed with keepalive ttl "10s"
2. context deadline exceeded

2026-05-09T23:29:36.532+08:00 [ERRO] keepalive retry register failed, will retry in 1s: etcd grant failed with keepalive ttl "10s": context deadline exceeded
1. etcd grant failed with keepalive ttl "10s"
2. context deadline exceeded

2026-05-09T23:29:36.690+08:00 [ERRO] keepalive retry register failed, will retry in 1s: etcd grant failed with keepalive ttl "10s": context deadline exceeded
1. etcd grant failed with keepalive ttl "10s"
2. context deadline exceeded

2026-05-09T23:29:42.540+08:00 [ERRO] keepalive retry register failed, will retry in 2s: etcd grant failed with keepalive ttl "10s": context deadline exceeded
1. etcd grant failed with keepalive ttl "10s"
2. context deadline exceeded

2026-05-09T23:29:42.697+08:00 [ERRO] keepalive retry register failed, will retry in 2s: etcd grant failed with keepalive ttl "10s": context deadline exceeded
1. etcd grant failed with keepalive ttl "10s"
2. context deadline exceeded

2026-05-09T23:29:49.547+08:00 [ERRO] keepalive retry register failed, will retry in 1s: etcd grant failed with keepalive ttl "10s": context deadline exceeded
1. etcd grant failed with keepalive ttl "10s"
2. context deadline exceeded

2026-05-09T23:29:49.705+08:00 [ERRO] keepalive retry register failed, will retry in 1s: etcd grant failed with keepalive ttl "10s": context deadline exceeded
1. etcd grant failed with keepalive ttl "10s"
2. context deadline exceeded

2026-05-09T23:29:55.555+08:00 [ERRO] keepalive retry register failed, will retry in 2s: etcd grant failed with keepalive ttl "10s": context deadline exceeded
1. etcd grant failed with keepalive ttl "10s"
2. context deadline exceeded

2026-05-09T23:29:55.712+08:00 [ERRO] keepalive retry register failed, will retry in 2s: etcd grant failed with keepalive ttl "10s": context deadline exceeded
1. etcd grant failed with keepalive ttl "10s"
2. context deadline exceeded

2026-05-09T23:30:02.562+08:00 [ERRO] keepalive retry register failed, will retry in 3s: etcd grant failed with keepalive ttl "10s": context deadline exceeded
1. etcd grant failed with keepalive ttl "10s"
2. context deadline exceeded

2026-05-09T23:30:02.718+08:00 [ERRO] keepalive retry register failed, will retry in 2s: etcd grant failed with keepalive ttl "10s": context deadline exceeded
1. etcd grant failed with keepalive ttl "10s"
2. context deadline exceeded

2026-05-09T23:30:09.725+08:00 [ERRO] keepalive retry register failed, will retry in 2s: etcd grant failed with keepalive ttl "10s": context deadline exceeded
1. etcd grant failed with keepalive ttl "10s"
2. context deadline exceeded

2026-05-09T23:30:10.567+08:00 [ERRO] keepalive retry register failed, will retry in 2s: etcd grant failed with keepalive ttl "10s": context deadline exceeded
1. etcd grant failed with keepalive ttl "10s"
2. context deadline exceeded

2026-05-09T23:30:16.732+08:00 [ERRO] keepalive retry register failed, will retry in 1s: etcd grant failed with keepalive ttl "10s": context deadline exceeded
1. etcd grant failed with keepalive ttl "10s"
2. context deadline exceeded

2026-05-09T23:30:17.573+08:00 [ERRO] keepalive retry register failed, will retry in 3s: etcd grant failed with keepalive ttl "10s": context deadline exceeded
1. etcd grant failed with keepalive ttl "10s"
2. context deadline exceeded

2026-05-09T23:30:22.739+08:00 [ERRO] keepalive retry register failed, will retry in 2s: etcd grant failed with keepalive ttl "10s": context deadline exceeded
1. etcd grant failed with keepalive ttl "10s"
2. context deadline exceeded

2026-05-09T23:30:25.580+08:00 [ERRO] keepalive retry register failed, will retry in 3s: etcd grant failed with keepalive ttl "10s": context deadline exceeded
1. etcd grant failed with keepalive ttl "10s"
2. context deadline exceeded

2026-05-09T23:30:29.747+08:00 [ERRO] keepalive retry register failed, will retry in 1s: etcd grant failed with keepalive ttl "10s": context deadline exceeded
1. etcd grant failed with keepalive ttl "10s"
2. context deadline exceeded

2026-05-09T23:30:33.587+08:00 [ERRO] keepalive retry register failed, will retry in 1s: etcd grant failed with keepalive ttl "10s": context deadline exceeded
1. etcd grant failed with keepalive ttl "10s"
2. context deadline exceeded

2026-05-09T23:30:35.755+08:00 [ERRO] keepalive retry register failed, will retry in 1s: etcd grant failed with keepalive ttl "10s": context deadline exceeded
1. etcd grant failed with keepalive ttl "10s"
2. context deadline exceeded

2026-05-09T23:30:39.595+08:00 [ERRO] keepalive retry register failed, will retry in 3s: etcd grant failed with keepalive ttl "10s": context deadline exceeded
1. etcd grant failed with keepalive ttl "10s"
2. context deadline exceeded

2026-05-09T23:30:41.761+08:00 [ERRO] keepalive retry register failed, will retry in 2s: etcd grant failed with keepalive ttl "10s": context deadline exceeded
1. etcd grant failed with keepalive ttl "10s"
2. context deadline exceeded

2026-05-09T23:30:47.602+08:00 [ERRO] keepalive retry register failed, will retry in 2s: etcd grant failed with keepalive ttl "10s": context deadline exceeded
1. etcd grant failed with keepalive ttl "10s"
2. context deadline exceeded

2026-05-09T23:30:48.768+08:00 [ERRO] keepalive retry register failed, will retry in 3s: etcd grant failed with keepalive ttl "10s": context deadline exceeded
1. etcd grant failed with keepalive ttl "10s"
2. context deadline exceeded

2026-05-09T23:30:54.612+08:00 [ERRO] keepalive retry register failed, will retry in 3s: etcd grant failed with keepalive ttl "10s": context deadline exceeded
1. etcd grant failed with keepalive ttl "10s"
2. context deadline exceeded

2026-05-09T23:30:56.775+08:00 [ERRO] keepalive retry register failed, will retry in 2s: etcd grant failed with keepalive ttl "10s": context deadline exceeded
1. etcd grant failed with keepalive ttl "10s"
2. context deadline exceeded

2026-05-09T23:31:02.616+08:00 [ERRO] keepalive retry register failed, will retry in 1s: etcd grant failed with keepalive ttl "10s": context deadline exceeded
1. etcd grant failed with keepalive ttl "10s"
2. context deadline exceeded

2026-05-09T23:31:03.782+08:00 [ERRO] keepalive retry register failed, will retry in 3s: etcd grant failed with keepalive ttl "10s": context deadline exceeded
1. etcd grant failed with keepalive ttl "10s"
2. context deadline exceeded

2026-05-09T23:31:08.623+08:00 [ERRO] keepalive retry register failed, will retry in 2s: etcd grant failed with keepalive ttl "10s": context deadline exceeded
1. etcd grant failed with keepalive ttl "10s"
2. context deadline exceeded

2026-05-09T23:31:11.814+08:00 [ERRO] keepalive retry register failed, will retry in 2s: etcd grant failed with keepalive ttl "10s": context deadline exceeded
1. etcd grant failed with keepalive ttl "10s"
2. context deadline exceeded

2026-05-09T23:31:15.627+08:00 [ERRO] keepalive retry register failed, will retry in 1s: etcd grant failed with keepalive ttl "10s": context deadline exceeded
1. etcd grant failed with keepalive ttl "10s"
2. context deadline exceeded

2026-05-09T23:31:18.821+08:00 [ERRO] keepalive retry register failed, will retry in 2s: etcd grant failed with keepalive ttl "10s": context deadline exceeded
1. etcd grant failed with keepalive ttl "10s"
2. context deadline exceeded

2026-05-09T23:31:21.630+08:00 [ERRO] keepalive retry register failed, will retry in 2s: etcd grant failed with keepalive ttl "10s": context deadline exceeded
1. etcd grant failed with keepalive ttl "10s"
2. context deadline exceeded

2026-05-09T23:31:25.828+08:00 [ERRO] keepalive retry register failed, will retry in 3s: etcd grant failed with keepalive ttl "10s": context deadline exceeded
1. etcd grant failed with keepalive ttl "10s"
2. context deadline exceeded

2026-05-09T23:31:28.636+08:00 [ERRO] keepalive retry register failed, will retry in 1s: etcd grant failed with keepalive ttl "10s": context deadline exceeded
1. etcd grant failed with keepalive ttl "10s"
2. context deadline exceeded

2026-05-09T23:31:33.836+08:00 [ERRO] keepalive retry register failed, will retry in 3s: etcd grant failed with keepalive ttl "10s": context deadline exceeded
1. etcd grant failed with keepalive ttl "10s"
2. context deadline exceeded

2026-05-09T23:31:34.647+08:00 [ERRO] keepalive retry register failed, will retry in 1s: etcd grant failed with keepalive ttl "10s": context deadline exceeded
1. etcd grant failed with keepalive ttl "10s"
2. context deadline exceeded

2026-05-09T23:31:40.654+08:00 [ERRO] keepalive retry register failed, will retry in 3s: etcd grant failed with keepalive ttl "10s": context deadline exceeded
1. etcd grant failed with keepalive ttl "10s"
2. context deadline exceeded

2026-05-09T23:31:41.842+08:00 [ERRO] keepalive retry register failed, will retry in 2s: etcd grant failed with keepalive ttl "10s": context deadline exceeded
1. etcd grant failed with keepalive ttl "10s"
2. context deadline exceeded

2026-05-09T23:31:48.661+08:00 [ERRO] keepalive retry register failed, will retry in 2s: etcd grant failed with keepalive ttl "10s": context deadline exceeded
1. etcd grant failed with keepalive ttl "10s"
2. context deadline exceeded

2026-05-09T23:31:48.850+08:00 [ERRO] keepalive retry register failed, will retry in 1s: etcd grant failed with keepalive ttl "10s": context deadline exceeded
1. etcd grant failed with keepalive ttl "10s"
2. context deadline exceeded

2026-05-09T23:31:54.857+08:00 [ERRO] keepalive retry register failed, will retry in 2s: etcd grant failed with keepalive ttl "10s": context deadline exceeded
1. etcd grant failed with keepalive ttl "10s"
2. context deadline exceeded

2026-05-09T23:31:55.668+08:00 [ERRO] keepalive retry register failed, will retry in 2s: etcd grant failed with keepalive ttl "10s": context deadline exceeded
1. etcd grant failed with keepalive ttl "10s"
2. context deadline exceeded

2026-05-09T23:32:01.867+08:00 [ERRO] keepalive retry register failed, will retry in 2s: etcd grant failed with keepalive ttl "10s": context deadline exceeded
1. etcd grant failed with keepalive ttl "10s"
2. context deadline exceeded

2026-05-09T23:32:02.675+08:00 [ERRO] keepalive retry register failed, will retry in 1s: etcd grant failed with keepalive ttl "10s": context deadline exceeded
1. etcd grant failed with keepalive ttl "10s"
2. context deadline exceeded

2026-05-09T23:32:08.682+08:00 [ERRO] keepalive retry register failed, will retry in 1s: etcd grant failed with keepalive ttl "10s": context deadline exceeded
1. etcd grant failed with keepalive ttl "10s"
2. context deadline exceeded

2026-05-09T23:32:08.873+08:00 [ERRO] keepalive retry register failed, will retry in 1s: etcd grant failed with keepalive ttl "10s": context deadline exceeded
1. etcd grant failed with keepalive ttl "10s"
2. context deadline exceeded

2026-05-09T23:32:14.690+08:00 [ERRO] keepalive retry register failed, will retry in 3s: etcd grant failed with keepalive ttl "10s": context deadline exceeded
1. etcd grant failed with keepalive ttl "10s"
2. context deadline exceeded

2026-05-09T23:32:14.882+08:00 [ERRO] keepalive retry register failed, will retry in 1s: etcd grant failed with keepalive ttl "10s": context deadline exceeded
1. etcd grant failed with keepalive ttl "10s"
2. context deadline exceeded

2026-05-09T23:32:20.888+08:00 [ERRO] keepalive retry register failed, will retry in 2s: etcd grant failed with keepalive ttl "10s": context deadline exceeded
1. etcd grant failed with keepalive ttl "10s"
2. context deadline exceeded

2026-05-09T23:32:22.698+08:00 [ERRO] keepalive retry register failed, will retry in 2s: etcd grant failed with keepalive ttl "10s": context deadline exceeded
1. etcd grant failed with keepalive ttl "10s"
2. context deadline exceeded

2026-05-09T23:32:27.896+08:00 [ERRO] keepalive retry register failed, will retry in 1s: etcd grant failed with keepalive ttl "10s": context deadline exceeded
1. etcd grant failed with keepalive ttl "10s"
2. context deadline exceeded

2026-05-09T23:32:29.705+08:00 [ERRO] keepalive retry register failed, will retry in 2s: etcd grant failed with keepalive ttl "10s": context deadline exceeded
1. etcd grant failed with keepalive ttl "10s"
2. context deadline exceeded

2026-05-09T23:32:33.903+08:00 [ERRO] keepalive retry register failed, will retry in 2s: etcd grant failed with keepalive ttl "10s": context deadline exceeded
1. etcd grant failed with keepalive ttl "10s"
2. context deadline exceeded

2026-05-09T23:32:36.713+08:00 [ERRO] keepalive retry register failed, will retry in 1s: etcd grant failed with keepalive ttl "10s": context deadline exceeded
1. etcd grant failed with keepalive ttl "10s"
2. context deadline exceeded

2026-05-09T23:32:40.906+08:00 [ERRO] keepalive retry register failed, will retry in 2s: etcd grant failed with keepalive ttl "10s": context deadline exceeded
1. etcd grant failed with keepalive ttl "10s"
2. context deadline exceeded

2026-05-09T23:32:42.720+08:00 [ERRO] keepalive retry register failed, will retry in 3s: etcd grant failed with keepalive ttl "10s": context deadline exceeded
1. etcd grant failed with keepalive ttl "10s"
2. context deadline exceeded

2026-05-09T23:32:47.911+08:00 [ERRO] keepalive retry register failed, will retry in 2s: etcd grant failed with keepalive ttl "10s": context deadline exceeded
1. etcd grant failed with keepalive ttl "10s"
2. context deadline exceeded

2026-05-09T23:32:50.727+08:00 [ERRO] keepalive retry register failed, will retry in 2s: etcd grant failed with keepalive ttl "10s": context deadline exceeded
1. etcd grant failed with keepalive ttl "10s"
2. context deadline exceeded

2026-05-09T23:32:54.915+08:00 [ERRO] keepalive retry register failed, will retry in 1s: etcd grant failed with keepalive ttl "10s": context deadline exceeded
1. etcd grant failed with keepalive ttl "10s"
2. context deadline exceeded

2026-05-09T23:32:57.733+08:00 [ERRO] keepalive retry register failed, will retry in 3s: etcd grant failed with keepalive ttl "10s": context deadline exceeded
1. etcd grant failed with keepalive ttl "10s"
2. context deadline exceeded

2026-05-09T23:33:00.921+08:00 [ERRO] keepalive retry register failed, will retry in 2s: etcd grant failed with keepalive ttl "10s": context deadline exceeded
1. etcd grant failed with keepalive ttl "10s"
2. context deadline exceeded

2026-05-09T23:33:05.738+08:00 [ERRO] keepalive retry register failed, will retry in 2s: etcd grant failed with keepalive ttl "10s": context deadline exceeded
1. etcd grant failed with keepalive ttl "10s"
2. context deadline exceeded

2026-05-09T23:33:07.926+08:00 [ERRO] keepalive retry register failed, will retry in 3s: etcd grant failed with keepalive ttl "10s": context deadline exceeded
1. etcd grant failed with keepalive ttl "10s"
2. context deadline exceeded

2026-05-09T23:33:12.744+08:00 [ERRO] keepalive retry register failed, will retry in 2s: etcd grant failed with keepalive ttl "10s": context deadline exceeded
1. etcd grant failed with keepalive ttl "10s"
2. context deadline exceeded

2026-05-09T23:33:15.932+08:00 [ERRO] keepalive retry register failed, will retry in 3s: etcd grant failed with keepalive ttl "10s": context deadline exceeded
1. etcd grant failed with keepalive ttl "10s"
2. context deadline exceeded

2026-05-09T23:33:19.754+08:00 [ERRO] keepalive retry register failed, will retry in 2s: etcd grant failed with keepalive ttl "10s": context deadline exceeded
1. etcd grant failed with keepalive ttl "10s"
2. context deadline exceeded

2026-05-09T23:33:23.936+08:00 [ERRO] keepalive retry register failed, will retry in 3s: etcd grant failed with keepalive ttl "10s": context deadline exceeded
1. etcd grant failed with keepalive ttl "10s"
2. context deadline exceeded

2026-05-09T23:33:26.766+08:00 [ERRO] keepalive retry register failed, will retry in 3s: etcd grant failed with keepalive ttl "10s": context deadline exceeded
1. etcd grant failed with keepalive ttl "10s"
2. context deadline exceeded

2026-05-09T23:33:31.943+08:00 [ERRO] keepalive retry register failed, will retry in 3s: etcd grant failed with keepalive ttl "10s": context deadline exceeded
1. etcd grant failed with keepalive ttl "10s"
2. context deadline exceeded

2026-05-09T23:33:34.776+08:00 [ERRO] keepalive retry register failed, will retry in 1s: etcd grant failed with keepalive ttl "10s": context deadline exceeded
1. etcd grant failed with keepalive ttl "10s"
2. context deadline exceeded

2026-05-09T23:33:39.950+08:00 [ERRO] keepalive retry register failed, will retry in 2s: etcd grant failed with keepalive ttl "10s": context deadline exceeded
1. etcd grant failed with keepalive ttl "10s"
2. context deadline exceeded

2026-05-09T23:33:40.785+08:00 [ERRO] keepalive retry register failed, will retry in 3s: etcd grant failed with keepalive ttl "10s": context deadline exceeded
1. etcd grant failed with keepalive ttl "10s"
2. context deadline exceeded

2026-05-09T23:33:46.957+08:00 [ERRO] keepalive retry register failed, will retry in 1s: etcd grant failed with keepalive ttl "10s": context deadline exceeded
1. etcd grant failed with keepalive ttl "10s"
2. context deadline exceeded

2026-05-09T23:33:48.793+08:00 [ERRO] keepalive retry register failed, will retry in 1s: etcd grant failed with keepalive ttl "10s": context deadline exceeded
1. etcd grant failed with keepalive ttl "10s"
2. context deadline exceeded

2026-05-09T23:33:52.962+08:00 [ERRO] keepalive retry register failed, will retry in 3s: etcd grant failed with keepalive ttl "10s": context deadline exceeded
1. etcd grant failed with keepalive ttl "10s"
2. context deadline exceeded

2026-05-09T23:33:54.800+08:00 [ERRO] keepalive retry register failed, will retry in 1s: etcd grant failed with keepalive ttl "10s": context deadline exceeded
1. etcd grant failed with keepalive ttl "10s"
2. context deadline exceeded

2026-05-09T23:34:00.808+08:00 [ERRO] keepalive retry register failed, will retry in 1s: etcd grant failed with keepalive ttl "10s": context deadline exceeded
1. etcd grant failed with keepalive ttl "10s"
2. context deadline exceeded

2026-05-09T23:34:00.971+08:00 [ERRO] keepalive retry register failed, will retry in 3s: etcd grant failed with keepalive ttl "10s": context deadline exceeded
1. etcd grant failed with keepalive ttl "10s"
2. context deadline exceeded

2026-05-09T23:34:06.814+08:00 [ERRO] keepalive retry register failed, will retry in 3s: etcd grant failed with keepalive ttl "10s": context deadline exceeded
1. etcd grant failed with keepalive ttl "10s"
2. context deadline exceeded

2026-05-09T23:34:08.978+08:00 [ERRO] keepalive retry register failed, will retry in 1s: etcd grant failed with keepalive ttl "10s": context deadline exceeded
1. etcd grant failed with keepalive ttl "10s"
2. context deadline exceeded

2026-05-09T23:34:14.822+08:00 [ERRO] keepalive retry register failed, will retry in 3s: etcd grant failed with keepalive ttl "10s": context deadline exceeded
1. etcd grant failed with keepalive ttl "10s"
2. context deadline exceeded

2026-05-09T23:34:14.985+08:00 [ERRO] keepalive retry register failed, will retry in 1s: etcd grant failed with keepalive ttl "10s": context deadline exceeded
1. etcd grant failed with keepalive ttl "10s"
2. context deadline exceeded

2026-05-09T23:34:20.993+08:00 [ERRO] keepalive retry register failed, will retry in 3s: etcd grant failed with keepalive ttl "10s": context deadline exceeded
1. etcd grant failed with keepalive ttl "10s"
2. context deadline exceeded

2026-05-09T23:34:22.829+08:00 [ERRO] keepalive retry register failed, will retry in 3s: etcd grant failed with keepalive ttl "10s": context deadline exceeded
1. etcd grant failed with keepalive ttl "10s"
2. context deadline exceeded

2026-05-09T23:34:28.999+08:00 [ERRO] keepalive retry register failed, will retry in 2s: etcd grant failed with keepalive ttl "10s": context deadline exceeded
1. etcd grant failed with keepalive ttl "10s"
2. context deadline exceeded

2026-05-09T23:34:30.836+08:00 [ERRO] keepalive retry register failed, will retry in 3s: etcd grant failed with keepalive ttl "10s": context deadline exceeded
1. etcd grant failed with keepalive ttl "10s"
2. context deadline exceeded

2026-05-09T23:34:36.005+08:00 [ERRO] keepalive retry register failed, will retry in 2s: etcd grant failed with keepalive ttl "10s": context deadline exceeded
1. etcd grant failed with keepalive ttl "10s"
2. context deadline exceeded

2026-05-09T23:34:38.842+08:00 [ERRO] keepalive retry register failed, will retry in 3s: etcd grant failed with keepalive ttl "10s": context deadline exceeded
1. etcd grant failed with keepalive ttl "10s"
2. context deadline exceeded

2026-05-09T23:34:43.013+08:00 [ERRO] keepalive retry register failed, will retry in 1s: etcd grant failed with keepalive ttl "10s": context deadline exceeded
1. etcd grant failed with keepalive ttl "10s"
2. context deadline exceeded

2026-05-09T23:34:46.847+08:00 [ERRO] keepalive retry register failed, will retry in 2s: etcd grant failed with keepalive ttl "10s": context deadline exceeded
1. etcd grant failed with keepalive ttl "10s"
2. context deadline exceeded

2026-05-09T23:34:49.017+08:00 [ERRO] keepalive retry register failed, will retry in 1s: etcd grant failed with keepalive ttl "10s": context deadline exceeded
1. etcd grant failed with keepalive ttl "10s"
2. context deadline exceeded

2026-05-09T23:34:53.853+08:00 [ERRO] keepalive retry register failed, will retry in 2s: etcd grant failed with keepalive ttl "10s": context deadline exceeded
1. etcd grant failed with keepalive ttl "10s"
2. context deadline exceeded

2026-05-09T23:34:55.025+08:00 [ERRO] keepalive retry register failed, will retry in 2s: etcd grant failed with keepalive ttl "10s": context deadline exceeded
1. etcd grant failed with keepalive ttl "10s"
2. context deadline exceeded

2026-05-09T23:35:00.859+08:00 [ERRO] keepalive retry register failed, will retry in 3s: etcd grant failed with keepalive ttl "10s": context deadline exceeded
1. etcd grant failed with keepalive ttl "10s"
2. context deadline exceeded

2026-05-09T23:35:02.029+08:00 [ERRO] keepalive retry register failed, will retry in 1s: etcd grant failed with keepalive ttl "10s": context deadline exceeded
1. etcd grant failed with keepalive ttl "10s"
2. context deadline exceeded

2026-05-09T23:35:08.034+08:00 [ERRO] keepalive retry register failed, will retry in 2s: etcd grant failed with keepalive ttl "10s": context deadline exceeded
1. etcd grant failed with keepalive ttl "10s"
2. context deadline exceeded

2026-05-09T23:35:08.868+08:00 [ERRO] keepalive retry register failed, will retry in 2s: etcd grant failed with keepalive ttl "10s": context deadline exceeded
1. etcd grant failed with keepalive ttl "10s"
2. context deadline exceeded

2026-05-09T23:35:15.041+08:00 [ERRO] keepalive retry register failed, will retry in 1s: etcd grant failed with keepalive ttl "10s": context deadline exceeded
1. etcd grant failed with keepalive ttl "10s"
2. context deadline exceeded

2026-05-09T23:35:15.872+08:00 [ERRO] keepalive retry register failed, will retry in 3s: etcd grant failed with keepalive ttl "10s": context deadline exceeded
1. etcd grant failed with keepalive ttl "10s"
2. context deadline exceeded

2026-05-09T23:35:21.048+08:00 [ERRO] keepalive retry register failed, will retry in 2s: etcd grant failed with keepalive ttl "10s": context deadline exceeded
1. etcd grant failed with keepalive ttl "10s"
2. context deadline exceeded

2026-05-09T23:35:23.876+08:00 [ERRO] keepalive retry register failed, will retry in 1s: etcd grant failed with keepalive ttl "10s": context deadline exceeded
1. etcd grant failed with keepalive ttl "10s"
2. context deadline exceeded

2026-05-09T23:35:28.052+08:00 [ERRO] keepalive retry register failed, will retry in 3s: etcd grant failed with keepalive ttl "10s": context deadline exceeded
1. etcd grant failed with keepalive ttl "10s"
2. context deadline exceeded

2026-05-09T23:35:29.894+08:00 [ERRO] keepalive retry register failed, will retry in 3s: etcd grant failed with keepalive ttl "10s": context deadline exceeded
1. etcd grant failed with keepalive ttl "10s"
2. context deadline exceeded

2026-05-09T23:35:36.058+08:00 [ERRO] keepalive retry register failed, will retry in 2s: etcd grant failed with keepalive ttl "10s": context deadline exceeded
1. etcd grant failed with keepalive ttl "10s"
2. context deadline exceeded

2026-05-09T23:35:37.899+08:00 [ERRO] keepalive retry register failed, will retry in 2s: etcd grant failed with keepalive ttl "10s": context deadline exceeded
1. etcd grant failed with keepalive ttl "10s"
2. context deadline exceeded

2026-05-09T23:35:43.067+08:00 [ERRO] keepalive retry register failed, will retry in 1s: etcd grant failed with keepalive ttl "10s": context deadline exceeded
1. etcd grant failed with keepalive ttl "10s"
2. context deadline exceeded

2026-05-09T23:35:44.907+08:00 [ERRO] keepalive retry register failed, will retry in 3s: etcd grant failed with keepalive ttl "10s": context deadline exceeded
1. etcd grant failed with keepalive ttl "10s"
2. context deadline exceeded

2026-05-09T23:35:49.073+08:00 [ERRO] keepalive retry register failed, will retry in 3s: etcd grant failed with keepalive ttl "10s": context deadline exceeded
1. etcd grant failed with keepalive ttl "10s"
2. context deadline exceeded

2026-05-09T23:35:52.911+08:00 [ERRO] keepalive retry register failed, will retry in 1s: etcd grant failed with keepalive ttl "10s": context deadline exceeded
1. etcd grant failed with keepalive ttl "10s"
2. context deadline exceeded

2026-05-09T23:35:57.079+08:00 [ERRO] keepalive retry register failed, will retry in 2s: etcd grant failed with keepalive ttl "10s": context deadline exceeded
1. etcd grant failed with keepalive ttl "10s"
2. context deadline exceeded

2026-05-09T23:35:58.915+08:00 [ERRO] keepalive retry register failed, will retry in 2s: etcd grant failed with keepalive ttl "10s": context deadline exceeded
1. etcd grant failed with keepalive ttl "10s"
2. context deadline exceeded

2026-05-09T23:36:04.083+08:00 [ERRO] keepalive retry register failed, will retry in 3s: etcd grant failed with keepalive ttl "10s": context deadline exceeded
1. etcd grant failed with keepalive ttl "10s"
2. context deadline exceeded

2026-05-09T23:36:05.919+08:00 [ERRO] keepalive retry register failed, will retry in 1s: etcd grant failed with keepalive ttl "10s": context deadline exceeded
1. etcd grant failed with keepalive ttl "10s"
2. context deadline exceeded

2026-05-09T23:36:11.926+08:00 [ERRO] keepalive retry register failed, will retry in 2s: etcd grant failed with keepalive ttl "10s": context deadline exceeded
1. etcd grant failed with keepalive ttl "10s"
2. context deadline exceeded

2026-05-09T23:36:12.089+08:00 [ERRO] keepalive retry register failed, will retry in 3s: etcd grant failed with keepalive ttl "10s": context deadline exceeded
1. etcd grant failed with keepalive ttl "10s"
2. context deadline exceeded

2026-05-09T23:36:18.934+08:00 [ERRO] keepalive retry register failed, will retry in 3s: etcd grant failed with keepalive ttl "10s": context deadline exceeded
1. etcd grant failed with keepalive ttl "10s"
2. context deadline exceeded

2026-05-09T23:36:20.096+08:00 [ERRO] keepalive retry register failed, will retry in 2s: etcd grant failed with keepalive ttl "10s": context deadline exceeded
1. etcd grant failed with keepalive ttl "10s"
2. context deadline exceeded

2026-05-09T23:36:26.938+08:00 [ERRO] keepalive retry register failed, will retry in 2s: etcd grant failed with keepalive ttl "10s": context deadline exceeded
1. etcd grant failed with keepalive ttl "10s"
2. context deadline exceeded

2026-05-09T23:36:27.102+08:00 [ERRO] keepalive retry register failed, will retry in 1s: etcd grant failed with keepalive ttl "10s": context deadline exceeded
1. etcd grant failed with keepalive ttl "10s"
2. context deadline exceeded

2026-05-09T23:36:33.112+08:00 [ERRO] keepalive retry register failed, will retry in 1s: etcd grant failed with keepalive ttl "10s": context deadline exceeded
1. etcd grant failed with keepalive ttl "10s"
2. context deadline exceeded

2026-05-09T23:36:33.941+08:00 [ERRO] keepalive retry register failed, will retry in 2s: etcd grant failed with keepalive ttl "10s": context deadline exceeded
1. etcd grant failed with keepalive ttl "10s"
2. context deadline exceeded

2026-05-09T23:36:39.119+08:00 [ERRO] keepalive retry register failed, will retry in 1s: etcd grant failed with keepalive ttl "10s": context deadline exceeded
1. etcd grant failed with keepalive ttl "10s"
2. context deadline exceeded

2026-05-09T23:36:40.944+08:00 [ERRO] keepalive retry register failed, will retry in 1s: etcd grant failed with keepalive ttl "10s": context deadline exceeded
1. etcd grant failed with keepalive ttl "10s"
2. context deadline exceeded

2026-05-09T23:36:45.126+08:00 [ERRO] keepalive retry register failed, will retry in 2s: etcd grant failed with keepalive ttl "10s": context deadline exceeded
1. etcd grant failed with keepalive ttl "10s"
2. context deadline exceeded

2026-05-09T23:36:46.951+08:00 [ERRO] keepalive retry register failed, will retry in 1s: etcd grant failed with keepalive ttl "10s": context deadline exceeded
1. etcd grant failed with keepalive ttl "10s"
2. context deadline exceeded

2026-05-09T23:36:52.134+08:00 [ERRO] keepalive retry register failed, will retry in 3s: etcd grant failed with keepalive ttl "10s": context deadline exceeded
1. etcd grant failed with keepalive ttl "10s"
2. context deadline exceeded

2026-05-09T23:36:52.954+08:00 [ERRO] keepalive retry register failed, will retry in 3s: etcd grant failed with keepalive ttl "10s": context deadline exceeded
1. etcd grant failed with keepalive ttl "10s"
2. context deadline exceeded

2026-05-09T23:37:00.139+08:00 [ERRO] keepalive retry register failed, will retry in 2s: etcd grant failed with keepalive ttl "10s": context deadline exceeded
1. etcd grant failed with keepalive ttl "10s"
2. context deadline exceeded

2026-05-09T23:37:00.959+08:00 [ERRO] keepalive retry register failed, will retry in 2s: etcd grant failed with keepalive ttl "10s": context deadline exceeded
1. etcd grant failed with keepalive ttl "10s"
2. context deadline exceeded

2026-05-09T23:37:07.142+08:00 [ERRO] keepalive retry register failed, will retry in 1s: etcd grant failed with keepalive ttl "10s": context deadline exceeded
1. etcd grant failed with keepalive ttl "10s"
2. context deadline exceeded

2026-05-09T23:37:07.961+08:00 [ERRO] keepalive retry register failed, will retry in 3s: etcd grant failed with keepalive ttl "10s": context deadline exceeded
1. etcd grant failed with keepalive ttl "10s"
2. context deadline exceeded

2026-05-09T23:37:13.149+08:00 [ERRO] keepalive retry register failed, will retry in 2s: etcd grant failed with keepalive ttl "10s": context deadline exceeded
1. etcd grant failed with keepalive ttl "10s"
2. context deadline exceeded

2026-05-09T23:37:15.967+08:00 [ERRO] keepalive retry register failed, will retry in 1s: etcd grant failed with keepalive ttl "10s": context deadline exceeded
1. etcd grant failed with keepalive ttl "10s"
2. context deadline exceeded

2026-05-09T23:37:20.156+08:00 [ERRO] keepalive retry register failed, will retry in 3s: etcd grant failed with keepalive ttl "10s": context deadline exceeded
1. etcd grant failed with keepalive ttl "10s"
2. context deadline exceeded

2026-05-09T23:37:21.975+08:00 [ERRO] keepalive retry register failed, will retry in 2s: etcd grant failed with keepalive ttl "10s": context deadline exceeded
1. etcd grant failed with keepalive ttl "10s"
2. context deadline exceeded

2026-05-09T23:37:28.163+08:00 [ERRO] keepalive retry register failed, will retry in 3s: etcd grant failed with keepalive ttl "10s": context deadline exceeded
1. etcd grant failed with keepalive ttl "10s"
2. context deadline exceeded

2026-05-09T23:37:28.982+08:00 [ERRO] keepalive retry register failed, will retry in 1s: etcd grant failed with keepalive ttl "10s": context deadline exceeded
1. etcd grant failed with keepalive ttl "10s"
2. context deadline exceeded

2026-05-09T23:37:34.986+08:00 [ERRO] keepalive retry register failed, will retry in 3s: etcd grant failed with keepalive ttl "10s": context deadline exceeded
1. etcd grant failed with keepalive ttl "10s"
2. context deadline exceeded

2026-05-09T23:37:36.171+08:00 [ERRO] keepalive retry register failed, will retry in 3s: etcd grant failed with keepalive ttl "10s": context deadline exceeded
1. etcd grant failed with keepalive ttl "10s"
2. context deadline exceeded

2026-05-09T23:37:42.994+08:00 [ERRO] keepalive retry register failed, will retry in 3s: etcd grant failed with keepalive ttl "10s": context deadline exceeded
1. etcd grant failed with keepalive ttl "10s"
2. context deadline exceeded

2026-05-09T23:37:44.177+08:00 [ERRO] keepalive retry register failed, will retry in 2s: etcd grant failed with keepalive ttl "10s": context deadline exceeded
1. etcd grant failed with keepalive ttl "10s"
2. context deadline exceeded

2026-05-09T23:37:51.001+08:00 [ERRO] keepalive retry register failed, will retry in 3s: etcd grant failed with keepalive ttl "10s": context deadline exceeded
1. etcd grant failed with keepalive ttl "10s"
2. context deadline exceeded

2026-05-09T23:37:51.184+08:00 [ERRO] keepalive retry register failed, will retry in 1s: etcd grant failed with keepalive ttl "10s": context deadline exceeded
1. etcd grant failed with keepalive ttl "10s"
2. context deadline exceeded

2026-05-09T23:37:57.192+08:00 [ERRO] keepalive retry register failed, will retry in 1s: etcd grant failed with keepalive ttl "10s": context deadline exceeded
1. etcd grant failed with keepalive ttl "10s"
2. context deadline exceeded

2026-05-09T23:37:59.008+08:00 [ERRO] keepalive retry register failed, will retry in 3s: etcd grant failed with keepalive ttl "10s": context deadline exceeded
1. etcd grant failed with keepalive ttl "10s"
2. context deadline exceeded

2026-05-09T23:38:03.199+08:00 [ERRO] keepalive retry register failed, will retry in 1s: etcd grant failed with keepalive ttl "10s": context deadline exceeded
1. etcd grant failed with keepalive ttl "10s"
2. context deadline exceeded

2026-05-09T23:38:07.015+08:00 [ERRO] keepalive retry register failed, will retry in 2s: etcd grant failed with keepalive ttl "10s": context deadline exceeded
1. etcd grant failed with keepalive ttl "10s"
2. context deadline exceeded

2026-05-09T23:38:09.206+08:00 [ERRO] keepalive retry register failed, will retry in 3s: etcd grant failed with keepalive ttl "10s": context deadline exceeded
1. etcd grant failed with keepalive ttl "10s"
2. context deadline exceeded

2026-05-09T23:38:14.023+08:00 [ERRO] keepalive retry register failed, will retry in 1s: etcd grant failed with keepalive ttl "10s": context deadline exceeded
1. etcd grant failed with keepalive ttl "10s"
2. context deadline exceeded

2026-05-09T23:38:17.213+08:00 [ERRO] keepalive retry register failed, will retry in 2s: etcd grant failed with keepalive ttl "10s": context deadline exceeded
1. etcd grant failed with keepalive ttl "10s"
2. context deadline exceeded

2026-05-09T23:38:20.032+08:00 [ERRO] keepalive retry register failed, will retry in 3s: etcd grant failed with keepalive ttl "10s": context deadline exceeded
1. etcd grant failed with keepalive ttl "10s"
2. context deadline exceeded

2026-05-09T23:38:24.217+08:00 [ERRO] keepalive retry register failed, will retry in 2s: etcd grant failed with keepalive ttl "10s": context deadline exceeded
1. etcd grant failed with keepalive ttl "10s"
2. context deadline exceeded

2026-05-09T23:38:28.038+08:00 [ERRO] keepalive retry register failed, will retry in 3s: etcd grant failed with keepalive ttl "10s": context deadline exceeded
1. etcd grant failed with keepalive ttl "10s"
2. context deadline exceeded

2026-05-09T23:38:31.222+08:00 [ERRO] keepalive retry register failed, will retry in 2s: etcd grant failed with keepalive ttl "10s": context deadline exceeded
1. etcd grant failed with keepalive ttl "10s"
2. context deadline exceeded

2026-05-09T23:38:36.044+08:00 [ERRO] keepalive retry register failed, will retry in 2s: etcd grant failed with keepalive ttl "10s": context deadline exceeded
1. etcd grant failed with keepalive ttl "10s"
2. context deadline exceeded

2026-05-09T23:38:38.228+08:00 [ERRO] keepalive retry register failed, will retry in 1s: etcd grant failed with keepalive ttl "10s": context deadline exceeded
1. etcd grant failed with keepalive ttl "10s"
2. context deadline exceeded

2026-05-09T23:38:43.066+08:00 [ERRO] keepalive retry register failed, will retry in 1s: etcd grant failed with keepalive ttl "10s": context deadline exceeded
1. etcd grant failed with keepalive ttl "10s"
2. context deadline exceeded

2026-05-09T23:38:44.235+08:00 [ERRO] keepalive retry register failed, will retry in 2s: etcd grant failed with keepalive ttl "10s": context deadline exceeded
1. etcd grant failed with keepalive ttl "10s"
2. context deadline exceeded

2026-05-09T23:38:49.072+08:00 [ERRO] keepalive retry register failed, will retry in 3s: etcd grant failed with keepalive ttl "10s": context deadline exceeded
1. etcd grant failed with keepalive ttl "10s"
2. context deadline exceeded

2026-05-09T23:38:51.243+08:00 [ERRO] keepalive retry register failed, will retry in 3s: etcd grant failed with keepalive ttl "10s": context deadline exceeded
1. etcd grant failed with keepalive ttl "10s"
2. context deadline exceeded

2026-05-09T23:38:57.079+08:00 [ERRO] keepalive retry register failed, will retry in 2s: etcd grant failed with keepalive ttl "10s": context deadline exceeded
1. etcd grant failed with keepalive ttl "10s"
2. context deadline exceeded

2026-05-09T23:38:59.251+08:00 [ERRO] keepalive retry register failed, will retry in 1s: etcd grant failed with keepalive ttl "10s": context deadline exceeded
1. etcd grant failed with keepalive ttl "10s"
2. context deadline exceeded

2026-05-09T23:39:04.087+08:00 [ERRO] keepalive retry register failed, will retry in 1s: etcd grant failed with keepalive ttl "10s": context deadline exceeded
1. etcd grant failed with keepalive ttl "10s"
2. context deadline exceeded

2026-05-09T23:39:05.259+08:00 [ERRO] keepalive retry register failed, will retry in 2s: etcd grant failed with keepalive ttl "10s": context deadline exceeded
1. etcd grant failed with keepalive ttl "10s"
2. context deadline exceeded

2026-05-09T23:39:10.093+08:00 [ERRO] keepalive retry register failed, will retry in 1s: etcd grant failed with keepalive ttl "10s": context deadline exceeded
1. etcd grant failed with keepalive ttl "10s"
2. context deadline exceeded

2026-05-09T23:39:12.262+08:00 [ERRO] keepalive retry register failed, will retry in 3s: etcd grant failed with keepalive ttl "10s": context deadline exceeded
1. etcd grant failed with keepalive ttl "10s"
2. context deadline exceeded

2026-05-09T23:39:16.097+08:00 [ERRO] keepalive retry register failed, will retry in 1s: etcd grant failed with keepalive ttl "10s": context deadline exceeded
1. etcd grant failed with keepalive ttl "10s"
2. context deadline exceeded

2026-05-09T23:39:20.265+08:00 [ERRO] keepalive retry register failed, will retry in 1s: etcd grant failed with keepalive ttl "10s": context deadline exceeded
1. etcd grant failed with keepalive ttl "10s"
2. context deadline exceeded

2026-05-09T23:39:22.105+08:00 [ERRO] keepalive retry register failed, will retry in 1s: etcd grant failed with keepalive ttl "10s": context deadline exceeded
1. etcd grant failed with keepalive ttl "10s"
2. context deadline exceeded

2026-05-09T23:39:26.268+08:00 [ERRO] keepalive retry register failed, will retry in 1s: etcd grant failed with keepalive ttl "10s": context deadline exceeded
1. etcd grant failed with keepalive ttl "10s"
2. context deadline exceeded

2026-05-09T23:39:28.112+08:00 [ERRO] keepalive retry register failed, will retry in 1s: etcd grant failed with keepalive ttl "10s": context deadline exceeded
1. etcd grant failed with keepalive ttl "10s"
2. context deadline exceeded

2026-05-09T23:39:32.275+08:00 [ERRO] keepalive retry register failed, will retry in 2s: etcd grant failed with keepalive ttl "10s": context deadline exceeded
1. etcd grant failed with keepalive ttl "10s"
2. context deadline exceeded

2026-05-09T23:39:34.123+08:00 [ERRO] keepalive retry register failed, will retry in 1s: etcd grant failed with keepalive ttl "10s": context deadline exceeded
1. etcd grant failed with keepalive ttl "10s"
2. context deadline exceeded

2026-05-09T23:39:39.281+08:00 [ERRO] keepalive retry register failed, will retry in 1s: etcd grant failed with keepalive ttl "10s": context deadline exceeded
1. etcd grant failed with keepalive ttl "10s"
2. context deadline exceeded

2026-05-09T23:39:40.129+08:00 [ERRO] keepalive retry register failed, will retry in 3s: etcd grant failed with keepalive ttl "10s": context deadline exceeded
1. etcd grant failed with keepalive ttl "10s"
2. context deadline exceeded

2026-05-09T23:39:45.288+08:00 [ERRO] keepalive retry register failed, will retry in 1s: etcd grant failed with keepalive ttl "10s": context deadline exceeded
1. etcd grant failed with keepalive ttl "10s"
2. context deadline exceeded

2026-05-09T23:39:48.134+08:00 [ERRO] keepalive retry register failed, will retry in 3s: etcd grant failed with keepalive ttl "10s": context deadline exceeded
1. etcd grant failed with keepalive ttl "10s"
2. context deadline exceeded

2026-05-09T23:39:51.292+08:00 [ERRO] keepalive retry register failed, will retry in 2s: etcd grant failed with keepalive ttl "10s": context deadline exceeded
1. etcd grant failed with keepalive ttl "10s"
2. context deadline exceeded

2026-05-09T23:39:56.142+08:00 [ERRO] keepalive retry register failed, will retry in 3s: etcd grant failed with keepalive ttl "10s": context deadline exceeded
1. etcd grant failed with keepalive ttl "10s"
2. context deadline exceeded

2026-05-09T23:39:58.295+08:00 [ERRO] keepalive retry register failed, will retry in 2s: etcd grant failed with keepalive ttl "10s": context deadline exceeded
1. etcd grant failed with keepalive ttl "10s"
2. context deadline exceeded

2026-05-09T23:40:04.149+08:00 [ERRO] keepalive retry register failed, will retry in 2s: etcd grant failed with keepalive ttl "10s": context deadline exceeded
1. etcd grant failed with keepalive ttl "10s"
2. context deadline exceeded

2026-05-09T23:40:05.301+08:00 [ERRO] keepalive retry register failed, will retry in 3s: etcd grant failed with keepalive ttl "10s": context deadline exceeded
1. etcd grant failed with keepalive ttl "10s"
2. context deadline exceeded

2026-05-09T23:40:11.152+08:00 [ERRO] keepalive retry register failed, will retry in 1s: etcd grant failed with keepalive ttl "10s": context deadline exceeded
1. etcd grant failed with keepalive ttl "10s"
2. context deadline exceeded

2026-05-09T23:40:13.305+08:00 [ERRO] keepalive retry register failed, will retry in 1s: etcd grant failed with keepalive ttl "10s": context deadline exceeded
1. etcd grant failed with keepalive ttl "10s"
2. context deadline exceeded

2026-05-09T23:40:17.158+08:00 [ERRO] keepalive retry register failed, will retry in 3s: etcd grant failed with keepalive ttl "10s": context deadline exceeded
1. etcd grant failed with keepalive ttl "10s"
2. context deadline exceeded

2026-05-09T23:40:19.311+08:00 [ERRO] keepalive retry register failed, will retry in 2s: etcd grant failed with keepalive ttl "10s": context deadline exceeded
1. etcd grant failed with keepalive ttl "10s"
2. context deadline exceeded

2026-05-09T23:40:25.165+08:00 [ERRO] keepalive retry register failed, will retry in 3s: etcd grant failed with keepalive ttl "10s": context deadline exceeded
1. etcd grant failed with keepalive ttl "10s"
2. context deadline exceeded

2026-05-09T23:40:26.318+08:00 [ERRO] keepalive retry register failed, will retry in 2s: etcd grant failed with keepalive ttl "10s": context deadline exceeded
1. etcd grant failed with keepalive ttl "10s"
2. context deadline exceeded

2026-05-09T23:40:33.171+08:00 [ERRO] keepalive retry register failed, will retry in 2s: etcd grant failed with keepalive ttl "10s": context deadline exceeded
1. etcd grant failed with keepalive ttl "10s"
2. context deadline exceeded

2026-05-09T23:40:33.326+08:00 [ERRO] keepalive retry register failed, will retry in 3s: etcd grant failed with keepalive ttl "10s": context deadline exceeded
1. etcd grant failed with keepalive ttl "10s"
2. context deadline exceeded

2026-05-09T23:40:40.177+08:00 [ERRO] keepalive retry register failed, will retry in 1s: etcd grant failed with keepalive ttl "10s": context deadline exceeded
1. etcd grant failed with keepalive ttl "10s"
2. context deadline exceeded

2026-05-09T23:40:41.332+08:00 [ERRO] keepalive retry register failed, will retry in 2s: etcd grant failed with keepalive ttl "10s": context deadline exceeded
1. etcd grant failed with keepalive ttl "10s"
2. context deadline exceeded

2026-05-09T23:40:46.184+08:00 [ERRO] keepalive retry register failed, will retry in 2s: etcd grant failed with keepalive ttl "10s": context deadline exceeded
1. etcd grant failed with keepalive ttl "10s"
2. context deadline exceeded

2026-05-09T23:40:48.339+08:00 [ERRO] keepalive retry register failed, will retry in 2s: etcd grant failed with keepalive ttl "10s": context deadline exceeded
1. etcd grant failed with keepalive ttl "10s"
2. context deadline exceeded

2026-05-09T23:40:53.192+08:00 [ERRO] keepalive retry register failed, will retry in 1s: etcd grant failed with keepalive ttl "10s": context deadline exceeded
1. etcd grant failed with keepalive ttl "10s"
2. context deadline exceeded

2026-05-09T23:40:55.347+08:00 [ERRO] keepalive retry register failed, will retry in 3s: etcd grant failed with keepalive ttl "10s": context deadline exceeded
1. etcd grant failed with keepalive ttl "10s"
2. context deadline exceeded

2026-05-09T23:40:59.200+08:00 [ERRO] keepalive retry register failed, will retry in 3s: etcd grant failed with keepalive ttl "10s": context deadline exceeded
1. etcd grant failed with keepalive ttl "10s"
2. context deadline exceeded

2026-05-09T23:41:03.355+08:00 [ERRO] keepalive retry register failed, will retry in 3s: etcd grant failed with keepalive ttl "10s": context deadline exceeded
1. etcd grant failed with keepalive ttl "10s"
2. context deadline exceeded

2026-05-09T23:41:07.206+08:00 [ERRO] keepalive retry register failed, will retry in 2s: etcd grant failed with keepalive ttl "10s": context deadline exceeded
1. etcd grant failed with keepalive ttl "10s"
2. context deadline exceeded

2026-05-09T23:41:11.359+08:00 [ERRO] keepalive retry register failed, will retry in 1s: etcd grant failed with keepalive ttl "10s": context deadline exceeded
1. etcd grant failed with keepalive ttl "10s"
2. context deadline exceeded

2026-05-09T23:41:14.213+08:00 [ERRO] keepalive retry register failed, will retry in 1s: etcd grant failed with keepalive ttl "10s": context deadline exceeded
1. etcd grant failed with keepalive ttl "10s"
2. context deadline exceeded

2026-05-09T23:41:17.366+08:00 [ERRO] keepalive retry register failed, will retry in 1s: etcd grant failed with keepalive ttl "10s": context deadline exceeded
1. etcd grant failed with keepalive ttl "10s"
2. context deadline exceeded

2026-05-09T23:41:20.219+08:00 [ERRO] keepalive retry register failed, will retry in 1s: etcd grant failed with keepalive ttl "10s": context deadline exceeded
1. etcd grant failed with keepalive ttl "10s"
2. context deadline exceeded

2026-05-09T23:41:23.373+08:00 [ERRO] keepalive retry register failed, will retry in 2s: etcd grant failed with keepalive ttl "10s": context deadline exceeded
1. etcd grant failed with keepalive ttl "10s"
2. context deadline exceeded

2026-05-09T23:41:26.226+08:00 [ERRO] keepalive retry register failed, will retry in 1s: etcd grant failed with keepalive ttl "10s": context deadline exceeded
1. etcd grant failed with keepalive ttl "10s"
2. context deadline exceeded

2026-05-09T23:41:30.377+08:00 [ERRO] keepalive retry register failed, will retry in 3s: etcd grant failed with keepalive ttl "10s": context deadline exceeded
1. etcd grant failed with keepalive ttl "10s"
2. context deadline exceeded

2026-05-09T23:41:32.234+08:00 [ERRO] keepalive retry register failed, will retry in 2s: etcd grant failed with keepalive ttl "10s": context deadline exceeded
1. etcd grant failed with keepalive ttl "10s"
2. context deadline exceeded

2026-05-09T23:41:38.380+08:00 [ERRO] keepalive retry register failed, will retry in 3s: etcd grant failed with keepalive ttl "10s": context deadline exceeded
1. etcd grant failed with keepalive ttl "10s"
2. context deadline exceeded

2026-05-09T23:41:39.245+08:00 [ERRO] keepalive retry register failed, will retry in 1s: etcd grant failed with keepalive ttl "10s": context deadline exceeded
1. etcd grant failed with keepalive ttl "10s"
2. context deadline exceeded

2026-05-09T23:41:45.249+08:00 [ERRO] keepalive retry register failed, will retry in 1s: etcd grant failed with keepalive ttl "10s": context deadline exceeded
1. etcd grant failed with keepalive ttl "10s"
2. context deadline exceeded

2026-05-09T23:41:46.386+08:00 [ERRO] keepalive retry register failed, will retry in 3s: etcd grant failed with keepalive ttl "10s": context deadline exceeded
1. etcd grant failed with keepalive ttl "10s"
2. context deadline exceeded

2026-05-09T23:41:51.255+08:00 [ERRO] keepalive retry register failed, will retry in 3s: etcd grant failed with keepalive ttl "10s": context deadline exceeded
1. etcd grant failed with keepalive ttl "10s"
2. context deadline exceeded

2026-05-09T23:41:54.393+08:00 [ERRO] keepalive retry register failed, will retry in 2s: etcd grant failed with keepalive ttl "10s": context deadline exceeded
1. etcd grant failed with keepalive ttl "10s"
2. context deadline exceeded

2026-05-09T23:41:59.262+08:00 [ERRO] keepalive retry register failed, will retry in 1s: etcd grant failed with keepalive ttl "10s": context deadline exceeded
1. etcd grant failed with keepalive ttl "10s"
2. context deadline exceeded

2026-05-09T23:42:01.396+08:00 [ERRO] keepalive retry register failed, will retry in 2s: etcd grant failed with keepalive ttl "10s": context deadline exceeded
1. etcd grant failed with keepalive ttl "10s"
2. context deadline exceeded

2026-05-09T23:42:05.269+08:00 [ERRO] keepalive retry register failed, will retry in 3s: etcd grant failed with keepalive ttl "10s": context deadline exceeded
1. etcd grant failed with keepalive ttl "10s"
2. context deadline exceeded

2026-05-09T23:42:08.403+08:00 [ERRO] keepalive retry register failed, will retry in 1s: etcd grant failed with keepalive ttl "10s": context deadline exceeded
1. etcd grant failed with keepalive ttl "10s"
2. context deadline exceeded

2026-05-09T23:42:13.276+08:00 [ERRO] keepalive retry register failed, will retry in 3s: etcd grant failed with keepalive ttl "10s": context deadline exceeded
1. etcd grant failed with keepalive ttl "10s"
2. context deadline exceeded

2026-05-09T23:42:14.410+08:00 [ERRO] keepalive retry register failed, will retry in 3s: etcd grant failed with keepalive ttl "10s": context deadline exceeded
1. etcd grant failed with keepalive ttl "10s"
2. context deadline exceeded

2026-05-09T23:42:21.284+08:00 [ERRO] keepalive retry register failed, will retry in 1s: etcd grant failed with keepalive ttl "10s": context deadline exceeded
1. etcd grant failed with keepalive ttl "10s"
2. context deadline exceeded

2026-05-09T23:42:22.413+08:00 [ERRO] keepalive retry register failed, will retry in 3s: etcd grant failed with keepalive ttl "10s": context deadline exceeded
1. etcd grant failed with keepalive ttl "10s"
2. context deadline exceeded

2026-05-09T23:42:27.287+08:00 [ERRO] keepalive retry register failed, will retry in 2s: etcd grant failed with keepalive ttl "10s": context deadline exceeded
1. etcd grant failed with keepalive ttl "10s"
2. context deadline exceeded

2026-05-09T23:42:30.417+08:00 [ERRO] keepalive retry register failed, will retry in 3s: etcd grant failed with keepalive ttl "10s": context deadline exceeded
1. etcd grant failed with keepalive ttl "10s"
2. context deadline exceeded

2026-05-09T23:42:34.291+08:00 [ERRO] keepalive retry register failed, will retry in 3s: etcd grant failed with keepalive ttl "10s": context deadline exceeded
1. etcd grant failed with keepalive ttl "10s"
2. context deadline exceeded

2026-05-09T23:42:38.421+08:00 [ERRO] keepalive retry register failed, will retry in 1s: etcd grant failed with keepalive ttl "10s": context deadline exceeded
1. etcd grant failed with keepalive ttl "10s"
2. context deadline exceeded

2026-05-09T23:42:42.298+08:00 [ERRO] keepalive retry register failed, will retry in 2s: etcd grant failed with keepalive ttl "10s": context deadline exceeded
1. etcd grant failed with keepalive ttl "10s"
2. context deadline exceeded

2026-05-09T23:42:44.428+08:00 [ERRO] keepalive retry register failed, will retry in 2s: etcd grant failed with keepalive ttl "10s": context deadline exceeded
1. etcd grant failed with keepalive ttl "10s"
2. context deadline exceeded

2026-05-09T23:42:49.306+08:00 [ERRO] keepalive retry register failed, will retry in 2s: etcd grant failed with keepalive ttl "10s": context deadline exceeded
1. etcd grant failed with keepalive ttl "10s"
2. context deadline exceeded

2026-05-09T23:42:51.434+08:00 [ERRO] keepalive retry register failed, will retry in 3s: etcd grant failed with keepalive ttl "10s": context deadline exceeded
1. etcd grant failed with keepalive ttl "10s"
2. context deadline exceeded

2026-05-09T23:42:56.312+08:00 [ERRO] keepalive retry register failed, will retry in 1s: etcd grant failed with keepalive ttl "10s": context deadline exceeded
1. etcd grant failed with keepalive ttl "10s"
2. context deadline exceeded

2026-05-09T23:42:59.442+08:00 [ERRO] keepalive retry register failed, will retry in 3s: etcd grant failed with keepalive ttl "10s": context deadline exceeded
1. etcd grant failed with keepalive ttl "10s"
2. context deadline exceeded

2026-05-09T23:43:02.320+08:00 [ERRO] keepalive retry register failed, will retry in 1s: etcd grant failed with keepalive ttl "10s": context deadline exceeded
1. etcd grant failed with keepalive ttl "10s"
2. context deadline exceeded

2026-05-09T23:43:07.449+08:00 [ERRO] keepalive retry register failed, will retry in 2s: etcd grant failed with keepalive ttl "10s": context deadline exceeded
1. etcd grant failed with keepalive ttl "10s"
2. context deadline exceeded

2026-05-09T23:43:08.327+08:00 [ERRO] keepalive retry register failed, will retry in 3s: etcd grant failed with keepalive ttl "10s": context deadline exceeded
1. etcd grant failed with keepalive ttl "10s"
2. context deadline exceeded

2026-05-09T23:43:14.457+08:00 [ERRO] keepalive retry register failed, will retry in 3s: etcd grant failed with keepalive ttl "10s": context deadline exceeded
1. etcd grant failed with keepalive ttl "10s"
2. context deadline exceeded

2026-05-09T23:43:16.333+08:00 [ERRO] keepalive retry register failed, will retry in 3s: etcd grant failed with keepalive ttl "10s": context deadline exceeded
1. etcd grant failed with keepalive ttl "10s"
2. context deadline exceeded

2026-05-09T23:43:22.462+08:00 [ERRO] keepalive retry register failed, will retry in 3s: etcd grant failed with keepalive ttl "10s": context deadline exceeded
1. etcd grant failed with keepalive ttl "10s"
2. context deadline exceeded

2026-05-09T23:43:24.341+08:00 [ERRO] keepalive retry register failed, will retry in 3s: etcd grant failed with keepalive ttl "10s": context deadline exceeded
1. etcd grant failed with keepalive ttl "10s"
2. context deadline exceeded

2026-05-09T23:43:30.465+08:00 [ERRO] keepalive retry register failed, will retry in 3s: etcd grant failed with keepalive ttl "10s": context deadline exceeded
1. etcd grant failed with keepalive ttl "10s"
2. context deadline exceeded

2026-05-09T23:43:32.348+08:00 [ERRO] keepalive retry register failed, will retry in 2s: etcd grant failed with keepalive ttl "10s": context deadline exceeded
1. etcd grant failed with keepalive ttl "10s"
2. context deadline exceeded

2026-05-09T23:43:38.468+08:00 [ERRO] keepalive retry register failed, will retry in 1s: etcd grant failed with keepalive ttl "10s": context deadline exceeded
1. etcd grant failed with keepalive ttl "10s"
2. context deadline exceeded

2026-05-09T23:43:39.357+08:00 [ERRO] keepalive retry register failed, will retry in 3s: etcd grant failed with keepalive ttl "10s": context deadline exceeded
1. etcd grant failed with keepalive ttl "10s"
2. context deadline exceeded

2026-05-09T23:43:44.476+08:00 [ERRO] keepalive retry register failed, will retry in 1s: etcd grant failed with keepalive ttl "10s": context deadline exceeded
1. etcd grant failed with keepalive ttl "10s"
2. context deadline exceeded

2026-05-09T23:43:47.364+08:00 [ERRO] keepalive retry register failed, will retry in 2s: etcd grant failed with keepalive ttl "10s": context deadline exceeded
1. etcd grant failed with keepalive ttl "10s"
2. context deadline exceeded

2026-05-09T23:43:50.480+08:00 [ERRO] keepalive retry register failed, will retry in 1s: etcd grant failed with keepalive ttl "10s": context deadline exceeded
1. etcd grant failed with keepalive ttl "10s"
2. context deadline exceeded

2026-05-09T23:43:54.373+08:00 [ERRO] keepalive retry register failed, will retry in 1s: etcd grant failed with keepalive ttl "10s": context deadline exceeded
1. etcd grant failed with keepalive ttl "10s"
2. context deadline exceeded

2026-05-09T23:43:56.486+08:00 [ERRO] keepalive retry register failed, will retry in 1s: etcd grant failed with keepalive ttl "10s": context deadline exceeded
1. etcd grant failed with keepalive ttl "10s"
2. context deadline exceeded

2026-05-09T23:44:00.381+08:00 [ERRO] keepalive retry register failed, will retry in 1s: etcd grant failed with keepalive ttl "10s": context deadline exceeded
1. etcd grant failed with keepalive ttl "10s"
2. context deadline exceeded

2026-05-09T23:44:02.492+08:00 [ERRO] keepalive retry register failed, will retry in 3s: etcd grant failed with keepalive ttl "10s": context deadline exceeded
1. etcd grant failed with keepalive ttl "10s"
2. context deadline exceeded

2026-05-09T23:44:06.388+08:00 [ERRO] keepalive retry register failed, will retry in 1s: etcd grant failed with keepalive ttl "10s": context deadline exceeded
1. etcd grant failed with keepalive ttl "10s"
2. context deadline exceeded

2026-05-09T23:44:10.498+08:00 [ERRO] keepalive retry register failed, will retry in 3s: etcd grant failed with keepalive ttl "10s": context deadline exceeded
1. etcd grant failed with keepalive ttl "10s"
2. context deadline exceeded

2026-05-09T23:44:12.398+08:00 [ERRO] keepalive retry register failed, will retry in 2s: etcd grant failed with keepalive ttl "10s": context deadline exceeded
1. etcd grant failed with keepalive ttl "10s"
2. context deadline exceeded

2026-05-09T23:44:18.501+08:00 [ERRO] keepalive retry register failed, will retry in 3s: etcd grant failed with keepalive ttl "10s": context deadline exceeded
1. etcd grant failed with keepalive ttl "10s"
2. context deadline exceeded

2026-05-09T23:44:19.402+08:00 [ERRO] keepalive retry register failed, will retry in 2s: etcd grant failed with keepalive ttl "10s": context deadline exceeded
1. etcd grant failed with keepalive ttl "10s"
2. context deadline exceeded

2026-05-09T23:44:26.408+08:00 [ERRO] keepalive retry register failed, will retry in 1s: etcd grant failed with keepalive ttl "10s": context deadline exceeded
1. etcd grant failed with keepalive ttl "10s"
2. context deadline exceeded

2026-05-09T23:44:26.509+08:00 [ERRO] keepalive retry register failed, will retry in 3s: etcd grant failed with keepalive ttl "10s": context deadline exceeded
1. etcd grant failed with keepalive ttl "10s"
2. context deadline exceeded

2026-05-09T23:44:32.415+08:00 [ERRO] keepalive retry register failed, will retry in 3s: etcd grant failed with keepalive ttl "10s": context deadline exceeded
1. etcd grant failed with keepalive ttl "10s"
2. context deadline exceeded

2026-05-09T23:44:34.515+08:00 [ERRO] keepalive retry register failed, will retry in 1s: etcd grant failed with keepalive ttl "10s": context deadline exceeded
1. etcd grant failed with keepalive ttl "10s"
2. context deadline exceeded

2026-05-09T23:44:40.423+08:00 [ERRO] keepalive retry register failed, will retry in 3s: etcd grant failed with keepalive ttl "10s": context deadline exceeded
1. etcd grant failed with keepalive ttl "10s"
2. context deadline exceeded

2026-05-09T23:44:40.518+08:00 [ERRO] keepalive retry register failed, will retry in 2s: etcd grant failed with keepalive ttl "10s": context deadline exceeded
1. etcd grant failed with keepalive ttl "10s"
2. context deadline exceeded

2026-05-09T23:44:47.525+08:00 [ERRO] keepalive retry register failed, will retry in 3s: etcd grant failed with keepalive ttl "10s": context deadline exceeded
1. etcd grant failed with keepalive ttl "10s"
2. context deadline exceeded

2026-05-09T23:44:48.429+08:00 [ERRO] keepalive retry register failed, will retry in 2s: etcd grant failed with keepalive ttl "10s": context deadline exceeded
1. etcd grant failed with keepalive ttl "10s"
2. context deadline exceeded

2026-05-09T23:44:55.433+08:00 [ERRO] keepalive retry register failed, will retry in 1s: etcd grant failed with keepalive ttl "10s": context deadline exceeded
1. etcd grant failed with keepalive ttl "10s"
2. context deadline exceeded

2026-05-09T23:44:55.538+08:00 [ERRO] keepalive retry register failed, will retry in 2s: etcd grant failed with keepalive ttl "10s": context deadline exceeded
1. etcd grant failed with keepalive ttl "10s"
2. context deadline exceeded

2026-05-09T23:45:01.440+08:00 [ERRO] keepalive retry register failed, will retry in 1s: etcd grant failed with keepalive ttl "10s": context deadline exceeded
1. etcd grant failed with keepalive ttl "10s"
2. context deadline exceeded

2026-05-09T23:45:02.542+08:00 [ERRO] keepalive retry register failed, will retry in 1s: etcd grant failed with keepalive ttl "10s": context deadline exceeded
1. etcd grant failed with keepalive ttl "10s"
2. context deadline exceeded

2026-05-09T23:45:07.444+08:00 [ERRO] keepalive retry register failed, will retry in 2s: etcd grant failed with keepalive ttl "10s": context deadline exceeded
1. etcd grant failed with keepalive ttl "10s"
2. context deadline exceeded

2026-05-09T23:45:08.549+08:00 [ERRO] keepalive retry register failed, will retry in 3s: etcd grant failed with keepalive ttl "10s": context deadline exceeded
1. etcd grant failed with keepalive ttl "10s"
2. context deadline exceeded

2026-05-09T23:45:14.449+08:00 [ERRO] keepalive retry register failed, will retry in 1s: etcd grant failed with keepalive ttl "10s": context deadline exceeded
1. etcd grant failed with keepalive ttl "10s"
2. context deadline exceeded

2026-05-09T23:45:16.553+08:00 [ERRO] keepalive retry register failed, will retry in 2s: etcd grant failed with keepalive ttl "10s": context deadline exceeded
1. etcd grant failed with keepalive ttl "10s"
2. context deadline exceeded

2026-05-09T23:45:20.454+08:00 [ERRO] keepalive retry register failed, will retry in 3s: etcd grant failed with keepalive ttl "10s": context deadline exceeded
1. etcd grant failed with keepalive ttl "10s"
2. context deadline exceeded

2026-05-09T23:45:23.557+08:00 [ERRO] keepalive retry register failed, will retry in 2s: etcd grant failed with keepalive ttl "10s": context deadline exceeded
1. etcd grant failed with keepalive ttl "10s"
2. context deadline exceeded

2026-05-09T23:45:28.460+08:00 [ERRO] keepalive retry register failed, will retry in 2s: etcd grant failed with keepalive ttl "10s": context deadline exceeded
1. etcd grant failed with keepalive ttl "10s"
2. context deadline exceeded

2026-05-09T23:45:30.561+08:00 [ERRO] keepalive retry register failed, will retry in 2s: etcd grant failed with keepalive ttl "10s": context deadline exceeded
1. etcd grant failed with keepalive ttl "10s"
2. context deadline exceeded

2026-05-09T23:45:35.467+08:00 [ERRO] keepalive retry register failed, will retry in 3s: etcd grant failed with keepalive ttl "10s": context deadline exceeded
1. etcd grant failed with keepalive ttl "10s"
2. context deadline exceeded

2026-05-09T23:45:37.566+08:00 [ERRO] keepalive retry register failed, will retry in 2s: etcd grant failed with keepalive ttl "10s": context deadline exceeded
1. etcd grant failed with keepalive ttl "10s"
2. context deadline exceeded

2026-05-09T23:45:43.476+08:00 [ERRO] keepalive retry register failed, will retry in 3s: etcd grant failed with keepalive ttl "10s": context deadline exceeded
1. etcd grant failed with keepalive ttl "10s"
2. context deadline exceeded

2026-05-09T23:45:44.576+08:00 [ERRO] keepalive retry register failed, will retry in 3s: etcd grant failed with keepalive ttl "10s": context deadline exceeded
1. etcd grant failed with keepalive ttl "10s"
2. context deadline exceeded

2026-05-09T23:45:51.482+08:00 [ERRO] keepalive retry register failed, will retry in 3s: etcd grant failed with keepalive ttl "10s": context deadline exceeded
1. etcd grant failed with keepalive ttl "10s"
2. context deadline exceeded

2026-05-09T23:45:52.585+08:00 [ERRO] keepalive retry register failed, will retry in 3s: etcd grant failed with keepalive ttl "10s": context deadline exceeded
1. etcd grant failed with keepalive ttl "10s"
2. context deadline exceeded

2026-05-09T23:45:59.490+08:00 [ERRO] keepalive retry register failed, will retry in 1s: etcd grant failed with keepalive ttl "10s": context deadline exceeded
1. etcd grant failed with keepalive ttl "10s"
2. context deadline exceeded

2026-05-09T23:46:00.590+08:00 [ERRO] keepalive retry register failed, will retry in 2s: etcd grant failed with keepalive ttl "10s": context deadline exceeded
1. etcd grant failed with keepalive ttl "10s"
2. context deadline exceeded

2026-05-09T23:46:05.493+08:00 [ERRO] keepalive retry register failed, will retry in 3s: etcd grant failed with keepalive ttl "10s": context deadline exceeded
1. etcd grant failed with keepalive ttl "10s"
2. context deadline exceeded

2026-05-09T23:46:07.595+08:00 [ERRO] keepalive retry register failed, will retry in 3s: etcd grant failed with keepalive ttl "10s": context deadline exceeded
1. etcd grant failed with keepalive ttl "10s"
2. context deadline exceeded

2026-05-09T23:46:13.499+08:00 [ERRO] keepalive retry register failed, will retry in 2s: etcd grant failed with keepalive ttl "10s": context deadline exceeded
1. etcd grant failed with keepalive ttl "10s"
2. context deadline exceeded

2026-05-09T23:46:15.604+08:00 [ERRO] keepalive retry register failed, will retry in 3s: etcd grant failed with keepalive ttl "10s": context deadline exceeded
1. etcd grant failed with keepalive ttl "10s"
2. context deadline exceeded

2026-05-09T23:46:20.507+08:00 [ERRO] keepalive retry register failed, will retry in 3s: etcd grant failed with keepalive ttl "10s": context deadline exceeded
1. etcd grant failed with keepalive ttl "10s"
2. context deadline exceeded

2026-05-09T23:46:23.611+08:00 [ERRO] keepalive retry register failed, will retry in 3s: etcd grant failed with keepalive ttl "10s": context deadline exceeded
1. etcd grant failed with keepalive ttl "10s"
2. context deadline exceeded

2026-05-09T23:46:28.514+08:00 [ERRO] keepalive retry register failed, will retry in 2s: etcd grant failed with keepalive ttl "10s": context deadline exceeded
1. etcd grant failed with keepalive ttl "10s"
2. context deadline exceeded

2026-05-09T23:46:31.617+08:00 [ERRO] keepalive retry register failed, will retry in 2s: etcd grant failed with keepalive ttl "10s": context deadline exceeded
1. etcd grant failed with keepalive ttl "10s"
2. context deadline exceeded

2026-05-09T23:46:35.518+08:00 [ERRO] keepalive retry register failed, will retry in 3s: etcd grant failed with keepalive ttl "10s": context deadline exceeded
1. etcd grant failed with keepalive ttl "10s"
2. context deadline exceeded

2026-05-09T23:46:38.625+08:00 [ERRO] keepalive retry register failed, will retry in 1s: etcd grant failed with keepalive ttl "10s": context deadline exceeded
1. etcd grant failed with keepalive ttl "10s"
2. context deadline exceeded

2026-05-09T23:46:43.525+08:00 [ERRO] keepalive retry register failed, will retry in 3s: etcd grant failed with keepalive ttl "10s": context deadline exceeded
1. etcd grant failed with keepalive ttl "10s"
2. context deadline exceeded

2026-05-09T23:46:44.632+08:00 [ERRO] keepalive retry register failed, will retry in 3s: etcd grant failed with keepalive ttl "10s": context deadline exceeded
1. etcd grant failed with keepalive ttl "10s"
2. context deadline exceeded

2026-05-09T23:46:51.533+08:00 [ERRO] keepalive retry register failed, will retry in 1s: etcd grant failed with keepalive ttl "10s": context deadline exceeded
1. etcd grant failed with keepalive ttl "10s"
2. context deadline exceeded

2026-05-09T23:46:52.640+08:00 [ERRO] keepalive retry register failed, will retry in 3s: etcd grant failed with keepalive ttl "10s": context deadline exceeded
1. etcd grant failed with keepalive ttl "10s"
2. context deadline exceeded

2026-05-09T23:46:57.540+08:00 [ERRO] keepalive retry register failed, will retry in 1s: etcd grant failed with keepalive ttl "10s": context deadline exceeded
1. etcd grant failed with keepalive ttl "10s"
2. context deadline exceeded

2026-05-09T23:47:00.645+08:00 [ERRO] keepalive retry register failed, will retry in 2s: etcd grant failed with keepalive ttl "10s": context deadline exceeded
1. etcd grant failed with keepalive ttl "10s"
2. context deadline exceeded

2026-05-09T23:47:03.549+08:00 [ERRO] keepalive retry register failed, will retry in 3s: etcd grant failed with keepalive ttl "10s": context deadline exceeded
1. etcd grant failed with keepalive ttl "10s"
2. context deadline exceeded

2026-05-09T23:47:07.651+08:00 [ERRO] keepalive retry register failed, will retry in 2s: etcd grant failed with keepalive ttl "10s": context deadline exceeded
1. etcd grant failed with keepalive ttl "10s"
2. context deadline exceeded

2026-05-09T23:47:11.558+08:00 [ERRO] keepalive retry register failed, will retry in 2s: etcd grant failed with keepalive ttl "10s": context deadline exceeded
1. etcd grant failed with keepalive ttl "10s"
2. context deadline exceeded

2026-05-09T23:47:14.658+08:00 [ERRO] keepalive retry register failed, will retry in 2s: etcd grant failed with keepalive ttl "10s": context deadline exceeded
1. etcd grant failed with keepalive ttl "10s"
2. context deadline exceeded

2026-05-09T23:47:18.565+08:00 [ERRO] keepalive retry register failed, will retry in 3s: etcd grant failed with keepalive ttl "10s": context deadline exceeded
1. etcd grant failed with keepalive ttl "10s"
2. context deadline exceeded

2026-05-09T23:47:21.666+08:00 [ERRO] keepalive retry register failed, will retry in 1s: etcd grant failed with keepalive ttl "10s": context deadline exceeded
1. etcd grant failed with keepalive ttl "10s"
2. context deadline exceeded

2026-05-09T23:47:26.573+08:00 [ERRO] keepalive retry register failed, will retry in 1s: etcd grant failed with keepalive ttl "10s": context deadline exceeded
1. etcd grant failed with keepalive ttl "10s"
2. context deadline exceeded

2026-05-09T23:47:27.672+08:00 [ERRO] keepalive retry register failed, will retry in 1s: etcd grant failed with keepalive ttl "10s": context deadline exceeded
1. etcd grant failed with keepalive ttl "10s"
2. context deadline exceeded

2026-05-09T23:47:32.576+08:00 [ERRO] keepalive retry register failed, will retry in 3s: etcd grant failed with keepalive ttl "10s": context deadline exceeded
1. etcd grant failed with keepalive ttl "10s"
2. context deadline exceeded

2026-05-09T23:47:33.678+08:00 [ERRO] keepalive retry register failed, will retry in 3s: etcd grant failed with keepalive ttl "10s": context deadline exceeded
1. etcd grant failed with keepalive ttl "10s"
2. context deadline exceeded

2026-05-09T23:47:40.583+08:00 [ERRO] keepalive retry register failed, will retry in 3s: etcd grant failed with keepalive ttl "10s": context deadline exceeded
1. etcd grant failed with keepalive ttl "10s"
2. context deadline exceeded

2026-05-09T23:47:41.685+08:00 [ERRO] keepalive retry register failed, will retry in 2s: etcd grant failed with keepalive ttl "10s": context deadline exceeded
1. etcd grant failed with keepalive ttl "10s"
2. context deadline exceeded

2026-05-09T23:47:48.591+08:00 [ERRO] keepalive retry register failed, will retry in 3s: etcd grant failed with keepalive ttl "10s": context deadline exceeded
1. etcd grant failed with keepalive ttl "10s"
2. context deadline exceeded

2026-05-09T23:47:48.692+08:00 [ERRO] keepalive retry register failed, will retry in 3s: etcd grant failed with keepalive ttl "10s": context deadline exceeded
1. etcd grant failed with keepalive ttl "10s"
2. context deadline exceeded

2026-05-09T23:47:56.598+08:00 [ERRO] keepalive retry register failed, will retry in 3s: etcd grant failed with keepalive ttl "10s": context deadline exceeded
1. etcd grant failed with keepalive ttl "10s"
2. context deadline exceeded

2026-05-09T23:47:56.702+08:00 [ERRO] keepalive retry register failed, will retry in 2s: etcd grant failed with keepalive ttl "10s": context deadline exceeded
1. etcd grant failed with keepalive ttl "10s"
2. context deadline exceeded

2026-05-09T23:48:03.709+08:00 [ERRO] keepalive retry register failed, will retry in 3s: etcd grant failed with keepalive ttl "10s": context deadline exceeded
1. etcd grant failed with keepalive ttl "10s"
2. context deadline exceeded

2026-05-09T23:48:04.605+08:00 [ERRO] keepalive retry register failed, will retry in 3s: etcd grant failed with keepalive ttl "10s": context deadline exceeded
1. etcd grant failed with keepalive ttl "10s"
2. context deadline exceeded

2026-05-09T23:48:11.713+08:00 [ERRO] keepalive retry register failed, will retry in 1s: etcd grant failed with keepalive ttl "10s": context deadline exceeded
1. etcd grant failed with keepalive ttl "10s"
2. context deadline exceeded

2026-05-09T23:48:12.613+08:00 [ERRO] keepalive retry register failed, will retry in 2s: etcd grant failed with keepalive ttl "10s": context deadline exceeded
1. etcd grant failed with keepalive ttl "10s"
2. context deadline exceeded

2026-05-09T23:48:17.719+08:00 [ERRO] keepalive retry register failed, will retry in 1s: etcd grant failed with keepalive ttl "10s": context deadline exceeded
1. etcd grant failed with keepalive ttl "10s"
2. context deadline exceeded

2026-05-09T23:48:19.617+08:00 [ERRO] keepalive retry register failed, will retry in 1s: etcd grant failed with keepalive ttl "10s": context deadline exceeded
1. etcd grant failed with keepalive ttl "10s"
2. context deadline exceeded

2026-05-09T23:48:23.726+08:00 [ERRO] keepalive retry register failed, will retry in 2s: etcd grant failed with keepalive ttl "10s": context deadline exceeded
1. etcd grant failed with keepalive ttl "10s"
2. context deadline exceeded

2026-05-09T23:48:25.624+08:00 [ERRO] keepalive retry register failed, will retry in 1s: etcd grant failed with keepalive ttl "10s": context deadline exceeded
1. etcd grant failed with keepalive ttl "10s"
2. context deadline exceeded

2026-05-09T23:48:30.729+08:00 [ERRO] keepalive retry register failed, will retry in 1s: etcd grant failed with keepalive ttl "10s": context deadline exceeded
1. etcd grant failed with keepalive ttl "10s"
2. context deadline exceeded

2026-05-09T23:48:31.636+08:00 [ERRO] keepalive retry register failed, will retry in 1s: etcd grant failed with keepalive ttl "10s": context deadline exceeded
1. etcd grant failed with keepalive ttl "10s"
2. context deadline exceeded

2026-05-09T23:48:36.736+08:00 [ERRO] keepalive retry register failed, will retry in 2s: etcd grant failed with keepalive ttl "10s": context deadline exceeded
1. etcd grant failed with keepalive ttl "10s"
2. context deadline exceeded

2026-05-09T23:48:37.642+08:00 [ERRO] keepalive retry register failed, will retry in 2s: etcd grant failed with keepalive ttl "10s": context deadline exceeded
1. etcd grant failed with keepalive ttl "10s"
2. context deadline exceeded

2026-05-09T23:48:43.742+08:00 [ERRO] keepalive retry register failed, will retry in 1s: etcd grant failed with keepalive ttl "10s": context deadline exceeded
1. etcd grant failed with keepalive ttl "10s"
2. context deadline exceeded

2026-05-09T23:48:44.649+08:00 [ERRO] keepalive retry register failed, will retry in 2s: etcd grant failed with keepalive ttl "10s": context deadline exceeded
1. etcd grant failed with keepalive ttl "10s"
2. context deadline exceeded

2026-05-09T23:48:49.748+08:00 [ERRO] keepalive retry register failed, will retry in 2s: etcd grant failed with keepalive ttl "10s": context deadline exceeded
1. etcd grant failed with keepalive ttl "10s"
2. context deadline exceeded

2026-05-09T23:48:51.661+08:00 [ERRO] keepalive retry register failed, will retry in 2s: etcd grant failed with keepalive ttl "10s": context deadline exceeded
1. etcd grant failed with keepalive ttl "10s"
2. context deadline exceeded

2026-05-09T23:48:56.755+08:00 [ERRO] keepalive retry register failed, will retry in 1s: etcd grant failed with keepalive ttl "10s": context deadline exceeded
1. etcd grant failed with keepalive ttl "10s"
2. context deadline exceeded

2026-05-09T23:48:58.668+08:00 [ERRO] keepalive retry register failed, will retry in 3s: etcd grant failed with keepalive ttl "10s": context deadline exceeded
1. etcd grant failed with keepalive ttl "10s"
2. context deadline exceeded

2026-05-09T23:49:02.762+08:00 [ERRO] keepalive retry register failed, will retry in 1s: etcd grant failed with keepalive ttl "10s": context deadline exceeded
1. etcd grant failed with keepalive ttl "10s"
2. context deadline exceeded

2026-05-09T23:49:06.675+08:00 [ERRO] keepalive retry register failed, will retry in 2s: etcd grant failed with keepalive ttl "10s": context deadline exceeded
1. etcd grant failed with keepalive ttl "10s"
2. context deadline exceeded

2026-05-09T23:49:08.769+08:00 [ERRO] keepalive retry register failed, will retry in 2s: etcd grant failed with keepalive ttl "10s": context deadline exceeded
1. etcd grant failed with keepalive ttl "10s"
2. context deadline exceeded

2026-05-09T23:49:13.681+08:00 [ERRO] keepalive retry register failed, will retry in 1s: etcd grant failed with keepalive ttl "10s": context deadline exceeded
1. etcd grant failed with keepalive ttl "10s"
2. context deadline exceeded

2026-05-09T23:49:15.775+08:00 [ERRO] keepalive retry register failed, will retry in 2s: etcd grant failed with keepalive ttl "10s": context deadline exceeded
1. etcd grant failed with keepalive ttl "10s"
2. context deadline exceeded

2026-05-09T23:49:19.689+08:00 [ERRO] keepalive retry register failed, will retry in 1s: etcd grant failed with keepalive ttl "10s": context deadline exceeded
1. etcd grant failed with keepalive ttl "10s"
2. context deadline exceeded

2026-05-09T23:49:22.783+08:00 [ERRO] keepalive retry register failed, will retry in 3s: etcd grant failed with keepalive ttl "10s": context deadline exceeded
1. etcd grant failed with keepalive ttl "10s"
2. context deadline exceeded

2026-05-09T23:49:25.694+08:00 [ERRO] keepalive retry register failed, will retry in 3s: etcd grant failed with keepalive ttl "10s": context deadline exceeded
1. etcd grant failed with keepalive ttl "10s"
2. context deadline exceeded

2026-05-09T23:49:30.789+08:00 [ERRO] keepalive retry register failed, will retry in 2s: etcd grant failed with keepalive ttl "10s": context deadline exceeded
1. etcd grant failed with keepalive ttl "10s"
2. context deadline exceeded

2026-05-09T23:49:33.701+08:00 [ERRO] keepalive retry register failed, will retry in 2s: etcd grant failed with keepalive ttl "10s": context deadline exceeded
1. etcd grant failed with keepalive ttl "10s"
2. context deadline exceeded

2026-05-09T23:49:37.797+08:00 [ERRO] keepalive retry register failed, will retry in 3s: etcd grant failed with keepalive ttl "10s": context deadline exceeded
1. etcd grant failed with keepalive ttl "10s"
2. context deadline exceeded

2026-05-09T23:49:40.711+08:00 [ERRO] keepalive retry register failed, will retry in 3s: etcd grant failed with keepalive ttl "10s": context deadline exceeded
1. etcd grant failed with keepalive ttl "10s"
2. context deadline exceeded

2026-05-09T23:49:45.802+08:00 [ERRO] keepalive retry register failed, will retry in 3s: etcd grant failed with keepalive ttl "10s": context deadline exceeded
1. etcd grant failed with keepalive ttl "10s"
2. context deadline exceeded

2026-05-09T23:49:48.716+08:00 [ERRO] keepalive retry register failed, will retry in 3s: etcd grant failed with keepalive ttl "10s": context deadline exceeded
1. etcd grant failed with keepalive ttl "10s"
2. context deadline exceeded

2026-05-09T23:49:53.807+08:00 [ERRO] keepalive retry register failed, will retry in 2s: etcd grant failed with keepalive ttl "10s": context deadline exceeded
1. etcd grant failed with keepalive ttl "10s"
2. context deadline exceeded

2026-05-09T23:49:56.724+08:00 [ERRO] keepalive retry register failed, will retry in 1s: etcd grant failed with keepalive ttl "10s": context deadline exceeded
1. etcd grant failed with keepalive ttl "10s"
2. context deadline exceeded

2026-05-09T23:50:00.810+08:00 [ERRO] keepalive retry register failed, will retry in 2s: etcd grant failed with keepalive ttl "10s": context deadline exceeded
1. etcd grant failed with keepalive ttl "10s"
2. context deadline exceeded

2026-05-09T23:50:02.729+08:00 [ERRO] keepalive retry register failed, will retry in 1s: etcd grant failed with keepalive ttl "10s": context deadline exceeded
1. etcd grant failed with keepalive ttl "10s"
2. context deadline exceeded

2026-05-09T23:50:07.818+08:00 [ERRO] keepalive retry register failed, will retry in 2s: etcd grant failed with keepalive ttl "10s": context deadline exceeded
1. etcd grant failed with keepalive ttl "10s"
2. context deadline exceeded

2026-05-09T23:50:08.740+08:00 [ERRO] keepalive retry register failed, will retry in 2s: etcd grant failed with keepalive ttl "10s": context deadline exceeded
1. etcd grant failed with keepalive ttl "10s"
2. context deadline exceeded

2026-05-09T23:50:14.825+08:00 [ERRO] keepalive retry register failed, will retry in 3s: etcd grant failed with keepalive ttl "10s": context deadline exceeded
1. etcd grant failed with keepalive ttl "10s"
2. context deadline exceeded

2026-05-09T23:50:15.744+08:00 [ERRO] keepalive retry register failed, will retry in 1s: etcd grant failed with keepalive ttl "10s": context deadline exceeded
1. etcd grant failed with keepalive ttl "10s"
2. context deadline exceeded

2026-05-09T23:50:21.753+08:00 [ERRO] keepalive retry register failed, will retry in 3s: etcd grant failed with keepalive ttl "10s": context deadline exceeded
1. etcd grant failed with keepalive ttl "10s"
2. context deadline exceeded

2026-05-09T23:50:22.829+08:00 [ERRO] keepalive retry register failed, will retry in 1s: etcd grant failed with keepalive ttl "10s": context deadline exceeded
1. etcd grant failed with keepalive ttl "10s"
2. context deadline exceeded

2026-05-09T23:50:28.837+08:00 [ERRO] keepalive retry register failed, will retry in 1s: etcd grant failed with keepalive ttl "10s": context deadline exceeded
1. etcd grant failed with keepalive ttl "10s"
2. context deadline exceeded

2026-05-09T23:50:29.761+08:00 [ERRO] keepalive retry register failed, will retry in 3s: etcd grant failed with keepalive ttl "10s": context deadline exceeded
1. etcd grant failed with keepalive ttl "10s"
2. context deadline exceeded

2026-05-09T23:50:34.846+08:00 [ERRO] keepalive retry register failed, will retry in 3s: etcd grant failed with keepalive ttl "10s": context deadline exceeded
1. etcd grant failed with keepalive ttl "10s"
2. context deadline exceeded

2026-05-09T23:50:37.766+08:00 [ERRO] keepalive retry register failed, will retry in 2s: etcd grant failed with keepalive ttl "10s": context deadline exceeded
1. etcd grant failed with keepalive ttl "10s"
2. context deadline exceeded

2026-05-09T23:50:42.853+08:00 [ERRO] keepalive retry register failed, will retry in 1s: etcd grant failed with keepalive ttl "10s": context deadline exceeded
1. etcd grant failed with keepalive ttl "10s"
2. context deadline exceeded

2026-05-09T23:50:44.773+08:00 [ERRO] keepalive retry register failed, will retry in 2s: etcd grant failed with keepalive ttl "10s": context deadline exceeded
1. etcd grant failed with keepalive ttl "10s"
2. context deadline exceeded

2026-05-09T23:50:48.862+08:00 [ERRO] keepalive retry register failed, will retry in 2s: etcd grant failed with keepalive ttl "10s": context deadline exceeded
1. etcd grant failed with keepalive ttl "10s"
2. context deadline exceeded

2026-05-09T23:50:51.780+08:00 [ERRO] keepalive retry register failed, will retry in 3s: etcd grant failed with keepalive ttl "10s": context deadline exceeded
1. etcd grant failed with keepalive ttl "10s"
2. context deadline exceeded

2026-05-09T23:50:55.870+08:00 [ERRO] keepalive retry register failed, will retry in 3s: etcd grant failed with keepalive ttl "10s": context deadline exceeded
1. etcd grant failed with keepalive ttl "10s"
2. context deadline exceeded

2026-05-09T23:50:59.788+08:00 [ERRO] keepalive retry register failed, will retry in 3s: etcd grant failed with keepalive ttl "10s": context deadline exceeded
1. etcd grant failed with keepalive ttl "10s"
2. context deadline exceeded

2026-05-09T23:51:03.876+08:00 [ERRO] keepalive retry register failed, will retry in 1s: etcd grant failed with keepalive ttl "10s": context deadline exceeded
1. etcd grant failed with keepalive ttl "10s"
2. context deadline exceeded

2026-05-09T23:51:07.795+08:00 [ERRO] keepalive retry register failed, will retry in 3s: etcd grant failed with keepalive ttl "10s": context deadline exceeded
1. etcd grant failed with keepalive ttl "10s"
2. context deadline exceeded

2026-05-09T23:51:09.884+08:00 [ERRO] keepalive retry register failed, will retry in 2s: etcd grant failed with keepalive ttl "10s": context deadline exceeded
1. etcd grant failed with keepalive ttl "10s"
2. context deadline exceeded

2026-05-09T23:51:15.804+08:00 [ERRO] keepalive retry register failed, will retry in 2s: etcd grant failed with keepalive ttl "10s": context deadline exceeded
1. etcd grant failed with keepalive ttl "10s"
2. context deadline exceeded

2026-05-09T23:51:16.888+08:00 [ERRO] keepalive retry register failed, will retry in 1s: etcd grant failed with keepalive ttl "10s": context deadline exceeded
1. etcd grant failed with keepalive ttl "10s"
2. context deadline exceeded

2026-05-09T23:51:22.813+08:00 [ERRO] keepalive retry register failed, will retry in 1s: etcd grant failed with keepalive ttl "10s": context deadline exceeded
1. etcd grant failed with keepalive ttl "10s"
2. context deadline exceeded

2026-05-09T23:51:22.894+08:00 [ERRO] keepalive retry register failed, will retry in 3s: etcd grant failed with keepalive ttl "10s": context deadline exceeded
1. etcd grant failed with keepalive ttl "10s"
2. context deadline exceeded

2026-05-09T23:51:28.821+08:00 [ERRO] keepalive retry register failed, will retry in 2s: etcd grant failed with keepalive ttl "10s": context deadline exceeded
1. etcd grant failed with keepalive ttl "10s"
2. context deadline exceeded

2026-05-09T23:51:30.901+08:00 [ERRO] keepalive retry register failed, will retry in 3s: etcd grant failed with keepalive ttl "10s": context deadline exceeded
1. etcd grant failed with keepalive ttl "10s"
2. context deadline exceeded

2026-05-09T23:51:35.830+08:00 [ERRO] keepalive retry register failed, will retry in 3s: etcd grant failed with keepalive ttl "10s": context deadline exceeded
1. etcd grant failed with keepalive ttl "10s"
2. context deadline exceeded

2026-05-09T23:51:38.908+08:00 [ERRO] keepalive retry register failed, will retry in 3s: etcd grant failed with keepalive ttl "10s": context deadline exceeded
1. etcd grant failed with keepalive ttl "10s"
2. context deadline exceeded

2026-05-09T23:51:43.836+08:00 [ERRO] keepalive retry register failed, will retry in 1s: etcd grant failed with keepalive ttl "10s": context deadline exceeded
1. etcd grant failed with keepalive ttl "10s"
2. context deadline exceeded

2026-05-09T23:51:46.915+08:00 [ERRO] keepalive retry register failed, will retry in 2s: etcd grant failed with keepalive ttl "10s": context deadline exceeded
1. etcd grant failed with keepalive ttl "10s"
2. context deadline exceeded

2026-05-09T23:51:49.843+08:00 [ERRO] keepalive retry register failed, will retry in 1s: etcd grant failed with keepalive ttl "10s": context deadline exceeded
1. etcd grant failed with keepalive ttl "10s"
2. context deadline exceeded

2026-05-09T23:51:53.923+08:00 [ERRO] keepalive retry register failed, will retry in 1s: etcd grant failed with keepalive ttl "10s": context deadline exceeded
1. etcd grant failed with keepalive ttl "10s"
2. context deadline exceeded

2026-05-09T23:51:55.851+08:00 [ERRO] keepalive retry register failed, will retry in 3s: etcd grant failed with keepalive ttl "10s": context deadline exceeded
1. etcd grant failed with keepalive ttl "10s"
2. context deadline exceeded

2026-05-09T23:51:59.930+08:00 [ERRO] keepalive retry register failed, will retry in 3s: etcd grant failed with keepalive ttl "10s": context deadline exceeded
1. etcd grant failed with keepalive ttl "10s"
2. context deadline exceeded

2026-05-09T23:52:03.858+08:00 [ERRO] keepalive retry register failed, will retry in 3s: etcd grant failed with keepalive ttl "10s": context deadline exceeded
1. etcd grant failed with keepalive ttl "10s"
2. context deadline exceeded

2026-05-09T23:52:07.937+08:00 [ERRO] keepalive retry register failed, will retry in 3s: etcd grant failed with keepalive ttl "10s": context deadline exceeded
1. etcd grant failed with keepalive ttl "10s"
2. context deadline exceeded

2026-05-09T23:52:11.864+08:00 [ERRO] keepalive retry register failed, will retry in 2s: etcd grant failed with keepalive ttl "10s": context deadline exceeded
1. etcd grant failed with keepalive ttl "10s"
2. context deadline exceeded

2026-05-09T23:52:15.945+08:00 [ERRO] keepalive retry register failed, will retry in 2s: etcd grant failed with keepalive ttl "10s": context deadline exceeded
1. etcd grant failed with keepalive ttl "10s"
2. context deadline exceeded

2026-05-09T23:52:18.870+08:00 [ERRO] keepalive retry register failed, will retry in 3s: etcd grant failed with keepalive ttl "10s": context deadline exceeded
1. etcd grant failed with keepalive ttl "10s"
2. context deadline exceeded

2026-05-09T23:52:22.952+08:00 [ERRO] keepalive retry register failed, will retry in 3s: etcd grant failed with keepalive ttl "10s": context deadline exceeded
1. etcd grant failed with keepalive ttl "10s"
2. context deadline exceeded

2026-05-09T23:52:26.877+08:00 [ERRO] keepalive retry register failed, will retry in 1s: etcd grant failed with keepalive ttl "10s": context deadline exceeded
1. etcd grant failed with keepalive ttl "10s"
2. context deadline exceeded

2026-05-09T23:52:30.959+08:00 [ERRO] keepalive retry register failed, will retry in 3s: etcd grant failed with keepalive ttl "10s": context deadline exceeded
1. etcd grant failed with keepalive ttl "10s"
2. context deadline exceeded

2026-05-09T23:52:32.884+08:00 [ERRO] keepalive retry register failed, will retry in 3s: etcd grant failed with keepalive ttl "10s": context deadline exceeded
1. etcd grant failed with keepalive ttl "10s"
2. context deadline exceeded

2026-05-09T23:52:38.964+08:00 [ERRO] keepalive retry register failed, will retry in 1s: etcd grant failed with keepalive ttl "10s": context deadline exceeded
1. etcd grant failed with keepalive ttl "10s"
2. context deadline exceeded

2026-05-09T23:52:40.887+08:00 [ERRO] keepalive retry register failed, will retry in 2s: etcd grant failed with keepalive ttl "10s": context deadline exceeded
1. etcd grant failed with keepalive ttl "10s"
2. context deadline exceeded

2026-05-09T23:52:44.971+08:00 [ERRO] keepalive retry register failed, will retry in 3s: etcd grant failed with keepalive ttl "10s": context deadline exceeded
1. etcd grant failed with keepalive ttl "10s"
2. context deadline exceeded

2026-05-09T23:52:47.893+08:00 [ERRO] keepalive retry register failed, will retry in 3s: etcd grant failed with keepalive ttl "10s": context deadline exceeded
1. etcd grant failed with keepalive ttl "10s"
2. context deadline exceeded

2026-05-09T23:52:52.979+08:00 [ERRO] keepalive retry register failed, will retry in 3s: etcd grant failed with keepalive ttl "10s": context deadline exceeded
1. etcd grant failed with keepalive ttl "10s"
2. context deadline exceeded

2026-05-09T23:52:55.900+08:00 [ERRO] keepalive retry register failed, will retry in 3s: etcd grant failed with keepalive ttl "10s": context deadline exceeded
1. etcd grant failed with keepalive ttl "10s"
2. context deadline exceeded

2026-05-09T23:53:00.985+08:00 [ERRO] keepalive retry register failed, will retry in 2s: etcd grant failed with keepalive ttl "10s": context deadline exceeded
1. etcd grant failed with keepalive ttl "10s"
2. context deadline exceeded

2026-05-09T23:53:03.907+08:00 [ERRO] keepalive retry register failed, will retry in 2s: etcd grant failed with keepalive ttl "10s": context deadline exceeded
1. etcd grant failed with keepalive ttl "10s"
2. context deadline exceeded

2026-05-09T23:53:07.992+08:00 [ERRO] keepalive retry register failed, will retry in 3s: etcd grant failed with keepalive ttl "10s": context deadline exceeded
1. etcd grant failed with keepalive ttl "10s"
2. context deadline exceeded

2026-05-09T23:53:10.913+08:00 [ERRO] keepalive retry register failed, will retry in 2s: etcd grant failed with keepalive ttl "10s": context deadline exceeded
1. etcd grant failed with keepalive ttl "10s"
2. context deadline exceeded

2026-05-09T23:53:15.999+08:00 [ERRO] keepalive retry register failed, will retry in 3s: etcd grant failed with keepalive ttl "10s": context deadline exceeded
1. etcd grant failed with keepalive ttl "10s"
2. context deadline exceeded

2026-05-09T23:53:17.919+08:00 [ERRO] keepalive retry register failed, will retry in 1s: etcd grant failed with keepalive ttl "10s": context deadline exceeded
1. etcd grant failed with keepalive ttl "10s"
2. context deadline exceeded

2026-05-09T23:53:23.926+08:00 [ERRO] keepalive retry register failed, will retry in 1s: etcd grant failed with keepalive ttl "10s": context deadline exceeded
1. etcd grant failed with keepalive ttl "10s"
2. context deadline exceeded

2026-05-09T23:53:24.009+08:00 [ERRO] keepalive retry register failed, will retry in 2s: etcd grant failed with keepalive ttl "10s": context deadline exceeded
1. etcd grant failed with keepalive ttl "10s"
2. context deadline exceeded

2026-05-09T23:53:29.929+08:00 [ERRO] keepalive retry register failed, will retry in 2s: etcd grant failed with keepalive ttl "10s": context deadline exceeded
1. etcd grant failed with keepalive ttl "10s"
2. context deadline exceeded

2026-05-09T23:53:31.014+08:00 [ERRO] keepalive retry register failed, will retry in 1s: etcd grant failed with keepalive ttl "10s": context deadline exceeded
1. etcd grant failed with keepalive ttl "10s"
2. context deadline exceeded

2026-05-09T23:53:36.935+08:00 [ERRO] keepalive retry register failed, will retry in 1s: etcd grant failed with keepalive ttl "10s": context deadline exceeded
1. etcd grant failed with keepalive ttl "10s"
2. context deadline exceeded

2026-05-09T23:53:37.020+08:00 [ERRO] keepalive retry register failed, will retry in 3s: etcd grant failed with keepalive ttl "10s": context deadline exceeded
1. etcd grant failed with keepalive ttl "10s"
2. context deadline exceeded

2026-05-09T23:53:42.942+08:00 [ERRO] keepalive retry register failed, will retry in 3s: etcd grant failed with keepalive ttl "10s": context deadline exceeded
1. etcd grant failed with keepalive ttl "10s"
2. context deadline exceeded

2026-05-09T23:53:45.028+08:00 [ERRO] keepalive retry register failed, will retry in 2s: etcd grant failed with keepalive ttl "10s": context deadline exceeded
1. etcd grant failed with keepalive ttl "10s"
2. context deadline exceeded

2026-05-09T23:53:50.947+08:00 [ERRO] keepalive retry register failed, will retry in 2s: etcd grant failed with keepalive ttl "10s": context deadline exceeded
1. etcd grant failed with keepalive ttl "10s"
2. context deadline exceeded

2026-05-09T23:53:52.034+08:00 [ERRO] keepalive retry register failed, will retry in 3s: etcd grant failed with keepalive ttl "10s": context deadline exceeded
1. etcd grant failed with keepalive ttl "10s"
2. context deadline exceeded

2026-05-09T23:53:57.952+08:00 [ERRO] keepalive retry register failed, will retry in 3s: etcd grant failed with keepalive ttl "10s": context deadline exceeded
1. etcd grant failed with keepalive ttl "10s"
2. context deadline exceeded

2026-05-09T23:54:00.043+08:00 [ERRO] keepalive retry register failed, will retry in 3s: etcd grant failed with keepalive ttl "10s": context deadline exceeded
1. etcd grant failed with keepalive ttl "10s"
2. context deadline exceeded

2026-05-09T23:54:05.959+08:00 [ERRO] keepalive retry register failed, will retry in 2s: etcd grant failed with keepalive ttl "10s": context deadline exceeded
1. etcd grant failed with keepalive ttl "10s"
2. context deadline exceeded

2026-05-09T23:54:08.051+08:00 [ERRO] keepalive retry register failed, will retry in 3s: etcd grant failed with keepalive ttl "10s": context deadline exceeded
1. etcd grant failed with keepalive ttl "10s"
2. context deadline exceeded

2026-05-09T23:54:12.962+08:00 [ERRO] keepalive retry register failed, will retry in 3s: etcd grant failed with keepalive ttl "10s": context deadline exceeded
1. etcd grant failed with keepalive ttl "10s"
2. context deadline exceeded

2026-05-09T23:54:16.054+08:00 [ERRO] keepalive retry register failed, will retry in 1s: etcd grant failed with keepalive ttl "10s": context deadline exceeded
1. etcd grant failed with keepalive ttl "10s"
2. context deadline exceeded

2026-05-09T23:54:20.969+08:00 [ERRO] keepalive retry register failed, will retry in 2s: etcd grant failed with keepalive ttl "10s": context deadline exceeded
1. etcd grant failed with keepalive ttl "10s"
2. context deadline exceeded

2026-05-09T23:54:22.057+08:00 [ERRO] keepalive retry register failed, will retry in 3s: etcd grant failed with keepalive ttl "10s": context deadline exceeded
1. etcd grant failed with keepalive ttl "10s"
2. context deadline exceeded

2026-05-09T23:54:27.975+08:00 [ERRO] keepalive retry register failed, will retry in 3s: etcd grant failed with keepalive ttl "10s": context deadline exceeded
1. etcd grant failed with keepalive ttl "10s"
2. context deadline exceeded

2026-05-09T23:54:30.070+08:00 [ERRO] keepalive retry register failed, will retry in 2s: etcd grant failed with keepalive ttl "10s": context deadline exceeded
1. etcd grant failed with keepalive ttl "10s"
2. context deadline exceeded

2026-05-09T23:54:35.980+08:00 [ERRO] keepalive retry register failed, will retry in 3s: etcd grant failed with keepalive ttl "10s": context deadline exceeded
1. etcd grant failed with keepalive ttl "10s"
2. context deadline exceeded

2026-05-09T23:54:37.080+08:00 [ERRO] keepalive retry register failed, will retry in 1s: etcd grant failed with keepalive ttl "10s": context deadline exceeded
1. etcd grant failed with keepalive ttl "10s"
2. context deadline exceeded

2026-05-09T23:54:43.086+08:00 [ERRO] keepalive retry register failed, will retry in 2s: etcd grant failed with keepalive ttl "10s": context deadline exceeded
1. etcd grant failed with keepalive ttl "10s"
2. context deadline exceeded

2026-05-09T23:54:43.986+08:00 [ERRO] keepalive retry register failed, will retry in 3s: etcd grant failed with keepalive ttl "10s": context deadline exceeded
1. etcd grant failed with keepalive ttl "10s"
2. context deadline exceeded

2026-05-09T23:54:50.094+08:00 [ERRO] keepalive retry register failed, will retry in 1s: etcd grant failed with keepalive ttl "10s": context deadline exceeded
1. etcd grant failed with keepalive ttl "10s"
2. context deadline exceeded

2026-05-09T23:54:51.992+08:00 [ERRO] keepalive retry register failed, will retry in 3s: etcd grant failed with keepalive ttl "10s": context deadline exceeded
1. etcd grant failed with keepalive ttl "10s"
2. context deadline exceeded

2026-05-09T23:54:56.099+08:00 [ERRO] keepalive retry register failed, will retry in 2s: etcd grant failed with keepalive ttl "10s": context deadline exceeded
1. etcd grant failed with keepalive ttl "10s"
2. context deadline exceeded

2026-05-09T23:54:59.998+08:00 [ERRO] keepalive retry register failed, will retry in 2s: etcd grant failed with keepalive ttl "10s": context deadline exceeded
1. etcd grant failed with keepalive ttl "10s"
2. context deadline exceeded

2026-05-09T23:55:03.104+08:00 [ERRO] keepalive retry register failed, will retry in 3s: etcd grant failed with keepalive ttl "10s": context deadline exceeded
1. etcd grant failed with keepalive ttl "10s"
2. context deadline exceeded

2026-05-09T23:55:07.009+08:00 [ERRO] keepalive retry register failed, will retry in 3s: etcd grant failed with keepalive ttl "10s": context deadline exceeded
1. etcd grant failed with keepalive ttl "10s"
2. context deadline exceeded

2026-05-09T23:55:11.120+08:00 [ERRO] keepalive retry register failed, will retry in 3s: etcd grant failed with keepalive ttl "10s": context deadline exceeded
1. etcd grant failed with keepalive ttl "10s"
2. context deadline exceeded

2026-05-09T23:55:15.022+08:00 [ERRO] keepalive retry register failed, will retry in 3s: etcd grant failed with keepalive ttl "10s": context deadline exceeded
1. etcd grant failed with keepalive ttl "10s"
2. context deadline exceeded

2026-05-09T23:55:19.264+08:00 [ERRO] keepalive retry register failed, will retry in 1s: etcd grant failed with keepalive ttl "10s": context deadline exceeded
1. etcd grant failed with keepalive ttl "10s"
2. context deadline exceeded

2026-05-09T23:55:23.056+08:00 [ERRO] keepalive retry register failed, will retry in 2s: etcd grant failed with keepalive ttl "10s": context deadline exceeded
1. etcd grant failed with keepalive ttl "10s"
2. context deadline exceeded

2026-05-09T23:55:25.269+08:00 [ERRO] keepalive retry register failed, will retry in 3s: etcd grant failed with keepalive ttl "10s": context deadline exceeded
1. etcd grant failed with keepalive ttl "10s"
2. context deadline exceeded

2026-05-09T23:55:30.063+08:00 [ERRO] keepalive retry register failed, will retry in 2s: etcd grant failed with keepalive ttl "10s": context deadline exceeded
1. etcd grant failed with keepalive ttl "10s"
2. context deadline exceeded

2026-05-09T23:55:33.276+08:00 [ERRO] keepalive retry register failed, will retry in 1s: etcd grant failed with keepalive ttl "10s": context deadline exceeded
1. etcd grant failed with keepalive ttl "10s"
2. context deadline exceeded

2026-05-09T23:55:37.069+08:00 [ERRO] keepalive retry register failed, will retry in 1s: etcd grant failed with keepalive ttl "10s": context deadline exceeded
1. etcd grant failed with keepalive ttl "10s"
2. context deadline exceeded

2026-05-09T23:55:39.284+08:00 [ERRO] keepalive retry register failed, will retry in 1s: etcd grant failed with keepalive ttl "10s": context deadline exceeded
1. etcd grant failed with keepalive ttl "10s"
2. context deadline exceeded

2026-05-09T23:55:43.075+08:00 [ERRO] keepalive retry register failed, will retry in 3s: etcd grant failed with keepalive ttl "10s": context deadline exceeded
1. etcd grant failed with keepalive ttl "10s"
2. context deadline exceeded

2026-05-09T23:55:45.291+08:00 [ERRO] keepalive retry register failed, will retry in 1s: etcd grant failed with keepalive ttl "10s": context deadline exceeded
1. etcd grant failed with keepalive ttl "10s"
2. context deadline exceeded

2026-05-09T23:55:51.081+08:00 [ERRO] keepalive retry register failed, will retry in 1s: etcd grant failed with keepalive ttl "10s": context deadline exceeded
1. etcd grant failed with keepalive ttl "10s"
2. context deadline exceeded

2026-05-09T23:55:51.300+08:00 [ERRO] keepalive retry register failed, will retry in 2s: etcd grant failed with keepalive ttl "10s": context deadline exceeded
1. etcd grant failed with keepalive ttl "10s"
2. context deadline exceeded

2026-05-09T23:55:57.084+08:00 [ERRO] keepalive retry register failed, will retry in 1s: etcd grant failed with keepalive ttl "10s": context deadline exceeded
1. etcd grant failed with keepalive ttl "10s"
2. context deadline exceeded

2026-05-09T23:55:58.313+08:00 [ERRO] keepalive retry register failed, will retry in 2s: etcd grant failed with keepalive ttl "10s": context deadline exceeded
1. etcd grant failed with keepalive ttl "10s"
2. context deadline exceeded

2026-05-09T23:56:03.102+08:00 [ERRO] keepalive retry register failed, will retry in 2s: etcd grant failed with keepalive ttl "10s": context deadline exceeded
1. etcd grant failed with keepalive ttl "10s"
2. context deadline exceeded

2026-05-09T23:56:05.354+08:00 [ERRO] keepalive retry register failed, will retry in 1s: etcd grant failed with keepalive ttl "10s": context deadline exceeded
1. etcd grant failed with keepalive ttl "10s"
2. context deadline exceeded

2026-05-09T23:56:10.106+08:00 [ERRO] keepalive retry register failed, will retry in 3s: etcd grant failed with keepalive ttl "10s": context deadline exceeded
1. etcd grant failed with keepalive ttl "10s"
2. context deadline exceeded

2026-05-09T23:56:11.357+08:00 [ERRO] keepalive retry register failed, will retry in 2s: etcd grant failed with keepalive ttl "10s": context deadline exceeded
1. etcd grant failed with keepalive ttl "10s"
2. context deadline exceeded

2026-05-09T23:56:18.113+08:00 [ERRO] keepalive retry register failed, will retry in 3s: etcd grant failed with keepalive ttl "10s": context deadline exceeded
1. etcd grant failed with keepalive ttl "10s"
2. context deadline exceeded

2026-05-09T23:56:18.366+08:00 [ERRO] keepalive retry register failed, will retry in 3s: etcd grant failed with keepalive ttl "10s": context deadline exceeded
1. etcd grant failed with keepalive ttl "10s"
2. context deadline exceeded

2026-05-09T23:56:26.130+08:00 [ERRO] keepalive retry register failed, will retry in 2s: etcd grant failed with keepalive ttl "10s": context deadline exceeded
1. etcd grant failed with keepalive ttl "10s"
2. context deadline exceeded

2026-05-09T23:56:26.369+08:00 [ERRO] keepalive retry register failed, will retry in 2s: etcd grant failed with keepalive ttl "10s": context deadline exceeded
1. etcd grant failed with keepalive ttl "10s"
2. context deadline exceeded

2026-05-09T23:56:33.136+08:00 [ERRO] keepalive retry register failed, will retry in 1s: etcd grant failed with keepalive ttl "10s": context deadline exceeded
1. etcd grant failed with keepalive ttl "10s"
2. context deadline exceeded

2026-05-09T23:56:33.374+08:00 [ERRO] keepalive retry register failed, will retry in 2s: etcd grant failed with keepalive ttl "10s": context deadline exceeded
1. etcd grant failed with keepalive ttl "10s"
2. context deadline exceeded

2026-05-09T23:56:39.149+08:00 [ERRO] keepalive retry register failed, will retry in 1s: etcd grant failed with keepalive ttl "10s": context deadline exceeded
1. etcd grant failed with keepalive ttl "10s"
2. context deadline exceeded

2026-05-09T23:56:40.439+08:00 [ERRO] keepalive retry register failed, will retry in 3s: etcd grant failed with keepalive ttl "10s": context deadline exceeded
1. etcd grant failed with keepalive ttl "10s"
2. context deadline exceeded

2026-05-09T23:56:45.269+08:00 [ERRO] keepalive retry register failed, will retry in 3s: etcd grant failed with keepalive ttl "10s": context deadline exceeded
1. etcd grant failed with keepalive ttl "10s"
2. context deadline exceeded

2026-05-09T23:56:48.444+08:00 [ERRO] keepalive retry register failed, will retry in 1s: etcd grant failed with keepalive ttl "10s": context deadline exceeded
1. etcd grant failed with keepalive ttl "10s"
2. context deadline exceeded

2026-05-09T23:56:53.273+08:00 [ERRO] keepalive retry register failed, will retry in 3s: etcd grant failed with keepalive ttl "10s": context deadline exceeded
1. etcd grant failed with keepalive ttl "10s"
2. context deadline exceeded

2026-05-09T23:56:54.451+08:00 [ERRO] keepalive retry register failed, will retry in 3s: etcd grant failed with keepalive ttl "10s": context deadline exceeded
1. etcd grant failed with keepalive ttl "10s"
2. context deadline exceeded

2026-05-09T23:57:01.329+08:00 [ERRO] keepalive retry register failed, will retry in 1s: etcd grant failed with keepalive ttl "10s": context deadline exceeded
1. etcd grant failed with keepalive ttl "10s"
2. context deadline exceeded

2026-05-09T23:57:02.455+08:00 [ERRO] keepalive retry register failed, will retry in 2s: etcd grant failed with keepalive ttl "10s": context deadline exceeded
1. etcd grant failed with keepalive ttl "10s"
2. context deadline exceeded

2026-05-09T23:57:07.340+08:00 [ERRO] keepalive retry register failed, will retry in 2s: etcd grant failed with keepalive ttl "10s": context deadline exceeded
1. etcd grant failed with keepalive ttl "10s"
2. context deadline exceeded

2026-05-09T23:57:09.460+08:00 [ERRO] keepalive retry register failed, will retry in 2s: etcd grant failed with keepalive ttl "10s": context deadline exceeded
1. etcd grant failed with keepalive ttl "10s"
2. context deadline exceeded

2026-05-09T23:57:14.350+08:00 [ERRO] keepalive retry register failed, will retry in 2s: etcd grant failed with keepalive ttl "10s": context deadline exceeded
1. etcd grant failed with keepalive ttl "10s"
2. context deadline exceeded

2026-05-09T23:57:16.469+08:00 [ERRO] keepalive retry register failed, will retry in 3s: etcd grant failed with keepalive ttl "10s": context deadline exceeded
1. etcd grant failed with keepalive ttl "10s"
2. context deadline exceeded

2026-05-09T23:57:21.400+08:00 [ERRO] keepalive retry register failed, will retry in 1s: etcd grant failed with keepalive ttl "10s": context deadline exceeded
1. etcd grant failed with keepalive ttl "10s"
2. context deadline exceeded

2026-05-09T23:57:24.481+08:00 [ERRO] keepalive retry register failed, will retry in 3s: etcd grant failed with keepalive ttl "10s": context deadline exceeded
1. etcd grant failed with keepalive ttl "10s"
2. context deadline exceeded

2026-05-09T23:57:27.402+08:00 [ERRO] keepalive retry register failed, will retry in 2s: etcd grant failed with keepalive ttl "10s": context deadline exceeded
1. etcd grant failed with keepalive ttl "10s"
2. context deadline exceeded

2026-05-09T23:57:32.486+08:00 [ERRO] keepalive retry register failed, will retry in 2s: etcd grant failed with keepalive ttl "10s": context deadline exceeded
1. etcd grant failed with keepalive ttl "10s"
2. context deadline exceeded

2026-05-09T23:57:34.408+08:00 [ERRO] keepalive retry register failed, will retry in 1s: etcd grant failed with keepalive ttl "10s": context deadline exceeded
1. etcd grant failed with keepalive ttl "10s"
2. context deadline exceeded

2026-05-09T23:57:39.498+08:00 [ERRO] keepalive retry register failed, will retry in 3s: etcd grant failed with keepalive ttl "10s": context deadline exceeded
1. etcd grant failed with keepalive ttl "10s"
2. context deadline exceeded

2026-05-09T23:57:40.413+08:00 [ERRO] keepalive retry register failed, will retry in 2s: etcd grant failed with keepalive ttl "10s": context deadline exceeded
1. etcd grant failed with keepalive ttl "10s"
2. context deadline exceeded

2026-05-09T23:57:47.419+08:00 [ERRO] keepalive retry register failed, will retry in 1s: etcd grant failed with keepalive ttl "10s": context deadline exceeded
1. etcd grant failed with keepalive ttl "10s"
2. context deadline exceeded

2026-05-09T23:57:47.509+08:00 [ERRO] keepalive retry register failed, will retry in 3s: etcd grant failed with keepalive ttl "10s": context deadline exceeded
1. etcd grant failed with keepalive ttl "10s"
2. context deadline exceeded

2026-05-09T23:57:53.431+08:00 [ERRO] keepalive retry register failed, will retry in 1s: etcd grant failed with keepalive ttl "10s": context deadline exceeded
1. etcd grant failed with keepalive ttl "10s"
2. context deadline exceeded

2026-05-09T23:57:55.516+08:00 [ERRO] keepalive retry register failed, will retry in 3s: etcd grant failed with keepalive ttl "10s": context deadline exceeded
1. etcd grant failed with keepalive ttl "10s"
2. context deadline exceeded

2026-05-09T23:57:59.434+08:00 [ERRO] keepalive retry register failed, will retry in 2s: etcd grant failed with keepalive ttl "10s": context deadline exceeded
1. etcd grant failed with keepalive ttl "10s"
2. context deadline exceeded

2026-05-09T23:58:03.522+08:00 [ERRO] keepalive retry register failed, will retry in 3s: etcd grant failed with keepalive ttl "10s": context deadline exceeded
1. etcd grant failed with keepalive ttl "10s"
2. context deadline exceeded

2026-05-09T23:58:06.438+08:00 [ERRO] keepalive retry register failed, will retry in 2s: etcd grant failed with keepalive ttl "10s": context deadline exceeded
1. etcd grant failed with keepalive ttl "10s"
2. context deadline exceeded

2026-05-09T23:58:11.526+08:00 [ERRO] keepalive retry register failed, will retry in 1s: etcd grant failed with keepalive ttl "10s": context deadline exceeded
1. etcd grant failed with keepalive ttl "10s"
2. context deadline exceeded

2026-05-09T23:58:13.444+08:00 [ERRO] keepalive retry register failed, will retry in 3s: etcd grant failed with keepalive ttl "10s": context deadline exceeded
1. etcd grant failed with keepalive ttl "10s"
2. context deadline exceeded

2026-05-09T23:58:17.533+08:00 [ERRO] keepalive retry register failed, will retry in 2s: etcd grant failed with keepalive ttl "10s": context deadline exceeded
1. etcd grant failed with keepalive ttl "10s"
2. context deadline exceeded

2026-05-09T23:58:21.447+08:00 [ERRO] keepalive retry register failed, will retry in 1s: etcd grant failed with keepalive ttl "10s": context deadline exceeded
1. etcd grant failed with keepalive ttl "10s"
2. context deadline exceeded

2026-05-09T23:58:24.540+08:00 [ERRO] keepalive retry register failed, will retry in 3s: etcd grant failed with keepalive ttl "10s": context deadline exceeded
1. etcd grant failed with keepalive ttl "10s"
2. context deadline exceeded

2026-05-09T23:58:27.450+08:00 [ERRO] keepalive retry register failed, will retry in 2s: etcd grant failed with keepalive ttl "10s": context deadline exceeded
1. etcd grant failed with keepalive ttl "10s"
2. context deadline exceeded

2026-05-09T23:58:32.544+08:00 [ERRO] keepalive retry register failed, will retry in 2s: etcd grant failed with keepalive ttl "10s": context deadline exceeded
1. etcd grant failed with keepalive ttl "10s"
2. context deadline exceeded

2026-05-09T23:58:34.454+08:00 [ERRO] keepalive retry register failed, will retry in 2s: etcd grant failed with keepalive ttl "10s": context deadline exceeded
1. etcd grant failed with keepalive ttl "10s"
2. context deadline exceeded

2026-05-09T23:58:39.549+08:00 [ERRO] keepalive retry register failed, will retry in 3s: etcd grant failed with keepalive ttl "10s": context deadline exceeded
1. etcd grant failed with keepalive ttl "10s"
2. context deadline exceeded

2026-05-09T23:58:41.488+08:00 [ERRO] keepalive retry register failed, will retry in 1s: etcd grant failed with keepalive ttl "10s": context deadline exceeded
1. etcd grant failed with keepalive ttl "10s"
2. context deadline exceeded

2026-05-09T23:58:47.501+08:00 [ERRO] keepalive retry register failed, will retry in 3s: etcd grant failed with keepalive ttl "10s": context deadline exceeded
1. etcd grant failed with keepalive ttl "10s"
2. context deadline exceeded

2026-05-09T23:58:47.554+08:00 [ERRO] keepalive retry register failed, will retry in 1s: etcd grant failed with keepalive ttl "10s": context deadline exceeded
1. etcd grant failed with keepalive ttl "10s"
2. context deadline exceeded

2026-05-09T23:58:53.564+08:00 [ERRO] keepalive retry register failed, will retry in 3s: etcd grant failed with keepalive ttl "10s": context deadline exceeded
1. etcd grant failed with keepalive ttl "10s"
2. context deadline exceeded

2026-05-09T23:58:55.535+08:00 [ERRO] keepalive retry register failed, will retry in 3s: etcd grant failed with keepalive ttl "10s": context deadline exceeded
1. etcd grant failed with keepalive ttl "10s"
2. context deadline exceeded

2026-05-09T23:59:01.569+08:00 [ERRO] keepalive retry register failed, will retry in 1s: etcd grant failed with keepalive ttl "10s": context deadline exceeded
1. etcd grant failed with keepalive ttl "10s"
2. context deadline exceeded

2026-05-09T23:59:03.540+08:00 [ERRO] keepalive retry register failed, will retry in 3s: etcd grant failed with keepalive ttl "10s": context deadline exceeded
1. etcd grant failed with keepalive ttl "10s"
2. context deadline exceeded

2026-05-09T23:59:07.572+08:00 [ERRO] keepalive retry register failed, will retry in 3s: etcd grant failed with keepalive ttl "10s": context deadline exceeded
1. etcd grant failed with keepalive ttl "10s"
2. context deadline exceeded

2026-05-09T23:59:11.549+08:00 [ERRO] keepalive retry register failed, will retry in 3s: etcd grant failed with keepalive ttl "10s": context deadline exceeded
1. etcd grant failed with keepalive ttl "10s"
2. context deadline exceeded

2026-05-09T23:59:15.612+08:00 [ERRO] keepalive retry register failed, will retry in 2s: etcd grant failed with keepalive ttl "10s": context deadline exceeded
1. etcd grant failed with keepalive ttl "10s"
2. context deadline exceeded

2026-05-09T23:59:20.345+08:00 [ERRO] keepalive retry register failed, will retry in 3s: etcd grant failed with keepalive ttl "10s": context deadline exceeded
1. etcd grant failed with keepalive ttl "10s"
2. context deadline exceeded

2026-05-09T23:59:23.274+08:00 [ERRO] keepalive retry register failed, will retry in 3s: etcd grant failed with keepalive ttl "10s": context deadline exceeded
1. etcd grant failed with keepalive ttl "10s"
2. context deadline exceeded

2026-05-09T23:59:28.470+08:00 [ERRO] keepalive retry register failed, will retry in 1s: etcd grant failed with keepalive ttl "10s": context deadline exceeded
1. etcd grant failed with keepalive ttl "10s"
2. context deadline exceeded

2026-05-09T23:59:31.571+08:00 [ERRO] keepalive retry register failed, will retry in 3s: etcd grant failed with keepalive ttl "10s": context deadline exceeded
1. etcd grant failed with keepalive ttl "10s"
2. context deadline exceeded

2026-05-09T23:59:34.476+08:00 [ERRO] keepalive retry register failed, will retry in 1s: etcd grant failed with keepalive ttl "10s": context deadline exceeded
1. etcd grant failed with keepalive ttl "10s"
2. context deadline exceeded

2026-05-09T23:59:39.583+08:00 [ERRO] keepalive retry register failed, will retry in 2s: etcd grant failed with keepalive ttl "10s": context deadline exceeded
1. etcd grant failed with keepalive ttl "10s"
2. context deadline exceeded

2026-05-09T23:59:40.479+08:00 [ERRO] keepalive retry register failed, will retry in 1s: etcd grant failed with keepalive ttl "10s": context deadline exceeded
1. etcd grant failed with keepalive ttl "10s"
2. context deadline exceeded

2026-05-09T23:59:46.483+08:00 [ERRO] keepalive retry register failed, will retry in 2s: etcd grant failed with keepalive ttl "10s": context deadline exceeded
1. etcd grant failed with keepalive ttl "10s"
2. context deadline exceeded

2026-05-09T23:59:46.585+08:00 [ERRO] keepalive retry register failed, will retry in 2s: etcd grant failed with keepalive ttl "10s": context deadline exceeded
1. etcd grant failed with keepalive ttl "10s"
2. context deadline exceeded

2026-05-09T23:59:53.487+08:00 [ERRO] keepalive retry register failed, will retry in 2s: etcd grant failed with keepalive ttl "10s": context deadline exceeded
1. etcd grant failed with keepalive ttl "10s"
2. context deadline exceeded

2026-05-09T23:59:53.588+08:00 [ERRO] keepalive retry register failed, will retry in 2s: etcd grant failed with keepalive ttl "10s": context deadline exceeded
1. etcd grant failed with keepalive ttl "10s"
2. context deadline exceeded

