2026-05-19T00:07:21.056+08:00 [INFO] {b053616b9db4b018a5ed157c16ec0968} 用户 1 连接成功
2026-05-19T00:07:21.189+08:00 [INFO] heartbeatCheck: 1.1252ms
2026-05-19T00:07:21.226+08:00 [INFO] 用户 1 接收消息: {"type":"getInfo","data":"","name":""}（类型: 1）
2026-05-19T00:07:21.357+08:00 [ERRO] unexpected end of JSON input 
Stack:
1.  game_user/internal/controller/enter.(*Client).getPlayerAndRoomInfo
    D:/gowork/max2/max2/app/game_user/internal/controller/enter/enter_v1_enter.go:981
2.  game_user/internal/controller/enter.(*Client).handleGetInfo
    D:/gowork/max2/max2/app/game_user/internal/controller/enter/enter_v1_enter.go:691
3.  game_user/internal/controller/enter.(*Client).readLoop
    D:/gowork/max2/max2/app/game_user/internal/controller/enter/enter_v1_enter.go:197

2026-05-19T00:07:21.376+08:00 [ERRO] 用户 1 房间  不存在 
Stack:
1.  game_user/internal/controller/enter.(*Client).getPlayerAndRoomInfo
    D:/gowork/max2/max2/app/game_user/internal/controller/enter/enter_v1_enter.go:986
2.  game_user/internal/controller/enter.(*Client).handleGetInfo
    D:/gowork/max2/max2/app/game_user/internal/controller/enter/enter_v1_enter.go:691
3.  game_user/internal/controller/enter.(*Client).readLoop
    D:/gowork/max2/max2/app/game_user/internal/controller/enter/enter_v1_enter.go:197

2026-05-19T00:07:26.190+08:00 [INFO] heartbeatCheck: 5.0018217s
2026-05-19T00:07:29.869+08:00 [INFO] 用户 1 连接已关闭，读循环退出
2026-05-19T00:07:29.891+08:00 [INFO] 用户 1 关闭连接，原因: 读循环退出
2026-05-19T00:07:29.899+08:00 [INFO] 用户 1 心跳检测被取消: context canceled
2026-05-19T00:07:29.899+08:00 [INFO] 用户 1 心跳检测退出
2026-05-19T00:44:32.921+08:00 [INFO] {3408ee0fa5b6b018a9ed157ca27983c3} 用户 1 连接成功
2026-05-19T00:44:32.929+08:00 [INFO] heartbeatCheck: 2562047h47m16.854775807s
2026-05-19T00:44:33.001+08:00 [INFO] 用户 1 接收消息: {"type":"getInfo","data":"","name":""}（类型: 1）
2026-05-19T00:44:33.023+08:00 [ERRO] unexpected end of JSON input 
Stack:
1.  game_user/internal/controller/enter.(*Client).getPlayerAndRoomInfo
    D:/gowork/max2/max2/app/game_user/internal/controller/enter/enter_v1_enter.go:981
2.  game_user/internal/controller/enter.(*Client).handleGetInfo
    D:/gowork/max2/max2/app/game_user/internal/controller/enter/enter_v1_enter.go:691
3.  game_user/internal/controller/enter.(*Client).readLoop
    D:/gowork/max2/max2/app/game_user/internal/controller/enter/enter_v1_enter.go:197

2026-05-19T00:44:33.027+08:00 [ERRO] 用户 1 房间  不存在 
Stack:
1.  game_user/internal/controller/enter.(*Client).getPlayerAndRoomInfo
    D:/gowork/max2/max2/app/game_user/internal/controller/enter/enter_v1_enter.go:986
2.  game_user/internal/controller/enter.(*Client).handleGetInfo
    D:/gowork/max2/max2/app/game_user/internal/controller/enter/enter_v1_enter.go:691
3.  game_user/internal/controller/enter.(*Client).readLoop
    D:/gowork/max2/max2/app/game_user/internal/controller/enter/enter_v1_enter.go:197

2026-05-19T00:44:37.928+08:00 [INFO] heartbeatCheck: 4.9283303s
2026-05-19T00:44:41.079+08:00 [INFO] 用户 1 接收消息: {"type":"initRoom","data":"","name":""}（类型: 1）
2026-05-19T00:44:41.082+08:00 [ERRO] unexpected end of JSON input 
Stack:
1.  game_user/internal/controller/enter.(*Client).getPlayerAndRoomInfo
    D:/gowork/max2/max2/app/game_user/internal/controller/enter/enter_v1_enter.go:981
2.  game_user/internal/controller/enter.(*Client).clearRoom
    D:/gowork/max2/max2/app/game_user/internal/controller/enter/enter_v1_enter.go:962
3.  game_user/internal/controller/enter.(*Client).handleInitRoom
    D:/gowork/max2/max2/app/game_user/internal/controller/enter/enter_v1_enter.go:215
4.  game_user/internal/controller/enter.(*Client).readLoop
    D:/gowork/max2/max2/app/game_user/internal/controller/enter/enter_v1_enter.go:185

2026-05-19T00:44:41.085+08:00 [ERRO] 用户 1 房间  不存在 
Stack:
1.  game_user/internal/controller/enter.(*Client).getPlayerAndRoomInfo
    D:/gowork/max2/max2/app/game_user/internal/controller/enter/enter_v1_enter.go:986
2.  game_user/internal/controller/enter.(*Client).clearRoom
    D:/gowork/max2/max2/app/game_user/internal/controller/enter/enter_v1_enter.go:962
3.  game_user/internal/controller/enter.(*Client).handleInitRoom
    D:/gowork/max2/max2/app/game_user/internal/controller/enter/enter_v1_enter.go:215
4.  game_user/internal/controller/enter.(*Client).readLoop
    D:/gowork/max2/max2/app/game_user/internal/controller/enter/enter_v1_enter.go:185

2026-05-19T00:44:41.121+08:00 [INFO] 用户 1 开始延迟添加AI到房间 90YAFM
2026-05-19T00:44:41.134+08:00 [INFO] 用户 1 连接已关闭，跳过消息发送
2026-05-19T00:44:41.134+08:00 [INFO] 用户 1 发送消息: {"type":"initRoom","data":"[{\"ID\":0,\"Name\":\"1\",\"RoomID\":\"90YAFM\",\"Type\":0,\"CardNum\":13,\"Point\":747,\"UserId\":\"1\",\"RoomType\":1},{\"ID\":1,\"Name\":\"尤烨伟\",\"RoomID\":\"90YAFM\",\"Type\":1,\"CardNum\":13,\"Point\":0,\"UserId\":\"\",\"RoomType\":1}]","from":"1"}
2026-05-19T00:44:41.139+08:00 [INFO] 用户 1 writeLoop退出
2026-05-19T00:44:41.151+08:00 [INFO] 执行日志异步任务: RoomID:"90YAFM" Type:1 UserID:"1" Point:747 Action:"initRoom"
2026-05-19T00:44:41.162+08:00 [DEBU] Watch key "/service/default/default/log-service/latest/"
2026-05-19T00:44:42.929+08:00 [INFO] heartbeatCheck: 1.8508489s
2026-05-19T00:44:43.132+08:00 [INFO] 用户 1 发送消息: {"type":"initRoom","data":"[{\"ID\":0,\"Name\":\"1\",\"RoomID\":\"90YAFM\",\"Type\":0,\"CardNum\":13,\"Point\":747,\"UserId\":\"1\",\"RoomType\":1},{\"ID\":1,\"Name\":\"尤烨伟\",\"RoomID\":\"90YAFM\",\"Type\":1,\"CardNum\":13,\"Point\":0,\"UserId\":\"\",\"RoomType\":1},{\"ID\":2,\"Name\":\"符明\",\"RoomID\":\"90YAFM\",\"Type\":1,\"CardNum\":13,\"Point\":0,\"UserId\":\"\",\"RoomType\":1},{\"ID\":3,\"Name\":\"堵妙绿\",\"RoomID\":\"90YAFM\",\"Type\":1,\"CardNum\":13,\"Point\":0,\"UserId\":\"\",\"RoomType\":1}]","from":"1"}
2026-05-19T00:44:47.929+08:00 [INFO] heartbeatCheck: 6.8507193s
2026-05-19T00:44:49.816+08:00 [INFO] 用户 1 接收消息: {"type":"play","data":"","name":""}（类型: 1）
2026-05-19T00:44:49.824+08:00 [INFO] 
===== 房间 90YAFM 游戏开始 =====
2026-05-19T00:44:49.827+08:00 [INFO] 
确定谁先出牌...
2026-05-19T00:44:49.829+08:00 [INFO] 房间 90YAFM 启动消息接收 goroutine
2026-05-19T00:44:49.831+08:00 [INFO] 1的牌: 
2026-05-19T00:44:49.832+08:00 [INFO] ♠3,♣A,♥10,♠Q,♥2,♣Q,♣3,♦K,♦9,♣K,♠8,♠4,♦3
2026-05-19T00:44:49.833+08:00 [INFO] 尤烨伟的牌: 
2026-05-19T00:44:49.835+08:00 [INFO] 牌型：2,具体的牌：[[{8 0 ♦8 21 8 ♦} {8 1 ♣8 22 8 ♣}] [{J 1 ♣J 34 11 ♣} {J 3 ♠J 36 11 ♠}] [{9 2 ♥9 27 9 ♥} {9 3 ♠9 28 9 ♠}]] 
2026-05-19T00:44:49.836+08:00 [INFO] 牌型：1,具体的牌：[[{4 0 ♦4 5 4 ♦}] [{5 0 ♦5 9 5 ♦}] [{10 1 ♣10 30 10 ♣}] [{2 1 ♣2 50 15 ♣}] [{6 2 ♥6 15 6 ♥}] [{K 2 ♥K 43 13 ♥}] [{A 2 ♥A 47 14 ♥}]] 
2026-05-19T00:44:49.837+08:00 [INFO] 符明的牌: 
2026-05-19T00:44:49.838+08:00 [INFO] 牌型：1,具体的牌：[[{6 3 ♠6 16 6 ♠}] [{10 3 ♠10 32 10 ♠}] [{2 3 ♠2 52 15 ♠}]] 
2026-05-19T00:44:49.839+08:00 [INFO] 牌型：5,具体的牌：[[{7 0 ♦7 17 7 ♦} {7 1 ♣7 18 7 ♣} {7 3 ♠7 20 7 ♠} {A 0 ♦A 45 14 ♦} {A 3 ♠A 48 14 ♠}]] 
2026-05-19T00:44:49.841+08:00 [INFO] 牌型：4,具体的牌：[[{J 2 ♥J 35 11 ♥} {8 2 ♥8 23 8 ♥} {5 2 ♥5 11 5 ♥} {4 2 ♥4 7 4 ♥} {3 2 ♥3 3 3 ♥}]] 
2026-05-19T00:44:49.844+08:00 [INFO] 堵妙绿的牌: 
2026-05-19T00:44:49.844+08:00 [INFO] 牌型：4,具体的牌：[[{2 0 ♦2 49 15 ♦} {Q 0 ♦Q 37 12 ♦} {J 0 ♦J 33 11 ♦} {10 0 ♦10 29 10 ♦} {6 0 ♦6 13 6 ♦}]] 
2026-05-19T00:44:49.846+08:00 [INFO] 牌型：2,具体的牌：[[{5 1 ♣5 10 5 ♣} {5 3 ♠5 12 5 ♠}]] 
2026-05-19T00:44:49.846+08:00 [INFO] 牌型：1,具体的牌：[[{4 1 ♣4 6 4 ♣}] [{6 1 ♣6 14 6 ♣}] [{9 1 ♣9 26 9 ♣}] [{7 2 ♥7 19 7 ♥}] [{Q 2 ♥Q 39 12 ♥}] [{K 3 ♠K 44 13 ♠}]] 
2026-05-19T00:44:49.854+08:00 [INFO] 用户 1 发送消息: {"type":"showCard","data":"{\"cards\":[4,46,31,40,51,38,2,41,25,42,24,8,1],\"current\":0,\"playerPoint\":747,\"outCardTimeout\":30}","from":""}
2026-05-19T00:44:49.871+08:00 [INFO] 用户 1 接收消息: {"type":"getInfo","data":"","name":""}（类型: 1）
2026-05-19T00:44:49.877+08:00 [INFO] 用户 1 发送消息: {"type":"getInfo","data":"{\"roomId\":\"90YAFM\",\"players\":[{\"ID\":0,\"Name\":\"1\",\"RoomID\":\"90YAFM\",\"Type\":0,\"CardNum\":13,\"Point\":747,\"UserId\":\"1\",\"RoomType\":1},{\"ID\":1,\"Name\":\"尤烨伟\",\"RoomID\":\"90YAFM\",\"Type\":1,\"CardNum\":13,\"Point\":0,\"UserId\":\"\",\"RoomType\":1},{\"ID\":2,\"Name\":\"符明\",\"RoomID\":\"90YAFM\",\"Type\":1,\"CardNum\":13,\"Point\":0,\"UserId\":\"\",\"RoomType\":1},{\"ID\":3,\"Name\":\"堵妙绿\",\"RoomID\":\"90YAFM\",\"Type\":1,\"CardNum\":13,\"Point\":0,\"UserId\":\"\",\"RoomType\":1}],\"cards\":[],\"current\":0,\"playerPoint\":747,\"outCardTimeout\":30,\"remainOutCardTimeout\":30,\"cardsNum\":[{\"id\":1,\"cardNum\":13},{\"id\":2,\"cardNum\":13},{\"id\":3,\"cardNum\":13}],\"isPlaying\":false,\"outCards\":[],\"mustPid\":0,\"lastPid\":3,\"status\":0,\"type\":1}","from":"1"}
2026-05-19T00:44:50.824+08:00 [INFO] 
1的回合 (当前手牌数: 13)

2026-05-19T00:44:50.826+08:00 [INFO] 上一手牌，牌型: 0, 牌是：不出

2026-05-19T00:44:50.828+08:00 [INFO] 请选择要出的牌 (输入牌的序号，用逗号分隔，0表示不出): 
2026-05-19T00:44:50.830+08:00 [INFO] 用户 1 接收出牌消息1: <nil>
2026-05-19T00:44:50.831+08:00 [INFO] 用户 1 接收出牌消息2: {0 [] 0}
2026-05-19T00:44:50.833+08:00 [INFO] 1出了: ♦3 (1)

2026-05-19T00:44:50.834+08:00 [INFO] ♠3,♣A,♥10,♠Q,♥2,♣Q,♣3,♦K,♦9,♣K,♠8,♠4
2026-05-19T00:44:50.840+08:00 [INFO] 用户 1 发送消息: {"type":"outCard","data":"{\"pid\":0,\"cardIds\":[1],\"card_type\":1,\"cards_num\":12,\"code\":0,\"current\":1,\"mustPid\":0,\"outCardTimeout\":30}","from":""}
2026-05-19T00:44:51.826+08:00 [INFO] 
尤烨伟的回合 (当前手牌数: 13)

2026-05-19T00:44:51.827+08:00 [INFO] 上一手牌，牌型: 1, 牌是：♦3

2026-05-19T00:44:51.828+08:00 [INFO] 请选择要出的牌 (输入牌的序号，用逗号分隔，0表示不出): 
2026-05-19T00:44:52.824+08:00 [INFO] 
尤烨伟的回合 (当前手牌数: 13)

2026-05-19T00:44:52.824+08:00 [INFO] 上一手牌，牌型: 1, 牌是：♦3

2026-05-19T00:44:52.825+08:00 [INFO] 请选择要出的牌 (输入牌的序号，用逗号分隔，0表示不出): 
2026-05-19T00:44:52.929+08:00 [INFO] heartbeatCheck: 3.0585838s
2026-05-19T00:44:53.825+08:00 [INFO] 
尤烨伟的回合 (当前手牌数: 13)

2026-05-19T00:44:53.825+08:00 [INFO] 上一手牌，牌型: 1, 牌是：♦3

2026-05-19T00:44:53.826+08:00 [INFO] 请选择要出的牌 (输入牌的序号，用逗号分隔，0表示不出): 
2026-05-19T00:44:53.827+08:00 [INFO] 尤烨伟出了: ♦4 (1)

2026-05-19T00:44:53.832+08:00 [INFO] 用户 1 发送消息: {"type":"outCard","data":"{\"pid\":1,\"cardIds\":[5],\"card_type\":1,\"cards_num\":12,\"code\":0,\"current\":2,\"mustPid\":1,\"outCardTimeout\":30}","from":""}
2026-05-19T00:44:54.825+08:00 [INFO] 
符明的回合 (当前手牌数: 13)

2026-05-19T00:44:54.826+08:00 [INFO] 上一手牌，牌型: 1, 牌是：♦4

2026-05-19T00:44:54.828+08:00 [INFO] 请选择要出的牌 (输入牌的序号，用逗号分隔，0表示不出): 
2026-05-19T00:44:55.827+08:00 [INFO] 
符明的回合 (当前手牌数: 13)

2026-05-19T00:44:55.829+08:00 [INFO] 上一手牌，牌型: 1, 牌是：♦4

2026-05-19T00:44:55.830+08:00 [INFO] 请选择要出的牌 (输入牌的序号，用逗号分隔，0表示不出): 
2026-05-19T00:44:55.832+08:00 [INFO] 符明出了: ♠6 (1)

2026-05-19T00:44:55.837+08:00 [INFO] 用户 1 发送消息: {"type":"outCard","data":"{\"pid\":2,\"cardIds\":[16],\"card_type\":1,\"cards_num\":12,\"code\":0,\"current\":3,\"mustPid\":2,\"outCardTimeout\":30}","from":""}
2026-05-19T00:44:56.828+08:00 [INFO] 
堵妙绿的回合 (当前手牌数: 13)

2026-05-19T00:44:56.830+08:00 [INFO] 上一手牌，牌型: 1, 牌是：♠6

2026-05-19T00:44:56.833+08:00 [INFO] 请选择要出的牌 (输入牌的序号，用逗号分隔，0表示不出): 
2026-05-19T00:44:57.825+08:00 [INFO] 
堵妙绿的回合 (当前手牌数: 13)

2026-05-19T00:44:57.826+08:00 [INFO] 上一手牌，牌型: 1, 牌是：♠6

2026-05-19T00:44:57.827+08:00 [INFO] 请选择要出的牌 (输入牌的序号，用逗号分隔，0表示不出): 
2026-05-19T00:44:57.928+08:00 [INFO] heartbeatCheck: 8.0577539s
2026-05-19T00:44:58.831+08:00 [INFO] 
堵妙绿的回合 (当前手牌数: 13)

2026-05-19T00:44:58.835+08:00 [INFO] 上一手牌，牌型: 1, 牌是：♠6

2026-05-19T00:44:58.835+08:00 [INFO] 请选择要出的牌 (输入牌的序号，用逗号分隔，0表示不出): 
2026-05-19T00:44:58.838+08:00 [INFO] 堵妙绿出了: ♥7 (1)

2026-05-19T00:44:58.843+08:00 [INFO] 正在订阅 Channel: player:play:card:1，当前玩家: 1
2026-05-19T00:44:58.876+08:00 [INFO] 成功订阅 Channel: player:play:card:1
2026-05-19T00:44:58.922+08:00 [INFO] 用户 1 发送消息: {"type":"outCard","data":"{\"pid\":3,\"cardIds\":[19],\"card_type\":1,\"cards_num\":12,\"code\":0,\"current\":0,\"mustPid\":3,\"outCardTimeout\":30}","from":""}
2026-05-19T00:44:59.824+08:00 [INFO] 
1的回合 (当前手牌数: 12)

2026-05-19T00:44:59.824+08:00 [INFO] 上一手牌，牌型: 1, 牌是：♥7

2026-05-19T00:44:59.825+08:00 [INFO] 请选择要出的牌 (输入牌的序号，用逗号分隔，0表示不出): 
2026-05-19T00:44:59.826+08:00 [INFO] 用户 1 接收出牌消息1: <nil>
2026-05-19T00:44:59.827+08:00 [INFO] 用户 1 接收出牌消息2: {0 [] 0}
2026-05-19T00:45:00.825+08:00 [INFO] 
1的回合 (当前手牌数: 12)

2026-05-19T00:45:00.826+08:00 [INFO] 上一手牌，牌型: 1, 牌是：♥7

2026-05-19T00:45:00.827+08:00 [INFO] 请选择要出的牌 (输入牌的序号，用逗号分隔，0表示不出): 
2026-05-19T00:45:00.828+08:00 [INFO] 用户 1 接收出牌消息1: <nil>
2026-05-19T00:45:00.829+08:00 [INFO] 用户 1 接收出牌消息2: {0 [] 0}
2026-05-19T00:45:01.827+08:00 [INFO] 
1的回合 (当前手牌数: 12)

2026-05-19T00:45:01.828+08:00 [INFO] 上一手牌，牌型: 1, 牌是：♥7

2026-05-19T00:45:01.828+08:00 [INFO] 请选择要出的牌 (输入牌的序号，用逗号分隔，0表示不出): 
2026-05-19T00:45:01.831+08:00 [INFO] 用户 1 接收出牌消息1: <nil>
2026-05-19T00:45:01.831+08:00 [INFO] 用户 1 接收出牌消息2: {0 [] 0}
2026-05-19T00:45:02.829+08:00 [INFO] 
1的回合 (当前手牌数: 12)

2026-05-19T00:45:02.836+08:00 [INFO] 上一手牌，牌型: 1, 牌是：♥7

2026-05-19T00:45:02.836+08:00 [INFO] 请选择要出的牌 (输入牌的序号，用逗号分隔，0表示不出): 
2026-05-19T00:45:02.837+08:00 [INFO] 用户 1 接收出牌消息1: <nil>
2026-05-19T00:45:02.841+08:00 [INFO] 用户 1 接收出牌消息2: {0 [] 0}
2026-05-19T00:45:02.928+08:00 [INFO] heartbeatCheck: 13.0578265s
2026-05-19T00:45:03.825+08:00 [INFO] 
1的回合 (当前手牌数: 12)

2026-05-19T00:45:03.826+08:00 [INFO] 上一手牌，牌型: 1, 牌是：♥7

2026-05-19T00:45:03.826+08:00 [INFO] 请选择要出的牌 (输入牌的序号，用逗号分隔，0表示不出): 
2026-05-19T00:45:03.827+08:00 [INFO] 用户 1 接收出牌消息1: <nil>
2026-05-19T00:45:03.827+08:00 [INFO] 用户 1 接收出牌消息2: {0 [] 0}
2026-05-19T00:45:04.825+08:00 [INFO] 
1的回合 (当前手牌数: 12)

2026-05-19T00:45:04.827+08:00 [INFO] 上一手牌，牌型: 1, 牌是：♥7

2026-05-19T00:45:04.828+08:00 [INFO] 请选择要出的牌 (输入牌的序号，用逗号分隔，0表示不出): 
2026-05-19T00:45:04.830+08:00 [INFO] 用户 1 接收出牌消息1: <nil>
2026-05-19T00:45:04.832+08:00 [INFO] 用户 1 接收出牌消息2: {0 [] 0}
2026-05-19T00:45:05.824+08:00 [INFO] 
1的回合 (当前手牌数: 12)

2026-05-19T00:45:05.825+08:00 [INFO] 上一手牌，牌型: 1, 牌是：♥7

2026-05-19T00:45:05.826+08:00 [INFO] 请选择要出的牌 (输入牌的序号，用逗号分隔，0表示不出): 
2026-05-19T00:45:05.827+08:00 [INFO] 用户 1 接收出牌消息1: <nil>
2026-05-19T00:45:05.829+08:00 [INFO] 用户 1 接收出牌消息2: {0 [] 0}
2026-05-19T00:45:06.825+08:00 [INFO] 
1的回合 (当前手牌数: 12)

2026-05-19T00:45:06.826+08:00 [INFO] 上一手牌，牌型: 1, 牌是：♥7

2026-05-19T00:45:06.827+08:00 [INFO] 请选择要出的牌 (输入牌的序号，用逗号分隔，0表示不出): 
2026-05-19T00:45:06.829+08:00 [INFO] 用户 1 接收出牌消息1: <nil>
2026-05-19T00:45:06.829+08:00 [INFO] 用户 1 接收出牌消息2: {0 [] 0}
2026-05-19T00:45:07.825+08:00 [INFO] 
1的回合 (当前手牌数: 12)

2026-05-19T00:45:07.826+08:00 [INFO] 上一手牌，牌型: 1, 牌是：♥7

2026-05-19T00:45:07.827+08:00 [INFO] 请选择要出的牌 (输入牌的序号，用逗号分隔，0表示不出): 
2026-05-19T00:45:07.828+08:00 [INFO] 用户 1 接收出牌消息1: <nil>
2026-05-19T00:45:07.830+08:00 [INFO] 用户 1 接收出牌消息2: {0 [] 0}
2026-05-19T00:45:07.928+08:00 [INFO] heartbeatCheck: 18.0578208s
2026-05-19T00:45:08.825+08:00 [INFO] 
1的回合 (当前手牌数: 12)

2026-05-19T00:45:08.826+08:00 [INFO] 上一手牌，牌型: 1, 牌是：♥7

2026-05-19T00:45:08.826+08:00 [INFO] 请选择要出的牌 (输入牌的序号，用逗号分隔，0表示不出): 
2026-05-19T00:45:08.828+08:00 [INFO] 用户 1 接收出牌消息1: <nil>
2026-05-19T00:45:08.829+08:00 [INFO] 用户 1 接收出牌消息2: {0 [] 0}
2026-05-19T00:45:08.936+08:00 [INFO] 用户 1 接收消息: {"type":"heartbeat","data":"ping"}（类型: 1）
2026-05-19T00:45:08.937+08:00 [INFO] 用户 1 发送消息: {"type":"heartbeat","data":"pong","from":"1"}
2026-05-19T00:45:09.825+08:00 [INFO] 
1的回合 (当前手牌数: 12)

2026-05-19T00:45:09.826+08:00 [INFO] 上一手牌，牌型: 1, 牌是：♥7

2026-05-19T00:45:09.827+08:00 [INFO] 请选择要出的牌 (输入牌的序号，用逗号分隔，0表示不出): 
2026-05-19T00:45:09.828+08:00 [INFO] 用户 1 接收出牌消息1: <nil>
2026-05-19T00:45:09.830+08:00 [INFO] 用户 1 接收出牌消息2: {0 [] 0}
2026-05-19T00:45:10.825+08:00 [INFO] 
1的回合 (当前手牌数: 12)

2026-05-19T00:45:10.827+08:00 [INFO] 上一手牌，牌型: 1, 牌是：♥7

2026-05-19T00:45:10.829+08:00 [INFO] 请选择要出的牌 (输入牌的序号，用逗号分隔，0表示不出): 
2026-05-19T00:45:10.831+08:00 [INFO] 用户 1 接收出牌消息1: <nil>
2026-05-19T00:45:10.832+08:00 [INFO] 用户 1 接收出牌消息2: {0 [] 0}
2026-05-19T00:45:11.825+08:00 [INFO] 
1的回合 (当前手牌数: 12)

2026-05-19T00:45:11.826+08:00 [INFO] 上一手牌，牌型: 1, 牌是：♥7

2026-05-19T00:45:11.826+08:00 [INFO] 请选择要出的牌 (输入牌的序号，用逗号分隔，0表示不出): 
2026-05-19T00:45:11.828+08:00 [INFO] 用户 1 接收出牌消息1: <nil>
2026-05-19T00:45:11.829+08:00 [INFO] 用户 1 接收出牌消息2: {0 [] 0}
2026-05-19T00:45:12.824+08:00 [INFO] 
1的回合 (当前手牌数: 12)

2026-05-19T00:45:12.825+08:00 [INFO] 上一手牌，牌型: 1, 牌是：♥7

2026-05-19T00:45:12.826+08:00 [INFO] 请选择要出的牌 (输入牌的序号，用逗号分隔，0表示不出): 
2026-05-19T00:45:12.827+08:00 [INFO] 用户 1 接收出牌消息1: <nil>
2026-05-19T00:45:12.829+08:00 [INFO] 用户 1 接收出牌消息2: {0 [] 0}
2026-05-19T00:45:12.928+08:00 [INFO] heartbeatCheck: 3.991974s
2026-05-19T00:45:13.825+08:00 [INFO] 
1的回合 (当前手牌数: 12)

2026-05-19T00:45:13.826+08:00 [INFO] 上一手牌，牌型: 1, 牌是：♥7

2026-05-19T00:45:13.826+08:00 [INFO] 请选择要出的牌 (输入牌的序号，用逗号分隔，0表示不出): 
2026-05-19T00:45:13.827+08:00 [INFO] 用户 1 接收出牌消息1: <nil>
2026-05-19T00:45:13.828+08:00 [INFO] 用户 1 接收出牌消息2: {0 [] 0}
2026-05-19T00:45:14.825+08:00 [INFO] 
1的回合 (当前手牌数: 12)

2026-05-19T00:45:14.828+08:00 [INFO] 上一手牌，牌型: 1, 牌是：♥7

2026-05-19T00:45:14.832+08:00 [INFO] 请选择要出的牌 (输入牌的序号，用逗号分隔，0表示不出): 
2026-05-19T00:45:14.833+08:00 [INFO] 用户 1 接收出牌消息1: <nil>
2026-05-19T00:45:14.835+08:00 [INFO] 用户 1 接收出牌消息2: {0 [] 0}
2026-05-19T00:45:15.853+08:00 [INFO] 
1的回合 (当前手牌数: 12)

2026-05-19T00:45:15.854+08:00 [INFO] 上一手牌，牌型: 1, 牌是：♥7

2026-05-19T00:45:15.854+08:00 [INFO] 请选择要出的牌 (输入牌的序号，用逗号分隔，0表示不出): 
2026-05-19T00:45:15.854+08:00 [INFO] 用户 1 接收出牌消息1: <nil>
2026-05-19T00:45:15.855+08:00 [INFO] 用户 1 接收出牌消息2: {0 [] 0}
2026-05-19T00:45:16.313+08:00 [INFO] 用户 1 接收消息: {"type":"playCard","data":"{\"pid\":0,\"cardIds\":[24]}"}（类型: 1）
2026-05-19T00:45:16.332+08:00 [INFO] 用户 1 发送出牌消息: {"pid":0,"cardIds":[24],"pass":0}
2026-05-19T00:45:16.844+08:00 [INFO] 
1的回合 (当前手牌数: 12)

2026-05-19T00:45:16.857+08:00 [INFO] 上一手牌，牌型: 1, 牌是：♥7

2026-05-19T00:45:16.864+08:00 [INFO] 请选择要出的牌 (输入牌的序号，用逗号分隔，0表示不出): 
2026-05-19T00:45:16.866+08:00 [INFO] 从队列收到消息: playCard
2026-05-19T00:45:16.872+08:00 [INFO] 用户 1 接收出牌消息1: &{playCard {"pid":0,"cardIds":[24],"pass":0} 1}
2026-05-19T00:45:16.904+08:00 [INFO] 用户 1 接收出牌消息2: {0 [24] 0}
2026-05-19T00:45:16.907+08:00 [DEBU] [24]
2026-05-19T00:45:16.909+08:00 [INFO] 1出了: ♠8 (1)

2026-05-19T00:45:16.910+08:00 [INFO] ♠3,♣A,♥10,♠Q,♥2,♣Q,♣3,♦K,♦9,♣K,♠4
2026-05-19T00:45:16.919+08:00 [INFO] 用户 1 发送消息: {"type":"outCard","data":"{\"pid\":0,\"cardIds\":[24],\"card_type\":1,\"cards_num\":11,\"code\":0,\"current\":1,\"mustPid\":0,\"outCardTimeout\":30}","from":""}
2026-05-19T00:45:17.825+08:00 [INFO] 
尤烨伟的回合 (当前手牌数: 12)

2026-05-19T00:45:17.825+08:00 [INFO] 上一手牌，牌型: 1, 牌是：♠8

2026-05-19T00:45:17.826+08:00 [INFO] 请选择要出的牌 (输入牌的序号，用逗号分隔，0表示不出): 
2026-05-19T00:45:17.929+08:00 [INFO] heartbeatCheck: 1.6163245s
2026-05-19T00:45:18.825+08:00 [INFO] 
尤烨伟的回合 (当前手牌数: 12)

2026-05-19T00:45:18.826+08:00 [INFO] 上一手牌，牌型: 1, 牌是：♠8

2026-05-19T00:45:18.827+08:00 [INFO] 请选择要出的牌 (输入牌的序号，用逗号分隔，0表示不出): 
2026-05-19T00:45:18.829+08:00 [INFO] 尤烨伟出了: ♣10 (1)

2026-05-19T00:45:18.832+08:00 [INFO] 用户 1 发送消息: {"type":"outCard","data":"{\"pid\":1,\"cardIds\":[30],\"card_type\":1,\"cards_num\":11,\"code\":0,\"current\":2,\"mustPid\":1,\"outCardTimeout\":30}","from":""}
2026-05-19T00:45:19.825+08:00 [INFO] 
符明的回合 (当前手牌数: 12)

2026-05-19T00:45:19.826+08:00 [INFO] 上一手牌，牌型: 1, 牌是：♣10

2026-05-19T00:45:19.826+08:00 [INFO] 请选择要出的牌 (输入牌的序号，用逗号分隔，0表示不出): 
2026-05-19T00:45:20.825+08:00 [INFO] 
符明的回合 (当前手牌数: 12)

2026-05-19T00:45:20.825+08:00 [INFO] 上一手牌，牌型: 1, 牌是：♣10

2026-05-19T00:45:20.828+08:00 [INFO] 请选择要出的牌 (输入牌的序号，用逗号分隔，0表示不出): 
2026-05-19T00:45:21.826+08:00 [INFO] 
符明的回合 (当前手牌数: 12)

2026-05-19T00:45:21.827+08:00 [INFO] 上一手牌，牌型: 1, 牌是：♣10

2026-05-19T00:45:21.831+08:00 [INFO] 请选择要出的牌 (输入牌的序号，用逗号分隔，0表示不出): 
2026-05-19T00:45:21.832+08:00 [INFO] 符明出了: ♠10 (1)

2026-05-19T00:45:21.837+08:00 [INFO] 用户 1 发送消息: {"type":"outCard","data":"{\"pid\":2,\"cardIds\":[32],\"card_type\":1,\"cards_num\":11,\"code\":0,\"current\":3,\"mustPid\":2,\"outCardTimeout\":30}","from":""}
2026-05-19T00:45:22.825+08:00 [INFO] 
堵妙绿的回合 (当前手牌数: 12)

2026-05-19T00:45:22.826+08:00 [INFO] 上一手牌，牌型: 1, 牌是：♠10

2026-05-19T00:45:22.826+08:00 [INFO] 请选择要出的牌 (输入牌的序号，用逗号分隔，0表示不出): 
2026-05-19T00:45:22.929+08:00 [INFO] heartbeatCheck: 6.6164465s
2026-05-19T00:45:23.826+08:00 [INFO] 
堵妙绿的回合 (当前手牌数: 12)

2026-05-19T00:45:23.828+08:00 [INFO] 上一手牌，牌型: 1, 牌是：♠10

2026-05-19T00:45:23.830+08:00 [INFO] 请选择要出的牌 (输入牌的序号，用逗号分隔，0表示不出): 
2026-05-19T00:45:23.833+08:00 [INFO] 堵妙绿出了: ♥Q (1)

2026-05-19T00:45:23.834+08:00 [INFO] 正在订阅 Channel: player:play:card:1，当前玩家: 1
2026-05-19T00:45:23.863+08:00 [INFO] 成功订阅 Channel: player:play:card:1
2026-05-19T00:45:23.867+08:00 [INFO] 用户 1 发送消息: {"type":"outCard","data":"{\"pid\":3,\"cardIds\":[39],\"card_type\":1,\"cards_num\":11,\"code\":0,\"current\":0,\"mustPid\":3,\"outCardTimeout\":30}","from":""}
2026-05-19T00:45:24.825+08:00 [INFO] 
1的回合 (当前手牌数: 11)

2026-05-19T00:45:24.827+08:00 [INFO] 上一手牌，牌型: 1, 牌是：♥Q

2026-05-19T00:45:24.828+08:00 [INFO] 请选择要出的牌 (输入牌的序号，用逗号分隔，0表示不出): 
2026-05-19T00:45:24.829+08:00 [INFO] 用户 1 接收出牌消息1: <nil>
2026-05-19T00:45:24.830+08:00 [INFO] 用户 1 接收出牌消息2: {0 [] 0}
2026-05-19T00:45:25.824+08:00 [INFO] 
1的回合 (当前手牌数: 11)

2026-05-19T00:45:25.825+08:00 [INFO] 上一手牌，牌型: 1, 牌是：♥Q

2026-05-19T00:45:25.826+08:00 [INFO] 请选择要出的牌 (输入牌的序号，用逗号分隔，0表示不出): 
2026-05-19T00:45:25.828+08:00 [INFO] 用户 1 接收出牌消息1: <nil>
2026-05-19T00:45:25.829+08:00 [INFO] 用户 1 接收出牌消息2: {0 [] 0}
2026-05-19T00:45:26.825+08:00 [INFO] 
1的回合 (当前手牌数: 11)

2026-05-19T00:45:26.825+08:00 [INFO] 上一手牌，牌型: 1, 牌是：♥Q

2026-05-19T00:45:26.826+08:00 [INFO] 请选择要出的牌 (输入牌的序号，用逗号分隔，0表示不出): 
2026-05-19T00:45:26.828+08:00 [INFO] 用户 1 接收出牌消息1: <nil>
2026-05-19T00:45:26.831+08:00 [INFO] 用户 1 接收出牌消息2: {0 [] 0}
2026-05-19T00:45:27.825+08:00 [INFO] 
1的回合 (当前手牌数: 11)

2026-05-19T00:45:27.829+08:00 [INFO] 上一手牌，牌型: 1, 牌是：♥Q

2026-05-19T00:45:27.830+08:00 [INFO] 请选择要出的牌 (输入牌的序号，用逗号分隔，0表示不出): 
2026-05-19T00:45:27.831+08:00 [INFO] 用户 1 接收出牌消息1: <nil>
2026-05-19T00:45:27.832+08:00 [INFO] 用户 1 接收出牌消息2: {0 [] 0}
2026-05-19T00:45:27.929+08:00 [INFO] heartbeatCheck: 11.6162607s
2026-05-19T00:45:28.824+08:00 [INFO] 
1的回合 (当前手牌数: 11)

2026-05-19T00:45:28.825+08:00 [INFO] 上一手牌，牌型: 1, 牌是：♥Q

2026-05-19T00:45:28.825+08:00 [INFO] 请选择要出的牌 (输入牌的序号，用逗号分隔，0表示不出): 
2026-05-19T00:45:28.826+08:00 [INFO] 用户 1 接收出牌消息1: <nil>
2026-05-19T00:45:28.827+08:00 [INFO] 用户 1 接收出牌消息2: {0 [] 0}
2026-05-19T00:45:29.825+08:00 [INFO] 
1的回合 (当前手牌数: 11)

2026-05-19T00:45:29.829+08:00 [INFO] 上一手牌，牌型: 1, 牌是：♥Q

2026-05-19T00:45:29.830+08:00 [INFO] 请选择要出的牌 (输入牌的序号，用逗号分隔，0表示不出): 
2026-05-19T00:45:29.833+08:00 [INFO] 用户 1 接收出牌消息1: <nil>
2026-05-19T00:45:29.835+08:00 [INFO] 用户 1 接收出牌消息2: {0 [] 0}
2026-05-19T00:45:30.824+08:00 [INFO] 
1的回合 (当前手牌数: 11)

2026-05-19T00:45:30.825+08:00 [INFO] 上一手牌，牌型: 1, 牌是：♥Q

2026-05-19T00:45:30.826+08:00 [INFO] 请选择要出的牌 (输入牌的序号，用逗号分隔，0表示不出): 
2026-05-19T00:45:30.830+08:00 [INFO] 用户 1 接收出牌消息1: <nil>
2026-05-19T00:45:30.831+08:00 [INFO] 用户 1 接收出牌消息2: {0 [] 0}
2026-05-19T00:45:31.825+08:00 [INFO] 
1的回合 (当前手牌数: 11)

2026-05-19T00:45:31.826+08:00 [INFO] 上一手牌，牌型: 1, 牌是：♥Q

2026-05-19T00:45:31.827+08:00 [INFO] 请选择要出的牌 (输入牌的序号，用逗号分隔，0表示不出): 
2026-05-19T00:45:31.828+08:00 [INFO] 用户 1 接收出牌消息1: <nil>
2026-05-19T00:45:31.830+08:00 [INFO] 用户 1 接收出牌消息2: {0 [] 0}
2026-05-19T00:45:32.824+08:00 [INFO] 
1的回合 (当前手牌数: 11)

2026-05-19T00:45:32.826+08:00 [INFO] 上一手牌，牌型: 1, 牌是：♥Q

2026-05-19T00:45:32.829+08:00 [INFO] 请选择要出的牌 (输入牌的序号，用逗号分隔，0表示不出): 
2026-05-19T00:45:32.832+08:00 [INFO] 用户 1 接收出牌消息1: <nil>
2026-05-19T00:45:32.833+08:00 [INFO] 用户 1 接收出牌消息2: {0 [] 0}
2026-05-19T00:45:32.929+08:00 [INFO] heartbeatCheck: 16.6169734s
2026-05-19T00:45:33.826+08:00 [INFO] 
1的回合 (当前手牌数: 11)

2026-05-19T00:45:33.828+08:00 [INFO] 上一手牌，牌型: 1, 牌是：♥Q

2026-05-19T00:45:33.829+08:00 [INFO] 请选择要出的牌 (输入牌的序号，用逗号分隔，0表示不出): 
2026-05-19T00:45:33.830+08:00 [INFO] 用户 1 接收出牌消息1: <nil>
2026-05-19T00:45:33.832+08:00 [INFO] 用户 1 接收出牌消息2: {0 [] 0}
2026-05-19T00:45:33.962+08:00 [INFO] 用户 1 接收消息: {"type":"heartbeat","data":"ping"}（类型: 1）
2026-05-19T00:45:33.965+08:00 [INFO] 用户 1 发送消息: {"type":"heartbeat","data":"pong","from":"1"}
2026-05-19T00:45:34.827+08:00 [INFO] 
1的回合 (当前手牌数: 11)

2026-05-19T00:45:34.828+08:00 [INFO] 上一手牌，牌型: 1, 牌是：♥Q

2026-05-19T00:45:34.829+08:00 [INFO] 请选择要出的牌 (输入牌的序号，用逗号分隔，0表示不出): 
2026-05-19T00:45:34.829+08:00 [INFO] 用户 1 接收出牌消息1: <nil>
2026-05-19T00:45:34.831+08:00 [INFO] 用户 1 接收出牌消息2: {0 [] 0}
2026-05-19T00:45:35.825+08:00 [INFO] 
1的回合 (当前手牌数: 11)

2026-05-19T00:45:35.827+08:00 [INFO] 上一手牌，牌型: 1, 牌是：♥Q

2026-05-19T00:45:35.827+08:00 [INFO] 请选择要出的牌 (输入牌的序号，用逗号分隔，0表示不出): 
2026-05-19T00:45:35.828+08:00 [INFO] 用户 1 接收出牌消息1: <nil>
2026-05-19T00:45:35.829+08:00 [INFO] 用户 1 接收出牌消息2: {0 [] 0}
2026-05-19T00:45:36.825+08:00 [INFO] 
1的回合 (当前手牌数: 11)

2026-05-19T00:45:36.827+08:00 [INFO] 上一手牌，牌型: 1, 牌是：♥Q

2026-05-19T00:45:36.828+08:00 [INFO] 请选择要出的牌 (输入牌的序号，用逗号分隔，0表示不出): 
2026-05-19T00:45:36.829+08:00 [INFO] 用户 1 接收出牌消息1: <nil>
2026-05-19T00:45:36.830+08:00 [INFO] 用户 1 接收出牌消息2: {0 [] 0}
2026-05-19T00:45:37.824+08:00 [INFO] 
1的回合 (当前手牌数: 11)

2026-05-19T00:45:37.826+08:00 [INFO] 上一手牌，牌型: 1, 牌是：♥Q

2026-05-19T00:45:37.827+08:00 [INFO] 请选择要出的牌 (输入牌的序号，用逗号分隔，0表示不出): 
2026-05-19T00:45:37.829+08:00 [INFO] 用户 1 接收出牌消息1: <nil>
2026-05-19T00:45:37.831+08:00 [INFO] 用户 1 接收出牌消息2: {0 [] 0}
2026-05-19T00:45:37.928+08:00 [INFO] heartbeatCheck: 3.9661954s
2026-05-19T00:45:38.824+08:00 [INFO] 
1的回合 (当前手牌数: 11)

2026-05-19T00:45:38.825+08:00 [INFO] 上一手牌，牌型: 1, 牌是：♥Q

2026-05-19T00:45:38.826+08:00 [INFO] 请选择要出的牌 (输入牌的序号，用逗号分隔，0表示不出): 
2026-05-19T00:45:38.826+08:00 [INFO] 用户 1 接收出牌消息1: <nil>
2026-05-19T00:45:38.827+08:00 [INFO] 用户 1 接收出牌消息2: {0 [] 0}
2026-05-19T00:45:39.824+08:00 [INFO] 
1的回合 (当前手牌数: 11)

2026-05-19T00:45:39.827+08:00 [INFO] 上一手牌，牌型: 1, 牌是：♥Q

2026-05-19T00:45:39.828+08:00 [INFO] 请选择要出的牌 (输入牌的序号，用逗号分隔，0表示不出): 
2026-05-19T00:45:39.829+08:00 [INFO] 用户 1 接收出牌消息1: <nil>
2026-05-19T00:45:39.831+08:00 [INFO] 用户 1 接收出牌消息2: {0 [] 0}
2026-05-19T00:45:40.824+08:00 [INFO] 
1的回合 (当前手牌数: 11)

2026-05-19T00:45:40.825+08:00 [INFO] 上一手牌，牌型: 1, 牌是：♥Q

2026-05-19T00:45:40.826+08:00 [INFO] 请选择要出的牌 (输入牌的序号，用逗号分隔，0表示不出): 
2026-05-19T00:45:40.826+08:00 [INFO] 用户 1 接收出牌消息1: <nil>
2026-05-19T00:45:40.827+08:00 [INFO] 用户 1 接收出牌消息2: {0 [] 0}
2026-05-19T00:45:41.824+08:00 [INFO] 
1的回合 (当前手牌数: 11)

2026-05-19T00:45:41.825+08:00 [INFO] 上一手牌，牌型: 1, 牌是：♥Q

2026-05-19T00:45:41.825+08:00 [INFO] 请选择要出的牌 (输入牌的序号，用逗号分隔，0表示不出): 
2026-05-19T00:45:41.826+08:00 [INFO] 用户 1 接收出牌消息1: <nil>
2026-05-19T00:45:41.827+08:00 [INFO] 用户 1 接收出牌消息2: {0 [] 0}
2026-05-19T00:45:42.825+08:00 [INFO] 
1的回合 (当前手牌数: 11)

2026-05-19T00:45:42.825+08:00 [INFO] 上一手牌，牌型: 1, 牌是：♥Q

2026-05-19T00:45:42.826+08:00 [INFO] 请选择要出的牌 (输入牌的序号，用逗号分隔，0表示不出): 
2026-05-19T00:45:42.827+08:00 [INFO] 用户 1 接收出牌消息1: <nil>
2026-05-19T00:45:42.829+08:00 [INFO] 用户 1 接收出牌消息2: {0 [] 0}
2026-05-19T00:45:42.929+08:00 [INFO] heartbeatCheck: 8.9668918s
2026-05-19T00:45:43.826+08:00 [INFO] 
1的回合 (当前手牌数: 11)

2026-05-19T00:45:43.827+08:00 [INFO] 上一手牌，牌型: 1, 牌是：♥Q

2026-05-19T00:45:43.833+08:00 [INFO] 请选择要出的牌 (输入牌的序号，用逗号分隔，0表示不出): 
2026-05-19T00:45:43.834+08:00 [INFO] 用户 1 接收出牌消息1: <nil>
2026-05-19T00:45:43.835+08:00 [INFO] 用户 1 接收出牌消息2: {0 [] 0}
2026-05-19T00:45:43.982+08:00 [INFO] 用户 1 接收消息: {"type":"heartbeat","data":"ping"}（类型: 1）
2026-05-19T00:45:43.984+08:00 [INFO] 用户 1 发送消息: {"type":"heartbeat","data":"pong","from":"1"}
2026-05-19T00:45:44.824+08:00 [INFO] 
1的回合 (当前手牌数: 11)

2026-05-19T00:45:44.825+08:00 [INFO] 上一手牌，牌型: 1, 牌是：♥Q

2026-05-19T00:45:44.826+08:00 [INFO] 请选择要出的牌 (输入牌的序号，用逗号分隔，0表示不出): 
2026-05-19T00:45:44.829+08:00 [INFO] 用户 1 接收出牌消息1: <nil>
2026-05-19T00:45:44.831+08:00 [INFO] 用户 1 接收出牌消息2: {0 [] 0}
2026-05-19T00:45:45.824+08:00 [INFO] 
1的回合 (当前手牌数: 11)

2026-05-19T00:45:45.824+08:00 [INFO] 上一手牌，牌型: 1, 牌是：♥Q

2026-05-19T00:45:45.825+08:00 [INFO] 请选择要出的牌 (输入牌的序号，用逗号分隔，0表示不出): 
2026-05-19T00:45:45.826+08:00 [INFO] 用户 1 接收出牌消息1: <nil>
2026-05-19T00:45:45.827+08:00 [INFO] 用户 1 接收出牌消息2: {0 [] 0}
2026-05-19T00:45:46.824+08:00 [INFO] 
1的回合 (当前手牌数: 11)

2026-05-19T00:45:46.825+08:00 [INFO] 上一手牌，牌型: 1, 牌是：♥Q

2026-05-19T00:45:46.826+08:00 [INFO] 请选择要出的牌 (输入牌的序号，用逗号分隔，0表示不出): 
2026-05-19T00:45:46.827+08:00 [INFO] 用户 1 接收出牌消息1: <nil>
2026-05-19T00:45:46.828+08:00 [INFO] 用户 1 接收出牌消息2: {0 [] 0}
2026-05-19T00:45:47.824+08:00 [INFO] 
1的回合 (当前手牌数: 11)

2026-05-19T00:45:47.827+08:00 [INFO] 上一手牌，牌型: 1, 牌是：♥Q

2026-05-19T00:45:47.828+08:00 [INFO] 请选择要出的牌 (输入牌的序号，用逗号分隔，0表示不出): 
2026-05-19T00:45:47.829+08:00 [INFO] 用户 1 接收出牌消息1: <nil>
2026-05-19T00:45:47.831+08:00 [INFO] 用户 1 接收出牌消息2: {0 [] 0}
2026-05-19T00:45:47.928+08:00 [INFO] heartbeatCheck: 3.946132s
2026-05-19T00:45:48.832+08:00 [INFO] 
1的回合 (当前手牌数: 11)

2026-05-19T00:45:48.835+08:00 [INFO] 上一手牌，牌型: 1, 牌是：♥Q

2026-05-19T00:45:48.836+08:00 [INFO] 请选择要出的牌 (输入牌的序号，用逗号分隔，0表示不出): 
2026-05-19T00:45:48.839+08:00 [INFO] 用户 1 接收出牌消息1: <nil>
2026-05-19T00:45:48.843+08:00 [INFO] 用户 1 接收出牌消息2: {0 [] 0}
2026-05-19T00:45:49.824+08:00 [INFO] 
1的回合 (当前手牌数: 11)

2026-05-19T00:45:49.825+08:00 [INFO] 上一手牌，牌型: 1, 牌是：♥Q

2026-05-19T00:45:49.825+08:00 [INFO] 请选择要出的牌 (输入牌的序号，用逗号分隔，0表示不出): 
2026-05-19T00:45:49.827+08:00 [INFO] 用户 1 接收出牌消息1: <nil>
2026-05-19T00:45:49.827+08:00 [INFO] 用户 1 接收出牌消息2: {0 [] 0}
2026-05-19T00:45:50.825+08:00 [INFO] 
1的回合 (当前手牌数: 11)

2026-05-19T00:45:50.826+08:00 [INFO] 上一手牌，牌型: 1, 牌是：♥Q

2026-05-19T00:45:50.827+08:00 [INFO] 请选择要出的牌 (输入牌的序号，用逗号分隔，0表示不出): 
2026-05-19T00:45:50.830+08:00 [INFO] 用户 1 接收出牌消息1: <nil>
2026-05-19T00:45:50.831+08:00 [INFO] 用户 1 接收出牌消息2: {0 [] 0}
2026-05-19T00:45:51.824+08:00 [INFO] 
1的回合 (当前手牌数: 11)

2026-05-19T00:45:51.825+08:00 [INFO] 上一手牌，牌型: 1, 牌是：♥Q

2026-05-19T00:45:51.826+08:00 [INFO] 请选择要出的牌 (输入牌的序号，用逗号分隔，0表示不出): 
2026-05-19T00:45:51.827+08:00 [INFO] 用户 1 接收出牌消息1: <nil>
2026-05-19T00:45:51.828+08:00 [INFO] 用户 1 接收出牌消息2: {0 [] 0}
2026-05-19T00:45:52.825+08:00 [INFO] 
1的回合 (当前手牌数: 11)

2026-05-19T00:45:52.826+08:00 [INFO] 上一手牌，牌型: 1, 牌是：♥Q

2026-05-19T00:45:52.827+08:00 [INFO] 请选择要出的牌 (输入牌的序号，用逗号分隔，0表示不出): 
2026-05-19T00:45:52.828+08:00 [INFO] 用户 1 接收出牌消息1: <nil>
2026-05-19T00:45:52.831+08:00 [INFO] 用户 1 接收出牌消息2: {0 [] 0}
2026-05-19T00:45:52.929+08:00 [INFO] heartbeatCheck: 8.9468196s
2026-05-19T00:45:53.826+08:00 [INFO] 
1的回合 (当前手牌数: 11)

2026-05-19T00:45:53.826+08:00 [INFO] 上一手牌，牌型: 1, 牌是：♥Q

2026-05-19T00:45:53.828+08:00 [INFO] 请选择要出的牌 (输入牌的序号，用逗号分隔，0表示不出): 
2026-05-19T00:45:53.829+08:00 [INFO] 用户 1 接收出牌消息1: <nil>
2026-05-19T00:45:53.830+08:00 [INFO] 用户 1 接收出牌消息2: {0 [] 0}
2026-05-19T00:45:53.834+08:00 [INFO] 1不出

2026-05-19T00:45:53.835+08:00 [INFO] ♠3,♣A,♥10,♠Q,♥2,♣Q,♣3,♦K,♦9,♣K,♠4
2026-05-19T00:45:53.838+08:00 [INFO] 用户 1 发送消息: {"type":"pass","data":"{\"pid\":0,\"cardIds\":[],\"card_type\":0,\"cards_num\":11,\"code\":0,\"current\":1,\"mustPid\":3,\"outCardTimeout\":30}","from":""}
2026-05-19T00:45:54.824+08:00 [INFO] 
尤烨伟的回合 (当前手牌数: 11)

2026-05-19T00:45:54.825+08:00 [INFO] 上一手牌，牌型: 1, 牌是：♥Q

2026-05-19T00:45:54.827+08:00 [INFO] 请选择要出的牌 (输入牌的序号，用逗号分隔，0表示不出): 
2026-05-19T00:45:55.825+08:00 [INFO] 
尤烨伟的回合 (当前手牌数: 11)

2026-05-19T00:45:55.826+08:00 [INFO] 上一手牌，牌型: 1, 牌是：♥Q

2026-05-19T00:45:55.827+08:00 [INFO] 请选择要出的牌 (输入牌的序号，用逗号分隔，0表示不出): 
2026-05-19T00:45:55.830+08:00 [INFO] 尤烨伟出了: ♥K (1)

2026-05-19T00:45:55.834+08:00 [INFO] 用户 1 发送消息: {"type":"outCard","data":"{\"pid\":1,\"cardIds\":[43],\"card_type\":1,\"cards_num\":10,\"code\":0,\"current\":2,\"mustPid\":1,\"outCardTimeout\":30}","from":""}
2026-05-19T00:45:56.824+08:00 [INFO] 
符明的回合 (当前手牌数: 11)

2026-05-19T00:45:56.824+08:00 [INFO] 上一手牌，牌型: 1, 牌是：♥K

2026-05-19T00:45:56.825+08:00 [INFO] 请选择要出的牌 (输入牌的序号，用逗号分隔，0表示不出): 
2026-05-19T00:45:57.824+08:00 [INFO] 
符明的回合 (当前手牌数: 11)

2026-05-19T00:45:57.825+08:00 [INFO] 上一手牌，牌型: 1, 牌是：♥K

2026-05-19T00:45:57.826+08:00 [INFO] 请选择要出的牌 (输入牌的序号，用逗号分隔，0表示不出): 
2026-05-19T00:45:57.827+08:00 [INFO] 符明出了: ♠2 (1)

2026-05-19T00:45:57.829+08:00 [INFO] 用户 1 发送消息: {"type":"outCard","data":"{\"pid\":2,\"cardIds\":[52],\"card_type\":1,\"cards_num\":10,\"code\":0,\"current\":3,\"mustPid\":2,\"outCardTimeout\":30}","from":""}
2026-05-19T00:45:57.929+08:00 [INFO] heartbeatCheck: 13.9466569s
2026-05-19T00:45:58.824+08:00 [INFO] 
堵妙绿的回合 (当前手牌数: 11)

2026-05-19T00:45:58.825+08:00 [INFO] 上一手牌，牌型: 1, 牌是：♠2

2026-05-19T00:45:58.828+08:00 [INFO] 请选择要出的牌 (输入牌的序号，用逗号分隔，0表示不出): 
2026-05-19T00:45:59.825+08:00 [INFO] 
堵妙绿的回合 (当前手牌数: 11)

2026-05-19T00:45:59.826+08:00 [INFO] 上一手牌，牌型: 1, 牌是：♠2

2026-05-19T00:45:59.827+08:00 [INFO] 请选择要出的牌 (输入牌的序号，用逗号分隔，0表示不出): 
2026-05-19T00:46:00.824+08:00 [INFO] 
堵妙绿的回合 (当前手牌数: 11)

2026-05-19T00:46:00.824+08:00 [INFO] 上一手牌，牌型: 1, 牌是：♠2

2026-05-19T00:46:00.825+08:00 [INFO] 请选择要出的牌 (输入牌的序号，用逗号分隔，0表示不出): 
2026-05-19T00:46:00.826+08:00 [INFO] 堵妙绿不出

2026-05-19T00:46:00.828+08:00 [INFO] 正在订阅 Channel: player:play:card:1，当前玩家: 1
2026-05-19T00:46:00.834+08:00 [INFO] 成功订阅 Channel: player:play:card:1
2026-05-19T00:46:00.836+08:00 [INFO] 用户 1 发送消息: {"type":"pass","data":"{\"pid\":3,\"cardIds\":null,\"card_type\":0,\"cards_num\":11,\"code\":0,\"current\":0,\"mustPid\":2,\"outCardTimeout\":30}","from":""}
2026-05-19T00:46:01.824+08:00 [INFO] 
1的回合 (当前手牌数: 11)

2026-05-19T00:46:01.825+08:00 [INFO] 上一手牌，牌型: 1, 牌是：♠2

2026-05-19T00:46:01.826+08:00 [INFO] 请选择要出的牌 (输入牌的序号，用逗号分隔，0表示不出): 
2026-05-19T00:46:01.829+08:00 [INFO] 用户 1 接收出牌消息1: <nil>
2026-05-19T00:46:01.829+08:00 [INFO] 用户 1 接收出牌消息2: {0 [] 0}
2026-05-19T00:46:02.824+08:00 [INFO] 
1的回合 (当前手牌数: 11)

2026-05-19T00:46:02.824+08:00 [INFO] 上一手牌，牌型: 1, 牌是：♠2

2026-05-19T00:46:02.825+08:00 [INFO] 请选择要出的牌 (输入牌的序号，用逗号分隔，0表示不出): 
2026-05-19T00:46:02.826+08:00 [INFO] 用户 1 接收出牌消息1: <nil>
2026-05-19T00:46:02.827+08:00 [INFO] 用户 1 接收出牌消息2: {0 [] 0}
2026-05-19T00:46:02.929+08:00 [INFO] heartbeatCheck: 18.9462335s
2026-05-19T00:46:03.825+08:00 [INFO] 
1的回合 (当前手牌数: 11)

2026-05-19T00:46:03.826+08:00 [INFO] 上一手牌，牌型: 1, 牌是：♠2

2026-05-19T00:46:03.827+08:00 [INFO] 请选择要出的牌 (输入牌的序号，用逗号分隔，0表示不出): 
2026-05-19T00:46:03.829+08:00 [INFO] 用户 1 接收出牌消息1: <nil>
2026-05-19T00:46:03.830+08:00 [INFO] 用户 1 接收出牌消息2: {0 [] 0}
2026-05-19T00:46:04.824+08:00 [INFO] 
1的回合 (当前手牌数: 11)

2026-05-19T00:46:04.825+08:00 [INFO] 上一手牌，牌型: 1, 牌是：♠2

2026-05-19T00:46:04.825+08:00 [INFO] 请选择要出的牌 (输入牌的序号，用逗号分隔，0表示不出): 
2026-05-19T00:46:04.826+08:00 [INFO] 用户 1 接收出牌消息1: <nil>
2026-05-19T00:46:04.827+08:00 [INFO] 用户 1 接收出牌消息2: {0 [] 0}
2026-05-19T00:46:05.827+08:00 [INFO] 
1的回合 (当前手牌数: 11)

2026-05-19T00:46:05.828+08:00 [INFO] 上一手牌，牌型: 1, 牌是：♠2

2026-05-19T00:46:05.829+08:00 [INFO] 请选择要出的牌 (输入牌的序号，用逗号分隔，0表示不出): 
2026-05-19T00:46:05.830+08:00 [INFO] 用户 1 接收出牌消息1: <nil>
2026-05-19T00:46:05.832+08:00 [INFO] 用户 1 接收出牌消息2: {0 [] 0}
2026-05-19T00:46:06.824+08:00 [INFO] 
1的回合 (当前手牌数: 11)

2026-05-19T00:46:06.825+08:00 [INFO] 上一手牌，牌型: 1, 牌是：♠2

2026-05-19T00:46:06.826+08:00 [INFO] 请选择要出的牌 (输入牌的序号，用逗号分隔，0表示不出): 
2026-05-19T00:46:06.827+08:00 [INFO] 用户 1 接收出牌消息1: <nil>
2026-05-19T00:46:06.828+08:00 [INFO] 用户 1 接收出牌消息2: {0 [] 0}
2026-05-19T00:46:07.826+08:00 [INFO] 
1的回合 (当前手牌数: 11)

2026-05-19T00:46:07.828+08:00 [INFO] 上一手牌，牌型: 1, 牌是：♠2

2026-05-19T00:46:07.830+08:00 [INFO] 请选择要出的牌 (输入牌的序号，用逗号分隔，0表示不出): 
2026-05-19T00:46:07.832+08:00 [INFO] 用户 1 接收出牌消息1: <nil>
2026-05-19T00:46:07.833+08:00 [INFO] 用户 1 接收出牌消息2: {0 [] 0}
2026-05-19T00:46:07.928+08:00 [INFO] heartbeatCheck: 23.9460422s
2026-05-19T00:46:08.825+08:00 [INFO] 
1的回合 (当前手牌数: 11)

2026-05-19T00:46:08.825+08:00 [INFO] 上一手牌，牌型: 1, 牌是：♠2

2026-05-19T00:46:08.826+08:00 [INFO] 请选择要出的牌 (输入牌的序号，用逗号分隔，0表示不出): 
2026-05-19T00:46:08.826+08:00 [INFO] 用户 1 接收出牌消息1: <nil>
2026-05-19T00:46:08.829+08:00 [INFO] 用户 1 接收出牌消息2: {0 [] 0}
2026-05-19T00:46:09.834+08:00 [INFO] 
1的回合 (当前手牌数: 11)

2026-05-19T00:46:09.835+08:00 [INFO] 上一手牌，牌型: 1, 牌是：♠2

2026-05-19T00:46:09.838+08:00 [INFO] 请选择要出的牌 (输入牌的序号，用逗号分隔，0表示不出): 
2026-05-19T00:46:09.841+08:00 [INFO] 用户 1 接收出牌消息1: <nil>
2026-05-19T00:46:09.841+08:00 [INFO] 用户 1 接收出牌消息2: {0 [] 0}
2026-05-19T00:46:10.824+08:00 [INFO] 
1的回合 (当前手牌数: 11)

2026-05-19T00:46:10.827+08:00 [INFO] 上一手牌，牌型: 1, 牌是：♠2

2026-05-19T00:46:10.827+08:00 [INFO] 请选择要出的牌 (输入牌的序号，用逗号分隔，0表示不出): 
2026-05-19T00:46:10.829+08:00 [INFO] 用户 1 接收出牌消息1: <nil>
2026-05-19T00:46:10.831+08:00 [INFO] 用户 1 接收出牌消息2: {0 [] 0}
2026-05-19T00:46:10.917+08:00 [INFO] 用户 1 接收消息: {"type":"heartbeat","data":"ping"}（类型: 1）
2026-05-19T00:46:10.918+08:00 [INFO] 用户 1 发送消息: {"type":"heartbeat","data":"pong","from":"1"}
2026-05-19T00:46:11.825+08:00 [INFO] 
1的回合 (当前手牌数: 11)

2026-05-19T00:46:11.826+08:00 [INFO] 上一手牌，牌型: 1, 牌是：♠2

2026-05-19T00:46:11.828+08:00 [INFO] 请选择要出的牌 (输入牌的序号，用逗号分隔，0表示不出): 
2026-05-19T00:46:11.828+08:00 [INFO] 用户 1 接收出牌消息1: <nil>
2026-05-19T00:46:11.829+08:00 [INFO] 用户 1 接收出牌消息2: {0 [] 0}
2026-05-19T00:46:12.824+08:00 [INFO] 
1的回合 (当前手牌数: 11)

2026-05-19T00:46:12.826+08:00 [INFO] 上一手牌，牌型: 1, 牌是：♠2

2026-05-19T00:46:12.827+08:00 [INFO] 请选择要出的牌 (输入牌的序号，用逗号分隔，0表示不出): 
2026-05-19T00:46:12.829+08:00 [INFO] 用户 1 接收出牌消息1: <nil>
2026-05-19T00:46:12.830+08:00 [INFO] 用户 1 接收出牌消息2: {0 [] 0}
2026-05-19T00:46:12.929+08:00 [INFO] heartbeatCheck: 2.0131059s
2026-05-19T00:46:13.824+08:00 [INFO] 
1的回合 (当前手牌数: 11)

2026-05-19T00:46:13.824+08:00 [INFO] 上一手牌，牌型: 1, 牌是：♠2

2026-05-19T00:46:13.825+08:00 [INFO] 请选择要出的牌 (输入牌的序号，用逗号分隔，0表示不出): 
2026-05-19T00:46:13.826+08:00 [INFO] 用户 1 接收出牌消息1: <nil>
2026-05-19T00:46:13.827+08:00 [INFO] 用户 1 接收出牌消息2: {0 [] 0}
2026-05-19T00:46:14.825+08:00 [INFO] 
1的回合 (当前手牌数: 11)

2026-05-19T00:46:14.826+08:00 [INFO] 上一手牌，牌型: 1, 牌是：♠2

2026-05-19T00:46:14.827+08:00 [INFO] 请选择要出的牌 (输入牌的序号，用逗号分隔，0表示不出): 
2026-05-19T00:46:14.829+08:00 [INFO] 用户 1 接收出牌消息1: <nil>
2026-05-19T00:46:14.830+08:00 [INFO] 用户 1 接收出牌消息2: {0 [] 0}
2026-05-19T00:46:15.825+08:00 [INFO] 
1的回合 (当前手牌数: 11)

2026-05-19T00:46:15.826+08:00 [INFO] 上一手牌，牌型: 1, 牌是：♠2

2026-05-19T00:46:15.827+08:00 [INFO] 请选择要出的牌 (输入牌的序号，用逗号分隔，0表示不出): 
2026-05-19T00:46:15.828+08:00 [INFO] 用户 1 接收出牌消息1: <nil>
2026-05-19T00:46:15.830+08:00 [INFO] 用户 1 接收出牌消息2: {0 [] 0}
2026-05-19T00:46:16.824+08:00 [INFO] 
1的回合 (当前手牌数: 11)

2026-05-19T00:46:16.825+08:00 [INFO] 上一手牌，牌型: 1, 牌是：♠2

2026-05-19T00:46:16.826+08:00 [INFO] 请选择要出的牌 (输入牌的序号，用逗号分隔，0表示不出): 
2026-05-19T00:46:16.827+08:00 [INFO] 用户 1 接收出牌消息1: <nil>
2026-05-19T00:46:16.828+08:00 [INFO] 用户 1 接收出牌消息2: {0 [] 0}
2026-05-19T00:46:17.824+08:00 [INFO] 
1的回合 (当前手牌数: 11)

2026-05-19T00:46:17.827+08:00 [INFO] 上一手牌，牌型: 1, 牌是：♠2

2026-05-19T00:46:17.828+08:00 [INFO] 请选择要出的牌 (输入牌的序号，用逗号分隔，0表示不出): 
2026-05-19T00:46:17.830+08:00 [INFO] 用户 1 接收出牌消息1: <nil>
2026-05-19T00:46:17.832+08:00 [INFO] 用户 1 接收出牌消息2: {0 [] 0}
2026-05-19T00:46:17.929+08:00 [INFO] heartbeatCheck: 7.0127894s
2026-05-19T00:46:18.828+08:00 [INFO] 
1的回合 (当前手牌数: 11)

2026-05-19T00:46:18.829+08:00 [INFO] 上一手牌，牌型: 1, 牌是：♠2

2026-05-19T00:46:18.831+08:00 [INFO] 请选择要出的牌 (输入牌的序号，用逗号分隔，0表示不出): 
2026-05-19T00:46:18.833+08:00 [INFO] 用户 1 接收出牌消息1: <nil>
2026-05-19T00:46:18.834+08:00 [INFO] 用户 1 接收出牌消息2: {0 [] 0}
2026-05-19T00:46:19.825+08:00 [INFO] 
1的回合 (当前手牌数: 11)

2026-05-19T00:46:19.826+08:00 [INFO] 上一手牌，牌型: 1, 牌是：♠2

2026-05-19T00:46:19.828+08:00 [INFO] 请选择要出的牌 (输入牌的序号，用逗号分隔，0表示不出): 
2026-05-19T00:46:19.829+08:00 [INFO] 用户 1 接收出牌消息1: <nil>
2026-05-19T00:46:19.832+08:00 [INFO] 用户 1 接收出牌消息2: {0 [] 0}
2026-05-19T00:46:20.825+08:00 [INFO] 
1的回合 (当前手牌数: 11)

2026-05-19T00:46:20.825+08:00 [INFO] 上一手牌，牌型: 1, 牌是：♠2

2026-05-19T00:46:20.826+08:00 [INFO] 请选择要出的牌 (输入牌的序号，用逗号分隔，0表示不出): 
2026-05-19T00:46:20.827+08:00 [INFO] 用户 1 接收出牌消息1: <nil>
2026-05-19T00:46:20.827+08:00 [INFO] 用户 1 接收出牌消息2: {0 [] 0}
2026-05-19T00:46:20.972+08:00 [INFO] 用户 1 接收消息: {"type":"heartbeat","data":"ping"}（类型: 1）
2026-05-19T00:46:20.975+08:00 [INFO] 用户 1 发送消息: {"type":"heartbeat","data":"pong","from":"1"}
2026-05-19T00:46:21.826+08:00 [INFO] 
1的回合 (当前手牌数: 11)

2026-05-19T00:46:21.827+08:00 [INFO] 上一手牌，牌型: 1, 牌是：♠2

2026-05-19T00:46:21.828+08:00 [INFO] 请选择要出的牌 (输入牌的序号，用逗号分隔，0表示不出): 
2026-05-19T00:46:21.829+08:00 [INFO] 用户 1 接收出牌消息1: <nil>
2026-05-19T00:46:21.831+08:00 [INFO] 用户 1 接收出牌消息2: {0 [] 0}
2026-05-19T00:46:22.825+08:00 [INFO] 
1的回合 (当前手牌数: 11)

2026-05-19T00:46:22.825+08:00 [INFO] 上一手牌，牌型: 1, 牌是：♠2

2026-05-19T00:46:22.826+08:00 [INFO] 请选择要出的牌 (输入牌的序号，用逗号分隔，0表示不出): 
2026-05-19T00:46:22.827+08:00 [INFO] 用户 1 接收出牌消息1: <nil>
2026-05-19T00:46:22.828+08:00 [INFO] 用户 1 接收出牌消息2: {0 [] 0}
2026-05-19T00:46:22.929+08:00 [INFO] heartbeatCheck: 1.9574377s
2026-05-19T00:46:23.829+08:00 [INFO] 
1的回合 (当前手牌数: 11)

2026-05-19T00:46:23.831+08:00 [INFO] 上一手牌，牌型: 1, 牌是：♠2

2026-05-19T00:46:23.833+08:00 [INFO] 请选择要出的牌 (输入牌的序号，用逗号分隔，0表示不出): 
2026-05-19T00:46:23.834+08:00 [INFO] 用户 1 接收出牌消息1: <nil>
2026-05-19T00:46:23.835+08:00 [INFO] 用户 1 接收出牌消息2: {0 [] 0}
2026-05-19T00:46:24.825+08:00 [INFO] 
1的回合 (当前手牌数: 11)

2026-05-19T00:46:24.826+08:00 [INFO] 上一手牌，牌型: 1, 牌是：♠2

2026-05-19T00:46:24.826+08:00 [INFO] 请选择要出的牌 (输入牌的序号，用逗号分隔，0表示不出): 
2026-05-19T00:46:24.827+08:00 [INFO] 用户 1 接收出牌消息1: <nil>
2026-05-19T00:46:24.828+08:00 [INFO] 用户 1 接收出牌消息2: {0 [] 0}
2026-05-19T00:46:25.824+08:00 [INFO] 
1的回合 (当前手牌数: 11)

2026-05-19T00:46:25.826+08:00 [INFO] 上一手牌，牌型: 1, 牌是：♠2

2026-05-19T00:46:25.827+08:00 [INFO] 请选择要出的牌 (输入牌的序号，用逗号分隔，0表示不出): 
2026-05-19T00:46:25.828+08:00 [INFO] 用户 1 接收出牌消息1: <nil>
2026-05-19T00:46:25.829+08:00 [INFO] 用户 1 接收出牌消息2: {0 [] 0}
2026-05-19T00:46:26.827+08:00 [INFO] 
1的回合 (当前手牌数: 11)

2026-05-19T00:46:26.828+08:00 [INFO] 上一手牌，牌型: 1, 牌是：♠2

2026-05-19T00:46:26.829+08:00 [INFO] 请选择要出的牌 (输入牌的序号，用逗号分隔，0表示不出): 
2026-05-19T00:46:26.831+08:00 [INFO] 用户 1 接收出牌消息1: <nil>
2026-05-19T00:46:26.832+08:00 [INFO] 用户 1 接收出牌消息2: {0 [] 0}
2026-05-19T00:46:27.825+08:00 [INFO] 
1的回合 (当前手牌数: 11)

2026-05-19T00:46:27.825+08:00 [INFO] 上一手牌，牌型: 1, 牌是：♠2

2026-05-19T00:46:27.826+08:00 [INFO] 请选择要出的牌 (输入牌的序号，用逗号分隔，0表示不出): 
2026-05-19T00:46:27.827+08:00 [INFO] 用户 1 接收出牌消息1: <nil>
2026-05-19T00:46:27.829+08:00 [INFO] 用户 1 接收出牌消息2: {0 [] 0}
2026-05-19T00:46:27.929+08:00 [INFO] heartbeatCheck: 6.9573266s
2026-05-19T00:46:28.825+08:00 [INFO] 
1的回合 (当前手牌数: 11)

2026-05-19T00:46:28.826+08:00 [INFO] 上一手牌，牌型: 1, 牌是：♠2

2026-05-19T00:46:28.828+08:00 [INFO] 请选择要出的牌 (输入牌的序号，用逗号分隔，0表示不出): 
2026-05-19T00:46:28.829+08:00 [INFO] 用户 1 接收出牌消息1: <nil>
2026-05-19T00:46:28.831+08:00 [INFO] 用户 1 接收出牌消息2: {0 [] 0}
2026-05-19T00:46:29.824+08:00 [INFO] 
1的回合 (当前手牌数: 11)

2026-05-19T00:46:29.824+08:00 [INFO] 上一手牌，牌型: 1, 牌是：♠2

2026-05-19T00:46:29.825+08:00 [INFO] 请选择要出的牌 (输入牌的序号，用逗号分隔，0表示不出): 
2026-05-19T00:46:29.826+08:00 [INFO] 用户 1 接收出牌消息1: <nil>
2026-05-19T00:46:29.827+08:00 [INFO] 用户 1 接收出牌消息2: {0 [] 0}
2026-05-19T00:46:30.825+08:00 [INFO] 
1的回合 (当前手牌数: 11)

2026-05-19T00:46:30.827+08:00 [INFO] 上一手牌，牌型: 1, 牌是：♠2

2026-05-19T00:46:30.828+08:00 [INFO] 请选择要出的牌 (输入牌的序号，用逗号分隔，0表示不出): 
2026-05-19T00:46:30.830+08:00 [INFO] 用户 1 接收出牌消息1: <nil>
2026-05-19T00:46:30.831+08:00 [INFO] 用户 1 接收出牌消息2: {0 [] 0}
2026-05-19T00:46:30.833+08:00 [INFO] 1不出

2026-05-19T00:46:30.834+08:00 [INFO] ♠3,♣A,♥10,♠Q,♥2,♣Q,♣3,♦K,♦9,♣K,♠4
2026-05-19T00:46:30.846+08:00 [INFO] 用户 1 发送消息: {"type":"pass","data":"{\"pid\":0,\"cardIds\":[],\"card_type\":0,\"cards_num\":11,\"code\":0,\"current\":1,\"mustPid\":2,\"outCardTimeout\":30}","from":""}
2026-05-19T00:46:31.824+08:00 [INFO] 
尤烨伟的回合 (当前手牌数: 10)

2026-05-19T00:46:31.826+08:00 [INFO] 上一手牌，牌型: 1, 牌是：♠2

2026-05-19T00:46:31.827+08:00 [INFO] 请选择要出的牌 (输入牌的序号，用逗号分隔，0表示不出): 
2026-05-19T00:46:32.824+08:00 [INFO] 
尤烨伟的回合 (当前手牌数: 10)

2026-05-19T00:46:32.824+08:00 [INFO] 上一手牌，牌型: 1, 牌是：♠2

2026-05-19T00:46:32.826+08:00 [INFO] 请选择要出的牌 (输入牌的序号，用逗号分隔，0表示不出): 
2026-05-19T00:46:32.827+08:00 [INFO] 尤烨伟不出

2026-05-19T00:46:32.832+08:00 [INFO] 用户 1 发送消息: {"type":"pass","data":"{\"pid\":1,\"cardIds\":null,\"card_type\":0,\"cards_num\":10,\"code\":0,\"current\":2,\"mustPid\":2,\"outCardTimeout\":30}","from":""}
2026-05-19T00:46:32.928+08:00 [INFO] heartbeatCheck: 11.9565611s
2026-05-19T00:46:33.824+08:00 [INFO] 
符明的回合 (当前手牌数: 10)

2026-05-19T00:46:33.825+08:00 [INFO] 上一手牌，牌型: 0, 牌是：不出

2026-05-19T00:46:33.826+08:00 [INFO] 请选择要出的牌 (输入牌的序号，用逗号分隔，0表示不出): 
2026-05-19T00:46:34.825+08:00 [INFO] 
符明的回合 (当前手牌数: 10)

2026-05-19T00:46:34.826+08:00 [INFO] 上一手牌，牌型: 0, 牌是：不出

2026-05-19T00:46:34.827+08:00 [INFO] 请选择要出的牌 (输入牌的序号，用逗号分隔，0表示不出): 
2026-05-19T00:46:34.829+08:00 [INFO] 符明出了: ♥J,♥8,♥5,♥4,♥3 (4)

2026-05-19T00:46:34.832+08:00 [INFO] 用户 1 发送消息: {"type":"outCard","data":"{\"pid\":2,\"cardIds\":[35,23,11,7,3],\"card_type\":4,\"cards_num\":5,\"code\":0,\"current\":3,\"mustPid\":2,\"outCardTimeout\":30}","from":""}
2026-05-19T00:46:35.824+08:00 [INFO] 
堵妙绿的回合 (当前手牌数: 11)

2026-05-19T00:46:35.826+08:00 [INFO] 上一手牌，牌型: 4, 牌是：♥J,♥8,♥5,♥4,♥3

2026-05-19T00:46:35.830+08:00 [INFO] 请选择要出的牌 (输入牌的序号，用逗号分隔，0表示不出): 
2026-05-19T00:46:36.824+08:00 [INFO] 
堵妙绿的回合 (当前手牌数: 11)

2026-05-19T00:46:36.825+08:00 [INFO] 上一手牌，牌型: 4, 牌是：♥J,♥8,♥5,♥4,♥3

2026-05-19T00:46:36.827+08:00 [INFO] 请选择要出的牌 (输入牌的序号，用逗号分隔，0表示不出): 
2026-05-19T00:46:37.824+08:00 [INFO] 
堵妙绿的回合 (当前手牌数: 11)

2026-05-19T00:46:37.826+08:00 [INFO] 上一手牌，牌型: 4, 牌是：♥J,♥8,♥5,♥4,♥3

2026-05-19T00:46:37.827+08:00 [INFO] 请选择要出的牌 (输入牌的序号，用逗号分隔，0表示不出): 
2026-05-19T00:46:37.829+08:00 [INFO] 堵妙绿出了: ♦2,♦Q,♦J,♦10,♦6 (4)

2026-05-19T00:46:37.833+08:00 [INFO] 正在订阅 Channel: player:play:card:1，当前玩家: 1
2026-05-19T00:46:37.851+08:00 [INFO] 成功订阅 Channel: player:play:card:1
2026-05-19T00:46:37.856+08:00 [INFO] 用户 1 发送消息: {"type":"outCard","data":"{\"pid\":3,\"cardIds\":[49,37,33,29,13],\"card_type\":4,\"cards_num\":6,\"code\":0,\"current\":0,\"mustPid\":3,\"outCardTimeout\":30}","from":""}
2026-05-19T00:46:37.928+08:00 [INFO] heartbeatCheck: 16.9567571s
2026-05-19T00:46:38.825+08:00 [INFO] 
1的回合 (当前手牌数: 11)

2026-05-19T00:46:38.826+08:00 [INFO] 上一手牌，牌型: 4, 牌是：♦2,♦Q,♦J,♦10,♦6

2026-05-19T00:46:38.827+08:00 [INFO] 请选择要出的牌 (输入牌的序号，用逗号分隔，0表示不出): 
2026-05-19T00:46:38.827+08:00 [INFO] 用户 1 接收出牌消息1: <nil>
2026-05-19T00:46:38.828+08:00 [INFO] 用户 1 接收出牌消息2: {0 [] 0}
2026-05-19T00:46:39.824+08:00 [INFO] 
1的回合 (当前手牌数: 11)

2026-05-19T00:46:39.825+08:00 [INFO] 上一手牌，牌型: 4, 牌是：♦2,♦Q,♦J,♦10,♦6

2026-05-19T00:46:39.826+08:00 [INFO] 请选择要出的牌 (输入牌的序号，用逗号分隔，0表示不出): 
2026-05-19T00:46:39.827+08:00 [INFO] 用户 1 接收出牌消息1: <nil>
2026-05-19T00:46:39.829+08:00 [INFO] 用户 1 接收出牌消息2: {0 [] 0}
2026-05-19T00:46:40.825+08:00 [INFO] 
1的回合 (当前手牌数: 11)

2026-05-19T00:46:40.826+08:00 [INFO] 上一手牌，牌型: 4, 牌是：♦2,♦Q,♦J,♦10,♦6

2026-05-19T00:46:40.827+08:00 [INFO] 请选择要出的牌 (输入牌的序号，用逗号分隔，0表示不出): 
2026-05-19T00:46:40.827+08:00 [INFO] 用户 1 接收出牌消息1: <nil>
2026-05-19T00:46:40.828+08:00 [INFO] 用户 1 接收出牌消息2: {0 [] 0}
2026-05-19T00:46:41.824+08:00 [INFO] 
1的回合 (当前手牌数: 11)

2026-05-19T00:46:41.828+08:00 [INFO] 上一手牌，牌型: 4, 牌是：♦2,♦Q,♦J,♦10,♦6

2026-05-19T00:46:41.830+08:00 [INFO] 请选择要出的牌 (输入牌的序号，用逗号分隔，0表示不出): 
2026-05-19T00:46:41.832+08:00 [INFO] 用户 1 接收出牌消息1: <nil>
2026-05-19T00:46:41.834+08:00 [INFO] 用户 1 接收出牌消息2: {0 [] 0}
2026-05-19T00:46:42.827+08:00 [INFO] 
1的回合 (当前手牌数: 11)

2026-05-19T00:46:42.829+08:00 [INFO] 上一手牌，牌型: 4, 牌是：♦2,♦Q,♦J,♦10,♦6

2026-05-19T00:46:42.832+08:00 [INFO] 请选择要出的牌 (输入牌的序号，用逗号分隔，0表示不出): 
2026-05-19T00:46:42.832+08:00 [INFO] 用户 1 接收出牌消息1: <nil>
2026-05-19T00:46:42.833+08:00 [INFO] 用户 1 接收出牌消息2: {0 [] 0}
2026-05-19T00:46:42.928+08:00 [INFO] heartbeatCheck: 21.9566676s
2026-05-19T00:46:43.840+08:00 [INFO] 
1的回合 (当前手牌数: 11)

2026-05-19T00:46:43.841+08:00 [INFO] 上一手牌，牌型: 4, 牌是：♦2,♦Q,♦J,♦10,♦6

2026-05-19T00:46:43.843+08:00 [INFO] 请选择要出的牌 (输入牌的序号，用逗号分隔，0表示不出): 
2026-05-19T00:46:43.844+08:00 [INFO] 用户 1 接收出牌消息1: <nil>
2026-05-19T00:46:43.845+08:00 [INFO] 用户 1 接收出牌消息2: {0 [] 0}
2026-05-19T00:46:44.825+08:00 [INFO] 
1的回合 (当前手牌数: 11)

2026-05-19T00:46:44.827+08:00 [INFO] 上一手牌，牌型: 4, 牌是：♦2,♦Q,♦J,♦10,♦6

2026-05-19T00:46:44.828+08:00 [INFO] 请选择要出的牌 (输入牌的序号，用逗号分隔，0表示不出): 
2026-05-19T00:46:44.829+08:00 [INFO] 用户 1 接收出牌消息1: <nil>
2026-05-19T00:46:44.830+08:00 [INFO] 用户 1 接收出牌消息2: {0 [] 0}
2026-05-19T00:46:45.824+08:00 [INFO] 
1的回合 (当前手牌数: 11)

2026-05-19T00:46:45.825+08:00 [INFO] 上一手牌，牌型: 4, 牌是：♦2,♦Q,♦J,♦10,♦6

2026-05-19T00:46:45.827+08:00 [INFO] 请选择要出的牌 (输入牌的序号，用逗号分隔，0表示不出): 
2026-05-19T00:46:45.827+08:00 [INFO] 用户 1 接收出牌消息1: <nil>
2026-05-19T00:46:45.829+08:00 [INFO] 用户 1 接收出牌消息2: {0 [] 0}
2026-05-19T00:46:46.824+08:00 [INFO] 
1的回合 (当前手牌数: 11)

2026-05-19T00:46:46.824+08:00 [INFO] 上一手牌，牌型: 4, 牌是：♦2,♦Q,♦J,♦10,♦6

2026-05-19T00:46:46.825+08:00 [INFO] 请选择要出的牌 (输入牌的序号，用逗号分隔，0表示不出): 
2026-05-19T00:46:46.826+08:00 [INFO] 用户 1 接收出牌消息1: <nil>
2026-05-19T00:46:46.829+08:00 [INFO] 用户 1 接收出牌消息2: {0 [] 0}
2026-05-19T00:46:47.824+08:00 [INFO] 
1的回合 (当前手牌数: 11)

2026-05-19T00:46:47.825+08:00 [INFO] 上一手牌，牌型: 4, 牌是：♦2,♦Q,♦J,♦10,♦6

2026-05-19T00:46:47.826+08:00 [INFO] 请选择要出的牌 (输入牌的序号，用逗号分隔，0表示不出): 
2026-05-19T00:46:47.827+08:00 [INFO] 用户 1 接收出牌消息1: <nil>
2026-05-19T00:46:47.828+08:00 [INFO] 用户 1 接收出牌消息2: {0 [] 0}
2026-05-19T00:46:47.889+08:00 [INFO] 用户 1 接收消息: {"type":"heartbeat","data":"ping"}（类型: 1）
2026-05-19T00:46:47.893+08:00 [INFO] 用户 1 发送消息: {"type":"heartbeat","data":"pong","from":"1"}
2026-05-19T00:46:47.929+08:00 [INFO] heartbeatCheck: 39.3305ms
2026-05-19T00:46:48.825+08:00 [INFO] 
1的回合 (当前手牌数: 11)

2026-05-19T00:46:48.825+08:00 [INFO] 上一手牌，牌型: 4, 牌是：♦2,♦Q,♦J,♦10,♦6

2026-05-19T00:46:48.826+08:00 [INFO] 请选择要出的牌 (输入牌的序号，用逗号分隔，0表示不出): 
2026-05-19T00:46:48.827+08:00 [INFO] 用户 1 接收出牌消息1: <nil>
2026-05-19T00:46:48.829+08:00 [INFO] 用户 1 接收出牌消息2: {0 [] 0}
2026-05-19T00:46:49.827+08:00 [INFO] 
1的回合 (当前手牌数: 11)

2026-05-19T00:46:49.829+08:00 [INFO] 上一手牌，牌型: 4, 牌是：♦2,♦Q,♦J,♦10,♦6

2026-05-19T00:46:49.831+08:00 [INFO] 请选择要出的牌 (输入牌的序号，用逗号分隔，0表示不出): 
2026-05-19T00:46:49.832+08:00 [INFO] 用户 1 接收出牌消息1: <nil>
2026-05-19T00:46:49.834+08:00 [INFO] 用户 1 接收出牌消息2: {0 [] 0}
2026-05-19T00:46:50.825+08:00 [INFO] 
1的回合 (当前手牌数: 11)

2026-05-19T00:46:50.825+08:00 [INFO] 上一手牌，牌型: 4, 牌是：♦2,♦Q,♦J,♦10,♦6

2026-05-19T00:46:50.827+08:00 [INFO] 请选择要出的牌 (输入牌的序号，用逗号分隔，0表示不出): 
2026-05-19T00:46:50.828+08:00 [INFO] 用户 1 接收出牌消息1: <nil>
2026-05-19T00:46:50.829+08:00 [INFO] 用户 1 接收出牌消息2: {0 [] 0}
2026-05-19T00:46:51.824+08:00 [INFO] 
1的回合 (当前手牌数: 11)

2026-05-19T00:46:51.826+08:00 [INFO] 上一手牌，牌型: 4, 牌是：♦2,♦Q,♦J,♦10,♦6

2026-05-19T00:46:51.830+08:00 [INFO] 请选择要出的牌 (输入牌的序号，用逗号分隔，0表示不出): 
2026-05-19T00:46:51.831+08:00 [INFO] 用户 1 接收出牌消息1: <nil>
2026-05-19T00:46:51.832+08:00 [INFO] 用户 1 接收出牌消息2: {0 [] 0}
2026-05-19T00:46:52.824+08:00 [INFO] 
1的回合 (当前手牌数: 11)

2026-05-19T00:46:52.825+08:00 [INFO] 上一手牌，牌型: 4, 牌是：♦2,♦Q,♦J,♦10,♦6

2026-05-19T00:46:52.826+08:00 [INFO] 请选择要出的牌 (输入牌的序号，用逗号分隔，0表示不出): 
2026-05-19T00:46:52.826+08:00 [INFO] 用户 1 接收出牌消息1: <nil>
2026-05-19T00:46:52.828+08:00 [INFO] 用户 1 接收出牌消息2: {0 [] 0}
2026-05-19T00:46:52.929+08:00 [INFO] heartbeatCheck: 5.0393587s
2026-05-19T00:46:53.830+08:00 [INFO] 
1的回合 (当前手牌数: 11)

2026-05-19T00:46:53.831+08:00 [INFO] 上一手牌，牌型: 4, 牌是：♦2,♦Q,♦J,♦10,♦6

2026-05-19T00:46:53.832+08:00 [INFO] 请选择要出的牌 (输入牌的序号，用逗号分隔，0表示不出): 
2026-05-19T00:46:53.833+08:00 [INFO] 用户 1 接收出牌消息1: <nil>
2026-05-19T00:46:53.835+08:00 [INFO] 用户 1 接收出牌消息2: {0 [] 0}
2026-05-19T00:46:54.824+08:00 [INFO] 
1的回合 (当前手牌数: 11)

2026-05-19T00:46:54.826+08:00 [INFO] 上一手牌，牌型: 4, 牌是：♦2,♦Q,♦J,♦10,♦6

2026-05-19T00:46:54.827+08:00 [INFO] 请选择要出的牌 (输入牌的序号，用逗号分隔，0表示不出): 
2026-05-19T00:46:54.828+08:00 [INFO] 用户 1 接收出牌消息1: <nil>
2026-05-19T00:46:54.829+08:00 [INFO] 用户 1 接收出牌消息2: {0 [] 0}
2026-05-19T00:46:55.827+08:00 [INFO] 
1的回合 (当前手牌数: 11)

2026-05-19T00:46:55.829+08:00 [INFO] 上一手牌，牌型: 4, 牌是：♦2,♦Q,♦J,♦10,♦6

2026-05-19T00:46:55.833+08:00 [INFO] 请选择要出的牌 (输入牌的序号，用逗号分隔，0表示不出): 
2026-05-19T00:46:55.833+08:00 [INFO] 用户 1 接收出牌消息1: <nil>
2026-05-19T00:46:55.834+08:00 [INFO] 用户 1 接收出牌消息2: {0 [] 0}
2026-05-19T00:46:56.825+08:00 [INFO] 
1的回合 (当前手牌数: 11)

2026-05-19T00:46:56.826+08:00 [INFO] 上一手牌，牌型: 4, 牌是：♦2,♦Q,♦J,♦10,♦6

2026-05-19T00:46:56.827+08:00 [INFO] 请选择要出的牌 (输入牌的序号，用逗号分隔，0表示不出): 
2026-05-19T00:46:56.831+08:00 [INFO] 用户 1 接收出牌消息1: <nil>
2026-05-19T00:46:56.832+08:00 [INFO] 用户 1 接收出牌消息2: {0 [] 0}
2026-05-19T00:46:57.824+08:00 [INFO] 
1的回合 (当前手牌数: 11)

2026-05-19T00:46:57.825+08:00 [INFO] 上一手牌，牌型: 4, 牌是：♦2,♦Q,♦J,♦10,♦6

2026-05-19T00:46:57.826+08:00 [INFO] 请选择要出的牌 (输入牌的序号，用逗号分隔，0表示不出): 
2026-05-19T00:46:57.826+08:00 [INFO] 用户 1 接收出牌消息1: <nil>
2026-05-19T00:46:57.827+08:00 [INFO] 用户 1 接收出牌消息2: {0 [] 0}
2026-05-19T00:46:57.904+08:00 [INFO] 用户 1 接收消息: {"type":"heartbeat","data":"ping"}（类型: 1）
2026-05-19T00:46:57.906+08:00 [INFO] 用户 1 发送消息: {"type":"heartbeat","data":"pong","from":"1"}
2026-05-19T00:46:57.929+08:00 [INFO] heartbeatCheck: 26.1581ms
2026-05-19T00:46:58.824+08:00 [INFO] 
1的回合 (当前手牌数: 11)

2026-05-19T00:46:58.826+08:00 [INFO] 上一手牌，牌型: 4, 牌是：♦2,♦Q,♦J,♦10,♦6

2026-05-19T00:46:58.828+08:00 [INFO] 请选择要出的牌 (输入牌的序号，用逗号分隔，0表示不出): 
2026-05-19T00:46:58.828+08:00 [INFO] 用户 1 接收出牌消息1: <nil>
2026-05-19T00:46:58.829+08:00 [INFO] 用户 1 接收出牌消息2: {0 [] 0}
2026-05-19T00:46:59.824+08:00 [INFO] 
1的回合 (当前手牌数: 11)

2026-05-19T00:46:59.825+08:00 [INFO] 上一手牌，牌型: 4, 牌是：♦2,♦Q,♦J,♦10,♦6

2026-05-19T00:46:59.825+08:00 [INFO] 请选择要出的牌 (输入牌的序号，用逗号分隔，0表示不出): 
2026-05-19T00:46:59.827+08:00 [INFO] 用户 1 接收出牌消息1: <nil>
2026-05-19T00:46:59.828+08:00 [INFO] 用户 1 接收出牌消息2: {0 [] 0}
2026-05-19T00:47:00.824+08:00 [INFO] 
1的回合 (当前手牌数: 11)

2026-05-19T00:47:00.825+08:00 [INFO] 上一手牌，牌型: 4, 牌是：♦2,♦Q,♦J,♦10,♦6

2026-05-19T00:47:00.826+08:00 [INFO] 请选择要出的牌 (输入牌的序号，用逗号分隔，0表示不出): 
2026-05-19T00:47:00.829+08:00 [INFO] 用户 1 接收出牌消息1: <nil>
2026-05-19T00:47:00.829+08:00 [INFO] 用户 1 接收出牌消息2: {0 [] 0}
2026-05-19T00:47:01.825+08:00 [INFO] 
1的回合 (当前手牌数: 11)

2026-05-19T00:47:01.826+08:00 [INFO] 上一手牌，牌型: 4, 牌是：♦2,♦Q,♦J,♦10,♦6

2026-05-19T00:47:01.828+08:00 [INFO] 请选择要出的牌 (输入牌的序号，用逗号分隔，0表示不出): 
2026-05-19T00:47:01.829+08:00 [INFO] 用户 1 接收出牌消息1: <nil>
2026-05-19T00:47:01.832+08:00 [INFO] 用户 1 接收出牌消息2: {0 [] 0}
2026-05-19T00:47:02.824+08:00 [INFO] 
1的回合 (当前手牌数: 11)

2026-05-19T00:47:02.826+08:00 [INFO] 上一手牌，牌型: 4, 牌是：♦2,♦Q,♦J,♦10,♦6

2026-05-19T00:47:02.827+08:00 [INFO] 请选择要出的牌 (输入牌的序号，用逗号分隔，0表示不出): 
2026-05-19T00:47:02.830+08:00 [INFO] 用户 1 接收出牌消息1: <nil>
2026-05-19T00:47:02.831+08:00 [INFO] 用户 1 接收出牌消息2: {0 [] 0}
2026-05-19T00:47:02.928+08:00 [INFO] heartbeatCheck: 5.0254968s
2026-05-19T00:47:03.825+08:00 [INFO] 
1的回合 (当前手牌数: 11)

2026-05-19T00:47:03.826+08:00 [INFO] 上一手牌，牌型: 4, 牌是：♦2,♦Q,♦J,♦10,♦6

2026-05-19T00:47:03.828+08:00 [INFO] 请选择要出的牌 (输入牌的序号，用逗号分隔，0表示不出): 
2026-05-19T00:47:03.829+08:00 [INFO] 用户 1 接收出牌消息1: <nil>
2026-05-19T00:47:03.831+08:00 [INFO] 用户 1 接收出牌消息2: {0 [] 0}
2026-05-19T00:47:04.825+08:00 [INFO] 
1的回合 (当前手牌数: 11)

2026-05-19T00:47:04.826+08:00 [INFO] 上一手牌，牌型: 4, 牌是：♦2,♦Q,♦J,♦10,♦6

2026-05-19T00:47:04.827+08:00 [INFO] 请选择要出的牌 (输入牌的序号，用逗号分隔，0表示不出): 
2026-05-19T00:47:04.827+08:00 [INFO] 用户 1 接收出牌消息1: <nil>
2026-05-19T00:47:04.828+08:00 [INFO] 用户 1 接收出牌消息2: {0 [] 0}
2026-05-19T00:47:05.824+08:00 [INFO] 
1的回合 (当前手牌数: 11)

2026-05-19T00:47:05.825+08:00 [INFO] 上一手牌，牌型: 4, 牌是：♦2,♦Q,♦J,♦10,♦6

2026-05-19T00:47:05.825+08:00 [INFO] 请选择要出的牌 (输入牌的序号，用逗号分隔，0表示不出): 
2026-05-19T00:47:05.826+08:00 [INFO] 用户 1 接收出牌消息1: <nil>
2026-05-19T00:47:05.828+08:00 [INFO] 用户 1 接收出牌消息2: {0 [] 0}
2026-05-19T00:47:06.825+08:00 [INFO] 
1的回合 (当前手牌数: 11)

2026-05-19T00:47:06.829+08:00 [INFO] 上一手牌，牌型: 4, 牌是：♦2,♦Q,♦J,♦10,♦6

2026-05-19T00:47:06.830+08:00 [INFO] 请选择要出的牌 (输入牌的序号，用逗号分隔，0表示不出): 
2026-05-19T00:47:06.868+08:00 [INFO] 用户 1 接收出牌消息1: <nil>
2026-05-19T00:47:06.869+08:00 [INFO] 用户 1 接收出牌消息2: {0 [] 0}
2026-05-19T00:47:07.824+08:00 [INFO] 
1的回合 (当前手牌数: 11)

2026-05-19T00:47:07.824+08:00 [INFO] 上一手牌，牌型: 4, 牌是：♦2,♦Q,♦J,♦10,♦6

2026-05-19T00:47:07.825+08:00 [INFO] 请选择要出的牌 (输入牌的序号，用逗号分隔，0表示不出): 
2026-05-19T00:47:07.826+08:00 [INFO] 用户 1 接收出牌消息1: <nil>
2026-05-19T00:47:07.827+08:00 [INFO] 用户 1 接收出牌消息2: {0 [] 0}
2026-05-19T00:47:07.828+08:00 [INFO] 1不出

2026-05-19T00:47:07.829+08:00 [INFO] ♠3,♣A,♥10,♠Q,♥2,♣Q,♣3,♦K,♦9,♣K,♠4
2026-05-19T00:47:07.831+08:00 [INFO] 用户 1 发送消息: {"type":"pass","data":"{\"pid\":0,\"cardIds\":[],\"card_type\":0,\"cards_num\":11,\"code\":0,\"current\":1,\"mustPid\":3,\"outCardTimeout\":30}","from":""}
2026-05-19T00:47:07.929+08:00 [INFO] heartbeatCheck: 10.0257197s
2026-05-19T00:47:08.824+08:00 [INFO] 
尤烨伟的回合 (当前手牌数: 10)

2026-05-19T00:47:08.825+08:00 [INFO] 上一手牌，牌型: 4, 牌是：♦2,♦Q,♦J,♦10,♦6

2026-05-19T00:47:08.828+08:00 [INFO] 请选择要出的牌 (输入牌的序号，用逗号分隔，0表示不出): 
2026-05-19T00:47:09.824+08:00 [INFO] 
尤烨伟的回合 (当前手牌数: 10)

2026-05-19T00:47:09.824+08:00 [INFO] 上一手牌，牌型: 4, 牌是：♦2,♦Q,♦J,♦10,♦6

2026-05-19T00:47:09.826+08:00 [INFO] 请选择要出的牌 (输入牌的序号，用逗号分隔，0表示不出): 
2026-05-19T00:47:09.827+08:00 [INFO] 尤烨伟不出

2026-05-19T00:47:09.829+08:00 [INFO] 用户 1 发送消息: {"type":"pass","data":"{\"pid\":1,\"cardIds\":null,\"card_type\":0,\"cards_num\":10,\"code\":0,\"current\":2,\"mustPid\":3,\"outCardTimeout\":30}","from":""}
2026-05-19T00:47:10.825+08:00 [INFO] 
符明的回合 (当前手牌数: 5)

2026-05-19T00:47:10.826+08:00 [INFO] 上一手牌，牌型: 4, 牌是：♦2,♦Q,♦J,♦10,♦6

2026-05-19T00:47:10.827+08:00 [INFO] 请选择要出的牌 (输入牌的序号，用逗号分隔，0表示不出): 
2026-05-19T00:47:11.824+08:00 [INFO] 
符明的回合 (当前手牌数: 5)

2026-05-19T00:47:11.825+08:00 [INFO] 上一手牌，牌型: 4, 牌是：♦2,♦Q,♦J,♦10,♦6

2026-05-19T00:47:11.825+08:00 [INFO] 请选择要出的牌 (输入牌的序号，用逗号分隔，0表示不出): 
2026-05-19T00:47:12.825+08:00 [INFO] 
符明的回合 (当前手牌数: 5)

2026-05-19T00:47:12.827+08:00 [INFO] 上一手牌，牌型: 4, 牌是：♦2,♦Q,♦J,♦10,♦6

2026-05-19T00:47:12.829+08:00 [INFO] 请选择要出的牌 (输入牌的序号，用逗号分隔，0表示不出): 
2026-05-19T00:47:12.831+08:00 [INFO] 符明出了: ♦7,♣7,♠7,♦A,♠A (5)

2026-05-19T00:47:12.833+08:00 [INFO] 用户 1 发送消息: {"type":"outCard","data":"{\"pid\":2,\"cardIds\":[17,18,20,45,48],\"card_type\":5,\"cards_num\":0,\"code\":0,\"current\":3,\"mustPid\":2,\"outCardTimeout\":30}","from":""}
2026-05-19T00:47:12.929+08:00 [INFO] heartbeatCheck: 15.0258476s
2026-05-19T00:47:13.827+08:00 [INFO] 
游戏结束！恭喜符明！获胜

2026-05-19T00:47:13.829+08:00 [INFO] 游戏每个用户结算信息：0, -11, 734, 1

2026-05-19T00:47:13.830+08:00 [INFO] 用户 1 发送消息: {"type":"over","data":"[{\"winName\":\"1\",\"winner\":0,\"point\":734,\"win\":-11}]","from":""}
2026-05-19T00:47:13.831+08:00 [INFO] ♠3,♣A,♥10,♠Q,♥2,♣Q,♣3,♦K,♦9,♣K,♠4
2026-05-19T00:47:13.838+08:00 [INFO] 执行结算异步任务: Id:3 UserName:"1" Point:734
2026-05-19T00:47:13.838+08:00 [DEBU] Watch key "/service/default/default/user/latest/"
2026-05-19T00:47:13.860+08:00 [DEBU] client conn updated with addresses [{"Addr":"172.20.10.3:9020","ServerName":"user","Attributes":{"protocol":"grpc","RawService":"\u003c0xc001174780\u003e"},"BalancerAttributes":null,"Metadata":null}]
2026-05-19T00:47:13.863+08:00 [DEBU] client conn updated with addresses [{"Addr":"172.20.10.3:9020","ServerName":"user","Attributes":{"protocol":"grpc","RawService":"\u003c0xc000f058c0\u003e"},"BalancerAttributes":null,"Metadata":null}]
2026-05-19T00:47:17.929+08:00 [INFO] heartbeatCheck: 20.0261537s
2026-05-19T00:47:22.929+08:00 [INFO] heartbeatCheck: 25.0261812s
2026-05-19T00:47:23.854+08:00 [INFO] 用户 1 接收消息: {"type":"heartbeat","data":"ping"}（类型: 1）
2026-05-19T00:47:23.856+08:00 [INFO] 用户 1 发送消息: {"type":"heartbeat","data":"pong","from":"1"}
2026-05-19T00:47:27.928+08:00 [INFO] heartbeatCheck: 4.0742228s
2026-05-19T00:47:32.929+08:00 [INFO] heartbeatCheck: 9.0745533s
2026-05-19T00:47:33.866+08:00 [INFO] 用户 1 接收消息: {"type":"heartbeat","data":"ping"}（类型: 1）
2026-05-19T00:47:33.868+08:00 [INFO] 用户 1 发送消息: {"type":"heartbeat","data":"pong","from":"1"}
2026-05-19T00:47:37.928+08:00 [INFO] heartbeatCheck: 4.0622321s
2026-05-19T00:47:42.929+08:00 [INFO] heartbeatCheck: 9.0625869s
2026-05-19T00:47:43.897+08:00 [INFO] 用户 1 接收消息: {"type":"heartbeat","data":"ping"}（类型: 1）
2026-05-19T00:47:43.899+08:00 [INFO] 用户 1 发送消息: {"type":"heartbeat","data":"pong","from":"1"}
2026-05-19T00:47:47.928+08:00 [INFO] heartbeatCheck: 4.03167s
2026-05-19T00:47:52.929+08:00 [INFO] heartbeatCheck: 9.0318611s
2026-05-19T00:47:53.931+08:00 [INFO] 用户 1 接收消息: {"type":"heartbeat","data":"ping"}（类型: 1）
2026-05-19T00:47:53.933+08:00 [INFO] 用户 1 发送消息: {"type":"heartbeat","data":"pong","from":"1"}
2026-05-19T00:47:57.929+08:00 [INFO] heartbeatCheck: 3.9987908s
2026-05-19T00:48:02.929+08:00 [INFO] heartbeatCheck: 8.9988187s
2026-05-19T00:48:03.982+08:00 [INFO] 用户 1 接收消息: {"type":"heartbeat","data":"ping"}（类型: 1）
2026-05-19T00:48:03.999+08:00 [INFO] 用户 1 发送消息: {"type":"heartbeat","data":"pong","from":"1"}
2026-05-19T00:48:07.928+08:00 [INFO] heartbeatCheck: 3.9461848s
2026-05-19T00:48:12.936+08:00 [INFO] heartbeatCheck: 8.9533489s
2026-05-19T00:48:14.036+08:00 [INFO] 用户 1 接收消息: {"type":"heartbeat","data":"ping"}（类型: 1）
2026-05-19T00:48:14.039+08:00 [INFO] 用户 1 发送消息: {"type":"heartbeat","data":"pong","from":"1"}
2026-05-19T00:48:17.929+08:00 [INFO] heartbeatCheck: 3.8926124s
2026-05-19T00:48:22.928+08:00 [INFO] heartbeatCheck: 8.8919287s
2026-05-19T00:48:24.085+08:00 [INFO] 用户 1 接收消息: {"type":"heartbeat","data":"ping"}（类型: 1）
2026-05-19T00:48:24.087+08:00 [INFO] 用户 1 发送消息: {"type":"heartbeat","data":"pong","from":"1"}
2026-05-19T00:48:27.929+08:00 [INFO] heartbeatCheck: 3.8439636s
2026-05-19T00:48:32.929+08:00 [INFO] heartbeatCheck: 8.8440848s
2026-05-19T00:48:34.121+08:00 [INFO] 用户 1 接收消息: {"type":"heartbeat","data":"ping"}（类型: 1）
2026-05-19T00:48:34.124+08:00 [INFO] 用户 1 发送消息: {"type":"heartbeat","data":"pong","from":"1"}
2026-05-19T00:48:37.928+08:00 [INFO] heartbeatCheck: 3.8076757s
2026-05-19T00:48:42.928+08:00 [INFO] heartbeatCheck: 8.8076317s
2026-05-19T00:48:44.151+08:00 [INFO] 用户 1 接收消息: {"type":"heartbeat","data":"ping"}（类型: 1）
2026-05-19T00:48:44.154+08:00 [INFO] 用户 1 发送消息: {"type":"heartbeat","data":"pong","from":"1"}
2026-05-19T00:48:47.929+08:00 [INFO] heartbeatCheck: 3.777868s
2026-05-19T00:48:52.929+08:00 [INFO] heartbeatCheck: 8.7773625s
2026-05-19T00:48:54.171+08:00 [INFO] 用户 1 接收消息: {"type":"heartbeat","data":"ping"}（类型: 1）
2026-05-19T00:48:54.175+08:00 [INFO] 用户 1 发送消息: {"type":"heartbeat","data":"pong","from":"1"}
2026-05-19T00:48:57.929+08:00 [INFO] heartbeatCheck: 3.7581117s
2026-05-19T00:49:02.928+08:00 [INFO] heartbeatCheck: 8.757799s
2026-05-19T00:49:04.218+08:00 [INFO] 用户 1 接收消息: {"type":"heartbeat","data":"ping"}（类型: 1）
2026-05-19T00:49:04.219+08:00 [INFO] 用户 1 发送消息: {"type":"heartbeat","data":"pong","from":"1"}
2026-05-19T00:49:07.929+08:00 [INFO] heartbeatCheck: 3.7109622s
2026-05-19T00:49:12.928+08:00 [INFO] heartbeatCheck: 8.7108255s
2026-05-19T00:49:14.259+08:00 [INFO] 用户 1 接收消息: {"type":"heartbeat","data":"ping"}（类型: 1）
2026-05-19T00:49:14.266+08:00 [INFO] 用户 1 发送消息: {"type":"heartbeat","data":"pong","from":"1"}
2026-05-19T00:49:17.929+08:00 [INFO] heartbeatCheck: 3.6690919s
2026-05-19T00:49:22.928+08:00 [INFO] heartbeatCheck: 8.6687025s
2026-05-19T00:49:24.336+08:00 [INFO] 用户 1 接收消息: {"type":"heartbeat","data":"ping"}（类型: 1）
2026-05-19T00:49:24.338+08:00 [INFO] 用户 1 发送消息: {"type":"heartbeat","data":"pong","from":"1"}
2026-05-19T00:49:27.928+08:00 [INFO] heartbeatCheck: 3.5921762s
2026-05-19T00:49:32.929+08:00 [INFO] heartbeatCheck: 8.5925413s
2026-05-19T00:49:34.418+08:00 [INFO] 用户 1 接收消息: {"type":"heartbeat","data":"ping"}（类型: 1）
2026-05-19T00:49:34.428+08:00 [INFO] 用户 1 发送消息: {"type":"heartbeat","data":"pong","from":"1"}
2026-05-19T00:49:37.929+08:00 [INFO] heartbeatCheck: 3.5113154s
2026-05-19T00:49:42.929+08:00 [INFO] heartbeatCheck: 8.5110363s
2026-05-19T00:49:44.476+08:00 [INFO] 用户 1 接收消息: {"type":"heartbeat","data":"ping"}（类型: 1）
2026-05-19T00:49:44.478+08:00 [INFO] 用户 1 发送消息: {"type":"heartbeat","data":"pong","from":"1"}
2026-05-19T00:49:47.929+08:00 [INFO] heartbeatCheck: 3.4533706s
2026-05-19T00:49:52.928+08:00 [INFO] heartbeatCheck: 8.4529557s
2026-05-19T00:49:54.498+08:00 [INFO] 用户 1 接收消息: {"type":"heartbeat","data":"ping"}（类型: 1）
2026-05-19T00:49:54.500+08:00 [INFO] 用户 1 发送消息: {"type":"heartbeat","data":"pong","from":"1"}
2026-05-19T00:49:57.929+08:00 [INFO] heartbeatCheck: 3.4312813s
2026-05-19T00:50:02.929+08:00 [INFO] heartbeatCheck: 8.4311058s
2026-05-19T00:50:04.516+08:00 [INFO] 用户 1 接收消息: {"type":"heartbeat","data":"ping"}（类型: 1）
2026-05-19T00:50:04.519+08:00 [INFO] 用户 1 发送消息: {"type":"heartbeat","data":"pong","from":"1"}
2026-05-19T00:50:07.931+08:00 [INFO] heartbeatCheck: 3.4153648s
2026-05-19T00:50:12.928+08:00 [INFO] heartbeatCheck: 8.4126795s
2026-05-19T00:50:14.548+08:00 [INFO] 用户 1 接收消息: {"type":"heartbeat","data":"ping"}（类型: 1）
2026-05-19T00:50:14.552+08:00 [INFO] 用户 1 发送消息: {"type":"heartbeat","data":"pong","from":"1"}
2026-05-19T00:50:17.929+08:00 [INFO] heartbeatCheck: 3.3804858s
2026-05-19T00:50:22.928+08:00 [INFO] heartbeatCheck: 8.3800128s
2026-05-19T00:50:24.603+08:00 [INFO] 用户 1 接收消息: {"type":"heartbeat","data":"ping"}（类型: 1）
2026-05-19T00:50:24.605+08:00 [INFO] 用户 1 发送消息: {"type":"heartbeat","data":"pong","from":"1"}
2026-05-19T00:50:27.928+08:00 [INFO] heartbeatCheck: 3.3256288s
2026-05-19T00:50:32.934+08:00 [INFO] heartbeatCheck: 8.3311184s
2026-05-19T00:50:34.659+08:00 [INFO] 用户 1 接收消息: {"type":"heartbeat","data":"ping"}（类型: 1）
2026-05-19T00:50:34.662+08:00 [INFO] 用户 1 发送消息: {"type":"heartbeat","data":"pong","from":"1"}
2026-05-19T00:50:37.929+08:00 [INFO] heartbeatCheck: 3.2702954s
2026-05-19T00:50:42.928+08:00 [INFO] heartbeatCheck: 8.2700133s
2026-05-19T00:50:44.704+08:00 [INFO] 用户 1 接收消息: {"type":"heartbeat","data":"ping"}（类型: 1）
2026-05-19T00:50:44.706+08:00 [INFO] 用户 1 发送消息: {"type":"heartbeat","data":"pong","from":"1"}
2026-05-19T00:50:47.928+08:00 [INFO] heartbeatCheck: 3.2239136s
2026-05-19T00:50:52.928+08:00 [INFO] heartbeatCheck: 8.2241425s
2026-05-19T00:50:54.733+08:00 [INFO] 用户 1 接收消息: {"type":"heartbeat","data":"ping"}（类型: 1）
2026-05-19T00:50:54.735+08:00 [INFO] 用户 1 发送消息: {"type":"heartbeat","data":"pong","from":"1"}
2026-05-19T00:50:57.928+08:00 [INFO] heartbeatCheck: 3.1950952s
2026-05-19T00:51:02.929+08:00 [INFO] heartbeatCheck: 8.1959234s
2026-05-19T00:51:04.757+08:00 [INFO] 用户 1 接收消息: {"type":"heartbeat","data":"ping"}（类型: 1）
2026-05-19T00:51:04.764+08:00 [INFO] 用户 1 发送消息: {"type":"heartbeat","data":"pong","from":"1"}
2026-05-19T00:51:07.929+08:00 [INFO] heartbeatCheck: 3.1733756s
2026-05-19T00:51:12.930+08:00 [INFO] heartbeatCheck: 8.1742519s
2026-05-19T00:51:14.806+08:00 [INFO] 用户 1 接收消息: {"type":"heartbeat","data":"ping"}（类型: 1）
2026-05-19T00:51:14.810+08:00 [INFO] 用户 1 发送消息: {"type":"heartbeat","data":"pong","from":"1"}
2026-05-19T00:51:17.928+08:00 [INFO] heartbeatCheck: 3.1224879s
2026-05-19T00:51:22.929+08:00 [INFO] heartbeatCheck: 8.1226569s
2026-05-19T00:51:24.833+08:00 [INFO] 用户 1 接收消息: {"type":"heartbeat","data":"ping"}（类型: 1）
2026-05-19T00:51:24.836+08:00 [INFO] 用户 1 发送消息: {"type":"heartbeat","data":"pong","from":"1"}
2026-05-19T00:51:27.929+08:00 [INFO] heartbeatCheck: 3.0962928s
2026-05-19T00:51:32.929+08:00 [INFO] heartbeatCheck: 8.0957808s
2026-05-19T00:51:34.866+08:00 [INFO] 用户 1 接收消息: {"type":"heartbeat","data":"ping"}（类型: 1）
2026-05-19T00:51:34.869+08:00 [INFO] 用户 1 发送消息: {"type":"heartbeat","data":"pong","from":"1"}
2026-05-19T00:51:37.929+08:00 [INFO] heartbeatCheck: 3.0628521s
2026-05-19T00:51:42.928+08:00 [INFO] heartbeatCheck: 8.0623982s
2026-05-19T00:51:44.901+08:00 [INFO] 用户 1 接收消息: {"type":"heartbeat","data":"ping"}（类型: 1）
2026-05-19T00:51:44.903+08:00 [INFO] 用户 1 发送消息: {"type":"heartbeat","data":"pong","from":"1"}
2026-05-19T00:51:47.164+08:00 [INFO] 用户 1 接收消息: {"type":"play","data":"","name":""}（类型: 1）
2026-05-19T00:51:47.170+08:00 [INFO] 
===== 房间 90YAFM 游戏开始 =====
2026-05-19T00:51:47.172+08:00 [INFO] 
确定谁先出牌...
2026-05-19T00:51:47.174+08:00 [INFO] 房间 90YAFM 启动消息接收 goroutine
2026-05-19T00:51:47.175+08:00 [INFO] 1的牌: 
2026-05-19T00:51:47.176+08:00 [INFO] ♥9,♣7,♣J,♦J,♦7,♥7,♥K,♣2,♦6,♣10,♠K,♠J,♠9
2026-05-19T00:51:47.177+08:00 [INFO] 尤烨伟的牌: 
2026-05-19T00:51:47.178+08:00 [INFO] 牌型：5,具体的牌：[[{A 1 ♣A 46 14 ♣} {A 2 ♥A 47 14 ♥} {A 3 ♠A 48 14 ♠} {K 0 ♦K 41 13 ♦} {K 1 ♣K 42 13 ♣}]] 
2026-05-19T00:51:47.181+08:00 [INFO] 牌型：1,具体的牌：[[{4 0 ♦4 5 4 ♦}] [{5 0 ♦5 9 5 ♦}] [{Q 0 ♦Q 37 12 ♦}] [{9 1 ♣9 26 9 ♣}] [{4 2 ♥4 7 4 ♥}] [{J 2 ♥J 35 11 ♥}] [{3 3 ♠3 4 3 ♠}] [{4 3 ♠4 8 4 ♠}]] 
2026-05-19T00:51:47.183+08:00 [INFO] 符明的牌: 
2026-05-19T00:51:47.183+08:00 [INFO] 牌型：5,具体的牌：[[{6 1 ♣6 14 6 ♣} {6 2 ♥6 15 6 ♥} {6 3 ♠6 16 6 ♠} {3 1 ♣3 2 3 ♣} {3 2 ♥3 3 3 ♥}]] 
2026-05-19T00:51:47.186+08:00 [INFO] 牌型：2,具体的牌：[[{5 2 ♥5 11 5 ♥} {5 3 ♠5 12 5 ♠}]] 
2026-05-19T00:51:47.189+08:00 [INFO] 牌型：1,具体的牌：[[{9 0 ♦9 25 9 ♦}] [{A 0 ♦A 45 14 ♦}] [{4 1 ♣4 6 4 ♣}] [{8 3 ♠8 24 8 ♠}] [{Q 3 ♠Q 40 12 ♠}] [{2 3 ♠2 52 15 ♠}]] 
2026-05-19T00:51:47.190+08:00 [INFO] 堵妙绿的牌: 
2026-05-19T00:51:47.192+08:00 [INFO] 牌型：5,具体的牌：[[{10 0 ♦10 29 10 ♦} {10 2 ♥10 31 10 ♥} {10 3 ♠10 32 10 ♠} {2 0 ♦2 49 15 ♦} {2 2 ♥2 51 15 ♥}] [{8 0 ♦8 21 8 ♦} {8 1 ♣8 22 8 ♣} {8 2 ♥8 23 8 ♥} {Q 1 ♣Q 38 12 ♣} {Q 2 ♥Q 39 12 ♥}]] 
2026-05-19T00:51:47.195+08:00 [INFO] 牌型：1,具体的牌：[[{3 0 ♦3 1 3 ♦}] [{5 1 ♣5 10 5 ♣}] [{7 3 ♠7 20 7 ♠}]] 
2026-05-19T00:51:47.187+08:00 [INFO] 用户 1 发送消息: {"type":"showCard","data":"{\"cards\":[27,18,34,33,17,19,43,50,13,30,44,36,28],\"current\":3,\"playerPoint\":734,\"outCardTimeout\":30}","from":""}
2026-05-19T00:51:47.928+08:00 [INFO] heartbeatCheck: 764.2037ms
2026-05-19T00:51:48.170+08:00 [INFO] 
堵妙绿的回合 (当前手牌数: 13)

2026-05-19T00:51:48.170+08:00 [INFO] 上一手牌，牌型: 0, 牌是：不出

2026-05-19T00:51:48.171+08:00 [INFO] 请选择要出的牌 (输入牌的序号，用逗号分隔，0表示不出): 
2026-05-19T00:51:49.175+08:00 [INFO] 
堵妙绿的回合 (当前手牌数: 13)

2026-05-19T00:51:49.176+08:00 [INFO] 上一手牌，牌型: 0, 牌是：不出

2026-05-19T00:51:49.177+08:00 [INFO] 请选择要出的牌 (输入牌的序号，用逗号分隔，0表示不出): 
2026-05-19T00:51:50.170+08:00 [INFO] 
堵妙绿的回合 (当前手牌数: 13)

2026-05-19T00:51:50.171+08:00 [INFO] 上一手牌，牌型: 0, 牌是：不出

2026-05-19T00:51:50.174+08:00 [INFO] 请选择要出的牌 (输入牌的序号，用逗号分隔，0表示不出): 
2026-05-19T00:51:50.177+08:00 [INFO] 堵妙绿出了: ♦3 (1)

2026-05-19T00:51:50.179+08:00 [INFO] 正在订阅 Channel: player:play:card:1，当前玩家: 1
2026-05-19T00:51:50.187+08:00 [INFO] 成功订阅 Channel: player:play:card:1
2026-05-19T00:51:50.190+08:00 [INFO] 用户 1 发送消息: {"type":"outCard","data":"{\"pid\":3,\"cardIds\":[1],\"card_type\":1,\"cards_num\":12,\"code\":0,\"current\":0,\"mustPid\":3,\"outCardTimeout\":30}","from":""}
2026-05-19T00:51:51.171+08:00 [INFO] 
1的回合 (当前手牌数: 13)

2026-05-19T00:51:51.172+08:00 [INFO] 上一手牌，牌型: 1, 牌是：♦3

2026-05-19T00:51:51.172+08:00 [INFO] 请选择要出的牌 (输入牌的序号，用逗号分隔，0表示不出): 
2026-05-19T00:51:51.174+08:00 [INFO] 用户 1 接收出牌消息1: <nil>
2026-05-19T00:51:51.176+08:00 [INFO] 用户 1 接收出牌消息2: {0 [] 0}
2026-05-19T00:51:52.181+08:00 [INFO] 
1的回合 (当前手牌数: 13)

2026-05-19T00:51:52.185+08:00 [INFO] 上一手牌，牌型: 1, 牌是：♦3

2026-05-19T00:51:52.186+08:00 [INFO] 请选择要出的牌 (输入牌的序号，用逗号分隔，0表示不出): 
2026-05-19T00:51:52.186+08:00 [INFO] 用户 1 接收出牌消息1: <nil>
2026-05-19T00:51:52.188+08:00 [INFO] 用户 1 接收出牌消息2: {0 [] 0}
2026-05-19T00:51:52.929+08:00 [INFO] heartbeatCheck: 5.7643365s
2026-05-19T00:51:53.170+08:00 [INFO] 
1的回合 (当前手牌数: 13)

2026-05-19T00:51:53.171+08:00 [INFO] 上一手牌，牌型: 1, 牌是：♦3

2026-05-19T00:51:53.172+08:00 [INFO] 请选择要出的牌 (输入牌的序号，用逗号分隔，0表示不出): 
2026-05-19T00:51:53.173+08:00 [INFO] 用户 1 接收出牌消息1: <nil>
2026-05-19T00:51:53.177+08:00 [INFO] 用户 1 接收出牌消息2: {0 [] 0}
2026-05-19T00:51:54.173+08:00 [INFO] 
1的回合 (当前手牌数: 13)

2026-05-19T00:51:54.177+08:00 [INFO] 上一手牌，牌型: 1, 牌是：♦3

2026-05-19T00:51:54.180+08:00 [INFO] 请选择要出的牌 (输入牌的序号，用逗号分隔，0表示不出): 
2026-05-19T00:51:54.182+08:00 [INFO] 用户 1 接收出牌消息1: <nil>
2026-05-19T00:51:54.183+08:00 [INFO] 用户 1 接收出牌消息2: {0 [] 0}
2026-05-19T00:51:55.220+08:00 [INFO] 
1的回合 (当前手牌数: 13)

2026-05-19T00:51:55.221+08:00 [INFO] 上一手牌，牌型: 1, 牌是：♦3

2026-05-19T00:51:55.221+08:00 [INFO] 请选择要出的牌 (输入牌的序号，用逗号分隔，0表示不出): 
2026-05-19T00:51:55.221+08:00 [INFO] 用户 1 接收出牌消息1: <nil>
2026-05-19T00:51:55.222+08:00 [INFO] 用户 1 接收出牌消息2: {0 [] 0}
2026-05-19T00:51:56.670+08:00 [INFO] 
1的回合 (当前手牌数: 13)

2026-05-19T00:51:56.672+08:00 [INFO] 上一手牌，牌型: 1, 牌是：♦3

2026-05-19T00:51:56.673+08:00 [INFO] 请选择要出的牌 (输入牌的序号，用逗号分隔，0表示不出): 
2026-05-19T00:51:56.675+08:00 [INFO] 用户 1 接收出牌消息1: <nil>
2026-05-19T00:51:56.721+08:00 [INFO] 用户 1 接收出牌消息2: {0 [] 0}
2026-05-19T00:51:57.930+08:00 [INFO] heartbeatCheck: 10.7654024s
2026-05-19T00:51:58.746+08:00 [INFO] 
1的回合 (当前手牌数: 13)

2026-05-19T00:51:58.747+08:00 [INFO] 上一手牌，牌型: 1, 牌是：♦3

2026-05-19T00:51:58.748+08:00 [INFO] 请选择要出的牌 (输入牌的序号，用逗号分隔，0表示不出): 
2026-05-19T00:51:58.749+08:00 [INFO] 用户 1 接收出牌消息1: <nil>
2026-05-19T00:51:58.750+08:00 [INFO] 用户 1 接收出牌消息2: {0 [] 0}
2026-05-19T00:51:59.783+08:00 [INFO] 
1的回合 (当前手牌数: 13)

2026-05-19T00:51:59.784+08:00 [INFO] 上一手牌，牌型: 1, 牌是：♦3

2026-05-19T00:51:59.785+08:00 [INFO] 请选择要出的牌 (输入牌的序号，用逗号分隔，0表示不出): 
2026-05-19T00:51:59.785+08:00 [INFO] 用户 1 接收出牌消息1: <nil>
2026-05-19T00:51:59.785+08:00 [INFO] 用户 1 接收出牌消息2: {0 [] 0}
2026-05-19T00:52:00.280+08:00 [INFO] 用户 1 接收消息: {"type":"heartbeat","data":"ping"}（类型: 1）
2026-05-19T00:52:00.295+08:00 [INFO] 用户 1 发送消息: {"type":"heartbeat","data":"pong","from":"1"}
2026-05-19T00:52:00.774+08:00 [INFO] 
1的回合 (当前手牌数: 13)

2026-05-19T00:52:00.775+08:00 [INFO] 上一手牌，牌型: 1, 牌是：♦3

2026-05-19T00:52:00.777+08:00 [INFO] 请选择要出的牌 (输入牌的序号，用逗号分隔，0表示不出): 
2026-05-19T00:52:00.779+08:00 [INFO] 用户 1 接收出牌消息1: <nil>
2026-05-19T00:52:00.781+08:00 [INFO] 用户 1 接收出牌消息2: {0 [] 0}
2026-05-19T00:52:01.772+08:00 [INFO] 
1的回合 (当前手牌数: 13)

2026-05-19T00:52:01.773+08:00 [INFO] 上一手牌，牌型: 1, 牌是：♦3

2026-05-19T00:52:01.775+08:00 [INFO] 请选择要出的牌 (输入牌的序号，用逗号分隔，0表示不出): 
2026-05-19T00:52:01.779+08:00 [INFO] 用户 1 接收出牌消息1: <nil>
2026-05-19T00:52:01.779+08:00 [INFO] 用户 1 接收出牌消息2: {0 [] 0}
2026-05-19T00:52:02.779+08:00 [INFO] 
1的回合 (当前手牌数: 13)

2026-05-19T00:52:02.780+08:00 [INFO] 上一手牌，牌型: 1, 牌是：♦3

2026-05-19T00:52:02.780+08:00 [INFO] 请选择要出的牌 (输入牌的序号，用逗号分隔，0表示不出): 
2026-05-19T00:52:02.781+08:00 [INFO] 用户 1 接收出牌消息1: <nil>
2026-05-19T00:52:02.781+08:00 [INFO] 用户 1 接收出牌消息2: {0 [] 0}
2026-05-19T00:52:02.935+08:00 [INFO] heartbeatCheck: 2.6552702s
2026-05-19T00:52:03.774+08:00 [INFO] 
1的回合 (当前手牌数: 13)

2026-05-19T00:52:03.775+08:00 [INFO] 上一手牌，牌型: 1, 牌是：♦3

2026-05-19T00:52:03.776+08:00 [INFO] 请选择要出的牌 (输入牌的序号，用逗号分隔，0表示不出): 
2026-05-19T00:52:03.777+08:00 [INFO] 用户 1 接收出牌消息1: <nil>
2026-05-19T00:52:03.779+08:00 [INFO] 用户 1 接收出牌消息2: {0 [] 0}
2026-05-19T00:52:04.771+08:00 [INFO] 
1的回合 (当前手牌数: 13)

2026-05-19T00:52:04.773+08:00 [INFO] 上一手牌，牌型: 1, 牌是：♦3

2026-05-19T00:52:04.774+08:00 [INFO] 请选择要出的牌 (输入牌的序号，用逗号分隔，0表示不出): 
2026-05-19T00:52:04.778+08:00 [INFO] 用户 1 接收出牌消息1: <nil>
2026-05-19T00:52:04.779+08:00 [INFO] 用户 1 接收出牌消息2: {0 [] 0}
2026-05-19T00:52:05.771+08:00 [INFO] 
1的回合 (当前手牌数: 13)

2026-05-19T00:52:05.774+08:00 [INFO] 上一手牌，牌型: 1, 牌是：♦3

2026-05-19T00:52:05.775+08:00 [INFO] 请选择要出的牌 (输入牌的序号，用逗号分隔，0表示不出): 
2026-05-19T00:52:05.776+08:00 [INFO] 用户 1 接收出牌消息1: <nil>
2026-05-19T00:52:05.778+08:00 [INFO] 用户 1 接收出牌消息2: {0 [] 0}
2026-05-19T00:52:06.771+08:00 [INFO] 
1的回合 (当前手牌数: 13)

2026-05-19T00:52:06.773+08:00 [INFO] 上一手牌，牌型: 1, 牌是：♦3

2026-05-19T00:52:06.774+08:00 [INFO] 请选择要出的牌 (输入牌的序号，用逗号分隔，0表示不出): 
2026-05-19T00:52:06.775+08:00 [INFO] 用户 1 接收出牌消息1: <nil>
2026-05-19T00:52:06.776+08:00 [INFO] 用户 1 接收出牌消息2: {0 [] 0}
2026-05-19T00:52:07.774+08:00 [INFO] 
1的回合 (当前手牌数: 13)

2026-05-19T00:52:07.774+08:00 [INFO] 上一手牌，牌型: 1, 牌是：♦3

2026-05-19T00:52:07.780+08:00 [INFO] 请选择要出的牌 (输入牌的序号，用逗号分隔，0表示不出): 
2026-05-19T00:52:07.781+08:00 [INFO] 用户 1 接收出牌消息1: <nil>
2026-05-19T00:52:07.782+08:00 [INFO] 用户 1 接收出牌消息2: {0 [] 0}
2026-05-19T00:52:07.929+08:00 [INFO] heartbeatCheck: 7.6485322s
2026-05-19T00:52:08.771+08:00 [INFO] 
1的回合 (当前手牌数: 13)

2026-05-19T00:52:08.774+08:00 [INFO] 上一手牌，牌型: 1, 牌是：♦3

2026-05-19T00:52:08.775+08:00 [INFO] 请选择要出的牌 (输入牌的序号，用逗号分隔，0表示不出): 
2026-05-19T00:52:08.777+08:00 [INFO] 用户 1 接收出牌消息1: <nil>
2026-05-19T00:52:08.778+08:00 [INFO] 用户 1 接收出牌消息2: {0 [] 0}
2026-05-19T00:52:09.771+08:00 [INFO] 
1的回合 (当前手牌数: 13)

2026-05-19T00:52:09.773+08:00 [INFO] 上一手牌，牌型: 1, 牌是：♦3

2026-05-19T00:52:09.775+08:00 [INFO] 请选择要出的牌 (输入牌的序号，用逗号分隔，0表示不出): 
2026-05-19T00:52:09.779+08:00 [INFO] 用户 1 接收出牌消息1: <nil>
2026-05-19T00:52:09.781+08:00 [INFO] 用户 1 接收出牌消息2: {0 [] 0}
2026-05-19T00:52:10.502+08:00 [INFO] 用户 1 接收消息: {"type":"heartbeat","data":"ping"}（类型: 1）
2026-05-19T00:52:10.506+08:00 [INFO] 用户 1 发送消息: {"type":"heartbeat","data":"pong","from":"1"}
2026-05-19T00:52:10.771+08:00 [INFO] 
1的回合 (当前手牌数: 13)

2026-05-19T00:52:10.773+08:00 [INFO] 上一手牌，牌型: 1, 牌是：♦3

2026-05-19T00:52:10.774+08:00 [INFO] 请选择要出的牌 (输入牌的序号，用逗号分隔，0表示不出): 
2026-05-19T00:52:10.775+08:00 [INFO] 用户 1 接收出牌消息1: <nil>
2026-05-19T00:52:10.776+08:00 [INFO] 用户 1 接收出牌消息2: {0 [] 0}
2026-05-19T00:52:11.771+08:00 [INFO] 
1的回合 (当前手牌数: 13)

2026-05-19T00:52:11.771+08:00 [INFO] 上一手牌，牌型: 1, 牌是：♦3

2026-05-19T00:52:11.773+08:00 [INFO] 请选择要出的牌 (输入牌的序号，用逗号分隔，0表示不出): 
2026-05-19T00:52:11.774+08:00 [INFO] 用户 1 接收出牌消息1: <nil>
2026-05-19T00:52:11.775+08:00 [INFO] 用户 1 接收出牌消息2: {0 [] 0}
2026-05-19T00:52:12.772+08:00 [INFO] 
1的回合 (当前手牌数: 13)

2026-05-19T00:52:12.773+08:00 [INFO] 上一手牌，牌型: 1, 牌是：♦3

2026-05-19T00:52:12.773+08:00 [INFO] 请选择要出的牌 (输入牌的序号，用逗号分隔，0表示不出): 
2026-05-19T00:52:12.776+08:00 [INFO] 用户 1 接收出牌消息1: <nil>
2026-05-19T00:52:12.777+08:00 [INFO] 用户 1 接收出牌消息2: {0 [] 0}
2026-05-19T00:52:12.929+08:00 [INFO] heartbeatCheck: 2.4272875s
2026-05-19T00:52:13.770+08:00 [INFO] 
1的回合 (当前手牌数: 13)

2026-05-19T00:52:13.772+08:00 [INFO] 上一手牌，牌型: 1, 牌是：♦3

2026-05-19T00:52:13.772+08:00 [INFO] 请选择要出的牌 (输入牌的序号，用逗号分隔，0表示不出): 
2026-05-19T00:52:13.773+08:00 [INFO] 用户 1 接收出牌消息1: <nil>
2026-05-19T00:52:13.774+08:00 [INFO] 用户 1 接收出牌消息2: {0 [] 0}
2026-05-19T00:52:14.771+08:00 [INFO] 
1的回合 (当前手牌数: 13)

2026-05-19T00:52:14.774+08:00 [INFO] 上一手牌，牌型: 1, 牌是：♦3

2026-05-19T00:52:14.776+08:00 [INFO] 请选择要出的牌 (输入牌的序号，用逗号分隔，0表示不出): 
2026-05-19T00:52:14.778+08:00 [INFO] 用户 1 接收出牌消息1: <nil>
2026-05-19T00:52:14.780+08:00 [INFO] 用户 1 接收出牌消息2: {0 [] 0}
2026-05-19T00:52:15.770+08:00 [INFO] 
1的回合 (当前手牌数: 13)

2026-05-19T00:52:15.772+08:00 [INFO] 上一手牌，牌型: 1, 牌是：♦3

2026-05-19T00:52:15.772+08:00 [INFO] 请选择要出的牌 (输入牌的序号，用逗号分隔，0表示不出): 
2026-05-19T00:52:15.773+08:00 [INFO] 用户 1 接收出牌消息1: <nil>
2026-05-19T00:52:15.774+08:00 [INFO] 用户 1 接收出牌消息2: {0 [] 0}
2026-05-19T00:52:16.770+08:00 [INFO] 
1的回合 (当前手牌数: 13)

2026-05-19T00:52:16.772+08:00 [INFO] 上一手牌，牌型: 1, 牌是：♦3

2026-05-19T00:52:16.772+08:00 [INFO] 请选择要出的牌 (输入牌的序号，用逗号分隔，0表示不出): 
2026-05-19T00:52:16.774+08:00 [INFO] 用户 1 接收出牌消息1: <nil>
2026-05-19T00:52:16.777+08:00 [INFO] 用户 1 接收出牌消息2: {0 [] 0}
2026-05-19T00:52:17.930+08:00 [INFO] heartbeatCheck: 7.4273011s
2026-05-19T00:52:18.570+08:00 [INFO] 
1的回合 (当前手牌数: 13)

2026-05-19T00:52:18.570+08:00 [INFO] 上一手牌，牌型: 1, 牌是：♦3

2026-05-19T00:52:18.571+08:00 [INFO] 请选择要出的牌 (输入牌的序号，用逗号分隔，0表示不出): 
2026-05-19T00:52:18.573+08:00 [INFO] 用户 1 接收出牌消息1: <nil>
2026-05-19T00:52:18.574+08:00 [INFO] 用户 1 接收出牌消息2: {0 [] 0}
2026-05-19T00:52:19.570+08:00 [INFO] 
1的回合 (当前手牌数: 13)

2026-05-19T00:52:19.571+08:00 [INFO] 上一手牌，牌型: 1, 牌是：♦3

2026-05-19T00:52:19.573+08:00 [INFO] 请选择要出的牌 (输入牌的序号，用逗号分隔，0表示不出): 
2026-05-19T00:52:19.574+08:00 [INFO] 用户 1 接收出牌消息1: <nil>
2026-05-19T00:52:19.575+08:00 [INFO] 用户 1 接收出牌消息2: {0 [] 0}
2026-05-19T00:52:20.564+08:00 [INFO] 用户 1 接收消息: {"type":"heartbeat","data":"ping"}（类型: 1）
2026-05-19T00:52:20.569+08:00 [INFO] 用户 1 发送消息: {"type":"heartbeat","data":"pong","from":"1"}
2026-05-19T00:52:20.571+08:00 [INFO] 
1的回合 (当前手牌数: 13)

2026-05-19T00:52:20.573+08:00 [INFO] 上一手牌，牌型: 1, 牌是：♦3

2026-05-19T00:52:20.574+08:00 [INFO] 请选择要出的牌 (输入牌的序号，用逗号分隔，0表示不出): 
2026-05-19T00:52:20.575+08:00 [INFO] 用户 1 接收出牌消息1: <nil>
2026-05-19T00:52:20.577+08:00 [INFO] 用户 1 接收出牌消息2: {0 [] 0}
2026-05-19T00:52:20.580+08:00 [INFO] 1不出

2026-05-19T00:52:20.581+08:00 [INFO] ♥9,♣7,♣J,♦J,♦7,♥7,♥K,♣2,♦6,♣10,♠K,♠J,♠9
2026-05-19T00:52:20.586+08:00 [INFO] 用户 1 发送消息: {"type":"pass","data":"{\"pid\":0,\"cardIds\":[],\"card_type\":0,\"cards_num\":13,\"code\":0,\"current\":1,\"mustPid\":3,\"outCardTimeout\":30}","from":""}
2026-05-19T00:52:21.571+08:00 [INFO] 
尤烨伟的回合 (当前手牌数: 13)

2026-05-19T00:52:21.571+08:00 [INFO] 上一手牌，牌型: 1, 牌是：♦3

2026-05-19T00:52:21.573+08:00 [INFO] 请选择要出的牌 (输入牌的序号，用逗号分隔，0表示不出): 
2026-05-19T00:52:22.571+08:00 [INFO] 
尤烨伟的回合 (当前手牌数: 13)

2026-05-19T00:52:22.574+08:00 [INFO] 上一手牌，牌型: 1, 牌是：♦3

2026-05-19T00:52:22.574+08:00 [INFO] 请选择要出的牌 (输入牌的序号，用逗号分隔，0表示不出): 
2026-05-19T00:52:22.576+08:00 [INFO] 尤烨伟出了: ♠3 (1)

2026-05-19T00:52:22.580+08:00 [INFO] 用户 1 发送消息: {"type":"outCard","data":"{\"pid\":1,\"cardIds\":[4],\"card_type\":1,\"cards_num\":12,\"code\":0,\"current\":2,\"mustPid\":1,\"outCardTimeout\":30}","from":""}
2026-05-19T00:52:22.929+08:00 [INFO] heartbeatCheck: 2.364505s
2026-05-19T00:52:23.570+08:00 [INFO] 
符明的回合 (当前手牌数: 13)

2026-05-19T00:52:23.570+08:00 [INFO] 上一手牌，牌型: 1, 牌是：♠3

2026-05-19T00:52:23.572+08:00 [INFO] 请选择要出的牌 (输入牌的序号，用逗号分隔，0表示不出): 
2026-05-19T00:52:24.571+08:00 [INFO] 
符明的回合 (当前手牌数: 13)

2026-05-19T00:52:24.573+08:00 [INFO] 上一手牌，牌型: 1, 牌是：♠3

2026-05-19T00:52:24.573+08:00 [INFO] 请选择要出的牌 (输入牌的序号，用逗号分隔，0表示不出): 
2026-05-19T00:52:25.579+08:00 [INFO] 
符明的回合 (当前手牌数: 13)

2026-05-19T00:52:25.579+08:00 [INFO] 上一手牌，牌型: 1, 牌是：♠3

2026-05-19T00:52:25.581+08:00 [INFO] 请选择要出的牌 (输入牌的序号，用逗号分隔，0表示不出): 
2026-05-19T00:52:25.583+08:00 [INFO] 符明出了: ♣4 (1)

2026-05-19T00:52:25.587+08:00 [INFO] 用户 1 发送消息: {"type":"outCard","data":"{\"pid\":2,\"cardIds\":[6],\"card_type\":1,\"cards_num\":12,\"code\":0,\"current\":3,\"mustPid\":2,\"outCardTimeout\":30}","from":""}
2026-05-19T00:52:26.571+08:00 [INFO] 
堵妙绿的回合 (当前手牌数: 12)

2026-05-19T00:52:26.572+08:00 [INFO] 上一手牌，牌型: 1, 牌是：♣4

2026-05-19T00:52:26.574+08:00 [INFO] 请选择要出的牌 (输入牌的序号，用逗号分隔，0表示不出): 
2026-05-19T00:52:27.571+08:00 [INFO] 
堵妙绿的回合 (当前手牌数: 12)

2026-05-19T00:52:27.572+08:00 [INFO] 上一手牌，牌型: 1, 牌是：♣4

2026-05-19T00:52:27.574+08:00 [INFO] 请选择要出的牌 (输入牌的序号，用逗号分隔，0表示不出): 
2026-05-19T00:52:27.929+08:00 [INFO] heartbeatCheck: 7.3645109s
2026-05-19T00:52:28.571+08:00 [INFO] 
堵妙绿的回合 (当前手牌数: 12)

2026-05-19T00:52:28.572+08:00 [INFO] 上一手牌，牌型: 1, 牌是：♣4

2026-05-19T00:52:28.574+08:00 [INFO] 请选择要出的牌 (输入牌的序号，用逗号分隔，0表示不出): 
2026-05-19T00:52:28.576+08:00 [INFO] 堵妙绿出了: ♣5 (1)

2026-05-19T00:52:28.580+08:00 [INFO] 正在订阅 Channel: player:play:card:1，当前玩家: 1
2026-05-19T00:52:28.596+08:00 [INFO] 成功订阅 Channel: player:play:card:1
2026-05-19T00:52:28.600+08:00 [INFO] 用户 1 发送消息: {"type":"outCard","data":"{\"pid\":3,\"cardIds\":[10],\"card_type\":1,\"cards_num\":11,\"code\":0,\"current\":0,\"mustPid\":3,\"outCardTimeout\":30}","from":""}
2026-05-19T00:52:29.570+08:00 [INFO] 
1的回合 (当前手牌数: 13)

2026-05-19T00:52:29.570+08:00 [INFO] 上一手牌，牌型: 1, 牌是：♣5

2026-05-19T00:52:29.571+08:00 [INFO] 请选择要出的牌 (输入牌的序号，用逗号分隔，0表示不出): 
2026-05-19T00:52:29.572+08:00 [INFO] 用户 1 接收出牌消息1: <nil>
2026-05-19T00:52:29.573+08:00 [INFO] 用户 1 接收出牌消息2: {0 [] 0}
2026-05-19T00:52:30.570+08:00 [INFO] 
1的回合 (当前手牌数: 13)

2026-05-19T00:52:30.570+08:00 [INFO] 上一手牌，牌型: 1, 牌是：♣5

2026-05-19T00:52:30.571+08:00 [INFO] 请选择要出的牌 (输入牌的序号，用逗号分隔，0表示不出): 
2026-05-19T00:52:30.572+08:00 [INFO] 用户 1 接收出牌消息1: <nil>
2026-05-19T00:52:30.573+08:00 [INFO] 用户 1 接收出牌消息2: {0 [] 0}
2026-05-19T00:52:31.571+08:00 [INFO] 
1的回合 (当前手牌数: 13)

2026-05-19T00:52:31.572+08:00 [INFO] 上一手牌，牌型: 1, 牌是：♣5

2026-05-19T00:52:31.573+08:00 [INFO] 请选择要出的牌 (输入牌的序号，用逗号分隔，0表示不出): 
2026-05-19T00:52:31.574+08:00 [INFO] 用户 1 接收出牌消息1: <nil>
2026-05-19T00:52:31.576+08:00 [INFO] 用户 1 接收出牌消息2: {0 [] 0}
2026-05-19T00:52:32.571+08:00 [INFO] 
1的回合 (当前手牌数: 13)

2026-05-19T00:52:32.572+08:00 [INFO] 上一手牌，牌型: 1, 牌是：♣5

2026-05-19T00:52:32.574+08:00 [INFO] 请选择要出的牌 (输入牌的序号，用逗号分隔，0表示不出): 
2026-05-19T00:52:32.578+08:00 [INFO] 用户 1 接收出牌消息1: <nil>
2026-05-19T00:52:32.579+08:00 [INFO] 用户 1 接收出牌消息2: {0 [] 0}
2026-05-19T00:52:32.929+08:00 [INFO] heartbeatCheck: 12.3648819s
2026-05-19T00:52:33.572+08:00 [INFO] 
1的回合 (当前手牌数: 13)

2026-05-19T00:52:33.574+08:00 [INFO] 上一手牌，牌型: 1, 牌是：♣5

2026-05-19T00:52:33.575+08:00 [INFO] 请选择要出的牌 (输入牌的序号，用逗号分隔，0表示不出): 
2026-05-19T00:52:33.576+08:00 [INFO] 用户 1 接收出牌消息1: <nil>
2026-05-19T00:52:33.578+08:00 [INFO] 用户 1 接收出牌消息2: {0 [] 0}
2026-05-19T00:52:34.571+08:00 [INFO] 
1的回合 (当前手牌数: 13)

2026-05-19T00:52:34.572+08:00 [INFO] 上一手牌，牌型: 1, 牌是：♣5

2026-05-19T00:52:34.573+08:00 [INFO] 请选择要出的牌 (输入牌的序号，用逗号分隔，0表示不出): 
2026-05-19T00:52:34.574+08:00 [INFO] 用户 1 接收出牌消息1: <nil>
2026-05-19T00:52:34.577+08:00 [INFO] 用户 1 接收出牌消息2: {0 [] 0}
2026-05-19T00:52:35.571+08:00 [INFO] 
1的回合 (当前手牌数: 13)

2026-05-19T00:52:35.572+08:00 [INFO] 上一手牌，牌型: 1, 牌是：♣5

2026-05-19T00:52:35.574+08:00 [INFO] 请选择要出的牌 (输入牌的序号，用逗号分隔，0表示不出): 
2026-05-19T00:52:35.575+08:00 [INFO] 用户 1 接收出牌消息1: <nil>
2026-05-19T00:52:35.577+08:00 [INFO] 用户 1 接收出牌消息2: {0 [] 0}
2026-05-19T00:52:36.571+08:00 [INFO] 
1的回合 (当前手牌数: 13)

2026-05-19T00:52:36.572+08:00 [INFO] 上一手牌，牌型: 1, 牌是：♣5

2026-05-19T00:52:36.574+08:00 [INFO] 请选择要出的牌 (输入牌的序号，用逗号分隔，0表示不出): 
2026-05-19T00:52:36.575+08:00 [INFO] 用户 1 接收出牌消息1: <nil>
2026-05-19T00:52:36.575+08:00 [INFO] 用户 1 接收出牌消息2: {0 [] 0}
2026-05-19T00:52:37.570+08:00 [INFO] 
1的回合 (当前手牌数: 13)

2026-05-19T00:52:37.570+08:00 [INFO] 上一手牌，牌型: 1, 牌是：♣5

2026-05-19T00:52:37.572+08:00 [INFO] 请选择要出的牌 (输入牌的序号，用逗号分隔，0表示不出): 
2026-05-19T00:52:37.573+08:00 [INFO] 用户 1 接收出牌消息1: <nil>
2026-05-19T00:52:37.573+08:00 [INFO] 用户 1 接收出牌消息2: {0 [] 0}
2026-05-19T00:52:37.928+08:00 [INFO] heartbeatCheck: 17.3640848s
2026-05-19T00:52:38.575+08:00 [INFO] 
1的回合 (当前手牌数: 13)

2026-05-19T00:52:38.579+08:00 [INFO] 上一手牌，牌型: 1, 牌是：♣5

2026-05-19T00:52:38.581+08:00 [INFO] 请选择要出的牌 (输入牌的序号，用逗号分隔，0表示不出): 
2026-05-19T00:52:38.584+08:00 [INFO] 用户 1 接收出牌消息1: <nil>
2026-05-19T00:52:38.585+08:00 [INFO] 用户 1 接收出牌消息2: {0 [] 0}
2026-05-19T00:52:38.624+08:00 [INFO] 用户 1 接收消息: {"type":"heartbeat","data":"ping"}（类型: 1）
2026-05-19T00:52:38.630+08:00 [INFO] 用户 1 发送消息: {"type":"heartbeat","data":"pong","from":"1"}
2026-05-19T00:52:39.570+08:00 [INFO] 
1的回合 (当前手牌数: 13)

2026-05-19T00:52:39.570+08:00 [INFO] 上一手牌，牌型: 1, 牌是：♣5

2026-05-19T00:52:39.571+08:00 [INFO] 请选择要出的牌 (输入牌的序号，用逗号分隔，0表示不出): 
2026-05-19T00:52:39.572+08:00 [INFO] 用户 1 接收出牌消息1: <nil>
2026-05-19T00:52:39.573+08:00 [INFO] 用户 1 接收出牌消息2: {0 [] 0}
2026-05-19T00:52:40.571+08:00 [INFO] 
1的回合 (当前手牌数: 13)

2026-05-19T00:52:40.571+08:00 [INFO] 上一手牌，牌型: 1, 牌是：♣5

2026-05-19T00:52:40.572+08:00 [INFO] 请选择要出的牌 (输入牌的序号，用逗号分隔，0表示不出): 
2026-05-19T00:52:40.573+08:00 [INFO] 用户 1 接收出牌消息1: <nil>
2026-05-19T00:52:40.574+08:00 [INFO] 用户 1 接收出牌消息2: {0 [] 0}
2026-05-19T00:52:41.579+08:00 [INFO] 
1的回合 (当前手牌数: 13)

2026-05-19T00:52:41.579+08:00 [INFO] 上一手牌，牌型: 1, 牌是：♣5

2026-05-19T00:52:41.580+08:00 [INFO] 请选择要出的牌 (输入牌的序号，用逗号分隔，0表示不出): 
2026-05-19T00:52:41.582+08:00 [INFO] 用户 1 接收出牌消息1: <nil>
2026-05-19T00:52:41.583+08:00 [INFO] 用户 1 接收出牌消息2: {0 [] 0}
2026-05-19T00:52:42.571+08:00 [INFO] 
1的回合 (当前手牌数: 13)

2026-05-19T00:52:42.572+08:00 [INFO] 上一手牌，牌型: 1, 牌是：♣5

2026-05-19T00:52:42.575+08:00 [INFO] 请选择要出的牌 (输入牌的序号，用逗号分隔，0表示不出): 
2026-05-19T00:52:42.577+08:00 [INFO] 用户 1 接收出牌消息1: <nil>
2026-05-19T00:52:42.578+08:00 [INFO] 用户 1 接收出牌消息2: {0 [] 0}
2026-05-19T00:52:42.929+08:00 [INFO] heartbeatCheck: 4.304492s
2026-05-19T00:52:43.571+08:00 [INFO] 
1的回合 (当前手牌数: 13)

2026-05-19T00:52:43.572+08:00 [INFO] 上一手牌，牌型: 1, 牌是：♣5

2026-05-19T00:52:43.573+08:00 [INFO] 请选择要出的牌 (输入牌的序号，用逗号分隔，0表示不出): 
2026-05-19T00:52:43.576+08:00 [INFO] 用户 1 接收出牌消息1: <nil>
2026-05-19T00:52:43.576+08:00 [INFO] 用户 1 接收出牌消息2: {0 [] 0}
2026-05-19T00:52:44.571+08:00 [INFO] 
1的回合 (当前手牌数: 13)

2026-05-19T00:52:44.573+08:00 [INFO] 上一手牌，牌型: 1, 牌是：♣5

2026-05-19T00:52:44.577+08:00 [INFO] 请选择要出的牌 (输入牌的序号，用逗号分隔，0表示不出): 
2026-05-19T00:52:44.577+08:00 [INFO] 用户 1 接收出牌消息1: <nil>
2026-05-19T00:52:44.579+08:00 [INFO] 用户 1 接收出牌消息2: {0 [] 0}
2026-05-19T00:52:45.571+08:00 [INFO] 
1的回合 (当前手牌数: 13)

2026-05-19T00:52:45.574+08:00 [INFO] 上一手牌，牌型: 1, 牌是：♣5

2026-05-19T00:52:45.574+08:00 [INFO] 请选择要出的牌 (输入牌的序号，用逗号分隔，0表示不出): 
2026-05-19T00:52:45.576+08:00 [INFO] 用户 1 接收出牌消息1: <nil>
2026-05-19T00:52:45.577+08:00 [INFO] 用户 1 接收出牌消息2: {0 [] 0}
2026-05-19T00:52:46.610+08:00 [INFO] 
1的回合 (当前手牌数: 13)

2026-05-19T00:52:46.611+08:00 [INFO] 上一手牌，牌型: 1, 牌是：♣5

2026-05-19T00:52:46.614+08:00 [INFO] 请选择要出的牌 (输入牌的序号，用逗号分隔，0表示不出): 
2026-05-19T00:52:46.615+08:00 [INFO] 用户 1 接收出牌消息1: <nil>
2026-05-19T00:52:46.622+08:00 [INFO] 用户 1 接收出牌消息2: {0 [] 0}
2026-05-19T00:52:47.570+08:00 [INFO] 
1的回合 (当前手牌数: 13)

2026-05-19T00:52:47.576+08:00 [INFO] 上一手牌，牌型: 1, 牌是：♣5

2026-05-19T00:52:47.578+08:00 [INFO] 请选择要出的牌 (输入牌的序号，用逗号分隔，0表示不出): 
2026-05-19T00:52:47.579+08:00 [INFO] 用户 1 接收出牌消息1: <nil>
2026-05-19T00:52:47.581+08:00 [INFO] 用户 1 接收出牌消息2: {0 [] 0}
2026-05-19T00:52:47.931+08:00 [INFO] heartbeatCheck: 9.3065048s
2026-05-19T00:52:48.607+08:00 [INFO] 
1的回合 (当前手牌数: 13)

2026-05-19T00:52:48.607+08:00 [INFO] 上一手牌，牌型: 1, 牌是：♣5

2026-05-19T00:52:48.608+08:00 [INFO] 请选择要出的牌 (输入牌的序号，用逗号分隔，0表示不出): 
2026-05-19T00:52:48.608+08:00 [INFO] 用户 1 接收出牌消息1: <nil>
2026-05-19T00:52:48.610+08:00 [INFO] 用户 1 接收出牌消息2: {0 [] 0}
2026-05-19T00:52:49.012+08:00 [INFO] 用户 1 接收消息: {"type":"heartbeat","data":"ping"}（类型: 1）
2026-05-19T00:52:49.014+08:00 [INFO] 用户 1 发送消息: {"type":"heartbeat","data":"pong","from":"1"}
2026-05-19T00:52:49.571+08:00 [INFO] 
1的回合 (当前手牌数: 13)

2026-05-19T00:52:49.573+08:00 [INFO] 上一手牌，牌型: 1, 牌是：♣5

2026-05-19T00:52:49.575+08:00 [INFO] 请选择要出的牌 (输入牌的序号，用逗号分隔，0表示不出): 
2026-05-19T00:52:49.576+08:00 [INFO] 用户 1 接收出牌消息1: <nil>
2026-05-19T00:52:49.578+08:00 [INFO] 用户 1 接收出牌消息2: {0 [] 0}
2026-05-19T00:52:50.575+08:00 [INFO] 
1的回合 (当前手牌数: 13)

2026-05-19T00:52:50.576+08:00 [INFO] 上一手牌，牌型: 1, 牌是：♣5

2026-05-19T00:52:50.579+08:00 [INFO] 请选择要出的牌 (输入牌的序号，用逗号分隔，0表示不出): 
2026-05-19T00:52:50.580+08:00 [INFO] 用户 1 接收出牌消息1: <nil>
2026-05-19T00:52:50.582+08:00 [INFO] 用户 1 接收出牌消息2: {0 [] 0}
2026-05-19T00:52:51.576+08:00 [INFO] 
1的回合 (当前手牌数: 13)

2026-05-19T00:52:51.577+08:00 [INFO] 上一手牌，牌型: 1, 牌是：♣5

2026-05-19T00:52:51.578+08:00 [INFO] 请选择要出的牌 (输入牌的序号，用逗号分隔，0表示不出): 
2026-05-19T00:52:51.579+08:00 [INFO] 用户 1 接收出牌消息1: <nil>
2026-05-19T00:52:51.580+08:00 [INFO] 用户 1 接收出牌消息2: {0 [] 0}
2026-05-19T00:52:52.937+08:00 [INFO] 
1的回合 (当前手牌数: 13)

2026-05-19T00:52:52.940+08:00 [INFO] 上一手牌，牌型: 1, 牌是：♣5

2026-05-19T00:52:53.188+08:00 [INFO] 请选择要出的牌 (输入牌的序号，用逗号分隔，0表示不出): 
2026-05-19T00:52:53.206+08:00 [INFO] 用户 1 接收出牌消息1: <nil>
2026-05-19T00:52:53.206+08:00 [INFO] 用户 1 接收出牌消息2: {0 [] 0}
2026-05-19T00:52:52.937+08:00 [INFO] heartbeatCheck: 3.9250767s
2026-05-19T00:52:53.886+08:00 [INFO] 
1的回合 (当前手牌数: 13)

2026-05-19T00:52:53.917+08:00 [INFO] 上一手牌，牌型: 1, 牌是：♣5

2026-05-19T00:52:53.948+08:00 [INFO] 请选择要出的牌 (输入牌的序号，用逗号分隔，0表示不出): 
2026-05-19T00:52:53.954+08:00 [INFO] 用户 1 接收出牌消息1: <nil>
2026-05-19T00:52:53.957+08:00 [INFO] 用户 1 接收出牌消息2: {0 [] 0}
2026-05-19T00:52:54.970+08:00 [INFO] 
1的回合 (当前手牌数: 13)

2026-05-19T00:52:55.105+08:00 [INFO] 上一手牌，牌型: 1, 牌是：♣5

2026-05-19T00:52:55.105+08:00 [INFO] 请选择要出的牌 (输入牌的序号，用逗号分隔，0表示不出): 
2026-05-19T00:52:55.105+08:00 [INFO] 用户 1 接收出牌消息1: <nil>
2026-05-19T00:52:55.106+08:00 [INFO] 用户 1 接收出牌消息2: {0 [] 0}
2026-05-19T00:52:55.133+08:00 [INFO] 用户 1 接收消息: {"type":"playCard","data":"{\"pid\":0,\"pass\":1}"}（类型: 1）
2026-05-19T00:52:55.231+08:00 [INFO] 用户 1 发送出牌消息: {"pid":0,"cardIds":null,"pass":1}
2026-05-19T00:52:55.878+08:00 [INFO] 
1的回合 (当前手牌数: 13)

2026-05-19T00:52:55.881+08:00 [INFO] 上一手牌，牌型: 1, 牌是：♣5

2026-05-19T00:52:55.883+08:00 [INFO] 请选择要出的牌 (输入牌的序号，用逗号分隔，0表示不出): 
2026-05-19T00:52:55.886+08:00 [INFO] 从队列收到消息: playCard
2026-05-19T00:52:55.887+08:00 [INFO] 用户 1 接收出牌消息1: &{playCard {"pid":0,"cardIds":null,"pass":1} 1}
2026-05-19T00:52:55.890+08:00 [INFO] 用户 1 接收出牌消息2: {0 [] 1}
2026-05-19T00:52:55.892+08:00 [INFO] 1不出

2026-05-19T00:52:55.893+08:00 [INFO] ♥9,♣7,♣J,♦J,♦7,♥7,♥K,♣2,♦6,♣10,♠K,♠J,♠9
2026-05-19T00:52:55.908+08:00 [INFO] 用户 1 发送消息: {"type":"pass","data":"{\"pid\":0,\"cardIds\":[],\"card_type\":0,\"cards_num\":13,\"code\":0,\"current\":1,\"mustPid\":3,\"outCardTimeout\":30}","from":""}
2026-05-19T00:52:56.872+08:00 [INFO] 
尤烨伟的回合 (当前手牌数: 12)

2026-05-19T00:52:56.878+08:00 [INFO] 上一手牌，牌型: 1, 牌是：♣5

2026-05-19T00:52:56.879+08:00 [INFO] 请选择要出的牌 (输入牌的序号，用逗号分隔，0表示不出): 
2026-05-19T00:52:57.871+08:00 [INFO] 
尤烨伟的回合 (当前手牌数: 12)

2026-05-19T00:52:57.872+08:00 [INFO] 上一手牌，牌型: 1, 牌是：♣5

2026-05-19T00:52:57.873+08:00 [INFO] 请选择要出的牌 (输入牌的序号，用逗号分隔，0表示不出): 
2026-05-19T00:52:57.874+08:00 [INFO] 尤烨伟出了: ♣9 (1)

2026-05-19T00:52:57.878+08:00 [INFO] 用户 1 发送消息: {"type":"outCard","data":"{\"pid\":1,\"cardIds\":[26],\"card_type\":1,\"cards_num\":11,\"code\":0,\"current\":2,\"mustPid\":1,\"outCardTimeout\":30}","from":""}
2026-05-19T00:52:57.929+08:00 [INFO] heartbeatCheck: 2.7970226s
2026-05-19T00:52:58.871+08:00 [INFO] 
符明的回合 (当前手牌数: 12)

2026-05-19T00:52:58.872+08:00 [INFO] 上一手牌，牌型: 1, 牌是：♣9

2026-05-19T00:52:58.873+08:00 [INFO] 请选择要出的牌 (输入牌的序号，用逗号分隔，0表示不出): 
2026-05-19T00:52:59.871+08:00 [INFO] 
符明的回合 (当前手牌数: 12)

2026-05-19T00:52:59.872+08:00 [INFO] 上一手牌，牌型: 1, 牌是：♣9

2026-05-19T00:52:59.874+08:00 [INFO] 请选择要出的牌 (输入牌的序号，用逗号分隔，0表示不出): 
2026-05-19T00:53:00.901+08:00 [INFO] 
符明的回合 (当前手牌数: 12)

2026-05-19T00:53:00.913+08:00 [INFO] 上一手牌，牌型: 1, 牌是：♣9

2026-05-19T00:53:00.925+08:00 [INFO] 请选择要出的牌 (输入牌的序号，用逗号分隔，0表示不出): 
2026-05-19T00:53:00.940+08:00 [INFO] 符明出了: ♠Q (1)

2026-05-19T00:53:00.993+08:00 [INFO] 用户 1 发送消息: {"type":"outCard","data":"{\"pid\":2,\"cardIds\":[40],\"card_type\":1,\"cards_num\":11,\"code\":0,\"current\":3,\"mustPid\":2,\"outCardTimeout\":30}","from":""}
2026-05-19T00:53:01.871+08:00 [INFO] 
堵妙绿的回合 (当前手牌数: 11)

2026-05-19T00:53:01.872+08:00 [INFO] 上一手牌，牌型: 1, 牌是：♠Q

2026-05-19T00:53:01.874+08:00 [INFO] 请选择要出的牌 (输入牌的序号，用逗号分隔，0表示不出): 
2026-05-19T00:53:02.871+08:00 [INFO] 
堵妙绿的回合 (当前手牌数: 11)

2026-05-19T00:53:02.873+08:00 [INFO] 上一手牌，牌型: 1, 牌是：♠Q

2026-05-19T00:53:02.874+08:00 [INFO] 请选择要出的牌 (输入牌的序号，用逗号分隔，0表示不出): 
2026-05-19T00:53:02.929+08:00 [INFO] heartbeatCheck: 7.7966824s
2026-05-19T00:53:03.881+08:00 [INFO] 
堵妙绿的回合 (当前手牌数: 11)

2026-05-19T00:53:03.884+08:00 [INFO] 上一手牌，牌型: 1, 牌是：♠Q

2026-05-19T00:53:03.888+08:00 [INFO] 请选择要出的牌 (输入牌的序号，用逗号分隔，0表示不出): 
2026-05-19T00:53:03.890+08:00 [INFO] 堵妙绿不出

2026-05-19T00:53:03.893+08:00 [INFO] 正在订阅 Channel: player:play:card:1，当前玩家: 1
2026-05-19T00:53:03.935+08:00 [INFO] 成功订阅 Channel: player:play:card:1
2026-05-19T00:53:03.939+08:00 [INFO] 用户 1 发送消息: {"type":"pass","data":"{\"pid\":3,\"cardIds\":null,\"card_type\":0,\"cards_num\":11,\"code\":0,\"current\":0,\"mustPid\":2,\"outCardTimeout\":30}","from":""}
2026-05-19T00:53:04.872+08:00 [INFO] 
1的回合 (当前手牌数: 13)

2026-05-19T00:53:04.873+08:00 [INFO] 上一手牌，牌型: 1, 牌是：♠Q

2026-05-19T00:53:04.875+08:00 [INFO] 请选择要出的牌 (输入牌的序号，用逗号分隔，0表示不出): 
2026-05-19T00:53:04.876+08:00 [INFO] 用户 1 接收出牌消息1: <nil>
2026-05-19T00:53:04.877+08:00 [INFO] 用户 1 接收出牌消息2: {0 [] 0}
2026-05-19T00:53:05.882+08:00 [INFO] 
1的回合 (当前手牌数: 13)

2026-05-19T00:53:05.884+08:00 [INFO] 上一手牌，牌型: 1, 牌是：♠Q

2026-05-19T00:53:05.887+08:00 [INFO] 请选择要出的牌 (输入牌的序号，用逗号分隔，0表示不出): 
2026-05-19T00:53:05.888+08:00 [INFO] 用户 1 接收出牌消息1: <nil>
2026-05-19T00:53:05.892+08:00 [INFO] 用户 1 接收出牌消息2: {0 [] 0}
2026-05-19T00:53:06.870+08:00 [INFO] 
1的回合 (当前手牌数: 13)

2026-05-19T00:53:06.871+08:00 [INFO] 上一手牌，牌型: 1, 牌是：♠Q

2026-05-19T00:53:06.872+08:00 [INFO] 请选择要出的牌 (输入牌的序号，用逗号分隔，0表示不出): 
2026-05-19T00:53:06.873+08:00 [INFO] 用户 1 接收出牌消息1: <nil>
2026-05-19T00:53:06.875+08:00 [INFO] 用户 1 接收出牌消息2: {0 [] 0}
2026-05-19T00:53:07.871+08:00 [INFO] 
1的回合 (当前手牌数: 13)

2026-05-19T00:53:07.872+08:00 [INFO] 上一手牌，牌型: 1, 牌是：♠Q

2026-05-19T00:53:07.875+08:00 [INFO] 请选择要出的牌 (输入牌的序号，用逗号分隔，0表示不出): 
2026-05-19T00:53:07.875+08:00 [INFO] 用户 1 接收出牌消息1: <nil>
2026-05-19T00:53:07.878+08:00 [INFO] 用户 1 接收出牌消息2: {0 [] 0}
2026-05-19T00:53:07.929+08:00 [INFO] heartbeatCheck: 12.7971065s
2026-05-19T00:53:08.872+08:00 [INFO] 
1的回合 (当前手牌数: 13)

2026-05-19T00:53:08.873+08:00 [INFO] 上一手牌，牌型: 1, 牌是：♠Q

2026-05-19T00:53:08.874+08:00 [INFO] 请选择要出的牌 (输入牌的序号，用逗号分隔，0表示不出): 
2026-05-19T00:53:08.880+08:00 [INFO] 用户 1 接收出牌消息1: <nil>
2026-05-19T00:53:08.880+08:00 [INFO] 用户 1 接收出牌消息2: {0 [] 0}
2026-05-19T00:53:09.871+08:00 [INFO] 
1的回合 (当前手牌数: 13)

2026-05-19T00:53:09.873+08:00 [INFO] 上一手牌，牌型: 1, 牌是：♠Q

2026-05-19T00:53:09.873+08:00 [INFO] 请选择要出的牌 (输入牌的序号，用逗号分隔，0表示不出): 
2026-05-19T00:53:09.874+08:00 [INFO] 用户 1 接收出牌消息1: <nil>
2026-05-19T00:53:09.877+08:00 [INFO] 用户 1 接收出牌消息2: {0 [] 0}
2026-05-19T00:53:10.870+08:00 [INFO] 
1的回合 (当前手牌数: 13)

2026-05-19T00:53:10.872+08:00 [INFO] 上一手牌，牌型: 1, 牌是：♠Q

2026-05-19T00:53:10.875+08:00 [INFO] 请选择要出的牌 (输入牌的序号，用逗号分隔，0表示不出): 
2026-05-19T00:53:10.879+08:00 [INFO] 用户 1 接收出牌消息1: <nil>
2026-05-19T00:53:10.880+08:00 [INFO] 用户 1 接收出牌消息2: {0 [] 0}
2026-05-19T00:53:11.871+08:00 [INFO] 
1的回合 (当前手牌数: 13)

2026-05-19T00:53:11.872+08:00 [INFO] 上一手牌，牌型: 1, 牌是：♠Q

2026-05-19T00:53:11.873+08:00 [INFO] 请选择要出的牌 (输入牌的序号，用逗号分隔，0表示不出): 
2026-05-19T00:53:11.873+08:00 [INFO] 用户 1 接收出牌消息1: <nil>
2026-05-19T00:53:11.875+08:00 [INFO] 用户 1 接收出牌消息2: {0 [] 0}
2026-05-19T00:53:12.870+08:00 [INFO] 
1的回合 (当前手牌数: 13)

2026-05-19T00:53:12.873+08:00 [INFO] 上一手牌，牌型: 1, 牌是：♠Q

2026-05-19T00:53:12.874+08:00 [INFO] 请选择要出的牌 (输入牌的序号，用逗号分隔，0表示不出): 
2026-05-19T00:53:12.875+08:00 [INFO] 用户 1 接收出牌消息1: <nil>
2026-05-19T00:53:12.876+08:00 [INFO] 用户 1 接收出牌消息2: {0 [] 0}
2026-05-19T00:53:12.929+08:00 [INFO] heartbeatCheck: 17.7969846s
2026-05-19T00:53:13.870+08:00 [INFO] 
1的回合 (当前手牌数: 13)

2026-05-19T00:53:13.872+08:00 [INFO] 上一手牌，牌型: 1, 牌是：♠Q

2026-05-19T00:53:13.872+08:00 [INFO] 请选择要出的牌 (输入牌的序号，用逗号分隔，0表示不出): 
2026-05-19T00:53:13.874+08:00 [INFO] 用户 1 接收出牌消息1: <nil>
2026-05-19T00:53:13.875+08:00 [INFO] 用户 1 接收出牌消息2: {0 [] 0}
2026-05-19T00:53:13.961+08:00 [INFO] 用户 1 接收消息: {"type":"heartbeat","data":"ping"}（类型: 1）
2026-05-19T00:53:13.963+08:00 [INFO] 用户 1 发送消息: {"type":"heartbeat","data":"pong","from":"1"}
2026-05-19T00:53:14.870+08:00 [INFO] 
1的回合 (当前手牌数: 13)

2026-05-19T00:53:14.873+08:00 [INFO] 上一手牌，牌型: 1, 牌是：♠Q

2026-05-19T00:53:14.874+08:00 [INFO] 请选择要出的牌 (输入牌的序号，用逗号分隔，0表示不出): 
2026-05-19T00:53:14.875+08:00 [INFO] 用户 1 接收出牌消息1: <nil>
2026-05-19T00:53:14.878+08:00 [INFO] 用户 1 接收出牌消息2: {0 [] 0}
2026-05-19T00:53:15.871+08:00 [INFO] 
1的回合 (当前手牌数: 13)

2026-05-19T00:53:15.873+08:00 [INFO] 上一手牌，牌型: 1, 牌是：♠Q

2026-05-19T00:53:15.878+08:00 [INFO] 请选择要出的牌 (输入牌的序号，用逗号分隔，0表示不出): 
2026-05-19T00:53:15.879+08:00 [INFO] 用户 1 接收出牌消息1: <nil>
2026-05-19T00:53:15.880+08:00 [INFO] 用户 1 接收出牌消息2: {0 [] 0}
2026-05-19T00:53:16.871+08:00 [INFO] 
1的回合 (当前手牌数: 13)

2026-05-19T00:53:16.872+08:00 [INFO] 上一手牌，牌型: 1, 牌是：♠Q

2026-05-19T00:53:16.873+08:00 [INFO] 请选择要出的牌 (输入牌的序号，用逗号分隔，0表示不出): 
2026-05-19T00:53:16.874+08:00 [INFO] 用户 1 接收出牌消息1: <nil>
2026-05-19T00:53:16.877+08:00 [INFO] 用户 1 接收出牌消息2: {0 [] 0}
2026-05-19T00:53:17.870+08:00 [INFO] 
1的回合 (当前手牌数: 13)

2026-05-19T00:53:17.871+08:00 [INFO] 上一手牌，牌型: 1, 牌是：♠Q

2026-05-19T00:53:17.874+08:00 [INFO] 请选择要出的牌 (输入牌的序号，用逗号分隔，0表示不出): 
2026-05-19T00:53:17.875+08:00 [INFO] 用户 1 接收出牌消息1: <nil>
2026-05-19T00:53:17.878+08:00 [INFO] 用户 1 接收出牌消息2: {0 [] 0}
2026-05-19T00:53:17.929+08:00 [INFO] heartbeatCheck: 3.9677406s
2026-05-19T00:53:18.870+08:00 [INFO] 
1的回合 (当前手牌数: 13)

2026-05-19T00:53:18.872+08:00 [INFO] 上一手牌，牌型: 1, 牌是：♠Q

2026-05-19T00:53:18.873+08:00 [INFO] 请选择要出的牌 (输入牌的序号，用逗号分隔，0表示不出): 
2026-05-19T00:53:18.874+08:00 [INFO] 用户 1 接收出牌消息1: <nil>
2026-05-19T00:53:18.875+08:00 [INFO] 用户 1 接收出牌消息2: {0 [] 0}
2026-05-19T00:53:19.871+08:00 [INFO] 
1的回合 (当前手牌数: 13)

2026-05-19T00:53:19.872+08:00 [INFO] 上一手牌，牌型: 1, 牌是：♠Q

2026-05-19T00:53:19.872+08:00 [INFO] 请选择要出的牌 (输入牌的序号，用逗号分隔，0表示不出): 
2026-05-19T00:53:19.874+08:00 [INFO] 用户 1 接收出牌消息1: <nil>
2026-05-19T00:53:19.877+08:00 [INFO] 用户 1 接收出牌消息2: {0 [] 0}
2026-05-19T00:53:20.871+08:00 [INFO] 
1的回合 (当前手牌数: 13)

2026-05-19T00:53:20.873+08:00 [INFO] 上一手牌，牌型: 1, 牌是：♠Q

2026-05-19T00:53:20.875+08:00 [INFO] 请选择要出的牌 (输入牌的序号，用逗号分隔，0表示不出): 
2026-05-19T00:53:20.879+08:00 [INFO] 用户 1 接收出牌消息1: <nil>
2026-05-19T00:53:20.881+08:00 [INFO] 用户 1 接收出牌消息2: {0 [] 0}
2026-05-19T00:53:21.870+08:00 [INFO] 
1的回合 (当前手牌数: 13)

2026-05-19T00:53:21.871+08:00 [INFO] 上一手牌，牌型: 1, 牌是：♠Q

2026-05-19T00:53:21.872+08:00 [INFO] 请选择要出的牌 (输入牌的序号，用逗号分隔，0表示不出): 
2026-05-19T00:53:21.873+08:00 [INFO] 用户 1 接收出牌消息1: <nil>
2026-05-19T00:53:21.875+08:00 [INFO] 用户 1 接收出牌消息2: {0 [] 0}
2026-05-19T00:53:22.870+08:00 [INFO] 
1的回合 (当前手牌数: 13)

2026-05-19T00:53:22.871+08:00 [INFO] 上一手牌，牌型: 1, 牌是：♠Q

2026-05-19T00:53:22.873+08:00 [INFO] 请选择要出的牌 (输入牌的序号，用逗号分隔，0表示不出): 
2026-05-19T00:53:22.874+08:00 [INFO] 用户 1 接收出牌消息1: <nil>
2026-05-19T00:53:22.877+08:00 [INFO] 用户 1 接收出牌消息2: {0 [] 0}
2026-05-19T00:53:22.929+08:00 [INFO] heartbeatCheck: 8.9672895s
2026-05-19T00:53:23.870+08:00 [INFO] 
1的回合 (当前手牌数: 13)

2026-05-19T00:53:23.871+08:00 [INFO] 上一手牌，牌型: 1, 牌是：♠Q

2026-05-19T00:53:23.872+08:00 [INFO] 请选择要出的牌 (输入牌的序号，用逗号分隔，0表示不出): 
2026-05-19T00:53:23.873+08:00 [INFO] 用户 1 接收出牌消息1: <nil>
2026-05-19T00:53:23.875+08:00 [INFO] 用户 1 接收出牌消息2: {0 [] 0}
2026-05-19T00:53:24.003+08:00 [INFO] 用户 1 接收消息: {"type":"heartbeat","data":"ping"}（类型: 1）
2026-05-19T00:53:24.005+08:00 [INFO] 用户 1 发送消息: {"type":"heartbeat","data":"pong","from":"1"}
2026-05-19T00:53:24.871+08:00 [INFO] 
1的回合 (当前手牌数: 13)

2026-05-19T00:53:24.875+08:00 [INFO] 上一手牌，牌型: 1, 牌是：♠Q

2026-05-19T00:53:24.875+08:00 [INFO] 请选择要出的牌 (输入牌的序号，用逗号分隔，0表示不出): 
2026-05-19T00:53:24.877+08:00 [INFO] 用户 1 接收出牌消息1: <nil>
2026-05-19T00:53:24.879+08:00 [INFO] 用户 1 接收出牌消息2: {0 [] 0}
2026-05-19T00:53:25.873+08:00 [INFO] 
1的回合 (当前手牌数: 13)

2026-05-19T00:53:25.874+08:00 [INFO] 上一手牌，牌型: 1, 牌是：♠Q

2026-05-19T00:53:25.875+08:00 [INFO] 请选择要出的牌 (输入牌的序号，用逗号分隔，0表示不出): 
2026-05-19T00:53:25.878+08:00 [INFO] 用户 1 接收出牌消息1: <nil>
2026-05-19T00:53:25.879+08:00 [INFO] 用户 1 接收出牌消息2: {0 [] 0}
2026-05-19T00:53:26.871+08:00 [INFO] 
1的回合 (当前手牌数: 13)

2026-05-19T00:53:26.872+08:00 [INFO] 上一手牌，牌型: 1, 牌是：♠Q

2026-05-19T00:53:26.873+08:00 [INFO] 请选择要出的牌 (输入牌的序号，用逗号分隔，0表示不出): 
2026-05-19T00:53:26.874+08:00 [INFO] 用户 1 接收出牌消息1: <nil>
2026-05-19T00:53:26.874+08:00 [INFO] 用户 1 接收出牌消息2: {0 [] 0}
2026-05-19T00:53:27.870+08:00 [INFO] 
1的回合 (当前手牌数: 13)

2026-05-19T00:53:27.871+08:00 [INFO] 上一手牌，牌型: 1, 牌是：♠Q

2026-05-19T00:53:27.874+08:00 [INFO] 请选择要出的牌 (输入牌的序号，用逗号分隔，0表示不出): 
2026-05-19T00:53:27.875+08:00 [INFO] 用户 1 接收出牌消息1: <nil>
2026-05-19T00:53:27.879+08:00 [INFO] 用户 1 接收出牌消息2: {0 [] 0}
2026-05-19T00:53:27.929+08:00 [INFO] heartbeatCheck: 3.9262965s
2026-05-19T00:53:28.870+08:00 [INFO] 
1的回合 (当前手牌数: 13)

2026-05-19T00:53:28.871+08:00 [INFO] 上一手牌，牌型: 1, 牌是：♠Q

2026-05-19T00:53:28.873+08:00 [INFO] 请选择要出的牌 (输入牌的序号，用逗号分隔，0表示不出): 
2026-05-19T00:53:28.873+08:00 [INFO] 用户 1 接收出牌消息1: <nil>
2026-05-19T00:53:28.875+08:00 [INFO] 用户 1 接收出牌消息2: {0 [] 0}
2026-05-19T00:53:29.872+08:00 [INFO] 
1的回合 (当前手牌数: 13)

2026-05-19T00:53:29.873+08:00 [INFO] 上一手牌，牌型: 1, 牌是：♠Q

2026-05-19T00:53:29.876+08:00 [INFO] 请选择要出的牌 (输入牌的序号，用逗号分隔，0表示不出): 
2026-05-19T00:53:29.877+08:00 [INFO] 用户 1 接收出牌消息1: <nil>
2026-05-19T00:53:29.879+08:00 [INFO] 用户 1 接收出牌消息2: {0 [] 0}
2026-05-19T00:53:30.871+08:00 [INFO] 
1的回合 (当前手牌数: 13)

2026-05-19T00:53:30.872+08:00 [INFO] 上一手牌，牌型: 1, 牌是：♠Q

2026-05-19T00:53:30.873+08:00 [INFO] 请选择要出的牌 (输入牌的序号，用逗号分隔，0表示不出): 
2026-05-19T00:53:30.874+08:00 [INFO] 用户 1 接收出牌消息1: <nil>
2026-05-19T00:53:30.875+08:00 [INFO] 用户 1 接收出牌消息2: {0 [] 0}
2026-05-19T00:53:31.871+08:00 [INFO] 
1的回合 (当前手牌数: 13)

2026-05-19T00:53:31.871+08:00 [INFO] 上一手牌，牌型: 1, 牌是：♠Q

2026-05-19T00:53:31.872+08:00 [INFO] 请选择要出的牌 (输入牌的序号，用逗号分隔，0表示不出): 
2026-05-19T00:53:31.873+08:00 [INFO] 用户 1 接收出牌消息1: <nil>
2026-05-19T00:53:31.875+08:00 [INFO] 用户 1 接收出牌消息2: {0 [] 0}
2026-05-19T00:53:32.870+08:00 [INFO] 
1的回合 (当前手牌数: 13)

2026-05-19T00:53:32.872+08:00 [INFO] 上一手牌，牌型: 1, 牌是：♠Q

2026-05-19T00:53:32.873+08:00 [INFO] 请选择要出的牌 (输入牌的序号，用逗号分隔，0表示不出): 
2026-05-19T00:53:32.874+08:00 [INFO] 用户 1 接收出牌消息1: <nil>
2026-05-19T00:53:32.877+08:00 [INFO] 用户 1 接收出牌消息2: {0 [] 0}
2026-05-19T00:53:32.929+08:00 [INFO] heartbeatCheck: 8.9259498s
2026-05-19T00:53:33.870+08:00 [INFO] 
1的回合 (当前手牌数: 13)

2026-05-19T00:53:33.871+08:00 [INFO] 上一手牌，牌型: 1, 牌是：♠Q

2026-05-19T00:53:33.872+08:00 [INFO] 请选择要出的牌 (输入牌的序号，用逗号分隔，0表示不出): 
2026-05-19T00:53:33.874+08:00 [INFO] 用户 1 接收出牌消息1: <nil>
2026-05-19T00:53:33.874+08:00 [INFO] 用户 1 接收出牌消息2: {0 [] 0}
2026-05-19T00:53:33.876+08:00 [INFO] 1不出

2026-05-19T00:53:33.877+08:00 [INFO] ♥9,♣7,♣J,♦J,♦7,♥7,♥K,♣2,♦6,♣10,♠K,♠J,♠9
2026-05-19T00:53:33.880+08:00 [INFO] 用户 1 发送消息: {"type":"pass","data":"{\"pid\":0,\"cardIds\":[],\"card_type\":0,\"cards_num\":13,\"code\":0,\"current\":1,\"mustPid\":2,\"outCardTimeout\":30}","from":""}
2026-05-19T00:53:34.871+08:00 [INFO] 
尤烨伟的回合 (当前手牌数: 11)

2026-05-19T00:53:34.871+08:00 [INFO] 上一手牌，牌型: 1, 牌是：♠Q

2026-05-19T00:53:34.872+08:00 [INFO] 请选择要出的牌 (输入牌的序号，用逗号分隔，0表示不出): 
2026-05-19T00:53:35.870+08:00 [INFO] 
尤烨伟的回合 (当前手牌数: 11)

2026-05-19T00:53:35.871+08:00 [INFO] 上一手牌，牌型: 1, 牌是：♠Q

2026-05-19T00:53:35.874+08:00 [INFO] 请选择要出的牌 (输入牌的序号，用逗号分隔，0表示不出): 
2026-05-19T00:53:35.875+08:00 [INFO] 尤烨伟不出

2026-05-19T00:53:35.877+08:00 [INFO] 用户 1 发送消息: {"type":"pass","data":"{\"pid\":1,\"cardIds\":null,\"card_type\":0,\"cards_num\":11,\"code\":0,\"current\":2,\"mustPid\":2,\"outCardTimeout\":30}","from":""}
2026-05-19T00:53:36.871+08:00 [INFO] 
符明的回合 (当前手牌数: 11)

2026-05-19T00:53:36.872+08:00 [INFO] 上一手牌，牌型: 0, 牌是：不出

2026-05-19T00:53:36.872+08:00 [INFO] 请选择要出的牌 (输入牌的序号，用逗号分隔，0表示不出): 
2026-05-19T00:53:37.871+08:00 [INFO] 
符明的回合 (当前手牌数: 11)

2026-05-19T00:53:37.872+08:00 [INFO] 上一手牌，牌型: 0, 牌是：不出

2026-05-19T00:53:37.873+08:00 [INFO] 请选择要出的牌 (输入牌的序号，用逗号分隔，0表示不出): 
2026-05-19T00:53:37.875+08:00 [INFO] 符明出了: ♣6,♥6,♠6,♣3,♥3 (5)

2026-05-19T00:53:37.880+08:00 [INFO] 用户 1 发送消息: {"type":"outCard","data":"{\"pid\":2,\"cardIds\":[14,15,16,2,3],\"card_type\":5,\"cards_num\":6,\"code\":0,\"current\":3,\"mustPid\":2,\"outCardTimeout\":30}","from":""}
2026-05-19T00:53:37.929+08:00 [INFO] heartbeatCheck: 13.9261829s
2026-05-19T00:53:38.870+08:00 [INFO] 
堵妙绿的回合 (当前手牌数: 11)

2026-05-19T00:53:38.873+08:00 [INFO] 上一手牌，牌型: 5, 牌是：♣6,♥6,♠6,♣3,♥3

2026-05-19T00:53:38.875+08:00 [INFO] 请选择要出的牌 (输入牌的序号，用逗号分隔，0表示不出): 
2026-05-19T00:53:39.871+08:00 [INFO] 
堵妙绿的回合 (当前手牌数: 11)

2026-05-19T00:53:39.872+08:00 [INFO] 上一手牌，牌型: 5, 牌是：♣6,♥6,♠6,♣3,♥3

2026-05-19T00:53:39.873+08:00 [INFO] 请选择要出的牌 (输入牌的序号，用逗号分隔，0表示不出): 
2026-05-19T00:53:40.871+08:00 [INFO] 
堵妙绿的回合 (当前手牌数: 11)

2026-05-19T00:53:40.872+08:00 [INFO] 上一手牌，牌型: 5, 牌是：♣6,♥6,♠6,♣3,♥3

2026-05-19T00:53:40.874+08:00 [INFO] 请选择要出的牌 (输入牌的序号，用逗号分隔，0表示不出): 
2026-05-19T00:53:40.875+08:00 [INFO] 堵妙绿出了: ♦8,♣8,♥8,♣Q,♥Q (5)

2026-05-19T00:53:40.879+08:00 [INFO] 正在订阅 Channel: player:play:card:1，当前玩家: 1
2026-05-19T00:53:40.905+08:00 [INFO] 成功订阅 Channel: player:play:card:1
2026-05-19T00:53:40.912+08:00 [INFO] 用户 1 发送消息: {"type":"outCard","data":"{\"pid\":3,\"cardIds\":[21,22,23,38,39],\"card_type\":5,\"cards_num\":6,\"code\":0,\"current\":0,\"mustPid\":3,\"outCardTimeout\":30}","from":""}
2026-05-19T00:53:41.871+08:00 [INFO] 
1的回合 (当前手牌数: 13)

2026-05-19T00:53:41.872+08:00 [INFO] 上一手牌，牌型: 5, 牌是：♦8,♣8,♥8,♣Q,♥Q

2026-05-19T00:53:41.872+08:00 [INFO] 请选择要出的牌 (输入牌的序号，用逗号分隔，0表示不出): 
2026-05-19T00:53:41.873+08:00 [INFO] 用户 1 接收出牌消息1: <nil>
2026-05-19T00:53:41.875+08:00 [INFO] 用户 1 接收出牌消息2: {0 [] 0}
2026-05-19T00:53:42.870+08:00 [INFO] 
1的回合 (当前手牌数: 13)

2026-05-19T00:53:42.872+08:00 [INFO] 上一手牌，牌型: 5, 牌是：♦8,♣8,♥8,♣Q,♥Q

2026-05-19T00:53:42.873+08:00 [INFO] 请选择要出的牌 (输入牌的序号，用逗号分隔，0表示不出): 
2026-05-19T00:53:42.875+08:00 [INFO] 用户 1 接收出牌消息1: <nil>
2026-05-19T00:53:42.877+08:00 [INFO] 用户 1 接收出牌消息2: {0 [] 0}
2026-05-19T00:53:42.929+08:00 [INFO] heartbeatCheck: 18.9258797s
2026-05-19T00:53:43.871+08:00 [INFO] 
1的回合 (当前手牌数: 13)

2026-05-19T00:53:43.872+08:00 [INFO] 上一手牌，牌型: 5, 牌是：♦8,♣8,♥8,♣Q,♥Q

2026-05-19T00:53:43.873+08:00 [INFO] 请选择要出的牌 (输入牌的序号，用逗号分隔，0表示不出): 
2026-05-19T00:53:43.875+08:00 [INFO] 用户 1 接收出牌消息1: <nil>
2026-05-19T00:53:43.877+08:00 [INFO] 用户 1 接收出牌消息2: {0 [] 0}
2026-05-19T00:53:44.871+08:00 [INFO] 
1的回合 (当前手牌数: 13)

2026-05-19T00:53:44.873+08:00 [INFO] 上一手牌，牌型: 5, 牌是：♦8,♣8,♥8,♣Q,♥Q

2026-05-19T00:53:44.873+08:00 [INFO] 请选择要出的牌 (输入牌的序号，用逗号分隔，0表示不出): 
2026-05-19T00:53:44.874+08:00 [INFO] 用户 1 接收出牌消息1: <nil>
2026-05-19T00:53:44.877+08:00 [INFO] 用户 1 接收出牌消息2: {0 [] 0}
2026-05-19T00:53:45.870+08:00 [INFO] 
1的回合 (当前手牌数: 13)

2026-05-19T00:53:45.871+08:00 [INFO] 上一手牌，牌型: 5, 牌是：♦8,♣8,♥8,♣Q,♥Q

2026-05-19T00:53:45.873+08:00 [INFO] 请选择要出的牌 (输入牌的序号，用逗号分隔，0表示不出): 
2026-05-19T00:53:45.877+08:00 [INFO] 用户 1 接收出牌消息1: <nil>
2026-05-19T00:53:45.881+08:00 [INFO] 用户 1 接收出牌消息2: {0 [] 0}
2026-05-19T00:53:46.870+08:00 [INFO] 
1的回合 (当前手牌数: 13)

2026-05-19T00:53:46.871+08:00 [INFO] 上一手牌，牌型: 5, 牌是：♦8,♣8,♥8,♣Q,♥Q

2026-05-19T00:53:46.872+08:00 [INFO] 请选择要出的牌 (输入牌的序号，用逗号分隔，0表示不出): 
2026-05-19T00:53:46.872+08:00 [INFO] 用户 1 接收出牌消息1: <nil>
2026-05-19T00:53:46.873+08:00 [INFO] 用户 1 接收出牌消息2: {0 [] 0}
2026-05-19T00:53:47.875+08:00 [INFO] 
1的回合 (当前手牌数: 13)

2026-05-19T00:53:47.877+08:00 [INFO] 上一手牌，牌型: 5, 牌是：♦8,♣8,♥8,♣Q,♥Q

2026-05-19T00:53:47.878+08:00 [INFO] 请选择要出的牌 (输入牌的序号，用逗号分隔，0表示不出): 
2026-05-19T00:53:47.879+08:00 [INFO] 用户 1 接收出牌消息1: <nil>
2026-05-19T00:53:47.879+08:00 [INFO] 用户 1 接收出牌消息2: {0 [] 0}
2026-05-19T00:53:47.930+08:00 [INFO] heartbeatCheck: 23.927063s
2026-05-19T00:53:48.870+08:00 [INFO] 
1的回合 (当前手牌数: 13)

2026-05-19T00:53:48.872+08:00 [INFO] 上一手牌，牌型: 5, 牌是：♦8,♣8,♥8,♣Q,♥Q

2026-05-19T00:53:48.873+08:00 [INFO] 请选择要出的牌 (输入牌的序号，用逗号分隔，0表示不出): 
2026-05-19T00:53:48.875+08:00 [INFO] 用户 1 接收出牌消息1: <nil>
2026-05-19T00:53:48.878+08:00 [INFO] 用户 1 接收出牌消息2: {0 [] 0}
2026-05-19T00:53:49.870+08:00 [INFO] 
1的回合 (当前手牌数: 13)

2026-05-19T00:53:49.871+08:00 [INFO] 上一手牌，牌型: 5, 牌是：♦8,♣8,♥8,♣Q,♥Q

2026-05-19T00:53:49.873+08:00 [INFO] 请选择要出的牌 (输入牌的序号，用逗号分隔，0表示不出): 
2026-05-19T00:53:49.874+08:00 [INFO] 用户 1 接收出牌消息1: <nil>
2026-05-19T00:53:49.874+08:00 [INFO] 用户 1 接收出牌消息2: {0 [] 0}
2026-05-19T00:53:50.870+08:00 [INFO] 
1的回合 (当前手牌数: 13)

2026-05-19T00:53:50.871+08:00 [INFO] 上一手牌，牌型: 5, 牌是：♦8,♣8,♥8,♣Q,♥Q

2026-05-19T00:53:50.873+08:00 [INFO] 请选择要出的牌 (输入牌的序号，用逗号分隔，0表示不出): 
2026-05-19T00:53:50.874+08:00 [INFO] 用户 1 接收出牌消息1: <nil>
2026-05-19T00:53:50.876+08:00 [INFO] 用户 1 接收出牌消息2: {0 [] 0}
2026-05-19T00:53:50.963+08:00 [INFO] 用户 1 接收消息: {"type":"heartbeat","data":"ping"}（类型: 1）
2026-05-19T00:53:50.965+08:00 [INFO] 用户 1 发送消息: {"type":"heartbeat","data":"pong","from":"1"}
2026-05-19T00:53:51.870+08:00 [INFO] 
1的回合 (当前手牌数: 13)

2026-05-19T00:53:51.870+08:00 [INFO] 上一手牌，牌型: 5, 牌是：♦8,♣8,♥8,♣Q,♥Q

2026-05-19T00:53:51.871+08:00 [INFO] 请选择要出的牌 (输入牌的序号，用逗号分隔，0表示不出): 
2026-05-19T00:53:51.872+08:00 [INFO] 用户 1 接收出牌消息1: <nil>
2026-05-19T00:53:51.875+08:00 [INFO] 用户 1 接收出牌消息2: {0 [] 0}
2026-05-19T00:53:52.870+08:00 [INFO] 
1的回合 (当前手牌数: 13)

2026-05-19T00:53:52.871+08:00 [INFO] 上一手牌，牌型: 5, 牌是：♦8,♣8,♥8,♣Q,♥Q

2026-05-19T00:53:52.872+08:00 [INFO] 请选择要出的牌 (输入牌的序号，用逗号分隔，0表示不出): 
2026-05-19T00:53:52.874+08:00 [INFO] 用户 1 接收出牌消息1: <nil>
2026-05-19T00:53:52.876+08:00 [INFO] 用户 1 接收出牌消息2: {0 [] 0}
2026-05-19T00:53:52.929+08:00 [INFO] heartbeatCheck: 1.9665347s
2026-05-19T00:53:53.871+08:00 [INFO] 
1的回合 (当前手牌数: 13)

2026-05-19T00:53:53.872+08:00 [INFO] 上一手牌，牌型: 5, 牌是：♦8,♣8,♥8,♣Q,♥Q

2026-05-19T00:53:53.873+08:00 [INFO] 请选择要出的牌 (输入牌的序号，用逗号分隔，0表示不出): 
2026-05-19T00:53:53.877+08:00 [INFO] 用户 1 接收出牌消息1: <nil>
2026-05-19T00:53:53.878+08:00 [INFO] 用户 1 接收出牌消息2: {0 [] 0}
2026-05-19T00:53:54.871+08:00 [INFO] 
1的回合 (当前手牌数: 13)

2026-05-19T00:53:54.872+08:00 [INFO] 上一手牌，牌型: 5, 牌是：♦8,♣8,♥8,♣Q,♥Q

2026-05-19T00:53:54.873+08:00 [INFO] 请选择要出的牌 (输入牌的序号，用逗号分隔，0表示不出): 
2026-05-19T00:53:54.875+08:00 [INFO] 用户 1 接收出牌消息1: <nil>
2026-05-19T00:53:54.877+08:00 [INFO] 用户 1 接收出牌消息2: {0 [] 0}
2026-05-19T00:53:55.871+08:00 [INFO] 
1的回合 (当前手牌数: 13)

2026-05-19T00:53:55.872+08:00 [INFO] 上一手牌，牌型: 5, 牌是：♦8,♣8,♥8,♣Q,♥Q

2026-05-19T00:53:55.874+08:00 [INFO] 请选择要出的牌 (输入牌的序号，用逗号分隔，0表示不出): 
2026-05-19T00:53:55.877+08:00 [INFO] 用户 1 接收出牌消息1: <nil>
2026-05-19T00:53:55.878+08:00 [INFO] 用户 1 接收出牌消息2: {0 [] 0}
2026-05-19T00:53:56.871+08:00 [INFO] 
1的回合 (当前手牌数: 13)

2026-05-19T00:53:56.872+08:00 [INFO] 上一手牌，牌型: 5, 牌是：♦8,♣8,♥8,♣Q,♥Q

2026-05-19T00:53:56.873+08:00 [INFO] 请选择要出的牌 (输入牌的序号，用逗号分隔，0表示不出): 
2026-05-19T00:53:56.873+08:00 [INFO] 用户 1 接收出牌消息1: <nil>
2026-05-19T00:53:56.877+08:00 [INFO] 用户 1 接收出牌消息2: {0 [] 0}
2026-05-19T00:53:57.871+08:00 [INFO] 
1的回合 (当前手牌数: 13)

2026-05-19T00:53:57.872+08:00 [INFO] 上一手牌，牌型: 5, 牌是：♦8,♣8,♥8,♣Q,♥Q

2026-05-19T00:53:57.873+08:00 [INFO] 请选择要出的牌 (输入牌的序号，用逗号分隔，0表示不出): 
2026-05-19T00:53:57.875+08:00 [INFO] 用户 1 接收出牌消息1: <nil>
2026-05-19T00:53:57.877+08:00 [INFO] 用户 1 接收出牌消息2: {0 [] 0}
2026-05-19T00:53:57.952+08:00 [INFO] heartbeatCheck: 6.9890474s
2026-05-19T00:53:58.871+08:00 [INFO] 
1的回合 (当前手牌数: 13)

2026-05-19T00:53:58.871+08:00 [INFO] 上一手牌，牌型: 5, 牌是：♦8,♣8,♥8,♣Q,♥Q

2026-05-19T00:53:58.872+08:00 [INFO] 请选择要出的牌 (输入牌的序号，用逗号分隔，0表示不出): 
2026-05-19T00:53:58.874+08:00 [INFO] 用户 1 接收出牌消息1: <nil>
2026-05-19T00:53:58.876+08:00 [INFO] 用户 1 接收出牌消息2: {0 [] 0}
2026-05-19T00:53:59.871+08:00 [INFO] 
1的回合 (当前手牌数: 13)

2026-05-19T00:53:59.872+08:00 [INFO] 上一手牌，牌型: 5, 牌是：♦8,♣8,♥8,♣Q,♥Q

2026-05-19T00:53:59.873+08:00 [INFO] 请选择要出的牌 (输入牌的序号，用逗号分隔，0表示不出): 
2026-05-19T00:53:59.874+08:00 [INFO] 用户 1 接收出牌消息1: <nil>
2026-05-19T00:53:59.877+08:00 [INFO] 用户 1 接收出牌消息2: {0 [] 0}
2026-05-19T00:54:00.871+08:00 [INFO] 
1的回合 (当前手牌数: 13)

2026-05-19T00:54:00.873+08:00 [INFO] 上一手牌，牌型: 5, 牌是：♦8,♣8,♥8,♣Q,♥Q

2026-05-19T00:54:00.873+08:00 [INFO] 请选择要出的牌 (输入牌的序号，用逗号分隔，0表示不出): 
2026-05-19T00:54:00.875+08:00 [INFO] 用户 1 接收出牌消息1: <nil>
2026-05-19T00:54:00.877+08:00 [INFO] 用户 1 接收出牌消息2: {0 [] 0}
2026-05-19T00:54:00.982+08:00 [INFO] 用户 1 接收消息: {"type":"heartbeat","data":"ping"}（类型: 1）
2026-05-19T00:54:00.984+08:00 [INFO] 用户 1 发送消息: {"type":"heartbeat","data":"pong","from":"1"}
2026-05-19T00:54:01.870+08:00 [INFO] 
1的回合 (当前手牌数: 13)

2026-05-19T00:54:01.872+08:00 [INFO] 上一手牌，牌型: 5, 牌是：♦8,♣8,♥8,♣Q,♥Q

2026-05-19T00:54:01.873+08:00 [INFO] 请选择要出的牌 (输入牌的序号，用逗号分隔，0表示不出): 
2026-05-19T00:54:01.875+08:00 [INFO] 用户 1 接收出牌消息1: <nil>
2026-05-19T00:54:01.876+08:00 [INFO] 用户 1 接收出牌消息2: {0 [] 0}
2026-05-19T00:54:02.871+08:00 [INFO] 
1的回合 (当前手牌数: 13)

2026-05-19T00:54:02.873+08:00 [INFO] 上一手牌，牌型: 5, 牌是：♦8,♣8,♥8,♣Q,♥Q

2026-05-19T00:54:02.873+08:00 [INFO] 请选择要出的牌 (输入牌的序号，用逗号分隔，0表示不出): 
2026-05-19T00:54:02.875+08:00 [INFO] 用户 1 接收出牌消息1: <nil>
2026-05-19T00:54:02.876+08:00 [INFO] 用户 1 接收出牌消息2: {0 [] 0}
2026-05-19T00:54:02.929+08:00 [INFO] heartbeatCheck: 1.9481724s
2026-05-19T00:54:03.870+08:00 [INFO] 
1的回合 (当前手牌数: 13)

2026-05-19T00:54:03.870+08:00 [INFO] 上一手牌，牌型: 5, 牌是：♦8,♣8,♥8,♣Q,♥Q

2026-05-19T00:54:03.871+08:00 [INFO] 请选择要出的牌 (输入牌的序号，用逗号分隔，0表示不出): 
2026-05-19T00:54:03.872+08:00 [INFO] 用户 1 接收出牌消息1: <nil>
2026-05-19T00:54:03.875+08:00 [INFO] 用户 1 接收出牌消息2: {0 [] 0}
2026-05-19T00:54:04.871+08:00 [INFO] 
1的回合 (当前手牌数: 13)

2026-05-19T00:54:04.872+08:00 [INFO] 上一手牌，牌型: 5, 牌是：♦8,♣8,♥8,♣Q,♥Q

2026-05-19T00:54:04.873+08:00 [INFO] 请选择要出的牌 (输入牌的序号，用逗号分隔，0表示不出): 
2026-05-19T00:54:04.874+08:00 [INFO] 用户 1 接收出牌消息1: <nil>
2026-05-19T00:54:04.875+08:00 [INFO] 用户 1 接收出牌消息2: {0 [] 0}
2026-05-19T00:54:05.871+08:00 [INFO] 
1的回合 (当前手牌数: 13)

2026-05-19T00:54:05.872+08:00 [INFO] 上一手牌，牌型: 5, 牌是：♦8,♣8,♥8,♣Q,♥Q

2026-05-19T00:54:05.872+08:00 [INFO] 请选择要出的牌 (输入牌的序号，用逗号分隔，0表示不出): 
2026-05-19T00:54:05.873+08:00 [INFO] 用户 1 接收出牌消息1: <nil>
2026-05-19T00:54:05.874+08:00 [INFO] 用户 1 接收出牌消息2: {0 [] 0}
2026-05-19T00:54:06.870+08:00 [INFO] 
1的回合 (当前手牌数: 13)

2026-05-19T00:54:06.873+08:00 [INFO] 上一手牌，牌型: 5, 牌是：♦8,♣8,♥8,♣Q,♥Q

2026-05-19T00:54:06.875+08:00 [INFO] 请选择要出的牌 (输入牌的序号，用逗号分隔，0表示不出): 
2026-05-19T00:54:06.876+08:00 [INFO] 用户 1 接收出牌消息1: <nil>
2026-05-19T00:54:06.879+08:00 [INFO] 用户 1 接收出牌消息2: {0 [] 0}
2026-05-19T00:54:07.871+08:00 [INFO] 
1的回合 (当前手牌数: 13)

2026-05-19T00:54:07.872+08:00 [INFO] 上一手牌，牌型: 5, 牌是：♦8,♣8,♥8,♣Q,♥Q

2026-05-19T00:54:07.873+08:00 [INFO] 请选择要出的牌 (输入牌的序号，用逗号分隔，0表示不出): 
2026-05-19T00:54:07.876+08:00 [INFO] 用户 1 接收出牌消息1: <nil>
2026-05-19T00:54:07.877+08:00 [INFO] 用户 1 接收出牌消息2: {0 [] 0}
2026-05-19T00:54:07.929+08:00 [INFO] heartbeatCheck: 6.9483655s
2026-05-19T00:54:08.871+08:00 [INFO] 
1的回合 (当前手牌数: 13)

2026-05-19T00:54:08.873+08:00 [INFO] 上一手牌，牌型: 5, 牌是：♦8,♣8,♥8,♣Q,♥Q

2026-05-19T00:54:08.873+08:00 [INFO] 请选择要出的牌 (输入牌的序号，用逗号分隔，0表示不出): 
2026-05-19T00:54:08.875+08:00 [INFO] 用户 1 接收出牌消息1: <nil>
2026-05-19T00:54:08.877+08:00 [INFO] 用户 1 接收出牌消息2: {0 [] 0}
2026-05-19T00:54:09.870+08:00 [INFO] 
1的回合 (当前手牌数: 13)

2026-05-19T00:54:09.871+08:00 [INFO] 上一手牌，牌型: 5, 牌是：♦8,♣8,♥8,♣Q,♥Q

2026-05-19T00:54:09.873+08:00 [INFO] 请选择要出的牌 (输入牌的序号，用逗号分隔，0表示不出): 
2026-05-19T00:54:09.874+08:00 [INFO] 用户 1 接收出牌消息1: <nil>
2026-05-19T00:54:09.875+08:00 [INFO] 用户 1 接收出牌消息2: {0 [] 0}
2026-05-19T00:54:10.871+08:00 [INFO] 
1的回合 (当前手牌数: 13)

2026-05-19T00:54:10.872+08:00 [INFO] 上一手牌，牌型: 5, 牌是：♦8,♣8,♥8,♣Q,♥Q

2026-05-19T00:54:10.874+08:00 [INFO] 请选择要出的牌 (输入牌的序号，用逗号分隔，0表示不出): 
2026-05-19T00:54:10.875+08:00 [INFO] 用户 1 接收出牌消息1: <nil>
2026-05-19T00:54:10.876+08:00 [INFO] 用户 1 接收出牌消息2: {0 [] 0}
2026-05-19T00:54:10.879+08:00 [INFO] 1不出

2026-05-19T00:54:10.879+08:00 [INFO] ♥9,♣7,♣J,♦J,♦7,♥7,♥K,♣2,♦6,♣10,♠K,♠J,♠9
2026-05-19T00:54:10.882+08:00 [INFO] 用户 1 发送消息: {"type":"pass","data":"{\"pid\":0,\"cardIds\":[],\"card_type\":0,\"cards_num\":13,\"code\":0,\"current\":1,\"mustPid\":3,\"outCardTimeout\":30}","from":""}
2026-05-19T00:54:11.870+08:00 [INFO] 
尤烨伟的回合 (当前手牌数: 11)

2026-05-19T00:54:11.870+08:00 [INFO] 上一手牌，牌型: 5, 牌是：♦8,♣8,♥8,♣Q,♥Q

2026-05-19T00:54:11.874+08:00 [INFO] 请选择要出的牌 (输入牌的序号，用逗号分隔，0表示不出): 
2026-05-19T00:54:12.871+08:00 [INFO] 
尤烨伟的回合 (当前手牌数: 11)

2026-05-19T00:54:12.872+08:00 [INFO] 上一手牌，牌型: 5, 牌是：♦8,♣8,♥8,♣Q,♥Q

2026-05-19T00:54:12.878+08:00 [INFO] 请选择要出的牌 (输入牌的序号，用逗号分隔，0表示不出): 
2026-05-19T00:54:12.878+08:00 [INFO] 尤烨伟出了: ♣A,♥A,♠A,♦K,♣K (5)

2026-05-19T00:54:12.881+08:00 [INFO] 用户 1 发送消息: {"type":"outCard","data":"{\"pid\":1,\"cardIds\":[46,47,48,41,42],\"card_type\":5,\"cards_num\":6,\"code\":0,\"current\":2,\"mustPid\":1,\"outCardTimeout\":30}","from":""}
2026-05-19T00:54:12.929+08:00 [INFO] heartbeatCheck: 11.9482568s
2026-05-19T00:54:13.870+08:00 [INFO] 
符明的回合 (当前手牌数: 6)

2026-05-19T00:54:13.871+08:00 [INFO] 上一手牌，牌型: 5, 牌是：♣A,♥A,♠A,♦K,♣K

2026-05-19T00:54:13.873+08:00 [INFO] 请选择要出的牌 (输入牌的序号，用逗号分隔，0表示不出): 
2026-05-19T00:54:14.870+08:00 [INFO] 
符明的回合 (当前手牌数: 6)

2026-05-19T00:54:14.873+08:00 [INFO] 上一手牌，牌型: 5, 牌是：♣A,♥A,♠A,♦K,♣K

2026-05-19T00:54:14.873+08:00 [INFO] 请选择要出的牌 (输入牌的序号，用逗号分隔，0表示不出): 
2026-05-19T00:54:14.876+08:00 [INFO] 符明不出

2026-05-19T00:54:14.883+08:00 [INFO] 用户 1 发送消息: {"type":"pass","data":"{\"pid\":2,\"cardIds\":null,\"card_type\":0,\"cards_num\":6,\"code\":0,\"current\":3,\"mustPid\":1,\"outCardTimeout\":30}","from":""}
2026-05-19T00:54:15.871+08:00 [INFO] 
堵妙绿的回合 (当前手牌数: 6)

2026-05-19T00:54:15.872+08:00 [INFO] 上一手牌，牌型: 5, 牌是：♣A,♥A,♠A,♦K,♣K

2026-05-19T00:54:15.873+08:00 [INFO] 请选择要出的牌 (输入牌的序号，用逗号分隔，0表示不出): 
2026-05-19T00:54:16.871+08:00 [INFO] 
堵妙绿的回合 (当前手牌数: 6)

2026-05-19T00:54:16.871+08:00 [INFO] 上一手牌，牌型: 5, 牌是：♣A,♥A,♠A,♦K,♣K

2026-05-19T00:54:16.873+08:00 [INFO] 请选择要出的牌 (输入牌的序号，用逗号分隔，0表示不出): 
2026-05-19T00:54:17.870+08:00 [INFO] 
堵妙绿的回合 (当前手牌数: 6)

2026-05-19T00:54:17.872+08:00 [INFO] 上一手牌，牌型: 5, 牌是：♣A,♥A,♠A,♦K,♣K

2026-05-19T00:54:17.873+08:00 [INFO] 请选择要出的牌 (输入牌的序号，用逗号分隔，0表示不出): 
2026-05-19T00:54:17.874+08:00 [INFO] 堵妙绿不出

2026-05-19T00:54:17.876+08:00 [INFO] 正在订阅 Channel: player:play:card:1，当前玩家: 1
2026-05-19T00:54:17.886+08:00 [INFO] 成功订阅 Channel: player:play:card:1
2026-05-19T00:54:17.890+08:00 [INFO] 用户 1 发送消息: {"type":"pass","data":"{\"pid\":3,\"cardIds\":null,\"card_type\":0,\"cards_num\":6,\"code\":0,\"current\":0,\"mustPid\":1,\"outCardTimeout\":30}","from":""}
2026-05-19T00:54:17.928+08:00 [INFO] heartbeatCheck: 16.9477638s
2026-05-19T00:54:18.870+08:00 [INFO] 
1的回合 (当前手牌数: 13)

2026-05-19T00:54:18.871+08:00 [INFO] 上一手牌，牌型: 5, 牌是：♣A,♥A,♠A,♦K,♣K

2026-05-19T00:54:18.872+08:00 [INFO] 请选择要出的牌 (输入牌的序号，用逗号分隔，0表示不出): 
2026-05-19T00:54:18.873+08:00 [INFO] 用户 1 接收出牌消息1: <nil>
2026-05-19T00:54:18.877+08:00 [INFO] 用户 1 接收出牌消息2: {0 [] 0}
2026-05-19T00:54:19.872+08:00 [INFO] 
1的回合 (当前手牌数: 13)

2026-05-19T00:54:19.873+08:00 [INFO] 上一手牌，牌型: 5, 牌是：♣A,♥A,♠A,♦K,♣K

2026-05-19T00:54:19.874+08:00 [INFO] 请选择要出的牌 (输入牌的序号，用逗号分隔，0表示不出): 
2026-05-19T00:54:19.876+08:00 [INFO] 用户 1 接收出牌消息1: <nil>
2026-05-19T00:54:19.879+08:00 [INFO] 用户 1 接收出牌消息2: {0 [] 0}
2026-05-19T00:54:20.870+08:00 [INFO] 
1的回合 (当前手牌数: 13)

2026-05-19T00:54:20.872+08:00 [INFO] 上一手牌，牌型: 5, 牌是：♣A,♥A,♠A,♦K,♣K

2026-05-19T00:54:20.872+08:00 [INFO] 请选择要出的牌 (输入牌的序号，用逗号分隔，0表示不出): 
2026-05-19T00:54:20.873+08:00 [INFO] 用户 1 接收出牌消息1: <nil>
2026-05-19T00:54:20.874+08:00 [INFO] 用户 1 接收出牌消息2: {0 [] 0}
2026-05-19T00:54:21.870+08:00 [INFO] 
1的回合 (当前手牌数: 13)

2026-05-19T00:54:21.870+08:00 [INFO] 上一手牌，牌型: 5, 牌是：♣A,♥A,♠A,♦K,♣K

2026-05-19T00:54:21.871+08:00 [INFO] 请选择要出的牌 (输入牌的序号，用逗号分隔，0表示不出): 
2026-05-19T00:54:21.872+08:00 [INFO] 用户 1 接收出牌消息1: <nil>
2026-05-19T00:54:21.875+08:00 [INFO] 用户 1 接收出牌消息2: {0 [] 0}
2026-05-19T00:54:22.871+08:00 [INFO] 
1的回合 (当前手牌数: 13)

2026-05-19T00:54:22.873+08:00 [INFO] 上一手牌，牌型: 5, 牌是：♣A,♥A,♠A,♦K,♣K

2026-05-19T00:54:22.874+08:00 [INFO] 请选择要出的牌 (输入牌的序号，用逗号分隔，0表示不出): 
2026-05-19T00:54:22.878+08:00 [INFO] 用户 1 接收出牌消息1: <nil>
2026-05-19T00:54:22.880+08:00 [INFO] 用户 1 接收出牌消息2: {0 [] 0}
2026-05-19T00:54:22.928+08:00 [INFO] heartbeatCheck: 21.9477794s
2026-05-19T00:54:23.871+08:00 [INFO] 
1的回合 (当前手牌数: 13)

2026-05-19T00:54:23.872+08:00 [INFO] 上一手牌，牌型: 5, 牌是：♣A,♥A,♠A,♦K,♣K

2026-05-19T00:54:23.874+08:00 [INFO] 请选择要出的牌 (输入牌的序号，用逗号分隔，0表示不出): 
2026-05-19T00:54:23.875+08:00 [INFO] 用户 1 接收出牌消息1: <nil>
2026-05-19T00:54:23.876+08:00 [INFO] 用户 1 接收出牌消息2: {0 [] 0}
2026-05-19T00:54:24.871+08:00 [INFO] 
1的回合 (当前手牌数: 13)

2026-05-19T00:54:24.873+08:00 [INFO] 上一手牌，牌型: 5, 牌是：♣A,♥A,♠A,♦K,♣K

2026-05-19T00:54:24.874+08:00 [INFO] 请选择要出的牌 (输入牌的序号，用逗号分隔，0表示不出): 
2026-05-19T00:54:24.875+08:00 [INFO] 用户 1 接收出牌消息1: <nil>
2026-05-19T00:54:24.877+08:00 [INFO] 用户 1 接收出牌消息2: {0 [] 0}
2026-05-19T00:54:25.871+08:00 [INFO] 
1的回合 (当前手牌数: 13)

2026-05-19T00:54:25.873+08:00 [INFO] 上一手牌，牌型: 5, 牌是：♣A,♥A,♠A,♦K,♣K

2026-05-19T00:54:25.874+08:00 [INFO] 请选择要出的牌 (输入牌的序号，用逗号分隔，0表示不出): 
2026-05-19T00:54:25.875+08:00 [INFO] 用户 1 接收出牌消息1: <nil>
2026-05-19T00:54:25.878+08:00 [INFO] 用户 1 接收出牌消息2: {0 [] 0}
2026-05-19T00:54:26.871+08:00 [INFO] 
1的回合 (当前手牌数: 13)

2026-05-19T00:54:26.872+08:00 [INFO] 上一手牌，牌型: 5, 牌是：♣A,♥A,♠A,♦K,♣K

2026-05-19T00:54:26.873+08:00 [INFO] 请选择要出的牌 (输入牌的序号，用逗号分隔，0表示不出): 
2026-05-19T00:54:26.874+08:00 [INFO] 用户 1 接收出牌消息1: <nil>
2026-05-19T00:54:26.875+08:00 [INFO] 用户 1 接收出牌消息2: {0 [] 0}
2026-05-19T00:54:27.871+08:00 [INFO] 
1的回合 (当前手牌数: 13)

2026-05-19T00:54:27.872+08:00 [INFO] 上一手牌，牌型: 5, 牌是：♣A,♥A,♠A,♦K,♣K

2026-05-19T00:54:27.873+08:00 [INFO] 请选择要出的牌 (输入牌的序号，用逗号分隔，0表示不出): 
2026-05-19T00:54:27.875+08:00 [INFO] 用户 1 接收出牌消息1: <nil>
2026-05-19T00:54:27.878+08:00 [INFO] 用户 1 接收出牌消息2: {0 [] 0}
2026-05-19T00:54:27.928+08:00 [INFO] heartbeatCheck: 26.9480014s
2026-05-19T00:54:27.935+08:00 [INFO] 用户 1 接收消息: {"type":"heartbeat","data":"ping"}（类型: 1）
2026-05-19T00:54:27.937+08:00 [INFO] 用户 1 发送消息: {"type":"heartbeat","data":"pong","from":"1"}
2026-05-19T00:54:28.870+08:00 [INFO] 
1的回合 (当前手牌数: 13)

2026-05-19T00:54:28.871+08:00 [INFO] 上一手牌，牌型: 5, 牌是：♣A,♥A,♠A,♦K,♣K

2026-05-19T00:54:28.871+08:00 [INFO] 请选择要出的牌 (输入牌的序号，用逗号分隔，0表示不出): 
2026-05-19T00:54:28.873+08:00 [INFO] 用户 1 接收出牌消息1: <nil>
2026-05-19T00:54:28.873+08:00 [INFO] 用户 1 接收出牌消息2: {0 [] 0}
2026-05-19T00:54:29.871+08:00 [INFO] 
1的回合 (当前手牌数: 13)

2026-05-19T00:54:29.873+08:00 [INFO] 上一手牌，牌型: 5, 牌是：♣A,♥A,♠A,♦K,♣K

2026-05-19T00:54:29.874+08:00 [INFO] 请选择要出的牌 (输入牌的序号，用逗号分隔，0表示不出): 
2026-05-19T00:54:29.875+08:00 [INFO] 用户 1 接收出牌消息1: <nil>
2026-05-19T00:54:29.877+08:00 [INFO] 用户 1 接收出牌消息2: {0 [] 0}
2026-05-19T00:54:30.871+08:00 [INFO] 
1的回合 (当前手牌数: 13)

2026-05-19T00:54:30.872+08:00 [INFO] 上一手牌，牌型: 5, 牌是：♣A,♥A,♠A,♦K,♣K

2026-05-19T00:54:30.874+08:00 [INFO] 请选择要出的牌 (输入牌的序号，用逗号分隔，0表示不出): 
2026-05-19T00:54:30.875+08:00 [INFO] 用户 1 接收出牌消息1: <nil>
2026-05-19T00:54:30.876+08:00 [INFO] 用户 1 接收出牌消息2: {0 [] 0}
2026-05-19T00:54:31.877+08:00 [INFO] 
1的回合 (当前手牌数: 13)

2026-05-19T00:54:31.878+08:00 [INFO] 上一手牌，牌型: 5, 牌是：♣A,♥A,♠A,♦K,♣K

2026-05-19T00:54:31.879+08:00 [INFO] 请选择要出的牌 (输入牌的序号，用逗号分隔，0表示不出): 
2026-05-19T00:54:31.881+08:00 [INFO] 用户 1 接收出牌消息1: <nil>
2026-05-19T00:54:31.884+08:00 [INFO] 用户 1 接收出牌消息2: {0 [] 0}
2026-05-19T00:54:32.872+08:00 [INFO] 
1的回合 (当前手牌数: 13)

2026-05-19T00:54:32.873+08:00 [INFO] 上一手牌，牌型: 5, 牌是：♣A,♥A,♠A,♦K,♣K

2026-05-19T00:54:32.874+08:00 [INFO] 请选择要出的牌 (输入牌的序号，用逗号分隔，0表示不出): 
2026-05-19T00:54:32.875+08:00 [INFO] 用户 1 接收出牌消息1: <nil>
2026-05-19T00:54:32.877+08:00 [INFO] 用户 1 接收出牌消息2: {0 [] 0}
2026-05-19T00:54:32.930+08:00 [INFO] heartbeatCheck: 4.9944078s
2026-05-19T00:54:33.870+08:00 [INFO] 
1的回合 (当前手牌数: 13)

2026-05-19T00:54:33.873+08:00 [INFO] 上一手牌，牌型: 5, 牌是：♣A,♥A,♠A,♦K,♣K

2026-05-19T00:54:33.875+08:00 [INFO] 请选择要出的牌 (输入牌的序号，用逗号分隔，0表示不出): 
2026-05-19T00:54:33.876+08:00 [INFO] 用户 1 接收出牌消息1: <nil>
2026-05-19T00:54:33.879+08:00 [INFO] 用户 1 接收出牌消息2: {0 [] 0}
2026-05-19T00:54:34.871+08:00 [INFO] 
1的回合 (当前手牌数: 13)

2026-05-19T00:54:34.872+08:00 [INFO] 上一手牌，牌型: 5, 牌是：♣A,♥A,♠A,♦K,♣K

2026-05-19T00:54:34.874+08:00 [INFO] 请选择要出的牌 (输入牌的序号，用逗号分隔，0表示不出): 
2026-05-19T00:54:34.876+08:00 [INFO] 用户 1 接收出牌消息1: <nil>
2026-05-19T00:54:34.877+08:00 [INFO] 用户 1 接收出牌消息2: {0 [] 0}
2026-05-19T00:54:35.871+08:00 [INFO] 
1的回合 (当前手牌数: 13)

2026-05-19T00:54:35.872+08:00 [INFO] 上一手牌，牌型: 5, 牌是：♣A,♥A,♠A,♦K,♣K

2026-05-19T00:54:35.873+08:00 [INFO] 请选择要出的牌 (输入牌的序号，用逗号分隔，0表示不出): 
2026-05-19T00:54:35.874+08:00 [INFO] 用户 1 接收出牌消息1: <nil>
2026-05-19T00:54:35.875+08:00 [INFO] 用户 1 接收出牌消息2: {0 [] 0}
2026-05-19T00:54:36.870+08:00 [INFO] 
1的回合 (当前手牌数: 13)

2026-05-19T00:54:36.873+08:00 [INFO] 上一手牌，牌型: 5, 牌是：♣A,♥A,♠A,♦K,♣K

2026-05-19T00:54:36.874+08:00 [INFO] 请选择要出的牌 (输入牌的序号，用逗号分隔，0表示不出): 
2026-05-19T00:54:36.875+08:00 [INFO] 用户 1 接收出牌消息1: <nil>
2026-05-19T00:54:36.878+08:00 [INFO] 用户 1 接收出牌消息2: {0 [] 0}
2026-05-19T00:54:37.871+08:00 [INFO] 
1的回合 (当前手牌数: 13)

2026-05-19T00:54:37.871+08:00 [INFO] 上一手牌，牌型: 5, 牌是：♣A,♥A,♠A,♦K,♣K

2026-05-19T00:54:37.872+08:00 [INFO] 请选择要出的牌 (输入牌的序号，用逗号分隔，0表示不出): 
2026-05-19T00:54:37.873+08:00 [INFO] 用户 1 接收出牌消息1: <nil>
2026-05-19T00:54:37.874+08:00 [INFO] 用户 1 接收出牌消息2: {0 [] 0}
2026-05-19T00:54:37.929+08:00 [INFO] heartbeatCheck: 9.993315s
2026-05-19T00:54:37.953+08:00 [INFO] 用户 1 接收消息: {"type":"heartbeat","data":"ping"}（类型: 1）
2026-05-19T00:54:37.955+08:00 [INFO] 用户 1 发送消息: {"type":"heartbeat","data":"pong","from":"1"}
2026-05-19T00:54:38.871+08:00 [INFO] 
1的回合 (当前手牌数: 13)

2026-05-19T00:54:38.872+08:00 [INFO] 上一手牌，牌型: 5, 牌是：♣A,♥A,♠A,♦K,♣K

2026-05-19T00:54:38.872+08:00 [INFO] 请选择要出的牌 (输入牌的序号，用逗号分隔，0表示不出): 
2026-05-19T00:54:38.873+08:00 [INFO] 用户 1 接收出牌消息1: <nil>
2026-05-19T00:54:38.876+08:00 [INFO] 用户 1 接收出牌消息2: {0 [] 0}
2026-05-19T00:54:39.872+08:00 [INFO] 
1的回合 (当前手牌数: 13)

2026-05-19T00:54:39.874+08:00 [INFO] 上一手牌，牌型: 5, 牌是：♣A,♥A,♠A,♦K,♣K

2026-05-19T00:54:39.876+08:00 [INFO] 请选择要出的牌 (输入牌的序号，用逗号分隔，0表示不出): 
2026-05-19T00:54:39.878+08:00 [INFO] 用户 1 接收出牌消息1: <nil>
2026-05-19T00:54:39.881+08:00 [INFO] 用户 1 接收出牌消息2: {0 [] 0}
2026-05-19T00:54:40.870+08:00 [INFO] 
1的回合 (当前手牌数: 13)

2026-05-19T00:54:40.870+08:00 [INFO] 上一手牌，牌型: 5, 牌是：♣A,♥A,♠A,♦K,♣K

2026-05-19T00:54:40.871+08:00 [INFO] 请选择要出的牌 (输入牌的序号，用逗号分隔，0表示不出): 
2026-05-19T00:54:40.872+08:00 [INFO] 用户 1 接收出牌消息1: <nil>
2026-05-19T00:54:40.874+08:00 [INFO] 用户 1 接收出牌消息2: {0 [] 0}
2026-05-19T00:54:41.870+08:00 [INFO] 
1的回合 (当前手牌数: 13)

2026-05-19T00:54:41.873+08:00 [INFO] 上一手牌，牌型: 5, 牌是：♣A,♥A,♠A,♦K,♣K

2026-05-19T00:54:41.874+08:00 [INFO] 请选择要出的牌 (输入牌的序号，用逗号分隔，0表示不出): 
2026-05-19T00:54:41.874+08:00 [INFO] 用户 1 接收出牌消息1: <nil>
2026-05-19T00:54:41.875+08:00 [INFO] 用户 1 接收出牌消息2: {0 [] 0}
2026-05-19T00:54:42.870+08:00 [INFO] 
1的回合 (当前手牌数: 13)

2026-05-19T00:54:42.871+08:00 [INFO] 上一手牌，牌型: 5, 牌是：♣A,♥A,♠A,♦K,♣K

2026-05-19T00:54:42.872+08:00 [INFO] 请选择要出的牌 (输入牌的序号，用逗号分隔，0表示不出): 
2026-05-19T00:54:42.873+08:00 [INFO] 用户 1 接收出牌消息1: <nil>
2026-05-19T00:54:42.876+08:00 [INFO] 用户 1 接收出牌消息2: {0 [] 0}
2026-05-19T00:54:42.929+08:00 [INFO] heartbeatCheck: 4.9754312s
2026-05-19T00:54:43.753+08:00 [INFO] 用户 1 接收消息: {"type":"playCard","data":"{\"pid\":0,\"pass\":1}"}（类型: 1）
2026-05-19T00:54:43.759+08:00 [INFO] 用户 1 发送出牌消息: {"pid":0,"cardIds":null,"pass":1}
2026-05-19T00:54:43.870+08:00 [INFO] 
1的回合 (当前手牌数: 13)

2026-05-19T00:54:43.871+08:00 [INFO] 上一手牌，牌型: 5, 牌是：♣A,♥A,♠A,♦K,♣K

2026-05-19T00:54:43.876+08:00 [INFO] 请选择要出的牌 (输入牌的序号，用逗号分隔，0表示不出): 
2026-05-19T00:54:43.877+08:00 [INFO] 从队列收到消息: playCard
2026-05-19T00:54:43.878+08:00 [INFO] 用户 1 接收出牌消息1: &{playCard {"pid":0,"cardIds":null,"pass":1} 1}
2026-05-19T00:54:43.879+08:00 [INFO] 用户 1 接收出牌消息2: {0 [] 1}
2026-05-19T00:54:43.881+08:00 [INFO] 1不出

2026-05-19T00:54:43.882+08:00 [INFO] ♥9,♣7,♣J,♦J,♦7,♥7,♥K,♣2,♦6,♣10,♠K,♠J,♠9
2026-05-19T00:54:43.888+08:00 [INFO] 用户 1 发送消息: {"type":"pass","data":"{\"pid\":0,\"cardIds\":[],\"card_type\":0,\"cards_num\":13,\"code\":0,\"current\":1,\"mustPid\":1,\"outCardTimeout\":30}","from":""}
2026-05-19T00:54:44.871+08:00 [INFO] 
尤烨伟的回合 (当前手牌数: 6)

2026-05-19T00:54:44.873+08:00 [INFO] 上一手牌，牌型: 0, 牌是：不出

2026-05-19T00:54:44.874+08:00 [INFO] 请选择要出的牌 (输入牌的序号，用逗号分隔，0表示不出): 
2026-05-19T00:54:45.870+08:00 [INFO] 
尤烨伟的回合 (当前手牌数: 6)

2026-05-19T00:54:45.871+08:00 [INFO] 上一手牌，牌型: 0, 牌是：不出

2026-05-19T00:54:45.872+08:00 [INFO] 请选择要出的牌 (输入牌的序号，用逗号分隔，0表示不出): 
2026-05-19T00:54:46.870+08:00 [INFO] 
尤烨伟的回合 (当前手牌数: 6)

2026-05-19T00:54:46.871+08:00 [INFO] 上一手牌，牌型: 0, 牌是：不出

2026-05-19T00:54:46.872+08:00 [INFO] 请选择要出的牌 (输入牌的序号，用逗号分隔，0表示不出): 
2026-05-19T00:54:46.872+08:00 [INFO] 尤烨伟出了: ♦4 (1)

2026-05-19T00:54:46.878+08:00 [INFO] 用户 1 发送消息: {"type":"outCard","data":"{\"pid\":1,\"cardIds\":[5],\"card_type\":1,\"cards_num\":5,\"code\":0,\"current\":2,\"mustPid\":1,\"outCardTimeout\":30}","from":""}
2026-05-19T00:54:47.870+08:00 [INFO] 
符明的回合 (当前手牌数: 6)

2026-05-19T00:54:47.871+08:00 [INFO] 上一手牌，牌型: 1, 牌是：♦4

2026-05-19T00:54:47.873+08:00 [INFO] 请选择要出的牌 (输入牌的序号，用逗号分隔，0表示不出): 
2026-05-19T00:54:47.929+08:00 [INFO] heartbeatCheck: 4.1761793s
2026-05-19T00:54:48.871+08:00 [INFO] 
符明的回合 (当前手牌数: 6)

2026-05-19T00:54:48.873+08:00 [INFO] 上一手牌，牌型: 1, 牌是：♦4

2026-05-19T00:54:48.873+08:00 [INFO] 请选择要出的牌 (输入牌的序号，用逗号分隔，0表示不出): 
2026-05-19T00:54:49.871+08:00 [INFO] 
符明的回合 (当前手牌数: 6)

2026-05-19T00:54:49.871+08:00 [INFO] 上一手牌，牌型: 1, 牌是：♦4

2026-05-19T00:54:49.873+08:00 [INFO] 请选择要出的牌 (输入牌的序号，用逗号分隔，0表示不出): 
2026-05-19T00:54:49.874+08:00 [INFO] 符明出了: ♠8 (1)

2026-05-19T00:54:49.877+08:00 [INFO] 用户 1 发送消息: {"type":"outCard","data":"{\"pid\":2,\"cardIds\":[24],\"card_type\":1,\"cards_num\":5,\"code\":0,\"current\":3,\"mustPid\":2,\"outCardTimeout\":30}","from":""}
2026-05-19T00:54:50.871+08:00 [INFO] 
堵妙绿的回合 (当前手牌数: 6)

2026-05-19T00:54:50.873+08:00 [INFO] 上一手牌，牌型: 1, 牌是：♠8

2026-05-19T00:54:50.874+08:00 [INFO] 请选择要出的牌 (输入牌的序号，用逗号分隔，0表示不出): 
2026-05-19T00:54:51.871+08:00 [INFO] 
堵妙绿的回合 (当前手牌数: 6)

2026-05-19T00:54:51.872+08:00 [INFO] 上一手牌，牌型: 1, 牌是：♠8

2026-05-19T00:54:51.873+08:00 [INFO] 请选择要出的牌 (输入牌的序号，用逗号分隔，0表示不出): 
2026-05-19T00:54:51.874+08:00 [INFO] 堵妙绿不出

2026-05-19T00:54:51.881+08:00 [INFO] 正在订阅 Channel: player:play:card:1，当前玩家: 1
2026-05-19T00:54:51.888+08:00 [INFO] 成功订阅 Channel: player:play:card:1
2026-05-19T00:54:51.892+08:00 [INFO] 用户 1 发送消息: {"type":"pass","data":"{\"pid\":3,\"cardIds\":null,\"card_type\":0,\"cards_num\":6,\"code\":0,\"current\":0,\"mustPid\":2,\"outCardTimeout\":30}","from":""}
2026-05-19T00:54:52.870+08:00 [INFO] 
1的回合 (当前手牌数: 13)

2026-05-19T00:54:52.871+08:00 [INFO] 上一手牌，牌型: 1, 牌是：♠8

2026-05-19T00:54:52.872+08:00 [INFO] 请选择要出的牌 (输入牌的序号，用逗号分隔，0表示不出): 
2026-05-19T00:54:52.872+08:00 [INFO] 用户 1 接收出牌消息1: <nil>
2026-05-19T00:54:52.873+08:00 [INFO] 用户 1 接收出牌消息2: {0 [] 0}
2026-05-19T00:54:52.929+08:00 [INFO] heartbeatCheck: 9.1766285s
2026-05-19T00:54:53.871+08:00 [INFO] 
1的回合 (当前手牌数: 13)

2026-05-19T00:54:53.872+08:00 [INFO] 上一手牌，牌型: 1, 牌是：♠8

2026-05-19T00:54:53.874+08:00 [INFO] 请选择要出的牌 (输入牌的序号，用逗号分隔，0表示不出): 
2026-05-19T00:54:53.878+08:00 [INFO] 用户 1 接收出牌消息1: <nil>
2026-05-19T00:54:53.878+08:00 [INFO] 用户 1 接收出牌消息2: {0 [] 0}
2026-05-19T00:54:54.870+08:00 [INFO] 
1的回合 (当前手牌数: 13)

2026-05-19T00:54:54.871+08:00 [INFO] 上一手牌，牌型: 1, 牌是：♠8

2026-05-19T00:54:54.872+08:00 [INFO] 请选择要出的牌 (输入牌的序号，用逗号分隔，0表示不出): 
2026-05-19T00:54:54.874+08:00 [INFO] 用户 1 接收出牌消息1: <nil>
2026-05-19T00:54:54.875+08:00 [INFO] 用户 1 接收出牌消息2: {0 [] 0}
2026-05-19T00:54:55.870+08:00 [INFO] 
1的回合 (当前手牌数: 13)

2026-05-19T00:54:55.871+08:00 [INFO] 上一手牌，牌型: 1, 牌是：♠8

2026-05-19T00:54:55.872+08:00 [INFO] 请选择要出的牌 (输入牌的序号，用逗号分隔，0表示不出): 
2026-05-19T00:54:55.873+08:00 [INFO] 用户 1 接收出牌消息1: <nil>
2026-05-19T00:54:55.878+08:00 [INFO] 用户 1 接收出牌消息2: {0 [] 0}
2026-05-19T00:54:56.871+08:00 [INFO] 
1的回合 (当前手牌数: 13)

2026-05-19T00:54:56.872+08:00 [INFO] 上一手牌，牌型: 1, 牌是：♠8

2026-05-19T00:54:56.874+08:00 [INFO] 请选择要出的牌 (输入牌的序号，用逗号分隔，0表示不出): 
2026-05-19T00:54:56.876+08:00 [INFO] 用户 1 接收出牌消息1: <nil>
2026-05-19T00:54:56.878+08:00 [INFO] 用户 1 接收出牌消息2: {0 [] 0}
2026-05-19T00:54:57.870+08:00 [INFO] 
1的回合 (当前手牌数: 13)

2026-05-19T00:54:57.871+08:00 [INFO] 上一手牌，牌型: 1, 牌是：♠8

2026-05-19T00:54:57.872+08:00 [INFO] 请选择要出的牌 (输入牌的序号，用逗号分隔，0表示不出): 
2026-05-19T00:54:57.874+08:00 [INFO] 用户 1 接收出牌消息1: <nil>
2026-05-19T00:54:57.876+08:00 [INFO] 用户 1 接收出牌消息2: {0 [] 0}
2026-05-19T00:54:57.929+08:00 [INFO] heartbeatCheck: 14.1759639s
2026-05-19T00:54:58.870+08:00 [INFO] 
1的回合 (当前手牌数: 13)

2026-05-19T00:54:58.873+08:00 [INFO] 上一手牌，牌型: 1, 牌是：♠8

2026-05-19T00:54:58.873+08:00 [INFO] 请选择要出的牌 (输入牌的序号，用逗号分隔，0表示不出): 
2026-05-19T00:54:58.875+08:00 [INFO] 用户 1 接收出牌消息1: <nil>
2026-05-19T00:54:58.878+08:00 [INFO] 用户 1 接收出牌消息2: {0 [] 0}
2026-05-19T00:54:59.871+08:00 [INFO] 
1的回合 (当前手牌数: 13)

2026-05-19T00:54:59.871+08:00 [INFO] 上一手牌，牌型: 1, 牌是：♠8

2026-05-19T00:54:59.873+08:00 [INFO] 请选择要出的牌 (输入牌的序号，用逗号分隔，0表示不出): 
2026-05-19T00:54:59.873+08:00 [INFO] 用户 1 接收出牌消息1: <nil>
2026-05-19T00:54:59.877+08:00 [INFO] 用户 1 接收出牌消息2: {0 [] 0}
2026-05-19T00:55:00.881+08:00 [INFO] 
1的回合 (当前手牌数: 13)

2026-05-19T00:55:00.883+08:00 [INFO] 上一手牌，牌型: 1, 牌是：♠8

2026-05-19T00:55:00.884+08:00 [INFO] 请选择要出的牌 (输入牌的序号，用逗号分隔，0表示不出): 
2026-05-19T00:55:00.886+08:00 [INFO] 用户 1 接收出牌消息1: <nil>
2026-05-19T00:55:00.888+08:00 [INFO] 用户 1 接收出牌消息2: {0 [] 0}
2026-05-19T00:55:01.871+08:00 [INFO] 
1的回合 (当前手牌数: 13)

2026-05-19T00:55:01.874+08:00 [INFO] 上一手牌，牌型: 1, 牌是：♠8

2026-05-19T00:55:01.875+08:00 [INFO] 请选择要出的牌 (输入牌的序号，用逗号分隔，0表示不出): 
2026-05-19T00:55:01.878+08:00 [INFO] 用户 1 接收出牌消息1: <nil>
2026-05-19T00:55:01.879+08:00 [INFO] 用户 1 接收出牌消息2: {0 [] 0}
2026-05-19T00:55:01.953+08:00 [INFO] 用户 1 接收消息: {"type":"heartbeat","data":"ping"}（类型: 1）
2026-05-19T00:55:01.955+08:00 [INFO] 用户 1 发送消息: {"type":"heartbeat","data":"pong","from":"1"}
2026-05-19T00:55:02.871+08:00 [INFO] 
1的回合 (当前手牌数: 13)

2026-05-19T00:55:02.871+08:00 [INFO] 上一手牌，牌型: 1, 牌是：♠8

2026-05-19T00:55:02.873+08:00 [INFO] 请选择要出的牌 (输入牌的序号，用逗号分隔，0表示不出): 
2026-05-19T00:55:02.876+08:00 [INFO] 用户 1 接收出牌消息1: <nil>
2026-05-19T00:55:02.877+08:00 [INFO] 用户 1 接收出牌消息2: {0 [] 0}
2026-05-19T00:55:02.929+08:00 [INFO] heartbeatCheck: 976.9627ms
2026-05-19T00:55:03.871+08:00 [INFO] 
1的回合 (当前手牌数: 13)

2026-05-19T00:55:03.873+08:00 [INFO] 上一手牌，牌型: 1, 牌是：♠8

2026-05-19T00:55:03.874+08:00 [INFO] 请选择要出的牌 (输入牌的序号，用逗号分隔，0表示不出): 
2026-05-19T00:55:03.879+08:00 [INFO] 用户 1 接收出牌消息1: <nil>
2026-05-19T00:55:03.879+08:00 [INFO] 用户 1 接收出牌消息2: {0 [] 0}
2026-05-19T00:55:04.871+08:00 [INFO] 
1的回合 (当前手牌数: 13)

2026-05-19T00:55:04.872+08:00 [INFO] 上一手牌，牌型: 1, 牌是：♠8

2026-05-19T00:55:04.872+08:00 [INFO] 请选择要出的牌 (输入牌的序号，用逗号分隔，0表示不出): 
2026-05-19T00:55:04.873+08:00 [INFO] 用户 1 接收出牌消息1: <nil>
2026-05-19T00:55:04.876+08:00 [INFO] 用户 1 接收出牌消息2: {0 [] 0}
2026-05-19T00:55:05.871+08:00 [INFO] 
1的回合 (当前手牌数: 13)

2026-05-19T00:55:05.872+08:00 [INFO] 上一手牌，牌型: 1, 牌是：♠8

2026-05-19T00:55:05.876+08:00 [INFO] 请选择要出的牌 (输入牌的序号，用逗号分隔，0表示不出): 
2026-05-19T00:55:05.877+08:00 [INFO] 用户 1 接收出牌消息1: <nil>
2026-05-19T00:55:05.879+08:00 [INFO] 用户 1 接收出牌消息2: {0 [] 0}
2026-05-19T00:55:06.871+08:00 [INFO] 
1的回合 (当前手牌数: 13)

2026-05-19T00:55:06.873+08:00 [INFO] 上一手牌，牌型: 1, 牌是：♠8

2026-05-19T00:55:06.874+08:00 [INFO] 请选择要出的牌 (输入牌的序号，用逗号分隔，0表示不出): 
2026-05-19T00:55:06.875+08:00 [INFO] 用户 1 接收出牌消息1: <nil>
2026-05-19T00:55:06.878+08:00 [INFO] 用户 1 接收出牌消息2: {0 [] 0}
2026-05-19T00:55:07.871+08:00 [INFO] 
1的回合 (当前手牌数: 13)

2026-05-19T00:55:07.871+08:00 [INFO] 上一手牌，牌型: 1, 牌是：♠8

2026-05-19T00:55:07.872+08:00 [INFO] 请选择要出的牌 (输入牌的序号，用逗号分隔，0表示不出): 
2026-05-19T00:55:07.875+08:00 [INFO] 用户 1 接收出牌消息1: <nil>
2026-05-19T00:55:07.875+08:00 [INFO] 用户 1 接收出牌消息2: {0 [] 0}
2026-05-19T00:55:07.928+08:00 [INFO] heartbeatCheck: 5.9765287s
2026-05-19T00:55:08.870+08:00 [INFO] 
1的回合 (当前手牌数: 13)

2026-05-19T00:55:08.873+08:00 [INFO] 上一手牌，牌型: 1, 牌是：♠8

2026-05-19T00:55:08.874+08:00 [INFO] 请选择要出的牌 (输入牌的序号，用逗号分隔，0表示不出): 
2026-05-19T00:55:08.878+08:00 [INFO] 用户 1 接收出牌消息1: <nil>
2026-05-19T00:55:08.879+08:00 [INFO] 用户 1 接收出牌消息2: {0 [] 0}
2026-05-19T00:55:09.871+08:00 [INFO] 
1的回合 (当前手牌数: 13)

2026-05-19T00:55:09.872+08:00 [INFO] 上一手牌，牌型: 1, 牌是：♠8

2026-05-19T00:55:09.874+08:00 [INFO] 请选择要出的牌 (输入牌的序号，用逗号分隔，0表示不出): 
2026-05-19T00:55:09.877+08:00 [INFO] 用户 1 接收出牌消息1: <nil>
2026-05-19T00:55:09.877+08:00 [INFO] 用户 1 接收出牌消息2: {0 [] 0}
2026-05-19T00:55:10.871+08:00 [INFO] 
1的回合 (当前手牌数: 13)

2026-05-19T00:55:10.872+08:00 [INFO] 上一手牌，牌型: 1, 牌是：♠8

2026-05-19T00:55:10.873+08:00 [INFO] 请选择要出的牌 (输入牌的序号，用逗号分隔，0表示不出): 
2026-05-19T00:55:10.874+08:00 [INFO] 用户 1 接收出牌消息1: <nil>
2026-05-19T00:55:10.879+08:00 [INFO] 用户 1 接收出牌消息2: {0 [] 0}
2026-05-19T00:55:11.871+08:00 [INFO] 
1的回合 (当前手牌数: 13)

2026-05-19T00:55:11.872+08:00 [INFO] 上一手牌，牌型: 1, 牌是：♠8

2026-05-19T00:55:11.873+08:00 [INFO] 请选择要出的牌 (输入牌的序号，用逗号分隔，0表示不出): 
2026-05-19T00:55:11.874+08:00 [INFO] 用户 1 接收出牌消息1: <nil>
2026-05-19T00:55:11.876+08:00 [INFO] 用户 1 接收出牌消息2: {0 [] 0}
2026-05-19T00:55:11.968+08:00 [INFO] 用户 1 接收消息: {"type":"heartbeat","data":"ping"}（类型: 1）
2026-05-19T00:55:11.970+08:00 [INFO] 用户 1 发送消息: {"type":"heartbeat","data":"pong","from":"1"}
2026-05-19T00:55:12.871+08:00 [INFO] 
1的回合 (当前手牌数: 13)

2026-05-19T00:55:12.873+08:00 [INFO] 上一手牌，牌型: 1, 牌是：♠8

2026-05-19T00:55:12.874+08:00 [INFO] 请选择要出的牌 (输入牌的序号，用逗号分隔，0表示不出): 
2026-05-19T00:55:12.878+08:00 [INFO] 用户 1 接收出牌消息1: <nil>
2026-05-19T00:55:12.879+08:00 [INFO] 用户 1 接收出牌消息2: {0 [] 0}
2026-05-19T00:55:12.929+08:00 [INFO] heartbeatCheck: 960.5844ms
2026-05-19T00:55:13.871+08:00 [INFO] 
1的回合 (当前手牌数: 13)

2026-05-19T00:55:13.871+08:00 [INFO] 上一手牌，牌型: 1, 牌是：♠8

2026-05-19T00:55:13.873+08:00 [INFO] 请选择要出的牌 (输入牌的序号，用逗号分隔，0表示不出): 
2026-05-19T00:55:13.876+08:00 [INFO] 用户 1 接收出牌消息1: <nil>
2026-05-19T00:55:13.879+08:00 [INFO] 用户 1 接收出牌消息2: {0 [] 0}
2026-05-19T00:55:14.870+08:00 [INFO] 
1的回合 (当前手牌数: 13)

2026-05-19T00:55:14.872+08:00 [INFO] 上一手牌，牌型: 1, 牌是：♠8

2026-05-19T00:55:14.873+08:00 [INFO] 请选择要出的牌 (输入牌的序号，用逗号分隔，0表示不出): 
2026-05-19T00:55:14.874+08:00 [INFO] 用户 1 接收出牌消息1: <nil>
2026-05-19T00:55:14.876+08:00 [INFO] 用户 1 接收出牌消息2: {0 [] 0}
2026-05-19T00:55:15.871+08:00 [INFO] 
1的回合 (当前手牌数: 13)

2026-05-19T00:55:15.872+08:00 [INFO] 上一手牌，牌型: 1, 牌是：♠8

2026-05-19T00:55:15.874+08:00 [INFO] 请选择要出的牌 (输入牌的序号，用逗号分隔，0表示不出): 
2026-05-19T00:55:15.875+08:00 [INFO] 用户 1 接收出牌消息1: <nil>
2026-05-19T00:55:15.877+08:00 [INFO] 用户 1 接收出牌消息2: {0 [] 0}
2026-05-19T00:55:16.879+08:00 [INFO] 
1的回合 (当前手牌数: 13)

2026-05-19T00:55:16.884+08:00 [INFO] 上一手牌，牌型: 1, 牌是：♠8

2026-05-19T00:55:16.885+08:00 [INFO] 请选择要出的牌 (输入牌的序号，用逗号分隔，0表示不出): 
2026-05-19T00:55:16.887+08:00 [INFO] 用户 1 接收出牌消息1: <nil>
2026-05-19T00:55:16.888+08:00 [INFO] 用户 1 接收出牌消息2: {0 [] 0}
2026-05-19T00:55:17.891+08:00 [INFO] 
1的回合 (当前手牌数: 13)

2026-05-19T00:55:17.894+08:00 [INFO] 上一手牌，牌型: 1, 牌是：♠8

2026-05-19T00:55:17.895+08:00 [INFO] 请选择要出的牌 (输入牌的序号，用逗号分隔，0表示不出): 
2026-05-19T00:55:17.903+08:00 [INFO] 用户 1 接收出牌消息1: <nil>
2026-05-19T00:55:17.904+08:00 [INFO] 用户 1 接收出牌消息2: {0 [] 0}
2026-05-19T00:55:17.929+08:00 [INFO] heartbeatCheck: 5.9611768s
2026-05-19T00:55:18.878+08:00 [INFO] 
1的回合 (当前手牌数: 13)

2026-05-19T00:55:18.880+08:00 [INFO] 上一手牌，牌型: 1, 牌是：♠8

2026-05-19T00:55:18.881+08:00 [INFO] 请选择要出的牌 (输入牌的序号，用逗号分隔，0表示不出): 
2026-05-19T00:55:18.883+08:00 [INFO] 用户 1 接收出牌消息1: <nil>
2026-05-19T00:55:18.884+08:00 [INFO] 用户 1 接收出牌消息2: {0 [] 0}
2026-05-19T00:55:19.870+08:00 [INFO] 
1的回合 (当前手牌数: 13)

2026-05-19T00:55:19.873+08:00 [INFO] 上一手牌，牌型: 1, 牌是：♠8

2026-05-19T00:55:19.875+08:00 [INFO] 请选择要出的牌 (输入牌的序号，用逗号分隔，0表示不出): 
2026-05-19T00:55:19.876+08:00 [INFO] 用户 1 接收出牌消息1: <nil>
2026-05-19T00:55:19.877+08:00 [INFO] 用户 1 接收出牌消息2: {0 [] 0}
2026-05-19T00:55:20.871+08:00 [INFO] 
1的回合 (当前手牌数: 13)

2026-05-19T00:55:20.872+08:00 [INFO] 上一手牌，牌型: 1, 牌是：♠8

2026-05-19T00:55:20.873+08:00 [INFO] 请选择要出的牌 (输入牌的序号，用逗号分隔，0表示不出): 
2026-05-19T00:55:20.874+08:00 [INFO] 用户 1 接收出牌消息1: <nil>
2026-05-19T00:55:20.876+08:00 [INFO] 用户 1 接收出牌消息2: {0 [] 0}
2026-05-19T00:55:21.911+08:00 [INFO] 
1的回合 (当前手牌数: 13)

2026-05-19T00:55:21.919+08:00 [INFO] 上一手牌，牌型: 1, 牌是：♠8

2026-05-19T00:55:21.923+08:00 [INFO] 请选择要出的牌 (输入牌的序号，用逗号分隔，0表示不出): 
2026-05-19T00:55:21.923+08:00 [INFO] 用户 1 接收出牌消息1: <nil>
2026-05-19T00:55:21.924+08:00 [INFO] 用户 1 接收出牌消息2: {0 [] 0}
2026-05-19T00:55:21.925+08:00 [INFO] 1不出

2026-05-19T00:55:21.926+08:00 [INFO] ♥9,♣7,♣J,♦J,♦7,♥7,♥K,♣2,♦6,♣10,♠K,♠J,♠9
2026-05-19T00:55:21.937+08:00 [INFO] 用户 1 发送消息: {"type":"pass","data":"{\"pid\":0,\"cardIds\":[],\"card_type\":0,\"cards_num\":13,\"code\":0,\"current\":1,\"mustPid\":2,\"outCardTimeout\":30}","from":""}
2026-05-19T00:55:22.870+08:00 [INFO] 
尤烨伟的回合 (当前手牌数: 5)

2026-05-19T00:55:22.871+08:00 [INFO] 上一手牌，牌型: 1, 牌是：♠8

2026-05-19T00:55:22.872+08:00 [INFO] 请选择要出的牌 (输入牌的序号，用逗号分隔，0表示不出): 
2026-05-19T00:55:22.929+08:00 [INFO] heartbeatCheck: 10.9606981s
2026-05-19T00:55:23.871+08:00 [INFO] 
尤烨伟的回合 (当前手牌数: 5)

2026-05-19T00:55:23.871+08:00 [INFO] 上一手牌，牌型: 1, 牌是：♠8

2026-05-19T00:55:23.873+08:00 [INFO] 请选择要出的牌 (输入牌的序号，用逗号分隔，0表示不出): 
2026-05-19T00:55:23.874+08:00 [INFO] 尤烨伟出了: ♥J (1)

2026-05-19T00:55:23.877+08:00 [INFO] 用户 1 发送消息: {"type":"outCard","data":"{\"pid\":1,\"cardIds\":[35],\"card_type\":1,\"cards_num\":4,\"code\":0,\"current\":2,\"mustPid\":1,\"outCardTimeout\":30}","from":""}
2026-05-19T00:55:24.871+08:00 [INFO] 
符明的回合 (当前手牌数: 5)

2026-05-19T00:55:24.872+08:00 [INFO] 上一手牌，牌型: 1, 牌是：♥J

2026-05-19T00:55:24.873+08:00 [INFO] 请选择要出的牌 (输入牌的序号，用逗号分隔，0表示不出): 
2026-05-19T00:55:25.870+08:00 [INFO] 
符明的回合 (当前手牌数: 5)

2026-05-19T00:55:25.870+08:00 [INFO] 上一手牌，牌型: 1, 牌是：♥J

2026-05-19T00:55:25.871+08:00 [INFO] 请选择要出的牌 (输入牌的序号，用逗号分隔，0表示不出): 
2026-05-19T00:55:25.872+08:00 [INFO] 符明出了: ♦A (1)

2026-05-19T00:55:25.876+08:00 [INFO] 用户 1 发送消息: {"type":"outCard","data":"{\"pid\":2,\"cardIds\":[45],\"card_type\":1,\"cards_num\":4,\"code\":0,\"current\":3,\"mustPid\":2,\"outCardTimeout\":30}","from":""}
2026-05-19T00:55:26.871+08:00 [INFO] 
堵妙绿的回合 (当前手牌数: 6)

2026-05-19T00:55:26.872+08:00 [INFO] 上一手牌，牌型: 1, 牌是：♦A

2026-05-19T00:55:26.873+08:00 [INFO] 请选择要出的牌 (输入牌的序号，用逗号分隔，0表示不出): 
2026-05-19T00:55:27.871+08:00 [INFO] 
堵妙绿的回合 (当前手牌数: 6)

2026-05-19T00:55:27.872+08:00 [INFO] 上一手牌，牌型: 1, 牌是：♦A

2026-05-19T00:55:27.874+08:00 [INFO] 请选择要出的牌 (输入牌的序号，用逗号分隔，0表示不出): 
2026-05-19T00:55:27.928+08:00 [INFO] heartbeatCheck: 15.9605144s
2026-05-19T00:55:28.870+08:00 [INFO] 
堵妙绿的回合 (当前手牌数: 6)

2026-05-19T00:55:28.871+08:00 [INFO] 上一手牌，牌型: 1, 牌是：♦A

2026-05-19T00:55:28.872+08:00 [INFO] 请选择要出的牌 (输入牌的序号，用逗号分隔，0表示不出): 
2026-05-19T00:55:28.873+08:00 [INFO] 堵妙绿不出

2026-05-19T00:55:28.877+08:00 [INFO] 正在订阅 Channel: player:play:card:1，当前玩家: 1
2026-05-19T00:55:28.887+08:00 [INFO] 成功订阅 Channel: player:play:card:1
2026-05-19T00:55:28.889+08:00 [INFO] 用户 1 发送消息: {"type":"pass","data":"{\"pid\":3,\"cardIds\":null,\"card_type\":0,\"cards_num\":6,\"code\":0,\"current\":0,\"mustPid\":2,\"outCardTimeout\":30}","from":""}
2026-05-19T00:55:29.870+08:00 [INFO] 
1的回合 (当前手牌数: 13)

2026-05-19T00:55:29.871+08:00 [INFO] 上一手牌，牌型: 1, 牌是：♦A

2026-05-19T00:55:29.873+08:00 [INFO] 请选择要出的牌 (输入牌的序号，用逗号分隔，0表示不出): 
2026-05-19T00:55:29.876+08:00 [INFO] 用户 1 接收出牌消息1: <nil>
2026-05-19T00:55:29.877+08:00 [INFO] 用户 1 接收出牌消息2: {0 [] 0}
2026-05-19T00:55:30.870+08:00 [INFO] 
1的回合 (当前手牌数: 13)

2026-05-19T00:55:30.872+08:00 [INFO] 上一手牌，牌型: 1, 牌是：♦A

2026-05-19T00:55:30.873+08:00 [INFO] 请选择要出的牌 (输入牌的序号，用逗号分隔，0表示不出): 
2026-05-19T00:55:30.875+08:00 [INFO] 用户 1 接收出牌消息1: <nil>
2026-05-19T00:55:30.876+08:00 [INFO] 用户 1 接收出牌消息2: {0 [] 0}
2026-05-19T00:55:31.870+08:00 [INFO] 
1的回合 (当前手牌数: 13)

2026-05-19T00:55:31.871+08:00 [INFO] 上一手牌，牌型: 1, 牌是：♦A

2026-05-19T00:55:31.872+08:00 [INFO] 请选择要出的牌 (输入牌的序号，用逗号分隔，0表示不出): 
2026-05-19T00:55:31.874+08:00 [INFO] 用户 1 接收出牌消息1: <nil>
2026-05-19T00:55:31.875+08:00 [INFO] 用户 1 接收出牌消息2: {0 [] 0}
2026-05-19T00:55:32.871+08:00 [INFO] 
1的回合 (当前手牌数: 13)

2026-05-19T00:55:32.872+08:00 [INFO] 上一手牌，牌型: 1, 牌是：♦A

2026-05-19T00:55:32.872+08:00 [INFO] 请选择要出的牌 (输入牌的序号，用逗号分隔，0表示不出): 
2026-05-19T00:55:32.874+08:00 [INFO] 用户 1 接收出牌消息1: <nil>
2026-05-19T00:55:32.877+08:00 [INFO] 用户 1 接收出牌消息2: {0 [] 0}
2026-05-19T00:55:32.929+08:00 [INFO] heartbeatCheck: 20.960748s
2026-05-19T00:55:33.871+08:00 [INFO] 
1的回合 (当前手牌数: 13)

2026-05-19T00:55:33.871+08:00 [INFO] 上一手牌，牌型: 1, 牌是：♦A

2026-05-19T00:55:33.873+08:00 [INFO] 请选择要出的牌 (输入牌的序号，用逗号分隔，0表示不出): 
2026-05-19T00:55:33.874+08:00 [INFO] 用户 1 接收出牌消息1: <nil>
2026-05-19T00:55:33.875+08:00 [INFO] 用户 1 接收出牌消息2: {0 [] 0}
2026-05-19T00:55:34.871+08:00 [INFO] 
1的回合 (当前手牌数: 13)

2026-05-19T00:55:34.872+08:00 [INFO] 上一手牌，牌型: 1, 牌是：♦A

2026-05-19T00:55:34.873+08:00 [INFO] 请选择要出的牌 (输入牌的序号，用逗号分隔，0表示不出): 
2026-05-19T00:55:34.873+08:00 [INFO] 用户 1 接收出牌消息1: <nil>
2026-05-19T00:55:34.874+08:00 [INFO] 用户 1 接收出牌消息2: {0 [] 0}
2026-05-19T00:55:35.878+08:00 [INFO] 
1的回合 (当前手牌数: 13)

2026-05-19T00:55:35.879+08:00 [INFO] 上一手牌，牌型: 1, 牌是：♦A

2026-05-19T00:55:35.881+08:00 [INFO] 请选择要出的牌 (输入牌的序号，用逗号分隔，0表示不出): 
2026-05-19T00:55:35.881+08:00 [INFO] 用户 1 接收出牌消息1: <nil>
2026-05-19T00:55:35.881+08:00 [INFO] 用户 1 接收出牌消息2: {0 [] 0}
2026-05-19T00:55:36.871+08:00 [INFO] 
1的回合 (当前手牌数: 13)

2026-05-19T00:55:36.875+08:00 [INFO] 上一手牌，牌型: 1, 牌是：♦A

2026-05-19T00:55:36.876+08:00 [INFO] 请选择要出的牌 (输入牌的序号，用逗号分隔，0表示不出): 
2026-05-19T00:55:36.877+08:00 [INFO] 用户 1 接收出牌消息1: <nil>
2026-05-19T00:55:36.878+08:00 [INFO] 用户 1 接收出牌消息2: {0 [] 0}
2026-05-19T00:55:37.870+08:00 [INFO] 
1的回合 (当前手牌数: 13)

2026-05-19T00:55:37.871+08:00 [INFO] 上一手牌，牌型: 1, 牌是：♦A

2026-05-19T00:55:37.872+08:00 [INFO] 请选择要出的牌 (输入牌的序号，用逗号分隔，0表示不出): 
2026-05-19T00:55:37.873+08:00 [INFO] 用户 1 接收出牌消息1: <nil>
2026-05-19T00:55:37.875+08:00 [INFO] 用户 1 接收出牌消息2: {0 [] 0}
2026-05-19T00:55:37.929+08:00 [INFO] heartbeatCheck: 25.9606651s
2026-05-19T00:55:38.871+08:00 [INFO] 
1的回合 (当前手牌数: 13)

2026-05-19T00:55:38.873+08:00 [INFO] 上一手牌，牌型: 1, 牌是：♦A

2026-05-19T00:55:38.874+08:00 [INFO] 请选择要出的牌 (输入牌的序号，用逗号分隔，0表示不出): 
2026-05-19T00:55:38.875+08:00 [INFO] 用户 1 接收出牌消息1: <nil>
2026-05-19T00:55:38.877+08:00 [INFO] 用户 1 接收出牌消息2: {0 [] 0}
2026-05-19T00:55:38.936+08:00 [INFO] 用户 1 接收消息: {"type":"heartbeat","data":"ping"}（类型: 1）
2026-05-19T00:55:38.938+08:00 [INFO] 用户 1 发送消息: {"type":"heartbeat","data":"pong","from":"1"}
2026-05-19T00:55:39.871+08:00 [INFO] 
1的回合 (当前手牌数: 13)

2026-05-19T00:55:39.871+08:00 [INFO] 上一手牌，牌型: 1, 牌是：♦A

2026-05-19T00:55:39.873+08:00 [INFO] 请选择要出的牌 (输入牌的序号，用逗号分隔，0表示不出): 
2026-05-19T00:55:39.874+08:00 [INFO] 用户 1 接收出牌消息1: <nil>
2026-05-19T00:55:39.875+08:00 [INFO] 用户 1 接收出牌消息2: {0 [] 0}
2026-05-19T00:55:40.872+08:00 [INFO] 
1的回合 (当前手牌数: 13)

2026-05-19T00:55:40.876+08:00 [INFO] 上一手牌，牌型: 1, 牌是：♦A

2026-05-19T00:55:40.878+08:00 [INFO] 请选择要出的牌 (输入牌的序号，用逗号分隔，0表示不出): 
2026-05-19T00:55:40.879+08:00 [INFO] 用户 1 接收出牌消息1: <nil>
2026-05-19T00:55:40.881+08:00 [INFO] 用户 1 接收出牌消息2: {0 [] 0}
2026-05-19T00:55:41.871+08:00 [INFO] 
1的回合 (当前手牌数: 13)

2026-05-19T00:55:41.872+08:00 [INFO] 上一手牌，牌型: 1, 牌是：♦A

2026-05-19T00:55:41.873+08:00 [INFO] 请选择要出的牌 (输入牌的序号，用逗号分隔，0表示不出): 
2026-05-19T00:55:41.873+08:00 [INFO] 用户 1 接收出牌消息1: <nil>
2026-05-19T00:55:41.874+08:00 [INFO] 用户 1 接收出牌消息2: {0 [] 0}
2026-05-19T00:55:42.890+08:00 [INFO] 
1的回合 (当前手牌数: 13)

2026-05-19T00:55:42.892+08:00 [INFO] 上一手牌，牌型: 1, 牌是：♦A

2026-05-19T00:55:42.893+08:00 [INFO] 请选择要出的牌 (输入牌的序号，用逗号分隔，0表示不出): 
2026-05-19T00:55:42.894+08:00 [INFO] 用户 1 接收出牌消息1: <nil>
2026-05-19T00:55:42.895+08:00 [INFO] 用户 1 接收出牌消息2: {0 [] 0}
2026-05-19T00:55:42.930+08:00 [INFO] heartbeatCheck: 3.9938359s
2026-05-19T00:55:43.870+08:00 [INFO] 
1的回合 (当前手牌数: 13)

2026-05-19T00:55:43.870+08:00 [INFO] 上一手牌，牌型: 1, 牌是：♦A

2026-05-19T00:55:43.871+08:00 [INFO] 请选择要出的牌 (输入牌的序号，用逗号分隔，0表示不出): 
2026-05-19T00:55:43.874+08:00 [INFO] 用户 1 接收出牌消息1: <nil>
2026-05-19T00:55:43.875+08:00 [INFO] 用户 1 接收出牌消息2: {0 [] 0}
2026-05-19T00:55:44.870+08:00 [INFO] 
1的回合 (当前手牌数: 13)

2026-05-19T00:55:44.873+08:00 [INFO] 上一手牌，牌型: 1, 牌是：♦A

2026-05-19T00:55:44.874+08:00 [INFO] 请选择要出的牌 (输入牌的序号，用逗号分隔，0表示不出): 
2026-05-19T00:55:44.876+08:00 [INFO] 用户 1 接收出牌消息1: <nil>
2026-05-19T00:55:44.877+08:00 [INFO] 用户 1 接收出牌消息2: {0 [] 0}
2026-05-19T00:55:45.870+08:00 [INFO] 
1的回合 (当前手牌数: 13)

2026-05-19T00:55:45.871+08:00 [INFO] 上一手牌，牌型: 1, 牌是：♦A

2026-05-19T00:55:45.873+08:00 [INFO] 请选择要出的牌 (输入牌的序号，用逗号分隔，0表示不出): 
2026-05-19T00:55:45.874+08:00 [INFO] 用户 1 接收出牌消息1: <nil>
2026-05-19T00:55:45.876+08:00 [INFO] 用户 1 接收出牌消息2: {0 [] 0}
2026-05-19T00:55:46.870+08:00 [INFO] 
1的回合 (当前手牌数: 13)

2026-05-19T00:55:46.871+08:00 [INFO] 上一手牌，牌型: 1, 牌是：♦A

2026-05-19T00:55:46.873+08:00 [INFO] 请选择要出的牌 (输入牌的序号，用逗号分隔，0表示不出): 
2026-05-19T00:55:46.873+08:00 [INFO] 用户 1 接收出牌消息1: <nil>
2026-05-19T00:55:46.876+08:00 [INFO] 用户 1 接收出牌消息2: {0 [] 0}
2026-05-19T00:55:47.871+08:00 [INFO] 
1的回合 (当前手牌数: 13)

2026-05-19T00:55:47.873+08:00 [INFO] 上一手牌，牌型: 1, 牌是：♦A

2026-05-19T00:55:47.874+08:00 [INFO] 请选择要出的牌 (输入牌的序号，用逗号分隔，0表示不出): 
2026-05-19T00:55:47.878+08:00 [INFO] 用户 1 接收出牌消息1: <nil>
2026-05-19T00:55:47.878+08:00 [INFO] 用户 1 接收出牌消息2: {0 [] 0}
2026-05-19T00:55:47.928+08:00 [INFO] heartbeatCheck: 8.9926204s
2026-05-19T00:55:48.871+08:00 [INFO] 
1的回合 (当前手牌数: 13)

2026-05-19T00:55:48.872+08:00 [INFO] 上一手牌，牌型: 1, 牌是：♦A

2026-05-19T00:55:48.873+08:00 [INFO] 请选择要出的牌 (输入牌的序号，用逗号分隔，0表示不出): 
2026-05-19T00:55:48.874+08:00 [INFO] 用户 1 接收出牌消息1: <nil>
2026-05-19T00:55:48.876+08:00 [INFO] 用户 1 接收出牌消息2: {0 [] 0}
2026-05-19T00:55:48.949+08:00 [INFO] 用户 1 接收消息: {"type":"heartbeat","data":"ping"}（类型: 1）
2026-05-19T00:55:48.951+08:00 [INFO] 用户 1 发送消息: {"type":"heartbeat","data":"pong","from":"1"}
2026-05-19T00:55:49.871+08:00 [INFO] 
1的回合 (当前手牌数: 13)

2026-05-19T00:55:49.872+08:00 [INFO] 上一手牌，牌型: 1, 牌是：♦A

2026-05-19T00:55:49.873+08:00 [INFO] 请选择要出的牌 (输入牌的序号，用逗号分隔，0表示不出): 
2026-05-19T00:55:49.875+08:00 [INFO] 用户 1 接收出牌消息1: <nil>
2026-05-19T00:55:49.876+08:00 [INFO] 用户 1 接收出牌消息2: {0 [] 0}
2026-05-19T00:55:50.871+08:00 [INFO] 
1的回合 (当前手牌数: 13)

2026-05-19T00:55:50.872+08:00 [INFO] 上一手牌，牌型: 1, 牌是：♦A

2026-05-19T00:55:50.873+08:00 [INFO] 请选择要出的牌 (输入牌的序号，用逗号分隔，0表示不出): 
2026-05-19T00:55:50.874+08:00 [INFO] 用户 1 接收出牌消息1: <nil>
2026-05-19T00:55:50.876+08:00 [INFO] 用户 1 接收出牌消息2: {0 [] 0}
2026-05-19T00:55:51.870+08:00 [INFO] 
1的回合 (当前手牌数: 13)

2026-05-19T00:55:51.871+08:00 [INFO] 上一手牌，牌型: 1, 牌是：♦A

2026-05-19T00:55:51.872+08:00 [INFO] 请选择要出的牌 (输入牌的序号，用逗号分隔，0表示不出): 
2026-05-19T00:55:51.874+08:00 [INFO] 用户 1 接收出牌消息1: <nil>
2026-05-19T00:55:51.875+08:00 [INFO] 用户 1 接收出牌消息2: {0 [] 0}
2026-05-19T00:55:52.871+08:00 [INFO] 
1的回合 (当前手牌数: 13)

2026-05-19T00:55:52.871+08:00 [INFO] 上一手牌，牌型: 1, 牌是：♦A

2026-05-19T00:55:52.873+08:00 [INFO] 请选择要出的牌 (输入牌的序号，用逗号分隔，0表示不出): 
2026-05-19T00:55:52.874+08:00 [INFO] 用户 1 接收出牌消息1: <nil>
2026-05-19T00:55:52.879+08:00 [INFO] 用户 1 接收出牌消息2: {0 [] 0}
2026-05-19T00:55:52.928+08:00 [INFO] heartbeatCheck: 3.9794323s
2026-05-19T00:55:53.871+08:00 [INFO] 
1的回合 (当前手牌数: 13)

2026-05-19T00:55:53.872+08:00 [INFO] 上一手牌，牌型: 1, 牌是：♦A

2026-05-19T00:55:53.874+08:00 [INFO] 请选择要出的牌 (输入牌的序号，用逗号分隔，0表示不出): 
2026-05-19T00:55:53.875+08:00 [INFO] 用户 1 接收出牌消息1: <nil>
2026-05-19T00:55:53.878+08:00 [INFO] 用户 1 接收出牌消息2: {0 [] 0}
2026-05-19T00:55:54.871+08:00 [INFO] 
1的回合 (当前手牌数: 13)

2026-05-19T00:55:54.872+08:00 [INFO] 上一手牌，牌型: 1, 牌是：♦A

2026-05-19T00:55:54.873+08:00 [INFO] 请选择要出的牌 (输入牌的序号，用逗号分隔，0表示不出): 
2026-05-19T00:55:54.874+08:00 [INFO] 用户 1 接收出牌消息1: <nil>
2026-05-19T00:55:54.876+08:00 [INFO] 用户 1 接收出牌消息2: {0 [] 0}
2026-05-19T00:55:55.872+08:00 [INFO] 
1的回合 (当前手牌数: 13)

2026-05-19T00:55:55.873+08:00 [INFO] 上一手牌，牌型: 1, 牌是：♦A

2026-05-19T00:55:55.874+08:00 [INFO] 请选择要出的牌 (输入牌的序号，用逗号分隔，0表示不出): 
2026-05-19T00:55:55.876+08:00 [INFO] 用户 1 接收出牌消息1: <nil>
2026-05-19T00:55:55.878+08:00 [INFO] 用户 1 接收出牌消息2: {0 [] 0}
2026-05-19T00:55:56.871+08:00 [INFO] 
1的回合 (当前手牌数: 13)

2026-05-19T00:55:56.872+08:00 [INFO] 上一手牌，牌型: 1, 牌是：♦A

2026-05-19T00:55:56.875+08:00 [INFO] 请选择要出的牌 (输入牌的序号，用逗号分隔，0表示不出): 
2026-05-19T00:55:56.878+08:00 [INFO] 用户 1 接收出牌消息1: <nil>
2026-05-19T00:55:56.879+08:00 [INFO] 用户 1 接收出牌消息2: {0 [] 0}
2026-05-19T00:55:57.870+08:00 [INFO] 
1的回合 (当前手牌数: 13)

2026-05-19T00:55:57.870+08:00 [INFO] 上一手牌，牌型: 1, 牌是：♦A

2026-05-19T00:55:57.871+08:00 [INFO] 请选择要出的牌 (输入牌的序号，用逗号分隔，0表示不出): 
2026-05-19T00:55:57.872+08:00 [INFO] 用户 1 接收出牌消息1: <nil>
2026-05-19T00:55:57.873+08:00 [INFO] 用户 1 接收出牌消息2: {0 [] 0}
2026-05-19T00:55:57.929+08:00 [INFO] heartbeatCheck: 8.9794996s
2026-05-19T00:55:58.871+08:00 [INFO] 
1的回合 (当前手牌数: 13)

2026-05-19T00:55:58.872+08:00 [INFO] 上一手牌，牌型: 1, 牌是：♦A

2026-05-19T00:55:58.874+08:00 [INFO] 请选择要出的牌 (输入牌的序号，用逗号分隔，0表示不出): 
2026-05-19T00:55:58.875+08:00 [INFO] 用户 1 接收出牌消息1: <nil>
2026-05-19T00:55:58.875+08:00 [INFO] 用户 1 接收出牌消息2: {0 [] 0}
2026-05-19T00:55:58.878+08:00 [INFO] 1不出

2026-05-19T00:55:58.880+08:00 [INFO] ♥9,♣7,♣J,♦J,♦7,♥7,♥K,♣2,♦6,♣10,♠K,♠J,♠9
2026-05-19T00:55:58.886+08:00 [INFO] 用户 1 发送消息: {"type":"pass","data":"{\"pid\":0,\"cardIds\":[],\"card_type\":0,\"cards_num\":13,\"code\":0,\"current\":1,\"mustPid\":2,\"outCardTimeout\":30}","from":""}
2026-05-19T00:55:59.871+08:00 [INFO] 
尤烨伟的回合 (当前手牌数: 4)

2026-05-19T00:55:59.872+08:00 [INFO] 上一手牌，牌型: 1, 牌是：♦A

2026-05-19T00:55:59.872+08:00 [INFO] 请选择要出的牌 (输入牌的序号，用逗号分隔，0表示不出): 
2026-05-19T00:56:00.871+08:00 [INFO] 
尤烨伟的回合 (当前手牌数: 4)

2026-05-19T00:56:00.872+08:00 [INFO] 上一手牌，牌型: 1, 牌是：♦A

2026-05-19T00:56:00.873+08:00 [INFO] 请选择要出的牌 (输入牌的序号，用逗号分隔，0表示不出): 
2026-05-19T00:56:00.874+08:00 [INFO] 尤烨伟不出

2026-05-19T00:56:00.877+08:00 [INFO] 用户 1 发送消息: {"type":"pass","data":"{\"pid\":1,\"cardIds\":null,\"card_type\":0,\"cards_num\":4,\"code\":0,\"current\":2,\"mustPid\":2,\"outCardTimeout\":30}","from":""}
2026-05-19T00:56:01.871+08:00 [INFO] 
符明的回合 (当前手牌数: 4)

2026-05-19T00:56:01.872+08:00 [INFO] 上一手牌，牌型: 0, 牌是：不出

2026-05-19T00:56:01.873+08:00 [INFO] 请选择要出的牌 (输入牌的序号，用逗号分隔，0表示不出): 
2026-05-19T00:56:02.871+08:00 [INFO] 
符明的回合 (当前手牌数: 4)

2026-05-19T00:56:02.871+08:00 [INFO] 上一手牌，牌型: 0, 牌是：不出

2026-05-19T00:56:02.872+08:00 [INFO] 请选择要出的牌 (输入牌的序号，用逗号分隔，0表示不出): 
2026-05-19T00:56:02.875+08:00 [INFO] 符明出了: ♥5,♠5 (2)

2026-05-19T00:56:02.877+08:00 [INFO] 用户 1 发送消息: {"type":"outCard","data":"{\"pid\":2,\"cardIds\":[11,12],\"card_type\":2,\"cards_num\":2,\"code\":0,\"current\":3,\"mustPid\":2,\"outCardTimeout\":30}","from":""}
2026-05-19T00:56:02.929+08:00 [INFO] heartbeatCheck: 13.9798679s
2026-05-19T00:56:03.871+08:00 [INFO] 
堵妙绿的回合 (当前手牌数: 6)

2026-05-19T00:56:03.872+08:00 [INFO] 上一手牌，牌型: 2, 牌是：♥5,♠5

2026-05-19T00:56:03.874+08:00 [INFO] 请选择要出的牌 (输入牌的序号，用逗号分隔，0表示不出): 
2026-05-19T00:56:04.871+08:00 [INFO] 
堵妙绿的回合 (当前手牌数: 6)

2026-05-19T00:56:04.871+08:00 [INFO] 上一手牌，牌型: 2, 牌是：♥5,♠5

2026-05-19T00:56:04.872+08:00 [INFO] 请选择要出的牌 (输入牌的序号，用逗号分隔，0表示不出): 
2026-05-19T00:56:04.873+08:00 [INFO] 堵妙绿不出

2026-05-19T00:56:04.875+08:00 [INFO] 正在订阅 Channel: player:play:card:1，当前玩家: 1
2026-05-19T00:56:04.881+08:00 [INFO] 成功订阅 Channel: player:play:card:1
2026-05-19T00:56:04.884+08:00 [INFO] 用户 1 发送消息: {"type":"pass","data":"{\"pid\":3,\"cardIds\":null,\"card_type\":0,\"cards_num\":6,\"code\":0,\"current\":0,\"mustPid\":2,\"outCardTimeout\":30}","from":""}
2026-05-19T00:56:05.871+08:00 [INFO] 
1的回合 (当前手牌数: 13)

2026-05-19T00:56:05.871+08:00 [INFO] 上一手牌，牌型: 2, 牌是：♥5,♠5

2026-05-19T00:56:05.874+08:00 [INFO] 请选择要出的牌 (输入牌的序号，用逗号分隔，0表示不出): 
2026-05-19T00:56:05.875+08:00 [INFO] 用户 1 接收出牌消息1: <nil>
2026-05-19T00:56:05.876+08:00 [INFO] 用户 1 接收出牌消息2: {0 [] 0}
2026-05-19T00:56:06.871+08:00 [INFO] 
1的回合 (当前手牌数: 13)

2026-05-19T00:56:06.873+08:00 [INFO] 上一手牌，牌型: 2, 牌是：♥5,♠5

2026-05-19T00:56:06.878+08:00 [INFO] 请选择要出的牌 (输入牌的序号，用逗号分隔，0表示不出): 
2026-05-19T00:56:06.878+08:00 [INFO] 用户 1 接收出牌消息1: <nil>
2026-05-19T00:56:06.882+08:00 [INFO] 用户 1 接收出牌消息2: {0 [] 0}
2026-05-19T00:56:07.870+08:00 [INFO] 
1的回合 (当前手牌数: 13)

2026-05-19T00:56:07.871+08:00 [INFO] 上一手牌，牌型: 2, 牌是：♥5,♠5

2026-05-19T00:56:07.874+08:00 [INFO] 请选择要出的牌 (输入牌的序号，用逗号分隔，0表示不出): 
2026-05-19T00:56:07.876+08:00 [INFO] 用户 1 接收出牌消息1: <nil>
2026-05-19T00:56:07.878+08:00 [INFO] 用户 1 接收出牌消息2: {0 [] 0}
2026-05-19T00:56:07.928+08:00 [INFO] heartbeatCheck: 18.9793818s
2026-05-19T00:56:08.871+08:00 [INFO] 
1的回合 (当前手牌数: 13)

2026-05-19T00:56:08.872+08:00 [INFO] 上一手牌，牌型: 2, 牌是：♥5,♠5

2026-05-19T00:56:08.875+08:00 [INFO] 请选择要出的牌 (输入牌的序号，用逗号分隔，0表示不出): 
2026-05-19T00:56:08.877+08:00 [INFO] 用户 1 接收出牌消息1: <nil>
2026-05-19T00:56:08.879+08:00 [INFO] 用户 1 接收出牌消息2: {0 [] 0}
2026-05-19T00:56:09.870+08:00 [INFO] 
1的回合 (当前手牌数: 13)

2026-05-19T00:56:09.871+08:00 [INFO] 上一手牌，牌型: 2, 牌是：♥5,♠5

2026-05-19T00:56:09.872+08:00 [INFO] 请选择要出的牌 (输入牌的序号，用逗号分隔，0表示不出): 
2026-05-19T00:56:09.872+08:00 [INFO] 用户 1 接收出牌消息1: <nil>
2026-05-19T00:56:09.874+08:00 [INFO] 用户 1 接收出牌消息2: {0 [] 0}
2026-05-19T00:56:10.870+08:00 [INFO] 
1的回合 (当前手牌数: 13)

2026-05-19T00:56:10.871+08:00 [INFO] 上一手牌，牌型: 2, 牌是：♥5,♠5

2026-05-19T00:56:10.872+08:00 [INFO] 请选择要出的牌 (输入牌的序号，用逗号分隔，0表示不出): 
2026-05-19T00:56:10.873+08:00 [INFO] 用户 1 接收出牌消息1: <nil>
2026-05-19T00:56:10.875+08:00 [INFO] 用户 1 接收出牌消息2: {0 [] 0}
2026-05-19T00:56:11.871+08:00 [INFO] 
1的回合 (当前手牌数: 13)

2026-05-19T00:56:11.872+08:00 [INFO] 上一手牌，牌型: 2, 牌是：♥5,♠5

2026-05-19T00:56:11.873+08:00 [INFO] 请选择要出的牌 (输入牌的序号，用逗号分隔，0表示不出): 
2026-05-19T00:56:11.875+08:00 [INFO] 用户 1 接收出牌消息1: <nil>
2026-05-19T00:56:11.876+08:00 [INFO] 用户 1 接收出牌消息2: {0 [] 0}
2026-05-19T00:56:12.871+08:00 [INFO] 
1的回合 (当前手牌数: 13)

2026-05-19T00:56:12.872+08:00 [INFO] 上一手牌，牌型: 2, 牌是：♥5,♠5

2026-05-19T00:56:12.873+08:00 [INFO] 请选择要出的牌 (输入牌的序号，用逗号分隔，0表示不出): 
2026-05-19T00:56:12.874+08:00 [INFO] 用户 1 接收出牌消息1: <nil>
2026-05-19T00:56:12.875+08:00 [INFO] 用户 1 接收出牌消息2: {0 [] 0}
2026-05-19T00:56:12.929+08:00 [INFO] heartbeatCheck: 23.979642s
2026-05-19T00:56:13.870+08:00 [INFO] 
1的回合 (当前手牌数: 13)

2026-05-19T00:56:13.872+08:00 [INFO] 上一手牌，牌型: 2, 牌是：♥5,♠5

2026-05-19T00:56:13.874+08:00 [INFO] 请选择要出的牌 (输入牌的序号，用逗号分隔，0表示不出): 
2026-05-19T00:56:13.874+08:00 [INFO] 用户 1 接收出牌消息1: <nil>
2026-05-19T00:56:13.876+08:00 [INFO] 用户 1 接收出牌消息2: {0 [] 0}
2026-05-19T00:56:14.871+08:00 [INFO] 
1的回合 (当前手牌数: 13)

2026-05-19T00:56:14.872+08:00 [INFO] 上一手牌，牌型: 2, 牌是：♥5,♠5

2026-05-19T00:56:14.873+08:00 [INFO] 请选择要出的牌 (输入牌的序号，用逗号分隔，0表示不出): 
2026-05-19T00:56:14.874+08:00 [INFO] 用户 1 接收出牌消息1: <nil>
2026-05-19T00:56:14.876+08:00 [INFO] 用户 1 接收出牌消息2: {0 [] 0}
2026-05-19T00:56:14.952+08:00 [INFO] 用户 1 接收消息: {"type":"heartbeat","data":"ping"}（类型: 1）
2026-05-19T00:56:14.955+08:00 [INFO] 用户 1 发送消息: {"type":"heartbeat","data":"pong","from":"1"}
2026-05-19T00:56:15.870+08:00 [INFO] 
1的回合 (当前手牌数: 13)

2026-05-19T00:56:15.870+08:00 [INFO] 上一手牌，牌型: 2, 牌是：♥5,♠5

2026-05-19T00:56:15.871+08:00 [INFO] 请选择要出的牌 (输入牌的序号，用逗号分隔，0表示不出): 
2026-05-19T00:56:15.873+08:00 [INFO] 用户 1 接收出牌消息1: <nil>
2026-05-19T00:56:15.876+08:00 [INFO] 用户 1 接收出牌消息2: {0 [] 0}
2026-05-19T00:56:16.870+08:00 [INFO] 
1的回合 (当前手牌数: 13)

2026-05-19T00:56:16.872+08:00 [INFO] 上一手牌，牌型: 2, 牌是：♥5,♠5

2026-05-19T00:56:16.872+08:00 [INFO] 请选择要出的牌 (输入牌的序号，用逗号分隔，0表示不出): 
2026-05-19T00:56:16.877+08:00 [INFO] 用户 1 接收出牌消息1: <nil>
2026-05-19T00:56:16.879+08:00 [INFO] 用户 1 接收出牌消息2: {0 [] 0}
2026-05-19T00:56:17.871+08:00 [INFO] 
1的回合 (当前手牌数: 13)

2026-05-19T00:56:17.871+08:00 [INFO] 上一手牌，牌型: 2, 牌是：♥5,♠5

2026-05-19T00:56:17.872+08:00 [INFO] 请选择要出的牌 (输入牌的序号，用逗号分隔，0表示不出): 
2026-05-19T00:56:17.873+08:00 [INFO] 用户 1 接收出牌消息1: <nil>
2026-05-19T00:56:17.876+08:00 [INFO] 用户 1 接收出牌消息2: {0 [] 0}
2026-05-19T00:56:17.928+08:00 [INFO] heartbeatCheck: 2.97638s
2026-05-19T00:56:18.871+08:00 [INFO] 
1的回合 (当前手牌数: 13)

2026-05-19T00:56:18.873+08:00 [INFO] 上一手牌，牌型: 2, 牌是：♥5,♠5

2026-05-19T00:56:18.874+08:00 [INFO] 请选择要出的牌 (输入牌的序号，用逗号分隔，0表示不出): 
2026-05-19T00:56:18.875+08:00 [INFO] 用户 1 接收出牌消息1: <nil>
2026-05-19T00:56:18.876+08:00 [INFO] 用户 1 接收出牌消息2: {0 [] 0}
2026-05-19T00:56:19.871+08:00 [INFO] 
1的回合 (当前手牌数: 13)

2026-05-19T00:56:19.873+08:00 [INFO] 上一手牌，牌型: 2, 牌是：♥5,♠5

2026-05-19T00:56:19.874+08:00 [INFO] 请选择要出的牌 (输入牌的序号，用逗号分隔，0表示不出): 
2026-05-19T00:56:19.876+08:00 [INFO] 用户 1 接收出牌消息1: <nil>
2026-05-19T00:56:19.877+08:00 [INFO] 用户 1 接收出牌消息2: {0 [] 0}
2026-05-19T00:56:20.871+08:00 [INFO] 
1的回合 (当前手牌数: 13)

2026-05-19T00:56:20.872+08:00 [INFO] 上一手牌，牌型: 2, 牌是：♥5,♠5

2026-05-19T00:56:20.873+08:00 [INFO] 请选择要出的牌 (输入牌的序号，用逗号分隔，0表示不出): 
2026-05-19T00:56:20.874+08:00 [INFO] 用户 1 接收出牌消息1: <nil>
2026-05-19T00:56:20.877+08:00 [INFO] 用户 1 接收出牌消息2: {0 [] 0}
2026-05-19T00:56:21.871+08:00 [INFO] 
1的回合 (当前手牌数: 13)

2026-05-19T00:56:21.872+08:00 [INFO] 上一手牌，牌型: 2, 牌是：♥5,♠5

2026-05-19T00:56:21.873+08:00 [INFO] 请选择要出的牌 (输入牌的序号，用逗号分隔，0表示不出): 
2026-05-19T00:56:21.874+08:00 [INFO] 用户 1 接收出牌消息1: <nil>
2026-05-19T00:56:21.877+08:00 [INFO] 用户 1 接收出牌消息2: {0 [] 0}
2026-05-19T00:56:22.870+08:00 [INFO] 
1的回合 (当前手牌数: 13)

2026-05-19T00:56:22.870+08:00 [INFO] 上一手牌，牌型: 2, 牌是：♥5,♠5

2026-05-19T00:56:22.871+08:00 [INFO] 请选择要出的牌 (输入牌的序号，用逗号分隔，0表示不出): 
2026-05-19T00:56:22.872+08:00 [INFO] 用户 1 接收出牌消息1: <nil>
2026-05-19T00:56:22.874+08:00 [INFO] 用户 1 接收出牌消息2: {0 [] 0}
2026-05-19T00:56:22.929+08:00 [INFO] heartbeatCheck: 7.9767183s
2026-05-19T00:56:23.871+08:00 [INFO] 
1的回合 (当前手牌数: 13)

2026-05-19T00:56:23.871+08:00 [INFO] 上一手牌，牌型: 2, 牌是：♥5,♠5

2026-05-19T00:56:23.874+08:00 [INFO] 请选择要出的牌 (输入牌的序号，用逗号分隔，0表示不出): 
2026-05-19T00:56:23.878+08:00 [INFO] 用户 1 接收出牌消息1: <nil>
2026-05-19T00:56:23.879+08:00 [INFO] 用户 1 接收出牌消息2: {0 [] 0}
2026-05-19T00:56:24.871+08:00 [INFO] 
1的回合 (当前手牌数: 13)

2026-05-19T00:56:24.875+08:00 [INFO] 上一手牌，牌型: 2, 牌是：♥5,♠5

2026-05-19T00:56:24.876+08:00 [INFO] 请选择要出的牌 (输入牌的序号，用逗号分隔，0表示不出): 
2026-05-19T00:56:24.877+08:00 [INFO] 用户 1 接收出牌消息1: <nil>
2026-05-19T00:56:24.879+08:00 [INFO] 用户 1 接收出牌消息2: {0 [] 0}
2026-05-19T00:56:24.990+08:00 [INFO] 用户 1 接收消息: {"type":"heartbeat","data":"ping"}（类型: 1）
2026-05-19T00:56:24.995+08:00 [INFO] 用户 1 发送消息: {"type":"heartbeat","data":"pong","from":"1"}
2026-05-19T00:56:25.871+08:00 [INFO] 
1的回合 (当前手牌数: 13)

2026-05-19T00:56:25.872+08:00 [INFO] 上一手牌，牌型: 2, 牌是：♥5,♠5

2026-05-19T00:56:25.873+08:00 [INFO] 请选择要出的牌 (输入牌的序号，用逗号分隔，0表示不出): 
2026-05-19T00:56:25.874+08:00 [INFO] 用户 1 接收出牌消息1: <nil>
2026-05-19T00:56:25.876+08:00 [INFO] 用户 1 接收出牌消息2: {0 [] 0}
2026-05-19T00:56:26.874+08:00 [INFO] 
1的回合 (当前手牌数: 13)

2026-05-19T00:56:26.874+08:00 [INFO] 上一手牌，牌型: 2, 牌是：♥5,♠5

2026-05-19T00:56:26.878+08:00 [INFO] 请选择要出的牌 (输入牌的序号，用逗号分隔，0表示不出): 
2026-05-19T00:56:26.880+08:00 [INFO] 用户 1 接收出牌消息1: <nil>
2026-05-19T00:56:26.881+08:00 [INFO] 用户 1 接收出牌消息2: {0 [] 0}
2026-05-19T00:56:27.953+08:00 [INFO] heartbeatCheck: 2.9634859s
2026-05-19T00:56:28.066+08:00 [INFO] 
1的回合 (当前手牌数: 13)

2026-05-19T00:56:28.067+08:00 [INFO] 上一手牌，牌型: 2, 牌是：♥5,♠5

2026-05-19T00:56:28.067+08:00 [INFO] 请选择要出的牌 (输入牌的序号，用逗号分隔，0表示不出): 
2026-05-19T00:56:28.069+08:00 [INFO] 用户 1 接收出牌消息1: <nil>
2026-05-19T00:56:28.070+08:00 [INFO] 用户 1 接收出牌消息2: {0 [] 0}
2026-05-19T00:56:28.989+08:00 [INFO] 
1的回合 (当前手牌数: 13)

2026-05-19T00:56:28.989+08:00 [INFO] 上一手牌，牌型: 2, 牌是：♥5,♠5

2026-05-19T00:56:28.989+08:00 [INFO] 请选择要出的牌 (输入牌的序号，用逗号分隔，0表示不出): 
2026-05-19T00:56:28.991+08:00 [INFO] 用户 1 接收出牌消息1: <nil>
2026-05-19T00:56:28.992+08:00 [INFO] 用户 1 接收出牌消息2: {0 [] 0}
2026-05-19T00:56:29.978+08:00 [INFO] 
1的回合 (当前手牌数: 13)

2026-05-19T00:56:29.979+08:00 [INFO] 上一手牌，牌型: 2, 牌是：♥5,♠5

2026-05-19T00:56:29.980+08:00 [INFO] 请选择要出的牌 (输入牌的序号，用逗号分隔，0表示不出): 
2026-05-19T00:56:29.980+08:00 [INFO] 用户 1 接收出牌消息1: <nil>
2026-05-19T00:56:29.981+08:00 [INFO] 用户 1 接收出牌消息2: {0 [] 0}
2026-05-19T00:56:30.973+08:00 [INFO] 
1的回合 (当前手牌数: 13)

2026-05-19T00:56:30.977+08:00 [INFO] 上一手牌，牌型: 2, 牌是：♥5,♠5

2026-05-19T00:56:30.978+08:00 [INFO] 请选择要出的牌 (输入牌的序号，用逗号分隔，0表示不出): 
2026-05-19T00:56:30.980+08:00 [INFO] 用户 1 接收出牌消息1: <nil>
2026-05-19T00:56:30.981+08:00 [INFO] 用户 1 接收出牌消息2: {0 [] 0}
2026-05-19T00:56:31.971+08:00 [INFO] 
1的回合 (当前手牌数: 13)

2026-05-19T00:56:31.973+08:00 [INFO] 上一手牌，牌型: 2, 牌是：♥5,♠5

2026-05-19T00:56:31.973+08:00 [INFO] 请选择要出的牌 (输入牌的序号，用逗号分隔，0表示不出): 
2026-05-19T00:56:31.976+08:00 [INFO] 用户 1 接收出牌消息1: <nil>
2026-05-19T00:56:31.978+08:00 [INFO] 用户 1 接收出牌消息2: {0 [] 0}
2026-05-19T00:56:33.293+08:00 [INFO] 
1的回合 (当前手牌数: 13)

2026-05-19T00:56:33.294+08:00 [INFO] 上一手牌，牌型: 2, 牌是：♥5,♠5

2026-05-19T00:56:33.295+08:00 [INFO] 请选择要出的牌 (输入牌的序号，用逗号分隔，0表示不出): 
2026-05-19T00:56:33.295+08:00 [INFO] 用户 1 接收出牌消息1: <nil>
2026-05-19T00:56:33.296+08:00 [INFO] 用户 1 接收出牌消息2: {0 [] 0}
2026-05-19T00:56:33.301+08:00 [INFO] heartbeatCheck: 8.3108794s
2026-05-19T00:56:34.271+08:00 [INFO] 
1的回合 (当前手牌数: 13)

2026-05-19T00:56:34.273+08:00 [INFO] 上一手牌，牌型: 2, 牌是：♥5,♠5

2026-05-19T00:56:34.277+08:00 [INFO] 请选择要出的牌 (输入牌的序号，用逗号分隔，0表示不出): 
2026-05-19T00:56:34.278+08:00 [INFO] 用户 1 接收出牌消息1: <nil>
2026-05-19T00:56:34.279+08:00 [INFO] 用户 1 接收出牌消息2: {0 [] 0}
2026-05-19T00:56:34.280+08:00 [INFO] 1不出

2026-05-19T00:56:34.282+08:00 [INFO] ♥9,♣7,♣J,♦J,♦7,♥7,♥K,♣2,♦6,♣10,♠K,♠J,♠9
2026-05-19T00:56:34.291+08:00 [INFO] 用户 1 发送消息: {"type":"pass","data":"{\"pid\":0,\"cardIds\":[],\"card_type\":0,\"cards_num\":13,\"code\":0,\"current\":1,\"mustPid\":2,\"outCardTimeout\":30}","from":""}
2026-05-19T00:56:35.271+08:00 [INFO] 
尤烨伟的回合 (当前手牌数: 4)

2026-05-19T00:56:35.273+08:00 [INFO] 上一手牌，牌型: 2, 牌是：♥5,♠5

2026-05-19T00:56:35.274+08:00 [INFO] 请选择要出的牌 (输入牌的序号，用逗号分隔，0表示不出): 
2026-05-19T00:56:36.272+08:00 [INFO] 
尤烨伟的回合 (当前手牌数: 4)

2026-05-19T00:56:36.274+08:00 [INFO] 上一手牌，牌型: 2, 牌是：♥5,♠5

2026-05-19T00:56:36.275+08:00 [INFO] 请选择要出的牌 (输入牌的序号，用逗号分隔，0表示不出): 
2026-05-19T00:56:36.275+08:00 [INFO] 尤烨伟不出

2026-05-19T00:56:36.282+08:00 [INFO] 用户 1 发送消息: {"type":"pass","data":"{\"pid\":1,\"cardIds\":null,\"card_type\":0,\"cards_num\":4,\"code\":0,\"current\":2,\"mustPid\":2,\"outCardTimeout\":30}","from":""}
2026-05-19T00:56:37.270+08:00 [INFO] 
符明的回合 (当前手牌数: 2)

2026-05-19T00:56:37.272+08:00 [INFO] 上一手牌，牌型: 0, 牌是：不出

2026-05-19T00:56:37.273+08:00 [INFO] 请选择要出的牌 (输入牌的序号，用逗号分隔，0表示不出): 
2026-05-19T00:56:37.929+08:00 [INFO] heartbeatCheck: 12.9391099s
2026-05-19T00:56:38.271+08:00 [INFO] 
符明的回合 (当前手牌数: 2)

2026-05-19T00:56:38.273+08:00 [INFO] 上一手牌，牌型: 0, 牌是：不出

2026-05-19T00:56:38.274+08:00 [INFO] 请选择要出的牌 (输入牌的序号，用逗号分隔，0表示不出): 
2026-05-19T00:56:38.276+08:00 [INFO] 符明出了: ♦9 (1)

2026-05-19T00:56:38.279+08:00 [INFO] 用户 1 发送消息: {"type":"outCard","data":"{\"pid\":2,\"cardIds\":[25],\"card_type\":1,\"cards_num\":1,\"code\":0,\"current\":3,\"mustPid\":2,\"outCardTimeout\":30}","from":""}
2026-05-19T00:56:39.284+08:00 [INFO] 
堵妙绿的回合 (当前手牌数: 6)

2026-05-19T00:56:39.284+08:00 [INFO] 上一手牌，牌型: 1, 牌是：♦9

2026-05-19T00:56:39.285+08:00 [INFO] 请选择要出的牌 (输入牌的序号，用逗号分隔，0表示不出): 
2026-05-19T00:56:40.273+08:00 [INFO] 
堵妙绿的回合 (当前手牌数: 6)

2026-05-19T00:56:40.274+08:00 [INFO] 上一手牌，牌型: 1, 牌是：♦9

2026-05-19T00:56:40.278+08:00 [INFO] 请选择要出的牌 (输入牌的序号，用逗号分隔，0表示不出): 
2026-05-19T00:56:40.279+08:00 [INFO] 堵妙绿不出

2026-05-19T00:56:40.281+08:00 [INFO] 正在订阅 Channel: player:play:card:1，当前玩家: 1
2026-05-19T00:56:40.303+08:00 [INFO] 成功订阅 Channel: player:play:card:1
2026-05-19T00:56:40.307+08:00 [INFO] 用户 1 发送消息: {"type":"pass","data":"{\"pid\":3,\"cardIds\":null,\"card_type\":0,\"cards_num\":6,\"code\":0,\"current\":0,\"mustPid\":2,\"outCardTimeout\":30}","from":""}
2026-05-19T00:56:41.271+08:00 [INFO] 
1的回合 (当前手牌数: 13)

2026-05-19T00:56:41.272+08:00 [INFO] 上一手牌，牌型: 1, 牌是：♦9

2026-05-19T00:56:41.273+08:00 [INFO] 请选择要出的牌 (输入牌的序号，用逗号分隔，0表示不出): 
2026-05-19T00:56:41.275+08:00 [INFO] 用户 1 接收出牌消息1: <nil>
2026-05-19T00:56:41.276+08:00 [INFO] 用户 1 接收出牌消息2: {0 [] 0}
2026-05-19T00:56:42.270+08:00 [INFO] 
1的回合 (当前手牌数: 13)

2026-05-19T00:56:42.274+08:00 [INFO] 上一手牌，牌型: 1, 牌是：♦9

2026-05-19T00:56:42.274+08:00 [INFO] 请选择要出的牌 (输入牌的序号，用逗号分隔，0表示不出): 
2026-05-19T00:56:42.276+08:00 [INFO] 用户 1 接收出牌消息1: <nil>
2026-05-19T00:56:42.278+08:00 [INFO] 用户 1 接收出牌消息2: {0 [] 0}
2026-05-19T00:56:42.929+08:00 [INFO] heartbeatCheck: 17.9389158s
2026-05-19T00:56:43.270+08:00 [INFO] 
1的回合 (当前手牌数: 13)

2026-05-19T00:56:43.273+08:00 [INFO] 上一手牌，牌型: 1, 牌是：♦9

2026-05-19T00:56:43.274+08:00 [INFO] 请选择要出的牌 (输入牌的序号，用逗号分隔，0表示不出): 
2026-05-19T00:56:43.277+08:00 [INFO] 用户 1 接收出牌消息1: <nil>
2026-05-19T00:56:43.277+08:00 [INFO] 用户 1 接收出牌消息2: {0 [] 0}
2026-05-19T00:56:44.271+08:00 [INFO] 
1的回合 (当前手牌数: 13)

2026-05-19T00:56:44.271+08:00 [INFO] 上一手牌，牌型: 1, 牌是：♦9

2026-05-19T00:56:44.276+08:00 [INFO] 请选择要出的牌 (输入牌的序号，用逗号分隔，0表示不出): 
2026-05-19T00:56:44.277+08:00 [INFO] 用户 1 接收出牌消息1: <nil>
2026-05-19T00:56:44.278+08:00 [INFO] 用户 1 接收出牌消息2: {0 [] 0}
2026-05-19T00:56:45.270+08:00 [INFO] 
1的回合 (当前手牌数: 13)

2026-05-19T00:56:45.271+08:00 [INFO] 上一手牌，牌型: 1, 牌是：♦9

2026-05-19T00:56:45.272+08:00 [INFO] 请选择要出的牌 (输入牌的序号，用逗号分隔，0表示不出): 
2026-05-19T00:56:45.273+08:00 [INFO] 用户 1 接收出牌消息1: <nil>
2026-05-19T00:56:45.273+08:00 [INFO] 用户 1 接收出牌消息2: {0 [] 0}
2026-05-19T00:56:46.274+08:00 [INFO] 
1的回合 (当前手牌数: 13)

2026-05-19T00:56:46.276+08:00 [INFO] 上一手牌，牌型: 1, 牌是：♦9

2026-05-19T00:56:46.278+08:00 [INFO] 请选择要出的牌 (输入牌的序号，用逗号分隔，0表示不出): 
2026-05-19T00:56:46.281+08:00 [INFO] 用户 1 接收出牌消息1: <nil>
2026-05-19T00:56:46.283+08:00 [INFO] 用户 1 接收出牌消息2: {0 [] 0}
2026-05-19T00:56:47.271+08:00 [INFO] 
1的回合 (当前手牌数: 13)

2026-05-19T00:56:47.272+08:00 [INFO] 上一手牌，牌型: 1, 牌是：♦9

2026-05-19T00:56:47.273+08:00 [INFO] 请选择要出的牌 (输入牌的序号，用逗号分隔，0表示不出): 
2026-05-19T00:56:47.274+08:00 [INFO] 用户 1 接收出牌消息1: <nil>
2026-05-19T00:56:47.275+08:00 [INFO] 用户 1 接收出牌消息2: {0 [] 0}
2026-05-19T00:56:47.928+08:00 [INFO] heartbeatCheck: 22.9386573s
2026-05-19T00:56:48.270+08:00 [INFO] 
1的回合 (当前手牌数: 13)

2026-05-19T00:56:48.273+08:00 [INFO] 上一手牌，牌型: 1, 牌是：♦9

2026-05-19T00:56:48.274+08:00 [INFO] 请选择要出的牌 (输入牌的序号，用逗号分隔，0表示不出): 
2026-05-19T00:56:48.275+08:00 [INFO] 用户 1 接收出牌消息1: <nil>
2026-05-19T00:56:48.276+08:00 [INFO] 用户 1 接收出牌消息2: {0 [] 0}
2026-05-19T00:56:49.271+08:00 [INFO] 
1的回合 (当前手牌数: 13)

2026-05-19T00:56:49.272+08:00 [INFO] 上一手牌，牌型: 1, 牌是：♦9

2026-05-19T00:56:49.273+08:00 [INFO] 请选择要出的牌 (输入牌的序号，用逗号分隔，0表示不出): 
2026-05-19T00:56:49.276+08:00 [INFO] 用户 1 接收出牌消息1: <nil>
2026-05-19T00:56:49.278+08:00 [INFO] 用户 1 接收出牌消息2: {0 [] 0}
2026-05-19T00:56:50.271+08:00 [INFO] 
1的回合 (当前手牌数: 13)

2026-05-19T00:56:50.273+08:00 [INFO] 上一手牌，牌型: 1, 牌是：♦9

2026-05-19T00:56:50.275+08:00 [INFO] 请选择要出的牌 (输入牌的序号，用逗号分隔，0表示不出): 
2026-05-19T00:56:50.278+08:00 [INFO] 用户 1 接收出牌消息1: <nil>
2026-05-19T00:56:50.280+08:00 [INFO] 用户 1 接收出牌消息2: {0 [] 0}
2026-05-19T00:56:50.369+08:00 [INFO] 用户 1 接收消息: {"type":"heartbeat","data":"ping"}（类型: 1）
2026-05-19T00:56:50.373+08:00 [INFO] 用户 1 发送消息: {"type":"heartbeat","data":"pong","from":"1"}
2026-05-19T00:56:51.272+08:00 [INFO] 
1的回合 (当前手牌数: 13)

2026-05-19T00:56:51.274+08:00 [INFO] 上一手牌，牌型: 1, 牌是：♦9

2026-05-19T00:56:51.275+08:00 [INFO] 请选择要出的牌 (输入牌的序号，用逗号分隔，0表示不出): 
2026-05-19T00:56:51.277+08:00 [INFO] 用户 1 接收出牌消息1: <nil>
2026-05-19T00:56:51.278+08:00 [INFO] 用户 1 接收出牌消息2: {0 [] 0}
2026-05-19T00:56:52.271+08:00 [INFO] 
1的回合 (当前手牌数: 13)

2026-05-19T00:56:52.272+08:00 [INFO] 上一手牌，牌型: 1, 牌是：♦9

2026-05-19T00:56:52.273+08:00 [INFO] 请选择要出的牌 (输入牌的序号，用逗号分隔，0表示不出): 
2026-05-19T00:56:52.273+08:00 [INFO] 用户 1 接收出牌消息1: <nil>
2026-05-19T00:56:52.275+08:00 [INFO] 用户 1 接收出牌消息2: {0 [] 0}
2026-05-19T00:56:52.928+08:00 [INFO] heartbeatCheck: 2.5589108s
2026-05-19T00:56:53.272+08:00 [INFO] 
1的回合 (当前手牌数: 13)

2026-05-19T00:56:53.274+08:00 [INFO] 上一手牌，牌型: 1, 牌是：♦9

2026-05-19T00:56:53.277+08:00 [INFO] 请选择要出的牌 (输入牌的序号，用逗号分隔，0表示不出): 
2026-05-19T00:56:53.278+08:00 [INFO] 用户 1 接收出牌消息1: <nil>
2026-05-19T00:56:53.280+08:00 [INFO] 用户 1 接收出牌消息2: {0 [] 0}
2026-05-19T00:56:54.270+08:00 [INFO] 
1的回合 (当前手牌数: 13)

2026-05-19T00:56:54.271+08:00 [INFO] 上一手牌，牌型: 1, 牌是：♦9

2026-05-19T00:56:54.273+08:00 [INFO] 请选择要出的牌 (输入牌的序号，用逗号分隔，0表示不出): 
2026-05-19T00:56:54.274+08:00 [INFO] 用户 1 接收出牌消息1: <nil>
2026-05-19T00:56:54.274+08:00 [INFO] 用户 1 接收出牌消息2: {0 [] 0}
2026-05-19T00:56:55.271+08:00 [INFO] 
1的回合 (当前手牌数: 13)

2026-05-19T00:56:55.273+08:00 [INFO] 上一手牌，牌型: 1, 牌是：♦9

2026-05-19T00:56:55.274+08:00 [INFO] 请选择要出的牌 (输入牌的序号，用逗号分隔，0表示不出): 
2026-05-19T00:56:55.277+08:00 [INFO] 用户 1 接收出牌消息1: <nil>
2026-05-19T00:56:55.279+08:00 [INFO] 用户 1 接收出牌消息2: {0 [] 0}
2026-05-19T00:56:56.274+08:00 [INFO] 
1的回合 (当前手牌数: 13)

2026-05-19T00:56:56.279+08:00 [INFO] 上一手牌，牌型: 1, 牌是：♦9

2026-05-19T00:56:56.279+08:00 [INFO] 请选择要出的牌 (输入牌的序号，用逗号分隔，0表示不出): 
2026-05-19T00:56:56.287+08:00 [INFO] 用户 1 接收出牌消息1: <nil>
2026-05-19T00:56:56.291+08:00 [INFO] 用户 1 接收出牌消息2: {0 [] 0}
2026-05-19T00:56:57.271+08:00 [INFO] 
1的回合 (当前手牌数: 13)

2026-05-19T00:56:57.272+08:00 [INFO] 上一手牌，牌型: 1, 牌是：♦9

2026-05-19T00:56:57.272+08:00 [INFO] 请选择要出的牌 (输入牌的序号，用逗号分隔，0表示不出): 
2026-05-19T00:56:57.273+08:00 [INFO] 用户 1 接收出牌消息1: <nil>
2026-05-19T00:56:57.276+08:00 [INFO] 用户 1 接收出牌消息2: {0 [] 0}
2026-05-19T00:56:57.928+08:00 [INFO] heartbeatCheck: 7.5589612s
2026-05-19T00:56:58.271+08:00 [INFO] 
1的回合 (当前手牌数: 13)

2026-05-19T00:56:58.274+08:00 [INFO] 上一手牌，牌型: 1, 牌是：♦9

2026-05-19T00:56:58.275+08:00 [INFO] 请选择要出的牌 (输入牌的序号，用逗号分隔，0表示不出): 
2026-05-19T00:56:58.277+08:00 [INFO] 用户 1 接收出牌消息1: <nil>
2026-05-19T00:56:58.278+08:00 [INFO] 用户 1 接收出牌消息2: {0 [] 0}
2026-05-19T00:56:59.271+08:00 [INFO] 
1的回合 (当前手牌数: 13)

2026-05-19T00:56:59.272+08:00 [INFO] 上一手牌，牌型: 1, 牌是：♦9

2026-05-19T00:56:59.273+08:00 [INFO] 请选择要出的牌 (输入牌的序号，用逗号分隔，0表示不出): 
2026-05-19T00:56:59.274+08:00 [INFO] 用户 1 接收出牌消息1: <nil>
2026-05-19T00:56:59.275+08:00 [INFO] 用户 1 接收出牌消息2: {0 [] 0}
2026-05-19T00:57:00.270+08:00 [INFO] 
1的回合 (当前手牌数: 13)

2026-05-19T00:57:00.273+08:00 [INFO] 上一手牌，牌型: 1, 牌是：♦9

2026-05-19T00:57:00.274+08:00 [INFO] 请选择要出的牌 (输入牌的序号，用逗号分隔，0表示不出): 
2026-05-19T00:57:00.279+08:00 [INFO] 用户 1 接收出牌消息1: <nil>
2026-05-19T00:57:00.281+08:00 [INFO] 用户 1 接收出牌消息2: {0 [] 0}
2026-05-19T00:57:00.436+08:00 [INFO] 用户 1 接收消息: {"type":"heartbeat","data":"ping"}（类型: 1）
2026-05-19T00:57:00.439+08:00 [INFO] 用户 1 发送消息: {"type":"heartbeat","data":"pong","from":"1"}
2026-05-19T00:57:01.270+08:00 [INFO] 
1的回合 (当前手牌数: 13)

2026-05-19T00:57:01.272+08:00 [INFO] 上一手牌，牌型: 1, 牌是：♦9

2026-05-19T00:57:01.272+08:00 [INFO] 请选择要出的牌 (输入牌的序号，用逗号分隔，0表示不出): 
2026-05-19T00:57:01.273+08:00 [INFO] 用户 1 接收出牌消息1: <nil>
2026-05-19T00:57:01.274+08:00 [INFO] 用户 1 接收出牌消息2: {0 [] 0}
2026-05-19T00:57:02.272+08:00 [INFO] 
1的回合 (当前手牌数: 13)

2026-05-19T00:57:02.274+08:00 [INFO] 上一手牌，牌型: 1, 牌是：♦9

2026-05-19T00:57:02.275+08:00 [INFO] 请选择要出的牌 (输入牌的序号，用逗号分隔，0表示不出): 
2026-05-19T00:57:02.278+08:00 [INFO] 用户 1 接收出牌消息1: <nil>
2026-05-19T00:57:02.280+08:00 [INFO] 用户 1 接收出牌消息2: {0 [] 0}
2026-05-19T00:57:02.929+08:00 [INFO] heartbeatCheck: 2.4930389s
2026-05-19T00:57:03.277+08:00 [INFO] 
1的回合 (当前手牌数: 13)

2026-05-19T00:57:03.278+08:00 [INFO] 上一手牌，牌型: 1, 牌是：♦9

2026-05-19T00:57:03.279+08:00 [INFO] 请选择要出的牌 (输入牌的序号，用逗号分隔，0表示不出): 
2026-05-19T00:57:03.280+08:00 [INFO] 用户 1 接收出牌消息1: <nil>
2026-05-19T00:57:03.280+08:00 [INFO] 用户 1 接收出牌消息2: {0 [] 0}
2026-05-19T00:57:04.270+08:00 [INFO] 
1的回合 (当前手牌数: 13)

2026-05-19T00:57:04.273+08:00 [INFO] 上一手牌，牌型: 1, 牌是：♦9

2026-05-19T00:57:04.274+08:00 [INFO] 请选择要出的牌 (输入牌的序号，用逗号分隔，0表示不出): 
2026-05-19T00:57:04.277+08:00 [INFO] 用户 1 接收出牌消息1: <nil>
2026-05-19T00:57:04.281+08:00 [INFO] 用户 1 接收出牌消息2: {0 [] 0}
2026-05-19T00:57:05.272+08:00 [INFO] 
1的回合 (当前手牌数: 13)

2026-05-19T00:57:05.273+08:00 [INFO] 上一手牌，牌型: 1, 牌是：♦9

2026-05-19T00:57:05.275+08:00 [INFO] 请选择要出的牌 (输入牌的序号，用逗号分隔，0表示不出): 
2026-05-19T00:57:05.279+08:00 [INFO] 用户 1 接收出牌消息1: <nil>
2026-05-19T00:57:05.281+08:00 [INFO] 用户 1 接收出牌消息2: {0 [] 0}
2026-05-19T00:57:06.270+08:00 [INFO] 
1的回合 (当前手牌数: 13)

2026-05-19T00:57:06.273+08:00 [INFO] 上一手牌，牌型: 1, 牌是：♦9

2026-05-19T00:57:06.278+08:00 [INFO] 请选择要出的牌 (输入牌的序号，用逗号分隔，0表示不出): 
2026-05-19T00:57:06.279+08:00 [INFO] 用户 1 接收出牌消息1: <nil>
2026-05-19T00:57:06.281+08:00 [INFO] 用户 1 接收出牌消息2: {0 [] 0}
2026-05-19T00:57:07.273+08:00 [INFO] 
1的回合 (当前手牌数: 13)

2026-05-19T00:57:07.275+08:00 [INFO] 上一手牌，牌型: 1, 牌是：♦9

2026-05-19T00:57:07.278+08:00 [INFO] 请选择要出的牌 (输入牌的序号，用逗号分隔，0表示不出): 
2026-05-19T00:57:07.279+08:00 [INFO] 用户 1 接收出牌消息1: <nil>
2026-05-19T00:57:07.280+08:00 [INFO] 用户 1 接收出牌消息2: {0 [] 0}
2026-05-19T00:57:07.929+08:00 [INFO] heartbeatCheck: 7.4932199s
2026-05-19T00:57:08.270+08:00 [INFO] 
1的回合 (当前手牌数: 13)

2026-05-19T00:57:08.274+08:00 [INFO] 上一手牌，牌型: 1, 牌是：♦9

2026-05-19T00:57:08.276+08:00 [INFO] 请选择要出的牌 (输入牌的序号，用逗号分隔，0表示不出): 
2026-05-19T00:57:08.279+08:00 [INFO] 用户 1 接收出牌消息1: <nil>
2026-05-19T00:57:08.281+08:00 [INFO] 用户 1 接收出牌消息2: {0 [] 0}
2026-05-19T00:57:09.270+08:00 [INFO] 
1的回合 (当前手牌数: 13)

2026-05-19T00:57:09.271+08:00 [INFO] 上一手牌，牌型: 1, 牌是：♦9

2026-05-19T00:57:09.273+08:00 [INFO] 请选择要出的牌 (输入牌的序号，用逗号分隔，0表示不出): 
2026-05-19T00:57:09.274+08:00 [INFO] 用户 1 接收出牌消息1: <nil>
2026-05-19T00:57:09.277+08:00 [INFO] 用户 1 接收出牌消息2: {0 [] 0}
2026-05-19T00:57:10.270+08:00 [INFO] 
1的回合 (当前手牌数: 13)

2026-05-19T00:57:10.273+08:00 [INFO] 上一手牌，牌型: 1, 牌是：♦9

2026-05-19T00:57:10.274+08:00 [INFO] 请选择要出的牌 (输入牌的序号，用逗号分隔，0表示不出): 
2026-05-19T00:57:10.275+08:00 [INFO] 用户 1 接收出牌消息1: <nil>
2026-05-19T00:57:10.277+08:00 [INFO] 用户 1 接收出牌消息2: {0 [] 0}
2026-05-19T00:57:10.278+08:00 [INFO] 1不出

2026-05-19T00:57:10.279+08:00 [INFO] ♥9,♣7,♣J,♦J,♦7,♥7,♥K,♣2,♦6,♣10,♠K,♠J,♠9
2026-05-19T00:57:10.282+08:00 [INFO] 用户 1 发送消息: {"type":"pass","data":"{\"pid\":0,\"cardIds\":[],\"card_type\":0,\"cards_num\":13,\"code\":0,\"current\":1,\"mustPid\":2,\"outCardTimeout\":30}","from":""}
2026-05-19T00:57:11.272+08:00 [INFO] 
尤烨伟的回合 (当前手牌数: 4)

2026-05-19T00:57:11.274+08:00 [INFO] 上一手牌，牌型: 1, 牌是：♦9

2026-05-19T00:57:11.276+08:00 [INFO] 请选择要出的牌 (输入牌的序号，用逗号分隔，0表示不出): 
2026-05-19T00:57:12.271+08:00 [INFO] 
尤烨伟的回合 (当前手牌数: 4)

2026-05-19T00:57:12.274+08:00 [INFO] 上一手牌，牌型: 1, 牌是：♦9

2026-05-19T00:57:12.278+08:00 [INFO] 请选择要出的牌 (输入牌的序号，用逗号分隔，0表示不出): 
2026-05-19T00:57:12.279+08:00 [INFO] 尤烨伟出了: ♦Q (1)

2026-05-19T00:57:12.283+08:00 [INFO] 用户 1 发送消息: {"type":"outCard","data":"{\"pid\":1,\"cardIds\":[37],\"card_type\":1,\"cards_num\":3,\"code\":0,\"current\":2,\"mustPid\":1,\"outCardTimeout\":30}","from":""}
2026-05-19T00:57:12.929+08:00 [INFO] heartbeatCheck: 12.4932072s
2026-05-19T00:57:13.270+08:00 [INFO] 
符明的回合 (当前手牌数: 1)

2026-05-19T00:57:13.270+08:00 [INFO] 上一手牌，牌型: 1, 牌是：♦Q

2026-05-19T00:57:13.272+08:00 [INFO] 请选择要出的牌 (输入牌的序号，用逗号分隔，0表示不出): 
2026-05-19T00:57:14.270+08:00 [INFO] 
符明的回合 (当前手牌数: 1)

2026-05-19T00:57:14.275+08:00 [INFO] 上一手牌，牌型: 1, 牌是：♦Q

2026-05-19T00:57:14.277+08:00 [INFO] 请选择要出的牌 (输入牌的序号，用逗号分隔，0表示不出): 
2026-05-19T00:57:14.278+08:00 [INFO] 符明出了: ♠2 (1)

2026-05-19T00:57:14.283+08:00 [INFO] 用户 1 发送消息: {"type":"outCard","data":"{\"pid\":2,\"cardIds\":[52],\"card_type\":1,\"cards_num\":0,\"code\":0,\"current\":3,\"mustPid\":2,\"outCardTimeout\":30}","from":""}
2026-05-19T00:57:15.273+08:00 [INFO] 
游戏结束！恭喜符明！获胜

2026-05-19T00:57:15.277+08:00 [INFO] 游戏每个用户结算信息：0, -13, 719, 1

2026-05-19T00:57:15.279+08:00 [INFO] ♥9,♣7,♣J,♦J,♦7,♥7,♥K,♣2,♦6,♣10,♠K,♠J,♠9
2026-05-19T00:57:15.281+08:00 [INFO] 用户 1 发送消息: {"type":"over","data":"[{\"winName\":\"1\",\"winner\":0,\"point\":719,\"win\":-13}]","from":""}
2026-05-19T00:57:15.295+08:00 [INFO] 执行结算异步任务: Id:3 UserName:"1" Point:719
2026-05-19T00:57:17.928+08:00 [INFO] heartbeatCheck: 17.492804s
2026-05-19T00:57:22.928+08:00 [INFO] heartbeatCheck: 22.4926742s
2026-05-19T00:57:25.302+08:00 [INFO] 用户 1 接收消息: {"type":"heartbeat","data":"ping"}（类型: 1）
2026-05-19T00:57:25.304+08:00 [INFO] 用户 1 发送消息: {"type":"heartbeat","data":"pong","from":"1"}
2026-05-19T00:57:27.929+08:00 [INFO] heartbeatCheck: 2.6274686s
2026-05-19T00:57:32.929+08:00 [INFO] heartbeatCheck: 7.6271177s
2026-05-19T00:57:35.343+08:00 [INFO] 用户 1 接收消息: {"type":"heartbeat","data":"ping"}（类型: 1）
2026-05-19T00:57:35.345+08:00 [INFO] 用户 1 发送消息: {"type":"heartbeat","data":"pong","from":"1"}
2026-05-19T00:57:37.930+08:00 [INFO] heartbeatCheck: 2.5871166s
2026-05-19T00:57:42.929+08:00 [INFO] heartbeatCheck: 7.5860939s
2026-05-19T00:57:45.383+08:00 [INFO] 用户 1 接收消息: {"type":"heartbeat","data":"ping"}（类型: 1）
2026-05-19T00:57:45.386+08:00 [INFO] 用户 1 发送消息: {"type":"heartbeat","data":"pong","from":"1"}
2026-05-19T00:57:47.929+08:00 [INFO] heartbeatCheck: 2.5454427s
2026-05-19T00:57:52.929+08:00 [INFO] heartbeatCheck: 7.5454413s
2026-05-19T00:57:55.420+08:00 [INFO] 用户 1 接收消息: {"type":"heartbeat","data":"ping"}（类型: 1）
2026-05-19T00:57:55.422+08:00 [INFO] 用户 1 发送消息: {"type":"heartbeat","data":"pong","from":"1"}
2026-05-19T00:57:57.929+08:00 [INFO] heartbeatCheck: 2.5092111s
2026-05-19T00:58:02.929+08:00 [INFO] heartbeatCheck: 7.5091871s
2026-05-19T00:58:05.455+08:00 [INFO] 用户 1 接收消息: {"type":"heartbeat","data":"ping"}（类型: 1）
2026-05-19T00:58:05.457+08:00 [INFO] 用户 1 发送消息: {"type":"heartbeat","data":"pong","from":"1"}
2026-05-19T00:58:07.929+08:00 [INFO] heartbeatCheck: 2.4744216s
2026-05-19T00:58:12.928+08:00 [INFO] heartbeatCheck: 7.4737589s
2026-05-19T00:58:15.484+08:00 [INFO] 用户 1 接收消息: {"type":"heartbeat","data":"ping"}（类型: 1）
2026-05-19T00:58:15.485+08:00 [INFO] 用户 1 发送消息: {"type":"heartbeat","data":"pong","from":"1"}
2026-05-19T00:58:17.929+08:00 [INFO] heartbeatCheck: 2.4441682s
2026-05-19T00:58:22.928+08:00 [INFO] heartbeatCheck: 7.4441403s
2026-05-19T00:58:25.533+08:00 [INFO] 用户 1 接收消息: {"type":"heartbeat","data":"ping"}（类型: 1）
2026-05-19T00:58:25.534+08:00 [INFO] 用户 1 发送消息: {"type":"heartbeat","data":"pong","from":"1"}
2026-05-19T00:58:27.929+08:00 [INFO] heartbeatCheck: 2.3965827s
2026-05-19T00:58:32.929+08:00 [INFO] heartbeatCheck: 7.3962946s
2026-05-19T00:58:35.554+08:00 [INFO] 用户 1 接收消息: {"type":"heartbeat","data":"ping"}（类型: 1）
2026-05-19T00:58:35.558+08:00 [INFO] 用户 1 发送消息: {"type":"heartbeat","data":"pong","from":"1"}
2026-05-19T00:58:37.929+08:00 [INFO] heartbeatCheck: 2.3743536s
2026-05-19T00:58:42.928+08:00 [INFO] heartbeatCheck: 7.3739513s
2026-05-19T00:58:45.593+08:00 [INFO] 用户 1 接收消息: {"type":"heartbeat","data":"ping"}（类型: 1）
2026-05-19T00:58:45.617+08:00 [INFO] 用户 1 发送消息: {"type":"heartbeat","data":"pong","from":"1"}
2026-05-19T00:58:47.929+08:00 [INFO] heartbeatCheck: 2.3353521s
2026-05-19T00:58:52.928+08:00 [INFO] heartbeatCheck: 7.3348019s
2026-05-19T00:58:55.687+08:00 [INFO] 用户 1 接收消息: {"type":"heartbeat","data":"ping"}（类型: 1）
2026-05-19T00:58:55.691+08:00 [INFO] 用户 1 发送消息: {"type":"heartbeat","data":"pong","from":"1"}
2026-05-19T00:58:57.928+08:00 [INFO] heartbeatCheck: 2.2414565s
2026-05-19T00:59:02.928+08:00 [INFO] heartbeatCheck: 7.2414758s
2026-05-19T00:59:05.767+08:00 [INFO] 用户 1 接收消息: {"type":"heartbeat","data":"ping"}（类型: 1）
2026-05-19T00:59:05.769+08:00 [INFO] 用户 1 发送消息: {"type":"heartbeat","data":"pong","from":"1"}
2026-05-19T00:59:06.334+08:00 [INFO] 用户 1 接收消息: {"type":"play","data":"","name":""}（类型: 1）
2026-05-19T00:59:06.338+08:00 [INFO] 
===== 房间 90YAFM 游戏开始 =====
2026-05-19T00:59:06.338+08:00 [INFO] 
确定谁先出牌...
2026-05-19T00:59:06.342+08:00 [INFO] 房间 90YAFM 启动消息接收 goroutine
2026-05-19T00:59:06.342+08:00 [INFO] 1的牌: 
2026-05-19T00:59:06.343+08:00 [INFO] ♦Q,♣7,♣J,♠2,♥J,♣2,♠3,♦8,♠4,♣10,♠7,♣3,♦10
2026-05-19T00:59:06.343+08:00 [INFO] 尤烨伟的牌: 
2026-05-19T00:59:06.344+08:00 [INFO] 牌型：2,具体的牌：[[{2 0 ♦2 49 15 ♦} {2 2 ♥2 51 15 ♥}] [{9 1 ♣9 26 9 ♣} {9 3 ♠9 28 9 ♠}] [{8 1 ♣8 22 8 ♣} {8 2 ♥8 23 8 ♥}] [{Q 1 ♣Q 38 12 ♣} {Q 2 ♥Q 39 12 ♥}]] 
2026-05-19T00:59:06.345+08:00 [INFO] 牌型：1,具体的牌：[[{5 0 ♦5 9 5 ♦}] [{A 0 ♦A 45 14 ♦}] [{4 1 ♣4 6 4 ♣}] [{3 2 ♥3 3 3 ♥}] [{10 3 ♠10 32 10 ♠}]] 
2026-05-19T00:59:06.347+08:00 [INFO] 符明的牌: 
2026-05-19T00:59:06.348+08:00 [INFO] 牌型：5,具体的牌：[[{K 0 ♦K 41 13 ♦} {K 2 ♥K 43 13 ♥} {K 3 ♠K 44 13 ♠} {6 0 ♦6 13 6 ♦} {6 3 ♠6 16 6 ♠}]] 
2026-05-19T00:59:06.349+08:00 [INFO] 牌型：2,具体的牌：[[{5 1 ♣5 10 5 ♣} {5 3 ♠5 12 5 ♠}]] 
2026-05-19T00:59:06.351+08:00 [INFO] 牌型：1,具体的牌：[[{7 0 ♦7 17 7 ♦}] [{9 0 ♦9 25 9 ♦}] [{J 0 ♦J 33 11 ♦}] [{4 2 ♥4 7 4 ♥}] [{Q 3 ♠Q 40 12 ♠}] [{A 3 ♠A 48 14 ♠}]] 
2026-05-19T00:59:06.352+08:00 [INFO] 堵妙绿的牌: 
2026-05-19T00:59:06.354+08:00 [INFO] 牌型：4,具体的牌：[[{A 2 ♥A 47 14 ♥} {10 2 ♥10 31 10 ♥} {9 2 ♥9 27 9 ♥} {7 2 ♥7 19 7 ♥} {6 2 ♥6 15 6 ♥}]] 
2026-05-19T00:59:06.354+08:00 [INFO] 牌型：1,具体的牌：[[{3 0 ♦3 1 3 ♦}] [{4 0 ♦4 5 4 ♦}] [{6 1 ♣6 14 6 ♣}] [{K 1 ♣K 42 13 ♣}] [{A 1 ♣A 46 14 ♣}] [{5 2 ♥5 11 5 ♥}] [{8 3 ♠8 24 8 ♠}] [{J 3 ♠J 36 11 ♠}]] 
2026-05-19T00:59:06.354+08:00 [INFO] 用户 1 发送消息: {"type":"showCard","data":"{\"cards\":[37,18,34,52,35,50,4,21,8,30,20,2,29],\"current\":3,\"playerPoint\":719,\"outCardTimeout\":30}","from":""}
2026-05-19T00:59:07.338+08:00 [INFO] 
堵妙绿的回合 (当前手牌数: 13)

2026-05-19T00:59:07.340+08:00 [INFO] 上一手牌，牌型: 0, 牌是：不出

2026-05-19T00:59:07.343+08:00 [INFO] 请选择要出的牌 (输入牌的序号，用逗号分隔，0表示不出): 
2026-05-19T00:59:07.929+08:00 [INFO] heartbeatCheck: 1.5947296s
2026-05-19T00:59:08.360+08:00 [INFO] 
堵妙绿的回合 (当前手牌数: 13)

2026-05-19T00:59:08.363+08:00 [INFO] 上一手牌，牌型: 0, 牌是：不出

2026-05-19T00:59:08.367+08:00 [INFO] 请选择要出的牌 (输入牌的序号，用逗号分隔，0表示不出): 
2026-05-19T00:59:09.344+08:00 [INFO] 
堵妙绿的回合 (当前手牌数: 13)

2026-05-19T00:59:09.345+08:00 [INFO] 上一手牌，牌型: 0, 牌是：不出

2026-05-19T00:59:09.347+08:00 [INFO] 请选择要出的牌 (输入牌的序号，用逗号分隔，0表示不出): 
2026-05-19T00:59:09.349+08:00 [INFO] 堵妙绿出了: ♦3 (1)

2026-05-19T00:59:09.353+08:00 [INFO] 正在订阅 Channel: player:play:card:1，当前玩家: 1
2026-05-19T00:59:09.440+08:00 [INFO] 成功订阅 Channel: player:play:card:1
2026-05-19T00:59:09.452+08:00 [INFO] 用户 1 发送消息: {"type":"outCard","data":"{\"pid\":3,\"cardIds\":[1],\"card_type\":1,\"cards_num\":12,\"code\":0,\"current\":0,\"mustPid\":3,\"outCardTimeout\":30}","from":""}
2026-05-19T00:59:10.351+08:00 [INFO] 
1的回合 (当前手牌数: 13)

2026-05-19T00:59:10.351+08:00 [INFO] 上一手牌，牌型: 1, 牌是：♦3

2026-05-19T00:59:10.353+08:00 [INFO] 请选择要出的牌 (输入牌的序号，用逗号分隔，0表示不出): 
2026-05-19T00:59:10.353+08:00 [INFO] 用户 1 接收出牌消息1: <nil>
2026-05-19T00:59:10.354+08:00 [INFO] 用户 1 接收出牌消息2: {0 [] 0}
2026-05-19T00:59:11.404+08:00 [INFO] 
1的回合 (当前手牌数: 13)

2026-05-19T00:59:11.406+08:00 [INFO] 上一手牌，牌型: 1, 牌是：♦3

2026-05-19T00:59:11.408+08:00 [INFO] 请选择要出的牌 (输入牌的序号，用逗号分隔，0表示不出): 
2026-05-19T00:59:11.409+08:00 [INFO] 用户 1 接收出牌消息1: <nil>
2026-05-19T00:59:11.410+08:00 [INFO] 用户 1 接收出牌消息2: {0 [] 0}
2026-05-19T00:59:12.405+08:00 [INFO] 
1的回合 (当前手牌数: 13)

2026-05-19T00:59:12.407+08:00 [INFO] 上一手牌，牌型: 1, 牌是：♦3

2026-05-19T00:59:12.408+08:00 [INFO] 请选择要出的牌 (输入牌的序号，用逗号分隔，0表示不出): 
2026-05-19T00:59:12.413+08:00 [INFO] 用户 1 接收出牌消息1: <nil>
2026-05-19T00:59:12.414+08:00 [INFO] 用户 1 接收出牌消息2: {0 [] 0}
2026-05-19T00:59:12.930+08:00 [INFO] heartbeatCheck: 6.5960083s
2026-05-19T00:59:13.338+08:00 [INFO] 
1的回合 (当前手牌数: 13)

2026-05-19T00:59:13.343+08:00 [INFO] 上一手牌，牌型: 1, 牌是：♦3

2026-05-19T00:59:13.344+08:00 [INFO] 请选择要出的牌 (输入牌的序号，用逗号分隔，0表示不出): 
2026-05-19T00:59:13.346+08:00 [INFO] 用户 1 接收出牌消息1: <nil>
2026-05-19T00:59:13.348+08:00 [INFO] 用户 1 接收出牌消息2: {0 [] 0}
2026-05-19T00:59:14.339+08:00 [INFO] 
1的回合 (当前手牌数: 13)

2026-05-19T00:59:14.344+08:00 [INFO] 上一手牌，牌型: 1, 牌是：♦3

2026-05-19T00:59:14.346+08:00 [INFO] 请选择要出的牌 (输入牌的序号，用逗号分隔，0表示不出): 
2026-05-19T00:59:14.350+08:00 [INFO] 用户 1 接收出牌消息1: <nil>
2026-05-19T00:59:14.352+08:00 [INFO] 用户 1 接收出牌消息2: {0 [] 0}
2026-05-19T00:59:14.686+08:00 [INFO] 用户 1 接收消息: {"type":"playCard","data":"{\"pid\":0,\"pass\":1}"}（类型: 1）
2026-05-19T00:59:14.699+08:00 [INFO] 用户 1 发送出牌消息: {"pid":0,"cardIds":null,"pass":1}
2026-05-19T00:59:15.339+08:00 [INFO] 
1的回合 (当前手牌数: 13)

2026-05-19T00:59:15.339+08:00 [INFO] 上一手牌，牌型: 1, 牌是：♦3

2026-05-19T00:59:15.340+08:00 [INFO] 请选择要出的牌 (输入牌的序号，用逗号分隔，0表示不出): 
2026-05-19T00:59:15.343+08:00 [INFO] 从队列收到消息: playCard
2026-05-19T00:59:15.344+08:00 [INFO] 用户 1 接收出牌消息1: &{playCard {"pid":0,"cardIds":null,"pass":1} 1}
2026-05-19T00:59:15.345+08:00 [INFO] 用户 1 接收出牌消息2: {0 [] 1}
2026-05-19T00:59:15.346+08:00 [INFO] 1不出

2026-05-19T00:59:15.348+08:00 [INFO] ♦Q,♣7,♣J,♠2,♥J,♣2,♠3,♦8,♠4,♣10,♠7,♣3,♦10
2026-05-19T00:59:15.353+08:00 [INFO] 用户 1 发送消息: {"type":"pass","data":"{\"pid\":0,\"cardIds\":[],\"card_type\":0,\"cards_num\":13,\"code\":0,\"current\":1,\"mustPid\":3,\"outCardTimeout\":30}","from":""}
2026-05-19T00:59:16.339+08:00 [INFO] 
尤烨伟的回合 (当前手牌数: 13)

2026-05-19T00:59:16.340+08:00 [INFO] 上一手牌，牌型: 1, 牌是：♦3

2026-05-19T00:59:16.342+08:00 [INFO] 请选择要出的牌 (输入牌的序号，用逗号分隔，0表示不出): 
2026-05-19T00:59:17.339+08:00 [INFO] 
尤烨伟的回合 (当前手牌数: 13)

2026-05-19T00:59:17.342+08:00 [INFO] 上一手牌，牌型: 1, 牌是：♦3

2026-05-19T00:59:17.345+08:00 [INFO] 请选择要出的牌 (输入牌的序号，用逗号分隔，0表示不出): 
2026-05-19T00:59:17.346+08:00 [INFO] 尤烨伟出了: ♥3 (1)

2026-05-19T00:59:17.351+08:00 [INFO] 用户 1 发送消息: {"type":"outCard","data":"{\"pid\":1,\"cardIds\":[3],\"card_type\":1,\"cards_num\":12,\"code\":0,\"current\":2,\"mustPid\":1,\"outCardTimeout\":30}","from":""}
2026-05-19T00:59:17.929+08:00 [INFO] heartbeatCheck: 3.2428162s
2026-05-19T00:59:18.674+08:00 [INFO] 
符明的回合 (当前手牌数: 13)

2026-05-19T00:59:18.677+08:00 [INFO] 上一手牌，牌型: 1, 牌是：♥3

2026-05-19T00:59:18.677+08:00 [INFO] 请选择要出的牌 (输入牌的序号，用逗号分隔，0表示不出): 
2026-05-19T00:59:19.638+08:00 [INFO] 
符明的回合 (当前手牌数: 13)

2026-05-19T00:59:19.639+08:00 [INFO] 上一手牌，牌型: 1, 牌是：♥3

2026-05-19T00:59:19.641+08:00 [INFO] 请选择要出的牌 (输入牌的序号，用逗号分隔，0表示不出): 
2026-05-19T00:59:20.641+08:00 [INFO] 
符明的回合 (当前手牌数: 13)

2026-05-19T00:59:20.642+08:00 [INFO] 上一手牌，牌型: 1, 牌是：♥3

2026-05-19T00:59:20.644+08:00 [INFO] 请选择要出的牌 (输入牌的序号，用逗号分隔，0表示不出): 
2026-05-19T00:59:20.648+08:00 [INFO] 符明出了: ♥4 (1)

2026-05-19T00:59:20.653+08:00 [INFO] 用户 1 发送消息: {"type":"outCard","data":"{\"pid\":2,\"cardIds\":[7],\"card_type\":1,\"cards_num\":12,\"code\":0,\"current\":3,\"mustPid\":2,\"outCardTimeout\":30}","from":""}
2026-05-19T00:59:21.639+08:00 [INFO] 
堵妙绿的回合 (当前手牌数: 12)

2026-05-19T00:59:21.642+08:00 [INFO] 上一手牌，牌型: 1, 牌是：♥4

2026-05-19T00:59:21.645+08:00 [INFO] 请选择要出的牌 (输入牌的序号，用逗号分隔，0表示不出): 
2026-05-19T00:59:22.638+08:00 [INFO] 
堵妙绿的回合 (当前手牌数: 12)

2026-05-19T00:59:22.639+08:00 [INFO] 上一手牌，牌型: 1, 牌是：♥4

2026-05-19T00:59:22.642+08:00 [INFO] 请选择要出的牌 (输入牌的序号，用逗号分隔，0表示不出): 
2026-05-19T00:59:22.929+08:00 [INFO] heartbeatCheck: 8.2425672s
2026-05-19T00:59:23.639+08:00 [INFO] 
堵妙绿的回合 (当前手牌数: 12)

2026-05-19T00:59:23.640+08:00 [INFO] 上一手牌，牌型: 1, 牌是：♥4

2026-05-19T00:59:23.640+08:00 [INFO] 请选择要出的牌 (输入牌的序号，用逗号分隔，0表示不出): 
2026-05-19T00:59:23.643+08:00 [INFO] 堵妙绿出了: ♥5 (1)

2026-05-19T00:59:23.646+08:00 [INFO] 正在订阅 Channel: player:play:card:1，当前玩家: 1
2026-05-19T00:59:23.662+08:00 [INFO] 成功订阅 Channel: player:play:card:1
2026-05-19T00:59:23.666+08:00 [INFO] 用户 1 发送消息: {"type":"outCard","data":"{\"pid\":3,\"cardIds\":[11],\"card_type\":1,\"cards_num\":11,\"code\":0,\"current\":0,\"mustPid\":3,\"outCardTimeout\":30}","from":""}
2026-05-19T00:59:24.638+08:00 [INFO] 
1的回合 (当前手牌数: 13)

2026-05-19T00:59:24.639+08:00 [INFO] 上一手牌，牌型: 1, 牌是：♥5

2026-05-19T00:59:24.640+08:00 [INFO] 请选择要出的牌 (输入牌的序号，用逗号分隔，0表示不出): 
2026-05-19T00:59:24.643+08:00 [INFO] 用户 1 接收出牌消息1: <nil>
2026-05-19T00:59:24.644+08:00 [INFO] 用户 1 接收出牌消息2: {0 [] 0}
2026-05-19T00:59:25.639+08:00 [INFO] 
1的回合 (当前手牌数: 13)

2026-05-19T00:59:25.642+08:00 [INFO] 上一手牌，牌型: 1, 牌是：♥5

2026-05-19T00:59:25.643+08:00 [INFO] 请选择要出的牌 (输入牌的序号，用逗号分隔，0表示不出): 
2026-05-19T00:59:25.643+08:00 [INFO] 用户 1 接收出牌消息1: <nil>
2026-05-19T00:59:25.644+08:00 [INFO] 用户 1 接收出牌消息2: {0 [] 0}
2026-05-19T00:59:26.638+08:00 [INFO] 
1的回合 (当前手牌数: 13)

2026-05-19T00:59:26.639+08:00 [INFO] 上一手牌，牌型: 1, 牌是：♥5

2026-05-19T00:59:26.641+08:00 [INFO] 请选择要出的牌 (输入牌的序号，用逗号分隔，0表示不出): 
2026-05-19T00:59:26.642+08:00 [INFO] 用户 1 接收出牌消息1: <nil>
2026-05-19T00:59:26.643+08:00 [INFO] 用户 1 接收出牌消息2: {0 [] 0}
2026-05-19T00:59:27.638+08:00 [INFO] 
1的回合 (当前手牌数: 13)

2026-05-19T00:59:27.640+08:00 [INFO] 上一手牌，牌型: 1, 牌是：♥5

2026-05-19T00:59:27.641+08:00 [INFO] 请选择要出的牌 (输入牌的序号，用逗号分隔，0表示不出): 
2026-05-19T00:59:27.642+08:00 [INFO] 用户 1 接收出牌消息1: <nil>
2026-05-19T00:59:27.645+08:00 [INFO] 用户 1 接收出牌消息2: {0 [] 0}
2026-05-19T00:59:27.928+08:00 [INFO] heartbeatCheck: 13.242242s
2026-05-19T00:59:28.255+08:00 [INFO] 用户 1 接收消息: {"type":"playCard","data":"{\"pid\":0,\"pass\":1}"}（类型: 1）
2026-05-19T00:59:28.265+08:00 [INFO] 用户 1 发送出牌消息: {"pid":0,"cardIds":null,"pass":1}
2026-05-19T00:59:28.638+08:00 [INFO] 
1的回合 (当前手牌数: 13)

2026-05-19T00:59:28.639+08:00 [INFO] 上一手牌，牌型: 1, 牌是：♥5

2026-05-19T00:59:28.641+08:00 [INFO] 请选择要出的牌 (输入牌的序号，用逗号分隔，0表示不出): 
2026-05-19T00:59:28.641+08:00 [INFO] 从队列收到消息: playCard
2026-05-19T00:59:28.642+08:00 [INFO] 用户 1 接收出牌消息1: &{playCard {"pid":0,"cardIds":null,"pass":1} 1}
2026-05-19T00:59:28.644+08:00 [INFO] 用户 1 接收出牌消息2: {0 [] 1}
2026-05-19T00:59:28.647+08:00 [INFO] 1不出

2026-05-19T00:59:28.649+08:00 [INFO] ♦Q,♣7,♣J,♠2,♥J,♣2,♠3,♦8,♠4,♣10,♠7,♣3,♦10
2026-05-19T00:59:28.652+08:00 [INFO] 用户 1 发送消息: {"type":"pass","data":"{\"pid\":0,\"cardIds\":[],\"card_type\":0,\"cards_num\":13,\"code\":0,\"current\":1,\"mustPid\":3,\"outCardTimeout\":30}","from":""}
2026-05-19T00:59:29.638+08:00 [INFO] 
尤烨伟的回合 (当前手牌数: 12)

2026-05-19T00:59:29.639+08:00 [INFO] 上一手牌，牌型: 1, 牌是：♥5

2026-05-19T00:59:29.640+08:00 [INFO] 请选择要出的牌 (输入牌的序号，用逗号分隔，0表示不出): 
2026-05-19T00:59:30.639+08:00 [INFO] 
尤烨伟的回合 (当前手牌数: 12)

2026-05-19T00:59:30.642+08:00 [INFO] 上一手牌，牌型: 1, 牌是：♥5

2026-05-19T00:59:30.643+08:00 [INFO] 请选择要出的牌 (输入牌的序号，用逗号分隔，0表示不出): 
2026-05-19T00:59:31.638+08:00 [INFO] 
尤烨伟的回合 (当前手牌数: 12)

2026-05-19T00:59:31.638+08:00 [INFO] 上一手牌，牌型: 1, 牌是：♥5

2026-05-19T00:59:31.640+08:00 [INFO] 请选择要出的牌 (输入牌的序号，用逗号分隔，0表示不出): 
2026-05-19T00:59:31.641+08:00 [INFO] 尤烨伟出了: ♠10 (1)

2026-05-19T00:59:31.644+08:00 [INFO] 用户 1 发送消息: {"type":"outCard","data":"{\"pid\":1,\"cardIds\":[32],\"card_type\":1,\"cards_num\":11,\"code\":0,\"current\":2,\"mustPid\":1,\"outCardTimeout\":30}","from":""}
2026-05-19T00:59:32.639+08:00 [INFO] 
符明的回合 (当前手牌数: 12)

2026-05-19T00:59:32.640+08:00 [INFO] 上一手牌，牌型: 1, 牌是：♠10

2026-05-19T00:59:32.642+08:00 [INFO] 请选择要出的牌 (输入牌的序号，用逗号分隔，0表示不出): 
2026-05-19T00:59:32.929+08:00 [INFO] heartbeatCheck: 4.6740261s
2026-05-19T00:59:33.659+08:00 [INFO] 
符明的回合 (当前手牌数: 12)

2026-05-19T00:59:33.663+08:00 [INFO] 上一手牌，牌型: 1, 牌是：♠10

2026-05-19T00:59:33.664+08:00 [INFO] 请选择要出的牌 (输入牌的序号，用逗号分隔，0表示不出): 
2026-05-19T00:59:33.665+08:00 [INFO] 符明出了: ♦J (1)

2026-05-19T00:59:33.672+08:00 [INFO] 用户 1 发送消息: {"type":"outCard","data":"{\"pid\":2,\"cardIds\":[33],\"card_type\":1,\"cards_num\":11,\"code\":0,\"current\":3,\"mustPid\":2,\"outCardTimeout\":30}","from":""}
2026-05-19T00:59:34.638+08:00 [INFO] 
堵妙绿的回合 (当前手牌数: 11)

2026-05-19T00:59:34.639+08:00 [INFO] 上一手牌，牌型: 1, 牌是：♦J

2026-05-19T00:59:34.641+08:00 [INFO] 请选择要出的牌 (输入牌的序号，用逗号分隔，0表示不出): 
2026-05-19T00:59:35.639+08:00 [INFO] 
堵妙绿的回合 (当前手牌数: 11)

2026-05-19T00:59:35.641+08:00 [INFO] 上一手牌，牌型: 1, 牌是：♦J

2026-05-19T00:59:35.643+08:00 [INFO] 请选择要出的牌 (输入牌的序号，用逗号分隔，0表示不出): 
2026-05-19T00:59:35.644+08:00 [INFO] 堵妙绿出了: ♠J (1)

2026-05-19T00:59:35.647+08:00 [INFO] 正在订阅 Channel: player:play:card:1，当前玩家: 1
2026-05-19T00:59:35.654+08:00 [INFO] 成功订阅 Channel: player:play:card:1
2026-05-19T00:59:35.660+08:00 [INFO] 用户 1 发送消息: {"type":"outCard","data":"{\"pid\":3,\"cardIds\":[36],\"card_type\":1,\"cards_num\":10,\"code\":0,\"current\":0,\"mustPid\":3,\"outCardTimeout\":30}","from":""}
2026-05-19T00:59:36.638+08:00 [INFO] 
1的回合 (当前手牌数: 13)

2026-05-19T00:59:36.641+08:00 [INFO] 上一手牌，牌型: 1, 牌是：♠J

2026-05-19T00:59:36.642+08:00 [INFO] 请选择要出的牌 (输入牌的序号，用逗号分隔，0表示不出): 
2026-05-19T00:59:36.643+08:00 [INFO] 用户 1 接收出牌消息1: <nil>
2026-05-19T00:59:36.645+08:00 [INFO] 用户 1 接收出牌消息2: {0 [] 0}
2026-05-19T00:59:37.638+08:00 [INFO] 
1的回合 (当前手牌数: 13)

2026-05-19T00:59:37.639+08:00 [INFO] 上一手牌，牌型: 1, 牌是：♠J

2026-05-19T00:59:37.642+08:00 [INFO] 请选择要出的牌 (输入牌的序号，用逗号分隔，0表示不出): 
2026-05-19T00:59:37.643+08:00 [INFO] 用户 1 接收出牌消息1: <nil>
2026-05-19T00:59:37.645+08:00 [INFO] 用户 1 接收出牌消息2: {0 [] 0}
2026-05-19T00:59:37.930+08:00 [INFO] heartbeatCheck: 9.6744254s
2026-05-19T00:59:38.639+08:00 [INFO] 
1的回合 (当前手牌数: 13)

2026-05-19T00:59:38.640+08:00 [INFO] 上一手牌，牌型: 1, 牌是：♠J

2026-05-19T00:59:38.641+08:00 [INFO] 请选择要出的牌 (输入牌的序号，用逗号分隔，0表示不出): 
2026-05-19T00:59:38.644+08:00 [INFO] 用户 1 接收出牌消息1: <nil>
2026-05-19T00:59:38.645+08:00 [INFO] 用户 1 接收出牌消息2: {0 [] 0}
2026-05-19T00:59:39.179+08:00 [INFO] 用户 1 接收消息: {"type":"playCard","data":"{\"pid\":0,\"pass\":1}"}（类型: 1）
2026-05-19T00:59:39.189+08:00 [INFO] 用户 1 发送出牌消息: {"pid":0,"cardIds":null,"pass":1}
2026-05-19T00:59:39.638+08:00 [INFO] 
1的回合 (当前手牌数: 13)

2026-05-19T00:59:39.641+08:00 [INFO] 上一手牌，牌型: 1, 牌是：♠J

2026-05-19T00:59:39.644+08:00 [INFO] 请选择要出的牌 (输入牌的序号，用逗号分隔，0表示不出): 
2026-05-19T00:59:39.644+08:00 [INFO] 从队列收到消息: playCard
2026-05-19T00:59:39.646+08:00 [INFO] 用户 1 接收出牌消息1: &{playCard {"pid":0,"cardIds":null,"pass":1} 1}
2026-05-19T00:59:39.648+08:00 [INFO] 用户 1 接收出牌消息2: {0 [] 1}
2026-05-19T00:59:39.649+08:00 [INFO] 1不出

2026-05-19T00:59:39.650+08:00 [INFO] ♦Q,♣7,♣J,♠2,♥J,♣2,♠3,♦8,♠4,♣10,♠7,♣3,♦10
2026-05-19T00:59:39.653+08:00 [INFO] 用户 1 发送消息: {"type":"pass","data":"{\"pid\":0,\"cardIds\":[],\"card_type\":0,\"cards_num\":13,\"code\":0,\"current\":1,\"mustPid\":3,\"outCardTimeout\":30}","from":""}
2026-05-19T00:59:40.639+08:00 [INFO] 
尤烨伟的回合 (当前手牌数: 11)

2026-05-19T00:59:40.640+08:00 [INFO] 上一手牌，牌型: 1, 牌是：♠J

2026-05-19T00:59:40.643+08:00 [INFO] 请选择要出的牌 (输入牌的序号，用逗号分隔，0表示不出): 
2026-05-19T00:59:41.638+08:00 [INFO] 
尤烨伟的回合 (当前手牌数: 11)

2026-05-19T00:59:41.638+08:00 [INFO] 上一手牌，牌型: 1, 牌是：♠J

2026-05-19T00:59:41.639+08:00 [INFO] 请选择要出的牌 (输入牌的序号，用逗号分隔，0表示不出): 
2026-05-19T00:59:41.643+08:00 [INFO] 尤烨伟出了: ♦A (1)

2026-05-19T00:59:41.648+08:00 [INFO] 用户 1 发送消息: {"type":"outCard","data":"{\"pid\":1,\"cardIds\":[45],\"card_type\":1,\"cards_num\":10,\"code\":0,\"current\":2,\"mustPid\":1,\"outCardTimeout\":30}","from":""}
2026-05-19T00:59:42.639+08:00 [INFO] 
符明的回合 (当前手牌数: 11)

2026-05-19T00:59:42.641+08:00 [INFO] 上一手牌，牌型: 1, 牌是：♦A

2026-05-19T00:59:42.642+08:00 [INFO] 请选择要出的牌 (输入牌的序号，用逗号分隔，0表示不出): 
2026-05-19T00:59:42.928+08:00 [INFO] heartbeatCheck: 3.7494351s
2026-05-19T00:59:43.638+08:00 [INFO] 
符明的回合 (当前手牌数: 11)

2026-05-19T00:59:43.638+08:00 [INFO] 上一手牌，牌型: 1, 牌是：♦A

2026-05-19T00:59:43.639+08:00 [INFO] 请选择要出的牌 (输入牌的序号，用逗号分隔，0表示不出): 
2026-05-19T00:59:43.640+08:00 [INFO] 符明出了: ♠A (1)

2026-05-19T00:59:43.647+08:00 [INFO] 用户 1 发送消息: {"type":"outCard","data":"{\"pid\":2,\"cardIds\":[48],\"card_type\":1,\"cards_num\":10,\"code\":0,\"current\":3,\"mustPid\":2,\"outCardTimeout\":30}","from":""}
2026-05-19T00:59:44.639+08:00 [INFO] 
堵妙绿的回合 (当前手牌数: 10)

2026-05-19T00:59:44.641+08:00 [INFO] 上一手牌，牌型: 1, 牌是：♠A

2026-05-19T00:59:44.642+08:00 [INFO] 请选择要出的牌 (输入牌的序号，用逗号分隔，0表示不出): 
2026-05-19T00:59:45.638+08:00 [INFO] 
堵妙绿的回合 (当前手牌数: 10)

2026-05-19T00:59:45.639+08:00 [INFO] 上一手牌，牌型: 1, 牌是：♠A

2026-05-19T00:59:45.642+08:00 [INFO] 请选择要出的牌 (输入牌的序号，用逗号分隔，0表示不出): 
2026-05-19T00:59:45.644+08:00 [INFO] 堵妙绿不出

2026-05-19T00:59:45.649+08:00 [INFO] 正在订阅 Channel: player:play:card:1，当前玩家: 1
2026-05-19T00:59:45.662+08:00 [INFO] 成功订阅 Channel: player:play:card:1
2026-05-19T00:59:45.667+08:00 [INFO] 用户 1 发送消息: {"type":"pass","data":"{\"pid\":3,\"cardIds\":null,\"card_type\":0,\"cards_num\":10,\"code\":0,\"current\":0,\"mustPid\":2,\"outCardTimeout\":30}","from":""}
2026-05-19T00:59:46.638+08:00 [INFO] 
1的回合 (当前手牌数: 13)

2026-05-19T00:59:46.640+08:00 [INFO] 上一手牌，牌型: 1, 牌是：♠A

2026-05-19T00:59:46.641+08:00 [INFO] 请选择要出的牌 (输入牌的序号，用逗号分隔，0表示不出): 
2026-05-19T00:59:46.645+08:00 [INFO] 用户 1 接收出牌消息1: <nil>
2026-05-19T00:59:46.650+08:00 [INFO] 用户 1 接收出牌消息2: {0 [] 0}
2026-05-19T00:59:47.365+08:00 [INFO] 用户 1 接收消息: {"type":"playCard","data":"{\"pid\":0,\"pass\":1}"}（类型: 1）
2026-05-19T00:59:47.371+08:00 [INFO] 用户 1 发送出牌消息: {"pid":0,"cardIds":null,"pass":1}
2026-05-19T00:59:47.638+08:00 [INFO] 
1的回合 (当前手牌数: 13)

2026-05-19T00:59:47.639+08:00 [INFO] 上一手牌，牌型: 1, 牌是：♠A

2026-05-19T00:59:47.642+08:00 [INFO] 请选择要出的牌 (输入牌的序号，用逗号分隔，0表示不出): 
2026-05-19T00:59:47.643+08:00 [INFO] 从队列收到消息: playCard
2026-05-19T00:59:47.644+08:00 [INFO] 用户 1 接收出牌消息1: &{playCard {"pid":0,"cardIds":null,"pass":1} 1}
2026-05-19T00:59:47.647+08:00 [INFO] 用户 1 接收出牌消息2: {0 [] 1}
2026-05-19T00:59:47.648+08:00 [INFO] 1不出

2026-05-19T00:59:47.649+08:00 [INFO] ♦Q,♣7,♣J,♠2,♥J,♣2,♠3,♦8,♠4,♣10,♠7,♣3,♦10
2026-05-19T00:59:47.653+08:00 [INFO] 用户 1 发送消息: {"type":"pass","data":"{\"pid\":0,\"cardIds\":[],\"card_type\":0,\"cards_num\":13,\"code\":0,\"current\":1,\"mustPid\":2,\"outCardTimeout\":30}","from":""}
2026-05-19T00:59:47.928+08:00 [INFO] heartbeatCheck: 563.6524ms
2026-05-19T00:59:48.639+08:00 [INFO] 
尤烨伟的回合 (当前手牌数: 10)

2026-05-19T00:59:48.639+08:00 [INFO] 上一手牌，牌型: 1, 牌是：♠A

2026-05-19T00:59:48.641+08:00 [INFO] 请选择要出的牌 (输入牌的序号，用逗号分隔，0表示不出): 
2026-05-19T00:59:49.639+08:00 [INFO] 
尤烨伟的回合 (当前手牌数: 10)

2026-05-19T00:59:49.639+08:00 [INFO] 上一手牌，牌型: 1, 牌是：♠A

2026-05-19T00:59:49.641+08:00 [INFO] 请选择要出的牌 (输入牌的序号，用逗号分隔，0表示不出): 
2026-05-19T00:59:50.638+08:00 [INFO] 
尤烨伟的回合 (当前手牌数: 10)

2026-05-19T00:59:50.639+08:00 [INFO] 上一手牌，牌型: 1, 牌是：♠A

2026-05-19T00:59:50.640+08:00 [INFO] 请选择要出的牌 (输入牌的序号，用逗号分隔，0表示不出): 
2026-05-19T00:59:50.641+08:00 [INFO] 尤烨伟不出

2026-05-19T00:59:50.645+08:00 [INFO] 用户 1 发送消息: {"type":"pass","data":"{\"pid\":1,\"cardIds\":null,\"card_type\":0,\"cards_num\":10,\"code\":0,\"current\":2,\"mustPid\":2,\"outCardTimeout\":30}","from":""}
2026-05-19T00:59:51.639+08:00 [INFO] 
符明的回合 (当前手牌数: 10)

2026-05-19T00:59:51.641+08:00 [INFO] 上一手牌，牌型: 0, 牌是：不出

2026-05-19T00:59:51.643+08:00 [INFO] 请选择要出的牌 (输入牌的序号，用逗号分隔，0表示不出): 
2026-05-19T00:59:52.638+08:00 [INFO] 
符明的回合 (当前手牌数: 10)

2026-05-19T00:59:52.638+08:00 [INFO] 上一手牌，牌型: 0, 牌是：不出

2026-05-19T00:59:52.640+08:00 [INFO] 请选择要出的牌 (输入牌的序号，用逗号分隔，0表示不出): 
2026-05-19T00:59:52.642+08:00 [INFO] 符明出了: ♣5,♠5 (2)

2026-05-19T00:59:52.645+08:00 [INFO] 用户 1 发送消息: {"type":"outCard","data":"{\"pid\":2,\"cardIds\":[10,12],\"card_type\":2,\"cards_num\":8,\"code\":0,\"current\":3,\"mustPid\":2,\"outCardTimeout\":30}","from":""}
2026-05-19T00:59:52.928+08:00 [INFO] heartbeatCheck: 5.5635788s
2026-05-19T00:59:53.639+08:00 [INFO] 
堵妙绿的回合 (当前手牌数: 10)

2026-05-19T00:59:53.640+08:00 [INFO] 上一手牌，牌型: 2, 牌是：♣5,♠5

2026-05-19T00:59:53.642+08:00 [INFO] 请选择要出的牌 (输入牌的序号，用逗号分隔，0表示不出): 
2026-05-19T00:59:54.649+08:00 [INFO] 
堵妙绿的回合 (当前手牌数: 10)

2026-05-19T00:59:54.650+08:00 [INFO] 上一手牌，牌型: 2, 牌是：♣5,♠5

2026-05-19T00:59:54.651+08:00 [INFO] 请选择要出的牌 (输入牌的序号，用逗号分隔，0表示不出): 
2026-05-19T00:59:54.652+08:00 [INFO] 堵妙绿不出

2026-05-19T00:59:54.666+08:00 [INFO] 正在订阅 Channel: player:play:card:1，当前玩家: 1
2026-05-19T00:59:54.779+08:00 [INFO] 成功订阅 Channel: player:play:card:1
2026-05-19T00:59:54.788+08:00 [INFO] 用户 1 发送消息: {"type":"pass","data":"{\"pid\":3,\"cardIds\":null,\"card_type\":0,\"cards_num\":10,\"code\":0,\"current\":0,\"mustPid\":2,\"outCardTimeout\":30}","from":""}
2026-05-19T00:59:55.638+08:00 [INFO] 
1的回合 (当前手牌数: 13)

2026-05-19T00:59:55.639+08:00 [INFO] 上一手牌，牌型: 2, 牌是：♣5,♠5

2026-05-19T00:59:55.642+08:00 [INFO] 请选择要出的牌 (输入牌的序号，用逗号分隔，0表示不出): 
2026-05-19T00:59:55.643+08:00 [INFO] 用户 1 接收出牌消息1: <nil>
2026-05-19T00:59:55.645+08:00 [INFO] 用户 1 接收出牌消息2: {0 [] 0}
2026-05-19T00:59:56.638+08:00 [INFO] 
1的回合 (当前手牌数: 13)

2026-05-19T00:59:56.639+08:00 [INFO] 上一手牌，牌型: 2, 牌是：♣5,♠5

2026-05-19T00:59:56.640+08:00 [INFO] 请选择要出的牌 (输入牌的序号，用逗号分隔，0表示不出): 
2026-05-19T00:59:56.640+08:00 [INFO] 用户 1 接收出牌消息1: <nil>
2026-05-19T00:59:56.642+08:00 [INFO] 用户 1 接收出牌消息2: {0 [] 0}
2026-05-19T00:59:56.877+08:00 [INFO] 用户 1 接收消息: {"type":"playCard","data":"{\"pid\":0,\"pass\":1}"}（类型: 1）
2026-05-19T00:59:56.885+08:00 [INFO] 用户 1 发送出牌消息: {"pid":0,"cardIds":null,"pass":1}
2026-05-19T00:59:57.638+08:00 [INFO] 
1的回合 (当前手牌数: 13)

2026-05-19T00:59:57.639+08:00 [INFO] 上一手牌，牌型: 2, 牌是：♣5,♠5

2026-05-19T00:59:57.643+08:00 [INFO] 请选择要出的牌 (输入牌的序号，用逗号分隔，0表示不出): 
2026-05-19T00:59:57.643+08:00 [INFO] 从队列收到消息: playCard
2026-05-19T00:59:57.645+08:00 [INFO] 用户 1 接收出牌消息1: &{playCard {"pid":0,"cardIds":null,"pass":1} 1}
2026-05-19T00:59:57.647+08:00 [INFO] 用户 1 接收出牌消息2: {0 [] 1}
2026-05-19T00:59:57.648+08:00 [INFO] 1不出

2026-05-19T00:59:57.649+08:00 [INFO] ♦Q,♣7,♣J,♠2,♥J,♣2,♠3,♦8,♠4,♣10,♠7,♣3,♦10
2026-05-19T00:59:57.654+08:00 [INFO] 用户 1 发送消息: {"type":"pass","data":"{\"pid\":0,\"cardIds\":[],\"card_type\":0,\"cards_num\":13,\"code\":0,\"current\":1,\"mustPid\":2,\"outCardTimeout\":30}","from":""}
2026-05-19T00:59:57.928+08:00 [INFO] heartbeatCheck: 1.0511713s
2026-05-19T00:59:58.640+08:00 [INFO] 
尤烨伟的回合 (当前手牌数: 10)

2026-05-19T00:59:58.641+08:00 [INFO] 上一手牌，牌型: 2, 牌是：♣5,♠5

2026-05-19T00:59:58.642+08:00 [INFO] 请选择要出的牌 (输入牌的序号，用逗号分隔，0表示不出): 
2026-05-19T00:59:59.639+08:00 [INFO] 
尤烨伟的回合 (当前手牌数: 10)

2026-05-19T00:59:59.643+08:00 [INFO] 上一手牌，牌型: 2, 牌是：♣5,♠5

2026-05-19T00:59:59.643+08:00 [INFO] 请选择要出的牌 (输入牌的序号，用逗号分隔，0表示不出): 
2026-05-19T01:00:00.638+08:00 [INFO] 
尤烨伟的回合 (当前手牌数: 10)

2026-05-19T01:00:00.638+08:00 [INFO] 上一手牌，牌型: 2, 牌是：♣5,♠5

2026-05-19T01:00:00.639+08:00 [INFO] 请选择要出的牌 (输入牌的序号，用逗号分隔，0表示不出): 
2026-05-19T01:00:00.642+08:00 [INFO] 尤烨伟出了: ♣8,♥8 (2)

2026-05-19T01:00:00.644+08:00 [INFO] 用户 1 发送消息: {"type":"outCard","data":"{\"pid\":1,\"cardIds\":[22,23],\"card_type\":2,\"cards_num\":8,\"code\":0,\"current\":2,\"mustPid\":1,\"outCardTimeout\":30}","from":""}
2026-05-19T01:00:01.638+08:00 [INFO] 
符明的回合 (当前手牌数: 8)

2026-05-19T01:00:01.638+08:00 [INFO] 上一手牌，牌型: 2, 牌是：♣8,♥8

2026-05-19T01:00:01.639+08:00 [INFO] 请选择要出的牌 (输入牌的序号，用逗号分隔，0表示不出): 
2026-05-19T01:00:02.639+08:00 [INFO] 
符明的回合 (当前手牌数: 8)

2026-05-19T01:00:02.640+08:00 [INFO] 上一手牌，牌型: 2, 牌是：♣8,♥8

2026-05-19T01:00:02.641+08:00 [INFO] 请选择要出的牌 (输入牌的序号，用逗号分隔，0表示不出): 
2026-05-19T01:00:02.644+08:00 [INFO] 符明不出

2026-05-19T01:00:02.648+08:00 [INFO] 用户 1 发送消息: {"type":"pass","data":"{\"pid\":2,\"cardIds\":null,\"card_type\":0,\"cards_num\":8,\"code\":0,\"current\":3,\"mustPid\":1,\"outCardTimeout\":30}","from":""}
2026-05-19T01:00:02.929+08:00 [INFO] heartbeatCheck: 6.0516773s
2026-05-19T01:00:03.638+08:00 [INFO] 
堵妙绿的回合 (当前手牌数: 10)

2026-05-19T01:00:03.638+08:00 [INFO] 上一手牌，牌型: 2, 牌是：♣8,♥8

2026-05-19T01:00:03.641+08:00 [INFO] 请选择要出的牌 (输入牌的序号，用逗号分隔，0表示不出): 
2026-05-19T01:00:04.639+08:00 [INFO] 
堵妙绿的回合 (当前手牌数: 10)

2026-05-19T01:00:04.639+08:00 [INFO] 上一手牌，牌型: 2, 牌是：♣8,♥8

2026-05-19T01:00:04.643+08:00 [INFO] 请选择要出的牌 (输入牌的序号，用逗号分隔，0表示不出): 
2026-05-19T01:00:05.639+08:00 [INFO] 
堵妙绿的回合 (当前手牌数: 10)

2026-05-19T01:00:05.642+08:00 [INFO] 上一手牌，牌型: 2, 牌是：♣8,♥8

2026-05-19T01:00:05.645+08:00 [INFO] 请选择要出的牌 (输入牌的序号，用逗号分隔，0表示不出): 
2026-05-19T01:00:05.648+08:00 [INFO] 堵妙绿不出

2026-05-19T01:00:05.653+08:00 [INFO] 正在订阅 Channel: player:play:card:1，当前玩家: 1
2026-05-19T01:00:05.668+08:00 [INFO] 成功订阅 Channel: player:play:card:1
2026-05-19T01:00:05.671+08:00 [INFO] 用户 1 发送消息: {"type":"pass","data":"{\"pid\":3,\"cardIds\":null,\"card_type\":0,\"cards_num\":10,\"code\":0,\"current\":0,\"mustPid\":1,\"outCardTimeout\":30}","from":""}
2026-05-19T01:00:06.638+08:00 [INFO] 
1的回合 (当前手牌数: 13)

2026-05-19T01:00:06.639+08:00 [INFO] 上一手牌，牌型: 2, 牌是：♣8,♥8

2026-05-19T01:00:06.642+08:00 [INFO] 请选择要出的牌 (输入牌的序号，用逗号分隔，0表示不出): 
2026-05-19T01:00:06.643+08:00 [INFO] 用户 1 接收出牌消息1: <nil>
2026-05-19T01:00:06.644+08:00 [INFO] 用户 1 接收出牌消息2: {0 [] 0}
2026-05-19T01:00:07.639+08:00 [INFO] 
1的回合 (当前手牌数: 13)

2026-05-19T01:00:07.643+08:00 [INFO] 上一手牌，牌型: 2, 牌是：♣8,♥8

2026-05-19T01:00:07.645+08:00 [INFO] 请选择要出的牌 (输入牌的序号，用逗号分隔，0表示不出): 
2026-05-19T01:00:07.646+08:00 [INFO] 用户 1 接收出牌消息1: <nil>
2026-05-19T01:00:07.648+08:00 [INFO] 用户 1 接收出牌消息2: {0 [] 0}
2026-05-19T01:00:07.918+08:00 [INFO] 用户 1 接收消息: {"type":"playCard","data":"{\"pid\":0,\"pass\":1}"}（类型: 1）
2026-05-19T01:00:07.931+08:00 [INFO] heartbeatCheck: 13.3116ms
2026-05-19T01:00:07.935+08:00 [INFO] 用户 1 发送出牌消息: {"pid":0,"cardIds":null,"pass":1}
2026-05-19T01:00:08.638+08:00 [INFO] 
1的回合 (当前手牌数: 13)

2026-05-19T01:00:08.638+08:00 [INFO] 上一手牌，牌型: 2, 牌是：♣8,♥8

2026-05-19T01:00:08.642+08:00 [INFO] 请选择要出的牌 (输入牌的序号，用逗号分隔，0表示不出): 
2026-05-19T01:00:08.643+08:00 [INFO] 从队列收到消息: playCard
2026-05-19T01:00:08.644+08:00 [INFO] 用户 1 接收出牌消息1: &{playCard {"pid":0,"cardIds":null,"pass":1} 1}
2026-05-19T01:00:08.646+08:00 [INFO] 用户 1 接收出牌消息2: {0 [] 1}
2026-05-19T01:00:08.647+08:00 [INFO] 1不出

2026-05-19T01:00:08.648+08:00 [INFO] ♦Q,♣7,♣J,♠2,♥J,♣2,♠3,♦8,♠4,♣10,♠7,♣3,♦10
2026-05-19T01:00:08.652+08:00 [INFO] 用户 1 发送消息: {"type":"pass","data":"{\"pid\":0,\"cardIds\":[],\"card_type\":0,\"cards_num\":13,\"code\":0,\"current\":1,\"mustPid\":1,\"outCardTimeout\":30}","from":""}
2026-05-19T01:00:09.638+08:00 [INFO] 
尤烨伟的回合 (当前手牌数: 8)

2026-05-19T01:00:09.638+08:00 [INFO] 上一手牌，牌型: 0, 牌是：不出

2026-05-19T01:00:09.642+08:00 [INFO] 请选择要出的牌 (输入牌的序号，用逗号分隔，0表示不出): 
2026-05-19T01:00:10.639+08:00 [INFO] 
尤烨伟的回合 (当前手牌数: 8)

2026-05-19T01:00:10.641+08:00 [INFO] 上一手牌，牌型: 0, 牌是：不出

2026-05-19T01:00:10.643+08:00 [INFO] 请选择要出的牌 (输入牌的序号，用逗号分隔，0表示不出): 
2026-05-19T01:00:10.645+08:00 [INFO] 尤烨伟出了: ♣4 (1)

2026-05-19T01:00:10.649+08:00 [INFO] 用户 1 发送消息: {"type":"outCard","data":"{\"pid\":1,\"cardIds\":[6],\"card_type\":1,\"cards_num\":7,\"code\":0,\"current\":2,\"mustPid\":1,\"outCardTimeout\":30}","from":""}
2026-05-19T01:00:11.639+08:00 [INFO] 
符明的回合 (当前手牌数: 8)

2026-05-19T01:00:11.642+08:00 [INFO] 上一手牌，牌型: 1, 牌是：♣4

2026-05-19T01:00:11.642+08:00 [INFO] 请选择要出的牌 (输入牌的序号，用逗号分隔，0表示不出): 
2026-05-19T01:00:12.639+08:00 [INFO] 
符明的回合 (当前手牌数: 8)

2026-05-19T01:00:12.640+08:00 [INFO] 上一手牌，牌型: 1, 牌是：♣4

2026-05-19T01:00:12.641+08:00 [INFO] 请选择要出的牌 (输入牌的序号，用逗号分隔，0表示不出): 
2026-05-19T01:00:12.929+08:00 [INFO] heartbeatCheck: 5.0104078s
2026-05-19T01:00:13.639+08:00 [INFO] 
符明的回合 (当前手牌数: 8)

2026-05-19T01:00:13.643+08:00 [INFO] 上一手牌，牌型: 1, 牌是：♣4

2026-05-19T01:00:13.643+08:00 [INFO] 请选择要出的牌 (输入牌的序号，用逗号分隔，0表示不出): 
2026-05-19T01:00:13.645+08:00 [INFO] 符明出了: ♦7 (1)

2026-05-19T01:00:13.659+08:00 [INFO] 用户 1 发送消息: {"type":"outCard","data":"{\"pid\":2,\"cardIds\":[17],\"card_type\":1,\"cards_num\":7,\"code\":0,\"current\":3,\"mustPid\":2,\"outCardTimeout\":30}","from":""}
2026-05-19T01:00:14.639+08:00 [INFO] 
堵妙绿的回合 (当前手牌数: 10)

2026-05-19T01:00:14.642+08:00 [INFO] 上一手牌，牌型: 1, 牌是：♦7

2026-05-19T01:00:14.642+08:00 [INFO] 请选择要出的牌 (输入牌的序号，用逗号分隔，0表示不出): 
2026-05-19T01:00:15.638+08:00 [INFO] 
堵妙绿的回合 (当前手牌数: 10)

2026-05-19T01:00:15.641+08:00 [INFO] 上一手牌，牌型: 1, 牌是：♦7

2026-05-19T01:00:15.643+08:00 [INFO] 请选择要出的牌 (输入牌的序号，用逗号分隔，0表示不出): 
2026-05-19T01:00:16.638+08:00 [INFO] 
堵妙绿的回合 (当前手牌数: 10)

2026-05-19T01:00:16.640+08:00 [INFO] 上一手牌，牌型: 1, 牌是：♦7

2026-05-19T01:00:16.641+08:00 [INFO] 请选择要出的牌 (输入牌的序号，用逗号分隔，0表示不出): 
2026-05-19T01:00:16.642+08:00 [INFO] 堵妙绿出了: ♠8 (1)

2026-05-19T01:00:16.644+08:00 [INFO] 正在订阅 Channel: player:play:card:1，当前玩家: 1
2026-05-19T01:00:16.652+08:00 [INFO] 成功订阅 Channel: player:play:card:1
2026-05-19T01:00:16.659+08:00 [INFO] 用户 1 发送消息: {"type":"outCard","data":"{\"pid\":3,\"cardIds\":[24],\"card_type\":1,\"cards_num\":9,\"code\":0,\"current\":0,\"mustPid\":3,\"outCardTimeout\":30}","from":""}
2026-05-19T01:00:17.638+08:00 [INFO] 
1的回合 (当前手牌数: 13)

2026-05-19T01:00:17.638+08:00 [INFO] 上一手牌，牌型: 1, 牌是：♠8

2026-05-19T01:00:17.642+08:00 [INFO] 请选择要出的牌 (输入牌的序号，用逗号分隔，0表示不出): 
2026-05-19T01:00:17.644+08:00 [INFO] 用户 1 接收出牌消息1: <nil>
2026-05-19T01:00:17.645+08:00 [INFO] 用户 1 接收出牌消息2: {0 [] 0}
2026-05-19T01:00:17.683+08:00 [INFO] 用户 1 接收消息: {"type":"playCard","data":"{\"pid\":0,\"pass\":1}"}（类型: 1）
2026-05-19T01:00:17.686+08:00 [INFO] 用户 1 发送出牌消息: {"pid":0,"cardIds":null,"pass":1}
2026-05-19T01:00:17.929+08:00 [INFO] heartbeatCheck: 246.147ms
2026-05-19T01:00:18.639+08:00 [INFO] 
1的回合 (当前手牌数: 13)

2026-05-19T01:00:18.639+08:00 [INFO] 上一手牌，牌型: 1, 牌是：♠8

2026-05-19T01:00:18.642+08:00 [INFO] 请选择要出的牌 (输入牌的序号，用逗号分隔，0表示不出): 
2026-05-19T01:00:18.644+08:00 [INFO] 从队列收到消息: playCard
2026-05-19T01:00:18.644+08:00 [INFO] 用户 1 接收出牌消息1: &{playCard {"pid":0,"cardIds":null,"pass":1} 1}
2026-05-19T01:00:18.645+08:00 [INFO] 用户 1 接收出牌消息2: {0 [] 1}
2026-05-19T01:00:18.646+08:00 [INFO] 1不出

2026-05-19T01:00:18.647+08:00 [INFO] ♦Q,♣7,♣J,♠2,♥J,♣2,♠3,♦8,♠4,♣10,♠7,♣3,♦10
2026-05-19T01:00:18.650+08:00 [INFO] 用户 1 发送消息: {"type":"pass","data":"{\"pid\":0,\"cardIds\":[],\"card_type\":0,\"cards_num\":13,\"code\":0,\"current\":1,\"mustPid\":3,\"outCardTimeout\":30}","from":""}
2026-05-19T01:00:19.638+08:00 [INFO] 
尤烨伟的回合 (当前手牌数: 7)

2026-05-19T01:00:19.640+08:00 [INFO] 上一手牌，牌型: 1, 牌是：♠8

2026-05-19T01:00:19.642+08:00 [INFO] 请选择要出的牌 (输入牌的序号，用逗号分隔，0表示不出): 
2026-05-19T01:00:20.639+08:00 [INFO] 
尤烨伟的回合 (当前手牌数: 7)

2026-05-19T01:00:20.640+08:00 [INFO] 上一手牌，牌型: 1, 牌是：♠8

2026-05-19T01:00:20.643+08:00 [INFO] 请选择要出的牌 (输入牌的序号，用逗号分隔，0表示不出): 
2026-05-19T01:00:20.643+08:00 [INFO] 尤烨伟不出

2026-05-19T01:00:20.645+08:00 [INFO] 用户 1 发送消息: {"type":"pass","data":"{\"pid\":1,\"cardIds\":null,\"card_type\":0,\"cards_num\":7,\"code\":0,\"current\":2,\"mustPid\":3,\"outCardTimeout\":30}","from":""}
2026-05-19T01:00:21.638+08:00 [INFO] 
符明的回合 (当前手牌数: 7)

2026-05-19T01:00:21.640+08:00 [INFO] 上一手牌，牌型: 1, 牌是：♠8

2026-05-19T01:00:21.642+08:00 [INFO] 请选择要出的牌 (输入牌的序号，用逗号分隔，0表示不出): 
2026-05-19T01:00:22.638+08:00 [INFO] 
符明的回合 (当前手牌数: 7)

2026-05-19T01:00:22.639+08:00 [INFO] 上一手牌，牌型: 1, 牌是：♠8

2026-05-19T01:00:22.640+08:00 [INFO] 请选择要出的牌 (输入牌的序号，用逗号分隔，0表示不出): 
2026-05-19T01:00:22.642+08:00 [INFO] 符明出了: ♦9 (1)

2026-05-19T01:00:22.644+08:00 [INFO] 用户 1 发送消息: {"type":"outCard","data":"{\"pid\":2,\"cardIds\":[25],\"card_type\":1,\"cards_num\":6,\"code\":0,\"current\":3,\"mustPid\":2,\"outCardTimeout\":30}","from":""}
2026-05-19T01:00:22.929+08:00 [INFO] heartbeatCheck: 5.2460951s
2026-05-19T01:00:23.638+08:00 [INFO] 
堵妙绿的回合 (当前手牌数: 9)

2026-05-19T01:00:23.638+08:00 [INFO] 上一手牌，牌型: 1, 牌是：♦9

2026-05-19T01:00:23.639+08:00 [INFO] 请选择要出的牌 (输入牌的序号，用逗号分隔，0表示不出): 
2026-05-19T01:00:24.638+08:00 [INFO] 
堵妙绿的回合 (当前手牌数: 9)

2026-05-19T01:00:24.639+08:00 [INFO] 上一手牌，牌型: 1, 牌是：♦9

2026-05-19T01:00:24.640+08:00 [INFO] 请选择要出的牌 (输入牌的序号，用逗号分隔，0表示不出): 
2026-05-19T01:00:25.639+08:00 [INFO] 
堵妙绿的回合 (当前手牌数: 9)

2026-05-19T01:00:25.639+08:00 [INFO] 上一手牌，牌型: 1, 牌是：♦9

2026-05-19T01:00:25.640+08:00 [INFO] 请选择要出的牌 (输入牌的序号，用逗号分隔，0表示不出): 
2026-05-19T01:00:25.642+08:00 [INFO] 堵妙绿出了: ♣K (1)

2026-05-19T01:00:25.645+08:00 [WARN] 日志通道已满，丢弃日志
2026-05-19T01:00:25.648+08:00 [INFO] 正在订阅 Channel: player:play:card:1，当前玩家: 1
2026-05-19T01:00:25.662+08:00 [INFO] 成功订阅 Channel: player:play:card:1
2026-05-19T01:00:25.665+08:00 [INFO] 用户 1 发送消息: {"type":"outCard","data":"{\"pid\":3,\"cardIds\":[42],\"card_type\":1,\"cards_num\":8,\"code\":0,\"current\":0,\"mustPid\":3,\"outCardTimeout\":30}","from":""}
2026-05-19T01:00:26.638+08:00 [INFO] 
1的回合 (当前手牌数: 13)

2026-05-19T01:00:26.639+08:00 [INFO] 上一手牌，牌型: 1, 牌是：♣K

2026-05-19T01:00:26.640+08:00 [INFO] 请选择要出的牌 (输入牌的序号，用逗号分隔，0表示不出): 
2026-05-19T01:00:26.642+08:00 [INFO] 用户 1 接收出牌消息1: <nil>
2026-05-19T01:00:26.643+08:00 [INFO] 用户 1 接收出牌消息2: {0 [] 0}
2026-05-19T01:00:26.934+08:00 [INFO] 用户 1 接收消息: {"type":"playCard","data":"{\"pid\":0,\"pass\":1}"}（类型: 1）
2026-05-19T01:00:26.950+08:00 [INFO] 用户 1 发送出牌消息: {"pid":0,"cardIds":null,"pass":1}
2026-05-19T01:00:27.638+08:00 [INFO] 
1的回合 (当前手牌数: 13)

2026-05-19T01:00:27.639+08:00 [INFO] 上一手牌，牌型: 1, 牌是：♣K

2026-05-19T01:00:27.640+08:00 [INFO] 请选择要出的牌 (输入牌的序号，用逗号分隔，0表示不出): 
2026-05-19T01:00:27.642+08:00 [INFO] 从队列收到消息: playCard
2026-05-19T01:00:27.645+08:00 [INFO] 用户 1 接收出牌消息1: &{playCard {"pid":0,"cardIds":null,"pass":1} 1}
2026-05-19T01:00:27.646+08:00 [INFO] 用户 1 接收出牌消息2: {0 [] 1}
2026-05-19T01:00:27.649+08:00 [INFO] 1不出

2026-05-19T01:00:27.651+08:00 [INFO] ♦Q,♣7,♣J,♠2,♥J,♣2,♠3,♦8,♠4,♣10,♠7,♣3,♦10
2026-05-19T01:00:27.652+08:00 [WARN] 日志通道已满，丢弃日志
2026-05-19T01:00:27.656+08:00 [INFO] 用户 1 发送消息: {"type":"pass","data":"{\"pid\":0,\"cardIds\":[],\"card_type\":0,\"cards_num\":13,\"code\":0,\"current\":1,\"mustPid\":3,\"outCardTimeout\":30}","from":""}
2026-05-19T01:00:27.929+08:00 [INFO] heartbeatCheck: 994.7123ms
2026-05-19T01:00:28.638+08:00 [INFO] 
尤烨伟的回合 (当前手牌数: 7)

2026-05-19T01:00:28.638+08:00 [INFO] 上一手牌，牌型: 1, 牌是：♣K

2026-05-19T01:00:28.639+08:00 [INFO] 请选择要出的牌 (输入牌的序号，用逗号分隔，0表示不出): 
2026-05-19T01:00:29.639+08:00 [INFO] 
尤烨伟的回合 (当前手牌数: 7)

2026-05-19T01:00:29.640+08:00 [INFO] 上一手牌，牌型: 1, 牌是：♣K

2026-05-19T01:00:29.644+08:00 [INFO] 请选择要出的牌 (输入牌的序号，用逗号分隔，0表示不出): 
2026-05-19T01:00:29.645+08:00 [INFO] 尤烨伟不出

2026-05-19T01:00:29.647+08:00 [WARN] 日志通道已满，丢弃日志
2026-05-19T01:00:29.652+08:00 [INFO] 用户 1 发送消息: {"type":"pass","data":"{\"pid\":1,\"cardIds\":null,\"card_type\":0,\"cards_num\":7,\"code\":0,\"current\":2,\"mustPid\":3,\"outCardTimeout\":30}","from":""}
2026-05-19T01:00:30.638+08:00 [INFO] 
符明的回合 (当前手牌数: 6)

2026-05-19T01:00:30.638+08:00 [INFO] 上一手牌，牌型: 1, 牌是：♣K

2026-05-19T01:00:30.641+08:00 [INFO] 请选择要出的牌 (输入牌的序号，用逗号分隔，0表示不出): 
2026-05-19T01:00:31.638+08:00 [INFO] 
符明的回合 (当前手牌数: 6)

2026-05-19T01:00:31.641+08:00 [INFO] 上一手牌，牌型: 1, 牌是：♣K

2026-05-19T01:00:31.642+08:00 [INFO] 请选择要出的牌 (输入牌的序号，用逗号分隔，0表示不出): 
2026-05-19T01:00:31.642+08:00 [INFO] 符明不出

2026-05-19T01:00:31.643+08:00 [WARN] 日志通道已满，丢弃日志
2026-05-19T01:00:31.645+08:00 [INFO] 用户 1 发送消息: {"type":"pass","data":"{\"pid\":2,\"cardIds\":null,\"card_type\":0,\"cards_num\":6,\"code\":0,\"current\":3,\"mustPid\":3,\"outCardTimeout\":30}","from":""}
2026-05-19T01:00:32.639+08:00 [INFO] 
堵妙绿的回合 (当前手牌数: 8)

2026-05-19T01:00:32.643+08:00 [INFO] 上一手牌，牌型: 0, 牌是：不出

2026-05-19T01:00:32.644+08:00 [INFO] 请选择要出的牌 (输入牌的序号，用逗号分隔，0表示不出): 
2026-05-19T01:00:32.928+08:00 [INFO] heartbeatCheck: 5.9940442s
2026-05-19T01:00:33.639+08:00 [INFO] 
堵妙绿的回合 (当前手牌数: 8)

2026-05-19T01:00:33.642+08:00 [INFO] 上一手牌，牌型: 0, 牌是：不出

2026-05-19T01:00:33.643+08:00 [INFO] 请选择要出的牌 (输入牌的序号，用逗号分隔，0表示不出): 
2026-05-19T01:00:33.644+08:00 [INFO] 堵妙绿出了: ♦4 (1)

2026-05-19T01:00:33.645+08:00 [WARN] 日志通道已满，丢弃日志
2026-05-19T01:00:33.647+08:00 [INFO] 正在订阅 Channel: player:play:card:1，当前玩家: 1
2026-05-19T01:00:33.653+08:00 [INFO] 成功订阅 Channel: player:play:card:1
2026-05-19T01:00:33.663+08:00 [INFO] 用户 1 发送消息: {"type":"outCard","data":"{\"pid\":3,\"cardIds\":[5],\"card_type\":1,\"cards_num\":7,\"code\":0,\"current\":0,\"mustPid\":3,\"outCardTimeout\":30}","from":""}
2026-05-19T01:00:34.638+08:00 [INFO] 
1的回合 (当前手牌数: 13)

2026-05-19T01:00:34.639+08:00 [INFO] 上一手牌，牌型: 1, 牌是：♦4

2026-05-19T01:00:34.642+08:00 [INFO] 请选择要出的牌 (输入牌的序号，用逗号分隔，0表示不出): 
2026-05-19T01:00:34.643+08:00 [INFO] 用户 1 接收出牌消息1: <nil>
2026-05-19T01:00:34.643+08:00 [INFO] 用户 1 接收出牌消息2: {0 [] 0}
2026-05-19T01:00:35.053+08:00 [INFO] 用户 1 接收消息: {"type":"playCard","data":"{\"pid\":0,\"pass\":1}"}（类型: 1）
2026-05-19T01:00:35.064+08:00 [INFO] 用户 1 发送出牌消息: {"pid":0,"cardIds":null,"pass":1}
2026-05-19T01:00:35.639+08:00 [INFO] 
1的回合 (当前手牌数: 13)

2026-05-19T01:00:35.640+08:00 [INFO] 上一手牌，牌型: 1, 牌是：♦4

2026-05-19T01:00:35.643+08:00 [INFO] 请选择要出的牌 (输入牌的序号，用逗号分隔，0表示不出): 
2026-05-19T01:00:35.644+08:00 [INFO] 从队列收到消息: playCard
2026-05-19T01:00:35.645+08:00 [INFO] 用户 1 接收出牌消息1: &{playCard {"pid":0,"cardIds":null,"pass":1} 1}
2026-05-19T01:00:35.646+08:00 [INFO] 用户 1 接收出牌消息2: {0 [] 1}
2026-05-19T01:00:35.649+08:00 [INFO] 1不出

2026-05-19T01:00:35.649+08:00 [INFO] ♦Q,♣7,♣J,♠2,♥J,♣2,♠3,♦8,♠4,♣10,♠7,♣3,♦10
2026-05-19T01:00:35.651+08:00 [WARN] 日志通道已满，丢弃日志
2026-05-19T01:00:35.655+08:00 [INFO] 用户 1 发送消息: {"type":"pass","data":"{\"pid\":0,\"cardIds\":[],\"card_type\":0,\"cards_num\":13,\"code\":0,\"current\":1,\"mustPid\":3,\"outCardTimeout\":30}","from":""}
2026-05-19T01:00:36.643+08:00 [INFO] 
尤烨伟的回合 (当前手牌数: 7)

2026-05-19T01:00:36.645+08:00 [INFO] 上一手牌，牌型: 1, 牌是：♦4

2026-05-19T01:00:36.645+08:00 [INFO] 请选择要出的牌 (输入牌的序号，用逗号分隔，0表示不出): 
2026-05-19T01:00:37.639+08:00 [INFO] 
尤烨伟的回合 (当前手牌数: 7)

2026-05-19T01:00:37.639+08:00 [INFO] 上一手牌，牌型: 1, 牌是：♦4

2026-05-19T01:00:37.640+08:00 [INFO] 请选择要出的牌 (输入牌的序号，用逗号分隔，0表示不出): 
2026-05-19T01:00:37.642+08:00 [INFO] 尤烨伟出了: ♦5 (1)

2026-05-19T01:00:37.646+08:00 [WARN] 日志通道已满，丢弃日志
2026-05-19T01:00:37.649+08:00 [INFO] 用户 1 发送消息: {"type":"outCard","data":"{\"pid\":1,\"cardIds\":[9],\"card_type\":1,\"cards_num\":6,\"code\":0,\"current\":2,\"mustPid\":1,\"outCardTimeout\":30}","from":""}
2026-05-19T01:00:37.929+08:00 [INFO] heartbeatCheck: 2.8771689s
2026-05-19T01:00:38.638+08:00 [INFO] 
符明的回合 (当前手牌数: 6)

2026-05-19T01:00:38.639+08:00 [INFO] 上一手牌，牌型: 1, 牌是：♦5

2026-05-19T01:00:38.642+08:00 [INFO] 请选择要出的牌 (输入牌的序号，用逗号分隔，0表示不出): 
2026-05-19T01:00:39.638+08:00 [INFO] 
符明的回合 (当前手牌数: 6)

2026-05-19T01:00:39.639+08:00 [INFO] 上一手牌，牌型: 1, 牌是：♦5

2026-05-19T01:00:39.640+08:00 [INFO] 请选择要出的牌 (输入牌的序号，用逗号分隔，0表示不出): 
2026-05-19T01:00:39.641+08:00 [INFO] 符明出了: ♠Q (1)

2026-05-19T01:00:39.643+08:00 [WARN] 日志通道已满，丢弃日志
2026-05-19T01:00:39.646+08:00 [INFO] 用户 1 发送消息: {"type":"outCard","data":"{\"pid\":2,\"cardIds\":[40],\"card_type\":1,\"cards_num\":5,\"code\":0,\"current\":3,\"mustPid\":2,\"outCardTimeout\":30}","from":""}
2026-05-19T01:00:40.639+08:00 [INFO] 
堵妙绿的回合 (当前手牌数: 7)

2026-05-19T01:00:40.641+08:00 [INFO] 上一手牌，牌型: 1, 牌是：♠Q

2026-05-19T01:00:40.642+08:00 [INFO] 请选择要出的牌 (输入牌的序号，用逗号分隔，0表示不出): 
2026-05-19T01:00:41.638+08:00 [INFO] 
堵妙绿的回合 (当前手牌数: 7)

2026-05-19T01:00:41.638+08:00 [INFO] 上一手牌，牌型: 1, 牌是：♠Q

2026-05-19T01:00:41.639+08:00 [INFO] 请选择要出的牌 (输入牌的序号，用逗号分隔，0表示不出): 
2026-05-19T01:00:42.639+08:00 [INFO] 
堵妙绿的回合 (当前手牌数: 7)

2026-05-19T01:00:42.640+08:00 [INFO] 上一手牌，牌型: 1, 牌是：♠Q

2026-05-19T01:00:42.643+08:00 [INFO] 请选择要出的牌 (输入牌的序号，用逗号分隔，0表示不出): 
2026-05-19T01:00:42.645+08:00 [INFO] 堵妙绿出了: ♣A (1)

2026-05-19T01:00:42.645+08:00 [WARN] 日志通道已满，丢弃日志
2026-05-19T01:00:42.648+08:00 [INFO] 正在订阅 Channel: player:play:card:1，当前玩家: 1
2026-05-19T01:00:42.656+08:00 [INFO] 成功订阅 Channel: player:play:card:1
2026-05-19T01:00:42.663+08:00 [INFO] 用户 1 发送消息: {"type":"outCard","data":"{\"pid\":3,\"cardIds\":[46],\"card_type\":1,\"cards_num\":6,\"code\":0,\"current\":0,\"mustPid\":3,\"outCardTimeout\":30}","from":""}
2026-05-19T01:00:42.928+08:00 [INFO] heartbeatCheck: 7.876626s
2026-05-19T01:00:43.638+08:00 [INFO] 
1的回合 (当前手牌数: 13)

2026-05-19T01:00:43.639+08:00 [INFO] 上一手牌，牌型: 1, 牌是：♣A

2026-05-19T01:00:43.640+08:00 [INFO] 请选择要出的牌 (输入牌的序号，用逗号分隔，0表示不出): 
2026-05-19T01:00:43.641+08:00 [INFO] 用户 1 接收出牌消息1: <nil>
2026-05-19T01:00:43.642+08:00 [INFO] 用户 1 接收出牌消息2: {0 [] 0}
2026-05-19T01:00:44.312+08:00 [INFO] 用户 1 接收消息: {"type":"playCard","data":"{\"pid\":0,\"pass\":1}"}（类型: 1）
2026-05-19T01:00:44.323+08:00 [INFO] 用户 1 发送出牌消息: {"pid":0,"cardIds":null,"pass":1}
2026-05-19T01:00:44.638+08:00 [INFO] 
1的回合 (当前手牌数: 13)

2026-05-19T01:00:44.639+08:00 [INFO] 上一手牌，牌型: 1, 牌是：♣A

2026-05-19T01:00:44.642+08:00 [INFO] 请选择要出的牌 (输入牌的序号，用逗号分隔，0表示不出): 
2026-05-19T01:00:44.643+08:00 [INFO] 从队列收到消息: playCard
2026-05-19T01:00:44.644+08:00 [INFO] 用户 1 接收出牌消息1: &{playCard {"pid":0,"cardIds":null,"pass":1} 1}
2026-05-19T01:00:44.646+08:00 [INFO] 用户 1 接收出牌消息2: {0 [] 1}
2026-05-19T01:00:44.648+08:00 [INFO] 1不出

2026-05-19T01:00:44.649+08:00 [INFO] ♦Q,♣7,♣J,♠2,♥J,♣2,♠3,♦8,♠4,♣10,♠7,♣3,♦10
2026-05-19T01:00:44.651+08:00 [WARN] 日志通道已满，丢弃日志
2026-05-19T01:00:44.656+08:00 [INFO] 用户 1 发送消息: {"type":"pass","data":"{\"pid\":0,\"cardIds\":[],\"card_type\":0,\"cards_num\":13,\"code\":0,\"current\":1,\"mustPid\":3,\"outCardTimeout\":30}","from":""}
2026-05-19T01:00:45.639+08:00 [INFO] 
尤烨伟的回合 (当前手牌数: 6)

2026-05-19T01:00:45.639+08:00 [INFO] 上一手牌，牌型: 1, 牌是：♣A

2026-05-19T01:00:45.642+08:00 [INFO] 请选择要出的牌 (输入牌的序号，用逗号分隔，0表示不出): 
2026-05-19T01:00:46.639+08:00 [INFO] 
尤烨伟的回合 (当前手牌数: 6)

2026-05-19T01:00:46.640+08:00 [INFO] 上一手牌，牌型: 1, 牌是：♣A

2026-05-19T01:00:46.642+08:00 [INFO] 请选择要出的牌 (输入牌的序号，用逗号分隔，0表示不出): 
2026-05-19T01:00:46.645+08:00 [INFO] 尤烨伟不出

2026-05-19T01:00:46.648+08:00 [WARN] 日志通道已满，丢弃日志
2026-05-19T01:00:46.650+08:00 [INFO] 用户 1 发送消息: {"type":"pass","data":"{\"pid\":1,\"cardIds\":null,\"card_type\":0,\"cards_num\":6,\"code\":0,\"current\":2,\"mustPid\":3,\"outCardTimeout\":30}","from":""}
2026-05-19T01:00:47.638+08:00 [INFO] 
符明的回合 (当前手牌数: 5)

2026-05-19T01:00:47.638+08:00 [INFO] 上一手牌，牌型: 1, 牌是：♣A

2026-05-19T01:00:47.639+08:00 [INFO] 请选择要出的牌 (输入牌的序号，用逗号分隔，0表示不出): 
2026-05-19T01:00:47.929+08:00 [INFO] heartbeatCheck: 3.6161053s
2026-05-19T01:00:48.639+08:00 [INFO] 
符明的回合 (当前手牌数: 5)

2026-05-19T01:00:48.642+08:00 [INFO] 上一手牌，牌型: 1, 牌是：♣A

2026-05-19T01:00:48.642+08:00 [INFO] 请选择要出的牌 (输入牌的序号，用逗号分隔，0表示不出): 
2026-05-19T01:00:48.642+08:00 [INFO] 符明不出

2026-05-19T01:00:48.643+08:00 [WARN] 日志通道已满，丢弃日志
2026-05-19T01:00:48.645+08:00 [INFO] 用户 1 发送消息: {"type":"pass","data":"{\"pid\":2,\"cardIds\":null,\"card_type\":0,\"cards_num\":5,\"code\":0,\"current\":3,\"mustPid\":3,\"outCardTimeout\":30}","from":""}
2026-05-19T01:00:49.638+08:00 [INFO] 
堵妙绿的回合 (当前手牌数: 6)

2026-05-19T01:00:49.638+08:00 [INFO] 上一手牌，牌型: 0, 牌是：不出

2026-05-19T01:00:49.640+08:00 [INFO] 请选择要出的牌 (输入牌的序号，用逗号分隔，0表示不出): 
2026-05-19T01:00:50.638+08:00 [INFO] 
堵妙绿的回合 (当前手牌数: 6)

2026-05-19T01:00:50.639+08:00 [INFO] 上一手牌，牌型: 0, 牌是：不出

2026-05-19T01:00:50.640+08:00 [INFO] 请选择要出的牌 (输入牌的序号，用逗号分隔，0表示不出): 
2026-05-19T01:00:50.643+08:00 [INFO] 堵妙绿出了: ♣6 (1)

2026-05-19T01:00:50.644+08:00 [WARN] 日志通道已满，丢弃日志
2026-05-19T01:00:50.647+08:00 [INFO] 正在订阅 Channel: player:play:card:1，当前玩家: 1
2026-05-19T01:00:50.652+08:00 [INFO] 成功订阅 Channel: player:play:card:1
2026-05-19T01:00:50.655+08:00 [INFO] 用户 1 发送消息: {"type":"outCard","data":"{\"pid\":3,\"cardIds\":[14],\"card_type\":1,\"cards_num\":5,\"code\":0,\"current\":0,\"mustPid\":3,\"outCardTimeout\":30}","from":""}
2026-05-19T01:00:51.599+08:00 [INFO] 用户 1 接收消息: {"type":"playCard","data":"{\"pid\":0,\"pass\":1}"}（类型: 1）
2026-05-19T01:00:51.612+08:00 [INFO] 用户 1 发送出牌消息: {"pid":0,"cardIds":null,"pass":1}
2026-05-19T01:00:51.638+08:00 [INFO] 
1的回合 (当前手牌数: 13)

2026-05-19T01:00:51.639+08:00 [INFO] 上一手牌，牌型: 1, 牌是：♣6

2026-05-19T01:00:51.643+08:00 [INFO] 请选择要出的牌 (输入牌的序号，用逗号分隔，0表示不出): 
2026-05-19T01:00:51.647+08:00 [INFO] 从队列收到消息: playCard
2026-05-19T01:00:51.649+08:00 [INFO] 用户 1 接收出牌消息1: &{playCard {"pid":0,"cardIds":null,"pass":1} 1}
2026-05-19T01:00:51.650+08:00 [INFO] 用户 1 接收出牌消息2: {0 [] 1}
2026-05-19T01:00:51.653+08:00 [INFO] 1不出

2026-05-19T01:00:51.655+08:00 [INFO] ♦Q,♣7,♣J,♠2,♥J,♣2,♠3,♦8,♠4,♣10,♠7,♣3,♦10
2026-05-19T01:00:51.656+08:00 [WARN] 日志通道已满，丢弃日志
2026-05-19T01:00:51.664+08:00 [INFO] 用户 1 发送消息: {"type":"pass","data":"{\"pid\":0,\"cardIds\":[],\"card_type\":0,\"cards_num\":13,\"code\":0,\"current\":1,\"mustPid\":3,\"outCardTimeout\":30}","from":""}
2026-05-19T01:00:52.639+08:00 [INFO] 
尤烨伟的回合 (当前手牌数: 6)

2026-05-19T01:00:52.640+08:00 [INFO] 上一手牌，牌型: 1, 牌是：♣6

2026-05-19T01:00:52.640+08:00 [INFO] 请选择要出的牌 (输入牌的序号，用逗号分隔，0表示不出): 
2026-05-19T01:00:52.929+08:00 [INFO] heartbeatCheck: 1.3292928s
2026-05-19T01:00:53.638+08:00 [INFO] 
尤烨伟的回合 (当前手牌数: 6)

2026-05-19T01:00:53.641+08:00 [INFO] 上一手牌，牌型: 1, 牌是：♣6

2026-05-19T01:00:53.643+08:00 [INFO] 请选择要出的牌 (输入牌的序号，用逗号分隔，0表示不出): 
2026-05-19T01:00:53.644+08:00 [INFO] 尤烨伟不出

2026-05-19T01:00:53.645+08:00 [WARN] 日志通道已满，丢弃日志
2026-05-19T01:00:53.650+08:00 [INFO] 用户 1 发送消息: {"type":"pass","data":"{\"pid\":1,\"cardIds\":null,\"card_type\":0,\"cards_num\":6,\"code\":0,\"current\":2,\"mustPid\":3,\"outCardTimeout\":30}","from":""}
2026-05-19T01:00:54.638+08:00 [INFO] 
符明的回合 (当前手牌数: 5)

2026-05-19T01:00:54.640+08:00 [INFO] 上一手牌，牌型: 1, 牌是：♣6

2026-05-19T01:00:54.642+08:00 [INFO] 请选择要出的牌 (输入牌的序号，用逗号分隔，0表示不出): 
2026-05-19T01:00:55.638+08:00 [INFO] 
符明的回合 (当前手牌数: 5)

2026-05-19T01:00:55.640+08:00 [INFO] 上一手牌，牌型: 1, 牌是：♣6

2026-05-19T01:00:55.643+08:00 [INFO] 请选择要出的牌 (输入牌的序号，用逗号分隔，0表示不出): 
2026-05-19T01:00:56.639+08:00 [INFO] 
符明的回合 (当前手牌数: 5)

2026-05-19T01:00:56.641+08:00 [INFO] 上一手牌，牌型: 1, 牌是：♣6

2026-05-19T01:00:56.643+08:00 [INFO] 请选择要出的牌 (输入牌的序号，用逗号分隔，0表示不出): 
2026-05-19T01:00:56.645+08:00 [INFO] 符明不出

2026-05-19T01:00:56.647+08:00 [WARN] 日志通道已满，丢弃日志
2026-05-19T01:00:56.650+08:00 [INFO] 用户 1 发送消息: {"type":"pass","data":"{\"pid\":2,\"cardIds\":null,\"card_type\":0,\"cards_num\":5,\"code\":0,\"current\":3,\"mustPid\":3,\"outCardTimeout\":30}","from":""}
2026-05-19T01:00:57.638+08:00 [INFO] 
堵妙绿的回合 (当前手牌数: 5)

2026-05-19T01:00:57.639+08:00 [INFO] 上一手牌，牌型: 0, 牌是：不出

2026-05-19T01:00:57.640+08:00 [INFO] 请选择要出的牌 (输入牌的序号，用逗号分隔，0表示不出): 
2026-05-19T01:00:57.928+08:00 [INFO] heartbeatCheck: 6.3288731s
2026-05-19T01:00:58.638+08:00 [INFO] 
堵妙绿的回合 (当前手牌数: 5)

2026-05-19T01:00:58.640+08:00 [INFO] 上一手牌，牌型: 0, 牌是：不出

2026-05-19T01:00:58.640+08:00 [INFO] 请选择要出的牌 (输入牌的序号，用逗号分隔，0表示不出): 
2026-05-19T01:00:59.638+08:00 [INFO] 
堵妙绿的回合 (当前手牌数: 5)

2026-05-19T01:00:59.638+08:00 [INFO] 上一手牌，牌型: 0, 牌是：不出

2026-05-19T01:00:59.642+08:00 [INFO] 请选择要出的牌 (输入牌的序号，用逗号分隔，0表示不出): 
2026-05-19T01:00:59.643+08:00 [INFO] 堵妙绿出了: ♥A,♥10,♥9,♥7,♥6 (4)

2026-05-19T01:00:59.644+08:00 [WARN] 日志通道已满，丢弃日志
2026-05-19T01:00:59.645+08:00 [INFO] 正在订阅 Channel: player:play:card:1，当前玩家: 1
2026-05-19T01:00:59.652+08:00 [INFO] 成功订阅 Channel: player:play:card:1
2026-05-19T01:00:59.655+08:00 [INFO] 用户 1 发送消息: {"type":"outCard","data":"{\"pid\":3,\"cardIds\":[47,31,27,19,15],\"card_type\":4,\"cards_num\":0,\"code\":0,\"current\":0,\"mustPid\":3,\"outCardTimeout\":30}","from":""}
2026-05-19T01:01:00.639+08:00 [INFO] 
游戏结束！恭喜堵妙绿！获胜

2026-05-19T01:01:00.642+08:00 [INFO] 游戏每个用户结算信息：0, -13, 704, 1

2026-05-19T01:01:00.645+08:00 [INFO] ♦Q,♣7,♣J,♠2,♥J,♣2,♠3,♦8,♠4,♣10,♠7,♣3,♦10
2026-05-19T01:01:00.648+08:00 [WARN] 日志通道已满，丢弃日志
2026-05-19T01:01:00.645+08:00 [INFO] 用户 1 发送消息: {"type":"over","data":"[{\"winName\":\"1\",\"winner\":0,\"point\":704,\"win\":-13}]","from":""}
2026-05-19T01:01:00.654+08:00 [INFO] 执行结算异步任务: Id:3 UserName:"1" Point:704
2026-05-19T01:01:02.929+08:00 [INFO] heartbeatCheck: 11.3295988s
2026-05-19T01:01:06.153+08:00 [INFO] 用户 1 接收消息: {"type":"initRoom","data":"","name":""}（类型: 1）
2026-05-19T01:01:06.168+08:00 [WARN] 日志通道已满，丢弃日志
2026-05-19T01:01:06.173+08:00 [INFO] 用户 1 发送消息: {"type":"initRoom","data":"[{\"ID\":0,\"Name\":\"1\",\"RoomID\":\"QX1PNE\",\"Type\":0,\"CardNum\":13,\"Point\":704,\"UserId\":\"1\",\"RoomType\":1}]","from":"1"}
2026-05-19T01:01:06.173+08:00 [INFO] 用户 1 开始延迟添加AI到房间 QX1PNE
2026-05-19T01:01:07.929+08:00 [INFO] heartbeatCheck: 1.7764004s
2026-05-19T01:01:08.188+08:00 [INFO] 用户 1 发送消息: {"type":"initRoom","data":"[{\"ID\":0,\"Name\":\"1\",\"RoomID\":\"QX1PNE\",\"Type\":0,\"CardNum\":13,\"Point\":704,\"UserId\":\"1\",\"RoomType\":1},{\"ID\":1,\"Name\":\"颜雨泽\",\"RoomID\":\"QX1PNE\",\"Type\":1,\"CardNum\":13,\"Point\":0,\"UserId\":\"\",\"RoomType\":1},{\"ID\":2,\"Name\":\"禄铭晨\",\"RoomID\":\"QX1PNE\",\"Type\":1,\"CardNum\":13,\"Point\":0,\"UserId\":\"\",\"RoomType\":1},{\"ID\":3,\"Name\":\"嵇范明\",\"RoomID\":\"QX1PNE\",\"Type\":1,\"CardNum\":13,\"Point\":0,\"UserId\":\"\",\"RoomType\":1}]","from":"1"}
2026-05-19T01:01:12.929+08:00 [INFO] heartbeatCheck: 6.7757828s
2026-05-19T01:01:14.920+08:00 [INFO] 用户 1 接收消息: {"type":"leaveRoom","data":"","name":""}（类型: 1）
2026-05-19T01:01:14.936+08:00 [WARN] 日志通道已满，丢弃日志
2026-05-19T01:01:15.010+08:00 [INFO] 用户 1 接收消息: {"type":"getInfo","data":"","name":""}（类型: 1）
2026-05-19T01:01:15.020+08:00 [ERRO] unexpected end of JSON input 
Stack:
1.  game_user/internal/controller/enter.(*Client).getPlayerAndRoomInfo
    D:/gowork/max2/max2/app/game_user/internal/controller/enter/enter_v1_enter.go:981
2.  game_user/internal/controller/enter.(*Client).handleGetInfo
    D:/gowork/max2/max2/app/game_user/internal/controller/enter/enter_v1_enter.go:691
3.  game_user/internal/controller/enter.(*Client).readLoop
    D:/gowork/max2/max2/app/game_user/internal/controller/enter/enter_v1_enter.go:197

2026-05-19T01:01:15.032+08:00 [ERRO] 用户 1 房间  不存在 
Stack:
1.  game_user/internal/controller/enter.(*Client).getPlayerAndRoomInfo
    D:/gowork/max2/max2/app/game_user/internal/controller/enter/enter_v1_enter.go:986
2.  game_user/internal/controller/enter.(*Client).handleGetInfo
    D:/gowork/max2/max2/app/game_user/internal/controller/enter/enter_v1_enter.go:691
3.  game_user/internal/controller/enter.(*Client).readLoop
    D:/gowork/max2/max2/app/game_user/internal/controller/enter/enter_v1_enter.go:197

2026-05-19T01:01:17.928+08:00 [INFO] heartbeatCheck: 2.9179148s
2026-05-19T01:01:18.247+08:00 [INFO] 用户 1 接收消息: {"type":"heartbeat","data":"ping"}（类型: 1）
2026-05-19T01:01:18.257+08:00 [INFO] 用户 1 发送消息: {"type":"heartbeat","data":"pong","from":"1"}
2026-05-19T01:01:18.616+08:00 [INFO] 用户 1 接收消息: {"type":"initRoom","data":"","name":""}（类型: 1）
2026-05-19T01:01:18.619+08:00 [ERRO] unexpected end of JSON input 
Stack:
1.  game_user/internal/controller/enter.(*Client).getPlayerAndRoomInfo
    D:/gowork/max2/max2/app/game_user/internal/controller/enter/enter_v1_enter.go:981
2.  game_user/internal/controller/enter.(*Client).clearRoom
    D:/gowork/max2/max2/app/game_user/internal/controller/enter/enter_v1_enter.go:962
3.  game_user/internal/controller/enter.(*Client).handleInitRoom
    D:/gowork/max2/max2/app/game_user/internal/controller/enter/enter_v1_enter.go:215
4.  game_user/internal/controller/enter.(*Client).readLoop
    D:/gowork/max2/max2/app/game_user/internal/controller/enter/enter_v1_enter.go:185

2026-05-19T01:01:18.626+08:00 [ERRO] 用户 1 房间  不存在 
Stack:
1.  game_user/internal/controller/enter.(*Client).getPlayerAndRoomInfo
    D:/gowork/max2/max2/app/game_user/internal/controller/enter/enter_v1_enter.go:986
2.  game_user/internal/controller/enter.(*Client).clearRoom
    D:/gowork/max2/max2/app/game_user/internal/controller/enter/enter_v1_enter.go:962
3.  game_user/internal/controller/enter.(*Client).handleInitRoom
    D:/gowork/max2/max2/app/game_user/internal/controller/enter/enter_v1_enter.go:215
4.  game_user/internal/controller/enter.(*Client).readLoop
    D:/gowork/max2/max2/app/game_user/internal/controller/enter/enter_v1_enter.go:185

2026-05-19T01:01:18.631+08:00 [WARN] 日志通道已满，丢弃日志
2026-05-19T01:01:18.635+08:00 [INFO] 用户 1 发送消息: {"type":"initRoom","data":"[{\"ID\":0,\"Name\":\"1\",\"RoomID\":\"D4718L\",\"Type\":0,\"CardNum\":13,\"Point\":704,\"UserId\":\"1\",\"RoomType\":1},{\"ID\":1,\"Name\":\"裘怀蕊\",\"RoomID\":\"D4718L\",\"Type\":1,\"CardNum\":13,\"Point\":0,\"UserId\":\"\",\"RoomType\":1}]","from":"1"}
2026-05-19T01:01:18.637+08:00 [INFO] 用户 1 开始延迟添加AI到房间 D4718L
2026-05-19T01:01:20.641+08:00 [INFO] 用户 1 发送消息: {"type":"initRoom","data":"[{\"ID\":0,\"Name\":\"1\",\"RoomID\":\"D4718L\",\"Type\":0,\"CardNum\":13,\"Point\":704,\"UserId\":\"1\",\"RoomType\":1},{\"ID\":1,\"Name\":\"裘怀蕊\",\"RoomID\":\"D4718L\",\"Type\":1,\"CardNum\":13,\"Point\":0,\"UserId\":\"\",\"RoomType\":1},{\"ID\":2,\"Name\":\"巩盼烟\",\"RoomID\":\"D4718L\",\"Type\":1,\"CardNum\":13,\"Point\":0,\"UserId\":\"\",\"RoomType\":1},{\"ID\":3,\"Name\":\"赵博超\",\"RoomID\":\"D4718L\",\"Type\":1,\"CardNum\":13,\"Point\":0,\"UserId\":\"\",\"RoomType\":1}]","from":"1"}
2026-05-19T01:01:22.929+08:00 [INFO] heartbeatCheck: 4.3125783s
2026-05-19T01:01:27.928+08:00 [INFO] heartbeatCheck: 9.3122257s
2026-05-19T01:01:30.652+08:00 [INFO] 用户 1 接收消息: {"type":"heartbeat","data":"ping"}（类型: 1）
2026-05-19T01:01:30.654+08:00 [INFO] 用户 1 发送消息: {"type":"heartbeat","data":"pong","from":"1"}
2026-05-19T01:01:32.929+08:00 [INFO] heartbeatCheck: 2.2768664s
2026-05-19T01:01:33.830+08:00 [INFO] 用户 1 接收消息: {"type":"leaveRoom","data":"","name":""}（类型: 1）
2026-05-19T01:01:33.840+08:00 [WARN] 日志通道已满，丢弃日志
2026-05-19T01:01:33.855+08:00 [INFO] 用户 1 接收消息: {"type":"getInfo","data":"","name":""}（类型: 1）
2026-05-19T01:01:33.858+08:00 [ERRO] unexpected end of JSON input 
Stack:
1.  game_user/internal/controller/enter.(*Client).getPlayerAndRoomInfo
    D:/gowork/max2/max2/app/game_user/internal/controller/enter/enter_v1_enter.go:981
2.  game_user/internal/controller/enter.(*Client).handleGetInfo
    D:/gowork/max2/max2/app/game_user/internal/controller/enter/enter_v1_enter.go:691
3.  game_user/internal/controller/enter.(*Client).readLoop
    D:/gowork/max2/max2/app/game_user/internal/controller/enter/enter_v1_enter.go:197

2026-05-19T01:01:33.859+08:00 [ERRO] 用户 1 房间  不存在 
Stack:
1.  game_user/internal/controller/enter.(*Client).getPlayerAndRoomInfo
    D:/gowork/max2/max2/app/game_user/internal/controller/enter/enter_v1_enter.go:986
2.  game_user/internal/controller/enter.(*Client).handleGetInfo
    D:/gowork/max2/max2/app/game_user/internal/controller/enter/enter_v1_enter.go:691
3.  game_user/internal/controller/enter.(*Client).readLoop
    D:/gowork/max2/max2/app/game_user/internal/controller/enter/enter_v1_enter.go:197

2026-05-19T01:01:36.528+08:00 [INFO] 用户 1 接收消息: {"type":"createRoom","data":"","name":""}（类型: 1）
2026-05-19T01:01:36.530+08:00 [ERRO] unexpected end of JSON input 
Stack:
1.  game_user/internal/controller/enter.(*Client).getPlayerAndRoomInfo
    D:/gowork/max2/max2/app/game_user/internal/controller/enter/enter_v1_enter.go:981
2.  game_user/internal/controller/enter.(*Client).clearRoom
    D:/gowork/max2/max2/app/game_user/internal/controller/enter/enter_v1_enter.go:962
3.  game_user/internal/controller/enter.(*Client).handleCreateRoom
    D:/gowork/max2/max2/app/game_user/internal/controller/enter/enter_v1_enter.go:320
4.  game_user/internal/controller/enter.(*Client).readLoop
    D:/gowork/max2/max2/app/game_user/internal/controller/enter/enter_v1_enter.go:187

2026-05-19T01:01:36.531+08:00 [ERRO] 用户 1 房间  不存在 
Stack:
1.  game_user/internal/controller/enter.(*Client).getPlayerAndRoomInfo
    D:/gowork/max2/max2/app/game_user/internal/controller/enter/enter_v1_enter.go:986
2.  game_user/internal/controller/enter.(*Client).clearRoom
    D:/gowork/max2/max2/app/game_user/internal/controller/enter/enter_v1_enter.go:962
3.  game_user/internal/controller/enter.(*Client).handleCreateRoom
    D:/gowork/max2/max2/app/game_user/internal/controller/enter/enter_v1_enter.go:320
4.  game_user/internal/controller/enter.(*Client).readLoop
    D:/gowork/max2/max2/app/game_user/internal/controller/enter/enter_v1_enter.go:187

2026-05-19T01:01:36.537+08:00 [INFO] 用户 1 发送消息: {"type":"createRoom","data":"[{\"ID\":0,\"Name\":\"1\",\"RoomID\":\"TFN6D0\",\"Type\":0,\"CardNum\":13,\"Point\":100,\"UserId\":\"1\",\"RoomType\":2}]","from":"1"}
2026-05-19T01:01:36.537+08:00 [WARN] 日志通道已满，丢弃日志
2026-05-19T01:01:37.928+08:00 [INFO] heartbeatCheck: 1.4009222s
2026-05-19T01:01:40.519+08:00 [INFO] 用户 1 接收消息: {"type":"leaveRoom","data":"","name":""}（类型: 1）
2026-05-19T01:01:40.532+08:00 [WARN] 日志通道已满，丢弃日志
2026-05-19T01:01:40.575+08:00 [INFO] 用户 1 接收消息: {"type":"getInfo","data":"","name":""}（类型: 1）
2026-05-19T01:01:40.578+08:00 [ERRO] unexpected end of JSON input 
Stack:
1.  game_user/internal/controller/enter.(*Client).getPlayerAndRoomInfo
    D:/gowork/max2/max2/app/game_user/internal/controller/enter/enter_v1_enter.go:981
2.  game_user/internal/controller/enter.(*Client).handleGetInfo
    D:/gowork/max2/max2/app/game_user/internal/controller/enter/enter_v1_enter.go:691
3.  game_user/internal/controller/enter.(*Client).readLoop
    D:/gowork/max2/max2/app/game_user/internal/controller/enter/enter_v1_enter.go:197

2026-05-19T01:01:40.581+08:00 [ERRO] 用户 1 房间  不存在 
Stack:
1.  game_user/internal/controller/enter.(*Client).getPlayerAndRoomInfo
    D:/gowork/max2/max2/app/game_user/internal/controller/enter/enter_v1_enter.go:986
2.  game_user/internal/controller/enter.(*Client).handleGetInfo
    D:/gowork/max2/max2/app/game_user/internal/controller/enter/enter_v1_enter.go:691
3.  game_user/internal/controller/enter.(*Client).readLoop
    D:/gowork/max2/max2/app/game_user/internal/controller/enter/enter_v1_enter.go:197

2026-05-19T01:01:42.536+08:00 [INFO] 用户 1 接收消息: {"type":"initRoom","data":"","name":""}（类型: 1）
2026-05-19T01:01:42.540+08:00 [ERRO] unexpected end of JSON input 
Stack:
1.  game_user/internal/controller/enter.(*Client).getPlayerAndRoomInfo
    D:/gowork/max2/max2/app/game_user/internal/controller/enter/enter_v1_enter.go:981
2.  game_user/internal/controller/enter.(*Client).clearRoom
    D:/gowork/max2/max2/app/game_user/internal/controller/enter/enter_v1_enter.go:962
3.  game_user/internal/controller/enter.(*Client).handleInitRoom
    D:/gowork/max2/max2/app/game_user/internal/controller/enter/enter_v1_enter.go:215
4.  game_user/internal/controller/enter.(*Client).readLoop
    D:/gowork/max2/max2/app/game_user/internal/controller/enter/enter_v1_enter.go:185

2026-05-19T01:01:42.545+08:00 [ERRO] 用户 1 房间  不存在 
Stack:
1.  game_user/internal/controller/enter.(*Client).getPlayerAndRoomInfo
    D:/gowork/max2/max2/app/game_user/internal/controller/enter/enter_v1_enter.go:986
2.  game_user/internal/controller/enter.(*Client).clearRoom
    D:/gowork/max2/max2/app/game_user/internal/controller/enter/enter_v1_enter.go:962
3.  game_user/internal/controller/enter.(*Client).handleInitRoom
    D:/gowork/max2/max2/app/game_user/internal/controller/enter/enter_v1_enter.go:215
4.  game_user/internal/controller/enter.(*Client).readLoop
    D:/gowork/max2/max2/app/game_user/internal/controller/enter/enter_v1_enter.go:185

2026-05-19T01:01:42.549+08:00 [WARN] 日志通道已满，丢弃日志
2026-05-19T01:01:42.555+08:00 [INFO] 用户 1 发送消息: {"type":"initRoom","data":"[{\"ID\":0,\"Name\":\"1\",\"RoomID\":\"O7JPD8\",\"Type\":0,\"CardNum\":13,\"Point\":704,\"UserId\":\"1\",\"RoomType\":1}]","from":"1"}
2026-05-19T01:01:42.557+08:00 [INFO] 用户 1 开始延迟添加AI到房间 O7JPD8
2026-05-19T01:01:42.929+08:00 [INFO] heartbeatCheck: 393.1159ms
2026-05-19T01:01:44.564+08:00 [INFO] 用户 1 发送消息: {"type":"initRoom","data":"[{\"ID\":0,\"Name\":\"1\",\"RoomID\":\"O7JPD8\",\"Type\":0,\"CardNum\":13,\"Point\":704,\"UserId\":\"1\",\"RoomType\":1},{\"ID\":1,\"Name\":\"惠高旻\",\"RoomID\":\"O7JPD8\",\"Type\":1,\"CardNum\":13,\"Point\":0,\"UserId\":\"\",\"RoomType\":1},{\"ID\":2,\"Name\":\"裘迎荷\",\"RoomID\":\"O7JPD8\",\"Type\":1,\"CardNum\":13,\"Point\":0,\"UserId\":\"\",\"RoomType\":1},{\"ID\":3,\"Name\":\"向海阳\",\"RoomID\":\"O7JPD8\",\"Type\":1,\"CardNum\":13,\"Point\":0,\"UserId\":\"\",\"RoomType\":1}]","from":"1"}
2026-05-19T01:01:47.929+08:00 [INFO] heartbeatCheck: 5.3930141s
2026-05-19T01:01:52.929+08:00 [INFO] heartbeatCheck: 10.3933422s
2026-05-19T01:01:54.622+08:00 [INFO] 用户 1 接收消息: {"type":"heartbeat","data":"ping"}（类型: 1）
2026-05-19T01:01:54.628+08:00 [INFO] 用户 1 发送消息: {"type":"heartbeat","data":"pong","from":"1"}
2026-05-19T01:01:57.523+08:00 [ERRO] 用户 1 消息读取错误: websocket: close 1006 (abnormal closure): unexpected EOF 
Stack:
1.  game_user/internal/controller/enter.(*Client).readLoop
    D:/gowork/max2/max2/app/game_user/internal/controller/enter/enter_v1_enter.go:161

2026-05-19T01:01:57.524+08:00 [INFO] 用户 1 连接已关闭，读循环退出
2026-05-19T01:01:57.526+08:00 [INFO] 用户 1 关闭连接，原因: 读循环退出
2026-05-19T01:01:57.526+08:00 [INFO] 用户 1 心跳检测被取消: context canceled
2026-05-19T01:01:57.527+08:00 [INFO] 用户 1 心跳检测退出
2026-05-19T01:31:01.278+08:00 [DEBU] resolver closed
2026-05-19T15:53:25.266+08:00 [WARN] keepalive exit, lease id: 7587894926712581400, retry register
2026-05-19T15:53:25.444+08:00 [DEBU] etcd put success with key "/service/default/default/game_user/latest/172.20.10.3:9010", value "{"protocol":"grpc"}", lease "7587894926712581563"
2026-05-19T21:33:00.886+08:00 [WARN] keepalive exit, lease id: 7587894926712581563, retry register
2026-05-19T21:33:01.418+08:00 [WARN] keepalive exit, lease id: 7587894926712581403, retry register
2026-05-19T21:33:01.542+08:00 [DEBU] etcd put success with key "/service/default/default/game_user.svc/latest/172.20.10.3:8010", value "{"insecure":true,"protocol":"http"}", lease "7587894926712581594"
2026-05-19T21:33:01.882+08:00 [DEBU] etcd put success with key "/service/default/default/game_user/latest/172.20.10.3:9010", value "{"protocol":"grpc"}", lease "7587894926712581592"
