2026-05-23T10:15:24.048+08:00 [DEBU] etcd put success with key "/service/default/default/game_user/latest/172.20.10.3:8020", value "{"protocol":"grpc"}", lease "7587894971408547883"
2026-05-23T10:15:38.171+08:00 [DEBU] etcd put success with key "/service/default/default/game_user/latest/172.20.10.3:8020", value "{"protocol":"grpc"}", lease "7587894971408547888"
2026-05-23T10:50:08.450+08:00 [ERRO] {f8f5a14e0312b2183521ee5889acc812} unexpected end of JSON input 
Stack:
1.  game_user/internal/controller/action.(*Controller).getPlayerAndRoomInfo
    D:/gowork/max2/max2/app/game_user/internal/controller/action/action.go:680
2.  game_user/internal/controller/action.(*Controller).handleGetInfo
    D:/gowork/max2/max2/app/game_user/internal/controller/action/action.go:539
3.  game_user/internal/controller/action.(*Controller).SendAction
    D:/gowork/max2/max2/app/game_user/internal/controller/action/action.go:57
4.  game_user/api/action/v1._Action_SendAction_Handler.func1
    D:/gowork/max2/max2/app/game_user/api/action/v1/action_grpc.pb.go:105
5.  google.golang.org/grpc.getChainUnaryHandler.func1
    D:/gowork/pkg/mod/google.golang.org/grpc@v1.79.3/server.go:1242
6.  google.golang.org/grpc.getChainUnaryHandler.func1
    D:/gowork/pkg/mod/google.golang.org/grpc@v1.79.3/server.go:1242
7.  google.golang.org/grpc.getChainUnaryHandler.func1
    D:/gowork/pkg/mod/google.golang.org/grpc@v1.79.3/server.go:1242
8.  google.golang.org/grpc.getChainUnaryHandler.func1
    D:/gowork/pkg/mod/google.golang.org/grpc@v1.79.3/server.go:1242
9.  google.golang.org/grpc.getChainUnaryHandler.func1
    D:/gowork/pkg/mod/google.golang.org/grpc@v1.79.3/server.go:1242
10. google.golang.org/grpc.chainUnaryInterceptors.func1
    D:/gowork/pkg/mod/google.golang.org/grpc@v1.79.3/server.go:1233
11. game_user/api/action/v1._Action_SendAction_Handler
    D:/gowork/max2/max2/app/game_user/api/action/v1/action_grpc.pb.go:107
12. google.golang.org/grpc.(*Server).processUnaryRPC
    D:/gowork/pkg/mod/google.golang.org/grpc@v1.79.3/server.go:1429
13. google.golang.org/grpc.(*Server).handleStream
    D:/gowork/pkg/mod/google.golang.org/grpc@v1.79.3/server.go:1855
14. google.golang.org/grpc.(*Server).serveStreams.func2.1
    D:/gowork/pkg/mod/google.golang.org/grpc@v1.79.3/server.go:1064

2026-05-23T10:50:08.465+08:00 [ERRO] {f8f5a14e0312b2183521ee5889acc812} 用户  房间  不存在 
Stack:
1.  game_user/internal/controller/action.(*Controller).getPlayerAndRoomInfo
    D:/gowork/max2/max2/app/game_user/internal/controller/action/action.go:685
2.  game_user/internal/controller/action.(*Controller).handleGetInfo
    D:/gowork/max2/max2/app/game_user/internal/controller/action/action.go:539
3.  game_user/internal/controller/action.(*Controller).SendAction
    D:/gowork/max2/max2/app/game_user/internal/controller/action/action.go:57
4.  game_user/api/action/v1._Action_SendAction_Handler.func1
    D:/gowork/max2/max2/app/game_user/api/action/v1/action_grpc.pb.go:105
5.  google.golang.org/grpc.getChainUnaryHandler.func1
    D:/gowork/pkg/mod/google.golang.org/grpc@v1.79.3/server.go:1242
6.  google.golang.org/grpc.getChainUnaryHandler.func1
    D:/gowork/pkg/mod/google.golang.org/grpc@v1.79.3/server.go:1242
7.  google.golang.org/grpc.getChainUnaryHandler.func1
    D:/gowork/pkg/mod/google.golang.org/grpc@v1.79.3/server.go:1242
8.  google.golang.org/grpc.getChainUnaryHandler.func1
    D:/gowork/pkg/mod/google.golang.org/grpc@v1.79.3/server.go:1242
9.  google.golang.org/grpc.getChainUnaryHandler.func1
    D:/gowork/pkg/mod/google.golang.org/grpc@v1.79.3/server.go:1242
10. google.golang.org/grpc.chainUnaryInterceptors.func1
    D:/gowork/pkg/mod/google.golang.org/grpc@v1.79.3/server.go:1233
11. game_user/api/action/v1._Action_SendAction_Handler
    D:/gowork/max2/max2/app/game_user/api/action/v1/action_grpc.pb.go:107
12. google.golang.org/grpc.(*Server).processUnaryRPC
    D:/gowork/pkg/mod/google.golang.org/grpc@v1.79.3/server.go:1429
13. google.golang.org/grpc.(*Server).handleStream
    D:/gowork/pkg/mod/google.golang.org/grpc@v1.79.3/server.go:1855
14. google.golang.org/grpc.(*Server).serveStreams.func2.1
    D:/gowork/pkg/mod/google.golang.org/grpc@v1.79.3/server.go:1064

2026-05-23T10:50:12.876+08:00 [ERRO] {a4774d650412b2183621ee5882043394} unexpected end of JSON input 
Stack:
1.  game_user/internal/controller/action.(*Controller).getPlayerAndRoomInfo
    D:/gowork/max2/max2/app/game_user/internal/controller/action/action.go:680
2.  game_user/internal/controller/action.(*Controller).clearRoom
    D:/gowork/max2/max2/app/game_user/internal/controller/action/action.go:661
3.  game_user/internal/controller/action.(*Controller).handleInitRoom
    D:/gowork/max2/max2/app/game_user/internal/controller/action/action.go:66
4.  game_user/internal/controller/action.(*Controller).SendAction
    D:/gowork/max2/max2/app/game_user/internal/controller/action/action.go:45
5.  game_user/api/action/v1._Action_SendAction_Handler.func1
    D:/gowork/max2/max2/app/game_user/api/action/v1/action_grpc.pb.go:105
6.  google.golang.org/grpc.getChainUnaryHandler.func1
    D:/gowork/pkg/mod/google.golang.org/grpc@v1.79.3/server.go:1242
7.  google.golang.org/grpc.getChainUnaryHandler.func1
    D:/gowork/pkg/mod/google.golang.org/grpc@v1.79.3/server.go:1242
8.  google.golang.org/grpc.getChainUnaryHandler.func1
    D:/gowork/pkg/mod/google.golang.org/grpc@v1.79.3/server.go:1242
9.  google.golang.org/grpc.getChainUnaryHandler.func1
    D:/gowork/pkg/mod/google.golang.org/grpc@v1.79.3/server.go:1242
10. google.golang.org/grpc.getChainUnaryHandler.func1
    D:/gowork/pkg/mod/google.golang.org/grpc@v1.79.3/server.go:1242
11. google.golang.org/grpc.chainUnaryInterceptors.func1
    D:/gowork/pkg/mod/google.golang.org/grpc@v1.79.3/server.go:1233
12. game_user/api/action/v1._Action_SendAction_Handler
    D:/gowork/max2/max2/app/game_user/api/action/v1/action_grpc.pb.go:107
13. google.golang.org/grpc.(*Server).processUnaryRPC
    D:/gowork/pkg/mod/google.golang.org/grpc@v1.79.3/server.go:1429
14. google.golang.org/grpc.(*Server).handleStream
    D:/gowork/pkg/mod/google.golang.org/grpc@v1.79.3/server.go:1855
15. google.golang.org/grpc.(*Server).serveStreams.func2.1
    D:/gowork/pkg/mod/google.golang.org/grpc@v1.79.3/server.go:1064

2026-05-23T10:50:12.889+08:00 [ERRO] {a4774d650412b2183621ee5882043394} 用户  房间  不存在 
Stack:
1.  game_user/internal/controller/action.(*Controller).getPlayerAndRoomInfo
    D:/gowork/max2/max2/app/game_user/internal/controller/action/action.go:685
2.  game_user/internal/controller/action.(*Controller).clearRoom
    D:/gowork/max2/max2/app/game_user/internal/controller/action/action.go:661
3.  game_user/internal/controller/action.(*Controller).handleInitRoom
    D:/gowork/max2/max2/app/game_user/internal/controller/action/action.go:66
4.  game_user/internal/controller/action.(*Controller).SendAction
    D:/gowork/max2/max2/app/game_user/internal/controller/action/action.go:45
5.  game_user/api/action/v1._Action_SendAction_Handler.func1
    D:/gowork/max2/max2/app/game_user/api/action/v1/action_grpc.pb.go:105
6.  google.golang.org/grpc.getChainUnaryHandler.func1
    D:/gowork/pkg/mod/google.golang.org/grpc@v1.79.3/server.go:1242
7.  google.golang.org/grpc.getChainUnaryHandler.func1
    D:/gowork/pkg/mod/google.golang.org/grpc@v1.79.3/server.go:1242
8.  google.golang.org/grpc.getChainUnaryHandler.func1
    D:/gowork/pkg/mod/google.golang.org/grpc@v1.79.3/server.go:1242
9.  google.golang.org/grpc.getChainUnaryHandler.func1
    D:/gowork/pkg/mod/google.golang.org/grpc@v1.79.3/server.go:1242
10. google.golang.org/grpc.getChainUnaryHandler.func1
    D:/gowork/pkg/mod/google.golang.org/grpc@v1.79.3/server.go:1242
11. google.golang.org/grpc.chainUnaryInterceptors.func1
    D:/gowork/pkg/mod/google.golang.org/grpc@v1.79.3/server.go:1233
12. game_user/api/action/v1._Action_SendAction_Handler
    D:/gowork/max2/max2/app/game_user/api/action/v1/action_grpc.pb.go:107
13. google.golang.org/grpc.(*Server).processUnaryRPC
    D:/gowork/pkg/mod/google.golang.org/grpc@v1.79.3/server.go:1429
14. google.golang.org/grpc.(*Server).handleStream
    D:/gowork/pkg/mod/google.golang.org/grpc@v1.79.3/server.go:1855
15. google.golang.org/grpc.(*Server).serveStreams.func2.1
    D:/gowork/pkg/mod/google.golang.org/grpc@v1.79.3/server.go:1064

2026-05-23T10:50:12.906+08:00 [ERRO] 用户信息解析错误 
Stack:
1.  game_user/internal/controller/room.(*Room).CreatePlayer
    D:/gowork/max2/max2/app/game_user/internal/controller/room/room.go:59
2.  game_user/internal/controller/action.(*Controller).handleInitRoom
    D:/gowork/max2/max2/app/game_user/internal/controller/action/action.go:69
3.  game_user/internal/controller/action.(*Controller).SendAction
    D:/gowork/max2/max2/app/game_user/internal/controller/action/action.go:45
4.  game_user/api/action/v1._Action_SendAction_Handler.func1
    D:/gowork/max2/max2/app/game_user/api/action/v1/action_grpc.pb.go:105
5.  google.golang.org/grpc.getChainUnaryHandler.func1
    D:/gowork/pkg/mod/google.golang.org/grpc@v1.79.3/server.go:1242
6.  google.golang.org/grpc.getChainUnaryHandler.func1
    D:/gowork/pkg/mod/google.golang.org/grpc@v1.79.3/server.go:1242
7.  google.golang.org/grpc.getChainUnaryHandler.func1
    D:/gowork/pkg/mod/google.golang.org/grpc@v1.79.3/server.go:1242
8.  google.golang.org/grpc.getChainUnaryHandler.func1
    D:/gowork/pkg/mod/google.golang.org/grpc@v1.79.3/server.go:1242
9.  google.golang.org/grpc.getChainUnaryHandler.func1
    D:/gowork/pkg/mod/google.golang.org/grpc@v1.79.3/server.go:1242
10. google.golang.org/grpc.chainUnaryInterceptors.func1
    D:/gowork/pkg/mod/google.golang.org/grpc@v1.79.3/server.go:1233
11. game_user/api/action/v1._Action_SendAction_Handler
    D:/gowork/max2/max2/app/game_user/api/action/v1/action_grpc.pb.go:107
12. google.golang.org/grpc.(*Server).processUnaryRPC
    D:/gowork/pkg/mod/google.golang.org/grpc@v1.79.3/server.go:1429
13. google.golang.org/grpc.(*Server).handleStream
    D:/gowork/pkg/mod/google.golang.org/grpc@v1.79.3/server.go:1855
14. google.golang.org/grpc.(*Server).serveStreams.func2.1
    D:/gowork/pkg/mod/google.golang.org/grpc@v1.79.3/server.go:1064

2026-05-23T10:50:12.994+08:00 [INFO] 执行日志异步任务: RoomID:"IC704M" Type:1 Action:"initRoom"
2026-05-23T10:50:13.019+08:00 [INFO] 用户  开始延迟添加AI到房间 IC704M
2026-05-23T10:50:13.027+08:00 [DEBU] Watch key "/service/default/default/log-service/latest/"
2026-05-23T10:50:15.030+08:00 [ERRO] {a4774d650412b2183621ee5882043394} Redis Client Do failed with arguments "[Set gFastV3Cache:room:info:IC704M [123 34 73 68 34 58 34 73 67 55 48 52 77 34 44 34 80 108 97 121 101 114 115 34 58 91 123 34 73 68 34 58 48 44 34 67 97 114 100 115 34 58 110 117 108 108 44 34 78 97 109 101 34 58 34 34 44 34 82 111 111 109 73 68 34 58 34 73 67 55 48 52 77 34 44 34 84 121 112 101 34 58 48 44 34 79 117 116 67 97 114 100 73 100 115 34 58 110 117 108 108 44 34 77 117 115 116 34 58 102 97 108 115 101 44 34 87 105 110 34 58 48 44 34 80 97 115 115 34 58 48 44 34 67 97 114 100 78 117 109 34 58 49 51 44 34 82 101 67 97 114 100 34 58 102 97 108 115 101 44 34 80 111 105 110 116 34 58 48 44 34 85 115 101 114 78 97 109 101 34 58 34 34 125 44 123 34 73 68 34 58 49 44 34 67 97 114 100 115 34 58 110 117 108 108 44 34 78 97 109 101 34 58 34 232 161 161 230 181 169 229 185 191 34 44 34 82 111 111 109 73 68 34 58 34 73 67 55 48 52 77 34 44 34 84 121 112 101 34 58 49 44 34 79 117 116 67 97 114 100 73 100 115 34 58 110 117 108 108 44 34 77 117 115 116 34 58 102 97 108 115 101 44 34 87 105 110 34 58 48 44 34 80 97 115 115 34 58 48 44 34 67 97 114 100 78 117 109 34 58 49 51 44 34 82 101 67 97 114 100 34 58 102 97 108 115 101 44 34 80 111 105 110 116 34 58 48 44 34 85 115 101 114 78 97 109 101 34 58 34 34 125 44 123 34 73 68 34 58 50 44 34 67 97 114 100 115 34 58 110 117 108 108 44 34 78 97 109 101 34 58 34 229 145 168 229 175 146 229 174 137 34 44 34 82 111 111 109 73 68 34 58 34 73 67 55 48 52 77 34 44 34 84 121 112 101 34 58 49 44 34 79 117 116 67 97 114 100 73 100 115 34 58 110 117 108 108 44 34 77 117 115 116 34 58 102 97 108 115 101 44 34 87 105 110 34 58 48 44 34 80 97 115 115 34 58 48 44 34 67 97 114 100 78 117 109 34 58 49 51 44 34 82 101 67 97 114 100 34 58 102 97 108 115 101 44 34 80 111 105 110 116 34 58 48 44 34 85 115 101 114 78 97 109 101 34 58 34 34 125 44 123 34 73 68 34 58 51 44 34 67 97 114 100 115 34 58 110 117 108 108 44 34 78 97 109 101 34 58 34 231 190 138 230 152 147 231 187 191 34 44 34 82 111 111 109 73 68 34 58 34 73 67 55 48 52 77 34 44 34 84 121 112 101 34 58 49 44 34 79 117 116 67 97 114 100 73 100 115 34 58 110 117 108 108 44 34 77 117 115 116 34 58 102 97 108 115 101 44 34 87 105 110 34 58 48 44 34 80 97 115 115 34 58 48 44 34 67 97 114 100 78 117 109 34 58 49 51 44 34 82 101 67 97 114 100 34 58 102 97 108 115 101 44 34 80 111 105 110 116 34 58 48 44 34 85 115 101 114 78 97 109 101 34 58 34 34 125 93 44 34 68 101 99 107 34 58 110 117 108 108 44 34 76 97 110 100 108 111 114 100 34 58 110 117 108 108 44 34 70 97 114 109 101 114 115 34 58 110 117 108 108 44 34 67 117 114 114 101 110 116 34 58 48 44 34 76 97 115 116 67 97 114 100 115 34 58 110 117 108 108 44 34 76 97 115 116 80 72 34 58 48 44 34 84 117 114 110 34 58 48 44 34 73 115 80 108 97 121 105 110 103 34 58 102 97 108 115 101 44 34 79 117 116 83 116 97 114 84 105 109 101 34 58 48 44 34 78 101 120 116 80 108 97 121 101 114 73 68 34 58 52 44 34 83 116 97 116 117 115 34 58 48 44 34 84 121 112 101 34 58 49 125]]": context canceled 
Stack:
1.  github.com/tiger1103/gfast-cache/cache.(*GfCache).Set
    D:/gowork/pkg/mod/github.com/tiger1103/gfast-cache@v1.0.12/cache/cache.go:146
2.  game_user/internal/controller/action.(*Controller).handleInitRoom.func1
    D:/gowork/max2/max2/app/game_user/internal/controller/action/action.go:145

2026-05-23T10:50:15.047+08:00 [ERRO] {a4774d650412b2183621ee5882043394} 用户  发送消息失败: Redis Client Do failed with arguments "[Publish player:msg: [123 34 84 121 112 101 34 58 34 105 110 105 116 82 111 111 109 34 44 34 68 97 116 97 34 58 34 91 123 92 34 73 68 92 34 58 48 44 92 34 78 97 109 101 92 34 58 92 34 92 34 44 92 34 82 111 111 109 73 68 92 34 58 92 34 73 67 55 48 52 77 92 34 44 92 34 84 121 112 101 92 34 58 48 44 92 34 67 97 114 100 78 117 109 92 34 58 49 51 44 92 34 80 111 105 110 116 92 34 58 48 44 92 34 85 115 101 114 73 100 92 34 58 92 34 92 34 44 92 34 82 111 111 109 84 121 112 101 92 34 58 49 125 44 123 92 34 73 68 92 34 58 49 44 92 34 78 97 109 101 92 34 58 92 34 232 161 161 230 181 169 229 185 191 92 34 44 92 34 82 111 111 109 73 68 92 34 58 92 34 73 67 55 48 52 77 92 34 44 92 34 84 121 112 101 92 34 58 49 44 92 34 67 97 114 100 78 117 109 92 34 58 49 51 44 92 34 80 111 105 110 116 92 34 58 48 44 92 34 85 115 101 114 73 100 92 34 58 92 34 92 34 44 92 34 82 111 111 109 84 121 112 101 92 34 58 49 125 44 123 92 34 73 68 92 34 58 50 44 92 34 78 97 109 101 92 34 58 92 34 229 145 168 229 175 146 229 174 137 92 34 44 92 34 82 111 111 109 73 68 92 34 58 92 34 73 67 55 48 52 77 92 34 44 92 34 84 121 112 101 92 34 58 49 44 92 34 67 97 114 100 78 117 109 92 34 58 49 51 44 92 34 80 111 105 110 116 92 34 58 48 44 92 34 85 115 101 114 73 100 92 34 58 92 34 92 34 44 92 34 82 111 111 109 84 121 112 101 92 34 58 49 125 44 123 92 34 73 68 92 34 58 51 44 92 34 78 97 109 101 92 34 58 92 34 231 190 138 230 152 147 231 187 191 92 34 44 92 34 82 111 111 109 73 68 92 34 58 92 34 73 67 55 48 52 77 92 34 44 92 34 84 121 112 101 92 34 58 49 44 92 34 67 97 114 100 78 117 109 92 34 58 49 51 44 92 34 80 111 105 110 116 92 34 58 48 44 92 34 85 115 101 114 73 100 92 34 58 92 34 92 34 44 92 34 82 111 111 109 84 121 112 101 92 34 58 49 125 93 34 125]]": context canceled 
Stack:
1.  game_user/internal/controller/action.(*Controller).safeSendMessage
    D:/gowork/max2/max2/app/game_user/internal/controller/action/action.go:700
2.  game_user/internal/controller/action.(*Controller).handleInitRoom.func1
    D:/gowork/max2/max2/app/game_user/internal/controller/action/action.go:160

2026-05-23T10:52:06.360+08:00 [ERRO] {10adabd21e12b2184321ee584f983c73} unexpected end of JSON input 
Stack:
1.  game_user/internal/controller/action.(*Controller).getPlayerAndRoomInfo
    D:/gowork/max2/max2/app/game_user/internal/controller/action/action.go:680
2.  game_user/internal/controller/action.(*Controller).handleGetInfo
    D:/gowork/max2/max2/app/game_user/internal/controller/action/action.go:539
3.  game_user/internal/controller/action.(*Controller).SendAction
    D:/gowork/max2/max2/app/game_user/internal/controller/action/action.go:57
4.  game_user/api/action/v1._Action_SendAction_Handler.func1
    D:/gowork/max2/max2/app/game_user/api/action/v1/action_grpc.pb.go:105
5.  google.golang.org/grpc.getChainUnaryHandler.func1
    D:/gowork/pkg/mod/google.golang.org/grpc@v1.79.3/server.go:1242
6.  google.golang.org/grpc.getChainUnaryHandler.func1
    D:/gowork/pkg/mod/google.golang.org/grpc@v1.79.3/server.go:1242
7.  google.golang.org/grpc.getChainUnaryHandler.func1
    D:/gowork/pkg/mod/google.golang.org/grpc@v1.79.3/server.go:1242
8.  google.golang.org/grpc.getChainUnaryHandler.func1
    D:/gowork/pkg/mod/google.golang.org/grpc@v1.79.3/server.go:1242
9.  google.golang.org/grpc.getChainUnaryHandler.func1
    D:/gowork/pkg/mod/google.golang.org/grpc@v1.79.3/server.go:1242
10. google.golang.org/grpc.chainUnaryInterceptors.func1
    D:/gowork/pkg/mod/google.golang.org/grpc@v1.79.3/server.go:1233
11. game_user/api/action/v1._Action_SendAction_Handler
    D:/gowork/max2/max2/app/game_user/api/action/v1/action_grpc.pb.go:107
12. google.golang.org/grpc.(*Server).processUnaryRPC
    D:/gowork/pkg/mod/google.golang.org/grpc@v1.79.3/server.go:1429
13. google.golang.org/grpc.(*Server).handleStream
    D:/gowork/pkg/mod/google.golang.org/grpc@v1.79.3/server.go:1855
14. google.golang.org/grpc.(*Server).serveStreams.func2.1
    D:/gowork/pkg/mod/google.golang.org/grpc@v1.79.3/server.go:1064

2026-05-23T10:52:06.362+08:00 [ERRO] {10adabd21e12b2184321ee584f983c73} 用户  房间  不存在 
Stack:
1.  game_user/internal/controller/action.(*Controller).getPlayerAndRoomInfo
    D:/gowork/max2/max2/app/game_user/internal/controller/action/action.go:685
2.  game_user/internal/controller/action.(*Controller).handleGetInfo
    D:/gowork/max2/max2/app/game_user/internal/controller/action/action.go:539
3.  game_user/internal/controller/action.(*Controller).SendAction
    D:/gowork/max2/max2/app/game_user/internal/controller/action/action.go:57
4.  game_user/api/action/v1._Action_SendAction_Handler.func1
    D:/gowork/max2/max2/app/game_user/api/action/v1/action_grpc.pb.go:105
5.  google.golang.org/grpc.getChainUnaryHandler.func1
    D:/gowork/pkg/mod/google.golang.org/grpc@v1.79.3/server.go:1242
6.  google.golang.org/grpc.getChainUnaryHandler.func1
    D:/gowork/pkg/mod/google.golang.org/grpc@v1.79.3/server.go:1242
7.  google.golang.org/grpc.getChainUnaryHandler.func1
    D:/gowork/pkg/mod/google.golang.org/grpc@v1.79.3/server.go:1242
8.  google.golang.org/grpc.getChainUnaryHandler.func1
    D:/gowork/pkg/mod/google.golang.org/grpc@v1.79.3/server.go:1242
9.  google.golang.org/grpc.getChainUnaryHandler.func1
    D:/gowork/pkg/mod/google.golang.org/grpc@v1.79.3/server.go:1242
10. google.golang.org/grpc.chainUnaryInterceptors.func1
    D:/gowork/pkg/mod/google.golang.org/grpc@v1.79.3/server.go:1233
11. game_user/api/action/v1._Action_SendAction_Handler
    D:/gowork/max2/max2/app/game_user/api/action/v1/action_grpc.pb.go:107
12. google.golang.org/grpc.(*Server).processUnaryRPC
    D:/gowork/pkg/mod/google.golang.org/grpc@v1.79.3/server.go:1429
13. google.golang.org/grpc.(*Server).handleStream
    D:/gowork/pkg/mod/google.golang.org/grpc@v1.79.3/server.go:1855
14. google.golang.org/grpc.(*Server).serveStreams.func2.1
    D:/gowork/pkg/mod/google.golang.org/grpc@v1.79.3/server.go:1064

2026-05-23T10:52:14.303+08:00 [ERRO] {c0c2b0ab2012b2184521ee58533ce91f} unexpected end of JSON input 
Stack:
1.  game_user/internal/controller/action.(*Controller).getPlayerAndRoomInfo
    D:/gowork/max2/max2/app/game_user/internal/controller/action/action.go:680
2.  game_user/internal/controller/action.(*Controller).clearRoom
    D:/gowork/max2/max2/app/game_user/internal/controller/action/action.go:661
3.  game_user/internal/controller/action.(*Controller).handleInitRoom
    D:/gowork/max2/max2/app/game_user/internal/controller/action/action.go:66
4.  game_user/internal/controller/action.(*Controller).SendAction
    D:/gowork/max2/max2/app/game_user/internal/controller/action/action.go:45
5.  game_user/api/action/v1._Action_SendAction_Handler.func1
    D:/gowork/max2/max2/app/game_user/api/action/v1/action_grpc.pb.go:105
6.  google.golang.org/grpc.getChainUnaryHandler.func1
    D:/gowork/pkg/mod/google.golang.org/grpc@v1.79.3/server.go:1242
7.  google.golang.org/grpc.getChainUnaryHandler.func1
    D:/gowork/pkg/mod/google.golang.org/grpc@v1.79.3/server.go:1242
8.  google.golang.org/grpc.getChainUnaryHandler.func1
    D:/gowork/pkg/mod/google.golang.org/grpc@v1.79.3/server.go:1242
9.  google.golang.org/grpc.getChainUnaryHandler.func1
    D:/gowork/pkg/mod/google.golang.org/grpc@v1.79.3/server.go:1242
10. google.golang.org/grpc.getChainUnaryHandler.func1
    D:/gowork/pkg/mod/google.golang.org/grpc@v1.79.3/server.go:1242
11. google.golang.org/grpc.chainUnaryInterceptors.func1
    D:/gowork/pkg/mod/google.golang.org/grpc@v1.79.3/server.go:1233
12. game_user/api/action/v1._Action_SendAction_Handler
    D:/gowork/max2/max2/app/game_user/api/action/v1/action_grpc.pb.go:107
13. google.golang.org/grpc.(*Server).processUnaryRPC
    D:/gowork/pkg/mod/google.golang.org/grpc@v1.79.3/server.go:1429
14. google.golang.org/grpc.(*Server).handleStream
    D:/gowork/pkg/mod/google.golang.org/grpc@v1.79.3/server.go:1855
15. google.golang.org/grpc.(*Server).serveStreams.func2.1
    D:/gowork/pkg/mod/google.golang.org/grpc@v1.79.3/server.go:1064

2026-05-23T10:52:14.346+08:00 [ERRO] {c0c2b0ab2012b2184521ee58533ce91f} 用户  房间  不存在 
Stack:
1.  game_user/internal/controller/action.(*Controller).getPlayerAndRoomInfo
    D:/gowork/max2/max2/app/game_user/internal/controller/action/action.go:685
2.  game_user/internal/controller/action.(*Controller).clearRoom
    D:/gowork/max2/max2/app/game_user/internal/controller/action/action.go:661
3.  game_user/internal/controller/action.(*Controller).handleInitRoom
    D:/gowork/max2/max2/app/game_user/internal/controller/action/action.go:66
4.  game_user/internal/controller/action.(*Controller).SendAction
    D:/gowork/max2/max2/app/game_user/internal/controller/action/action.go:45
5.  game_user/api/action/v1._Action_SendAction_Handler.func1
    D:/gowork/max2/max2/app/game_user/api/action/v1/action_grpc.pb.go:105
6.  google.golang.org/grpc.getChainUnaryHandler.func1
    D:/gowork/pkg/mod/google.golang.org/grpc@v1.79.3/server.go:1242
7.  google.golang.org/grpc.getChainUnaryHandler.func1
    D:/gowork/pkg/mod/google.golang.org/grpc@v1.79.3/server.go:1242
8.  google.golang.org/grpc.getChainUnaryHandler.func1
    D:/gowork/pkg/mod/google.golang.org/grpc@v1.79.3/server.go:1242
9.  google.golang.org/grpc.getChainUnaryHandler.func1
    D:/gowork/pkg/mod/google.golang.org/grpc@v1.79.3/server.go:1242
10. google.golang.org/grpc.getChainUnaryHandler.func1
    D:/gowork/pkg/mod/google.golang.org/grpc@v1.79.3/server.go:1242
11. google.golang.org/grpc.chainUnaryInterceptors.func1
    D:/gowork/pkg/mod/google.golang.org/grpc@v1.79.3/server.go:1233
12. game_user/api/action/v1._Action_SendAction_Handler
    D:/gowork/max2/max2/app/game_user/api/action/v1/action_grpc.pb.go:107
13. google.golang.org/grpc.(*Server).processUnaryRPC
    D:/gowork/pkg/mod/google.golang.org/grpc@v1.79.3/server.go:1429
14. google.golang.org/grpc.(*Server).handleStream
    D:/gowork/pkg/mod/google.golang.org/grpc@v1.79.3/server.go:1855
15. google.golang.org/grpc.(*Server).serveStreams.func2.1
    D:/gowork/pkg/mod/google.golang.org/grpc@v1.79.3/server.go:1064

2026-05-23T10:52:14.354+08:00 [ERRO] 用户信息解析错误 
Stack:
1.  game_user/internal/controller/room.(*Room).CreatePlayer
    D:/gowork/max2/max2/app/game_user/internal/controller/room/room.go:59
2.  game_user/internal/controller/action.(*Controller).handleInitRoom
    D:/gowork/max2/max2/app/game_user/internal/controller/action/action.go:69
3.  game_user/internal/controller/action.(*Controller).SendAction
    D:/gowork/max2/max2/app/game_user/internal/controller/action/action.go:45
4.  game_user/api/action/v1._Action_SendAction_Handler.func1
    D:/gowork/max2/max2/app/game_user/api/action/v1/action_grpc.pb.go:105
5.  google.golang.org/grpc.getChainUnaryHandler.func1
    D:/gowork/pkg/mod/google.golang.org/grpc@v1.79.3/server.go:1242
6.  google.golang.org/grpc.getChainUnaryHandler.func1
    D:/gowork/pkg/mod/google.golang.org/grpc@v1.79.3/server.go:1242
7.  google.golang.org/grpc.getChainUnaryHandler.func1
    D:/gowork/pkg/mod/google.golang.org/grpc@v1.79.3/server.go:1242
8.  google.golang.org/grpc.getChainUnaryHandler.func1
    D:/gowork/pkg/mod/google.golang.org/grpc@v1.79.3/server.go:1242
9.  google.golang.org/grpc.getChainUnaryHandler.func1
    D:/gowork/pkg/mod/google.golang.org/grpc@v1.79.3/server.go:1242
10. google.golang.org/grpc.chainUnaryInterceptors.func1
    D:/gowork/pkg/mod/google.golang.org/grpc@v1.79.3/server.go:1233
11. game_user/api/action/v1._Action_SendAction_Handler
    D:/gowork/max2/max2/app/game_user/api/action/v1/action_grpc.pb.go:107
12. google.golang.org/grpc.(*Server).processUnaryRPC
    D:/gowork/pkg/mod/google.golang.org/grpc@v1.79.3/server.go:1429
13. google.golang.org/grpc.(*Server).handleStream
    D:/gowork/pkg/mod/google.golang.org/grpc@v1.79.3/server.go:1855
14. google.golang.org/grpc.(*Server).serveStreams.func2.1
    D:/gowork/pkg/mod/google.golang.org/grpc@v1.79.3/server.go:1064

2026-05-23T10:52:14.359+08:00 [INFO] 用户  开始延迟添加AI到房间 CVYJFI
2026-05-23T10:52:16.360+08:00 [ERRO] {c0c2b0ab2012b2184521ee58533ce91f} Redis Client Do failed with arguments "[Set gFastV3Cache:room:info:CVYJFI [123 34 73 68 34 58 34 67 86 89 74 70 73 34 44 34 80 108 97 121 101 114 115 34 58 91 123 34 73 68 34 58 48 44 34 67 97 114 100 115 34 58 110 117 108 108 44 34 78 97 109 101 34 58 34 34 44 34 82 111 111 109 73 68 34 58 34 67 86 89 74 70 73 34 44 34 84 121 112 101 34 58 48 44 34 79 117 116 67 97 114 100 73 100 115 34 58 110 117 108 108 44 34 77 117 115 116 34 58 102 97 108 115 101 44 34 87 105 110 34 58 48 44 34 80 97 115 115 34 58 48 44 34 67 97 114 100 78 117 109 34 58 49 51 44 34 82 101 67 97 114 100 34 58 102 97 108 115 101 44 34 80 111 105 110 116 34 58 48 44 34 85 115 101 114 78 97 109 101 34 58 34 34 125 44 123 34 73 68 34 58 49 44 34 67 97 114 100 115 34 58 110 117 108 108 44 34 78 97 109 101 34 58 34 231 155 155 230 152 160 229 134 172 34 44 34 82 111 111 109 73 68 34 58 34 67 86 89 74 70 73 34 44 34 84 121 112 101 34 58 49 44 34 79 117 116 67 97 114 100 73 100 115 34 58 110 117 108 108 44 34 77 117 115 116 34 58 102 97 108 115 101 44 34 87 105 110 34 58 48 44 34 80 97 115 115 34 58 48 44 34 67 97 114 100 78 117 109 34 58 49 51 44 34 82 101 67 97 114 100 34 58 102 97 108 115 101 44 34 80 111 105 110 116 34 58 48 44 34 85 115 101 114 78 97 109 101 34 58 34 34 125 44 123 34 73 68 34 58 50 44 34 67 97 114 100 115 34 58 110 117 108 108 44 34 78 97 109 101 34 58 34 229 143 140 230 152 142 230 157 176 34 44 34 82 111 111 109 73 68 34 58 34 67 86 89 74 70 73 34 44 34 84 121 112 101 34 58 49 44 34 79 117 116 67 97 114 100 73 100 115 34 58 110 117 108 108 44 34 77 117 115 116 34 58 102 97 108 115 101 44 34 87 105 110 34 58 48 44 34 80 97 115 115 34 58 48 44 34 67 97 114 100 78 117 109 34 58 49 51 44 34 82 101 67 97 114 100 34 58 102 97 108 115 101 44 34 80 111 105 110 116 34 58 48 44 34 85 115 101 114 78 97 109 101 34 58 34 34 125 44 123 34 73 68 34 58 51 44 34 67 97 114 100 115 34 58 110 117 108 108 44 34 78 97 109 101 34 58 34 232 175 184 229 152 137 231 134 153 34 44 34 82 111 111 109 73 68 34 58 34 67 86 89 74 70 73 34 44 34 84 121 112 101 34 58 49 44 34 79 117 116 67 97 114 100 73 100 115 34 58 110 117 108 108 44 34 77 117 115 116 34 58 102 97 108 115 101 44 34 87 105 110 34 58 48 44 34 80 97 115 115 34 58 48 44 34 67 97 114 100 78 117 109 34 58 49 51 44 34 82 101 67 97 114 100 34 58 102 97 108 115 101 44 34 80 111 105 110 116 34 58 48 44 34 85 115 101 114 78 97 109 101 34 58 34 34 125 93 44 34 68 101 99 107 34 58 110 117 108 108 44 34 76 97 110 100 108 111 114 100 34 58 110 117 108 108 44 34 70 97 114 109 101 114 115 34 58 110 117 108 108 44 34 67 117 114 114 101 110 116 34 58 48 44 34 76 97 115 116 67 97 114 100 115 34 58 110 117 108 108 44 34 76 97 115 116 80 72 34 58 48 44 34 84 117 114 110 34 58 48 44 34 73 115 80 108 97 121 105 110 103 34 58 102 97 108 115 101 44 34 79 117 116 83 116 97 114 84 105 109 101 34 58 48 44 34 78 101 120 116 80 108 97 121 101 114 73 68 34 58 52 44 34 83 116 97 116 117 115 34 58 48 44 34 84 121 112 101 34 58 49 125]]": context canceled 
Stack:
1.  github.com/tiger1103/gfast-cache/cache.(*GfCache).Set
    D:/gowork/pkg/mod/github.com/tiger1103/gfast-cache@v1.0.12/cache/cache.go:146
2.  game_user/internal/controller/action.(*Controller).handleInitRoom.func1
    D:/gowork/max2/max2/app/game_user/internal/controller/action/action.go:145

2026-05-23T10:52:16.362+08:00 [ERRO] {c0c2b0ab2012b2184521ee58533ce91f} 用户  发送消息失败: Redis Client Do failed with arguments "[Publish player:msg: [123 34 84 121 112 101 34 58 34 105 110 105 116 82 111 111 109 34 44 34 68 97 116 97 34 58 34 91 123 92 34 73 68 92 34 58 48 44 92 34 78 97 109 101 92 34 58 92 34 92 34 44 92 34 82 111 111 109 73 68 92 34 58 92 34 67 86 89 74 70 73 92 34 44 92 34 84 121 112 101 92 34 58 48 44 92 34 67 97 114 100 78 117 109 92 34 58 49 51 44 92 34 80 111 105 110 116 92 34 58 48 44 92 34 85 115 101 114 73 100 92 34 58 92 34 92 34 44 92 34 82 111 111 109 84 121 112 101 92 34 58 49 125 44 123 92 34 73 68 92 34 58 49 44 92 34 78 97 109 101 92 34 58 92 34 231 155 155 230 152 160 229 134 172 92 34 44 92 34 82 111 111 109 73 68 92 34 58 92 34 67 86 89 74 70 73 92 34 44 92 34 84 121 112 101 92 34 58 49 44 92 34 67 97 114 100 78 117 109 92 34 58 49 51 44 92 34 80 111 105 110 116 92 34 58 48 44 92 34 85 115 101 114 73 100 92 34 58 92 34 92 34 44 92 34 82 111 111 109 84 121 112 101 92 34 58 49 125 44 123 92 34 73 68 92 34 58 50 44 92 34 78 97 109 101 92 34 58 92 34 229 143 140 230 152 142 230 157 176 92 34 44 92 34 82 111 111 109 73 68 92 34 58 92 34 67 86 89 74 70 73 92 34 44 92 34 84 121 112 101 92 34 58 49 44 92 34 67 97 114 100 78 117 109 92 34 58 49 51 44 92 34 80 111 105 110 116 92 34 58 48 44 92 34 85 115 101 114 73 100 92 34 58 92 34 92 34 44 92 34 82 111 111 109 84 121 112 101 92 34 58 49 125 44 123 92 34 73 68 92 34 58 51 44 92 34 78 97 109 101 92 34 58 92 34 232 175 184 229 152 137 231 134 153 92 34 44 92 34 82 111 111 109 73 68 92 34 58 92 34 67 86 89 74 70 73 92 34 44 92 34 84 121 112 101 92 34 58 49 44 92 34 67 97 114 100 78 117 109 92 34 58 49 51 44 92 34 80 111 105 110 116 92 34 58 48 44 92 34 85 115 101 114 73 100 92 34 58 92 34 92 34 44 92 34 82 111 111 109 84 121 112 101 92 34 58 49 125 93 34 125]]": context canceled 
Stack:
1.  game_user/internal/controller/action.(*Controller).safeSendMessage
    D:/gowork/max2/max2/app/game_user/internal/controller/action/action.go:700
2.  game_user/internal/controller/action.(*Controller).handleInitRoom.func1
    D:/gowork/max2/max2/app/game_user/internal/controller/action/action.go:160

2026-05-23T10:53:30.556+08:00 [ERRO] {6cd8314d3212b2184f21ee58bc9a21c2} unexpected end of JSON input 
Stack:
1.  game_user/internal/controller/action.(*Controller).getPlayerAndRoomInfo
    D:/gowork/max2/max2/app/game_user/internal/controller/action/action.go:680
2.  game_user/internal/controller/action.(*Controller).handleGetInfo
    D:/gowork/max2/max2/app/game_user/internal/controller/action/action.go:539
3.  game_user/internal/controller/action.(*Controller).SendAction
    D:/gowork/max2/max2/app/game_user/internal/controller/action/action.go:57
4.  game_user/api/action/v1._Action_SendAction_Handler.func1
    D:/gowork/max2/max2/app/game_user/api/action/v1/action_grpc.pb.go:105
5.  google.golang.org/grpc.getChainUnaryHandler.func1
    D:/gowork/pkg/mod/google.golang.org/grpc@v1.79.3/server.go:1242
6.  google.golang.org/grpc.getChainUnaryHandler.func1
    D:/gowork/pkg/mod/google.golang.org/grpc@v1.79.3/server.go:1242
7.  google.golang.org/grpc.getChainUnaryHandler.func1
    D:/gowork/pkg/mod/google.golang.org/grpc@v1.79.3/server.go:1242
8.  google.golang.org/grpc.getChainUnaryHandler.func1
    D:/gowork/pkg/mod/google.golang.org/grpc@v1.79.3/server.go:1242
9.  google.golang.org/grpc.getChainUnaryHandler.func1
    D:/gowork/pkg/mod/google.golang.org/grpc@v1.79.3/server.go:1242
10. google.golang.org/grpc.chainUnaryInterceptors.func1
    D:/gowork/pkg/mod/google.golang.org/grpc@v1.79.3/server.go:1233
11. game_user/api/action/v1._Action_SendAction_Handler
    D:/gowork/max2/max2/app/game_user/api/action/v1/action_grpc.pb.go:107
12. google.golang.org/grpc.(*Server).processUnaryRPC
    D:/gowork/pkg/mod/google.golang.org/grpc@v1.79.3/server.go:1429
13. google.golang.org/grpc.(*Server).handleStream
    D:/gowork/pkg/mod/google.golang.org/grpc@v1.79.3/server.go:1855
14. google.golang.org/grpc.(*Server).serveStreams.func2.1
    D:/gowork/pkg/mod/google.golang.org/grpc@v1.79.3/server.go:1064

2026-05-23T10:53:30.557+08:00 [ERRO] {6cd8314d3212b2184f21ee58bc9a21c2} 用户  房间  不存在 
Stack:
1.  game_user/internal/controller/action.(*Controller).getPlayerAndRoomInfo
    D:/gowork/max2/max2/app/game_user/internal/controller/action/action.go:685
2.  game_user/internal/controller/action.(*Controller).handleGetInfo
    D:/gowork/max2/max2/app/game_user/internal/controller/action/action.go:539
3.  game_user/internal/controller/action.(*Controller).SendAction
    D:/gowork/max2/max2/app/game_user/internal/controller/action/action.go:57
4.  game_user/api/action/v1._Action_SendAction_Handler.func1
    D:/gowork/max2/max2/app/game_user/api/action/v1/action_grpc.pb.go:105
5.  google.golang.org/grpc.getChainUnaryHandler.func1
    D:/gowork/pkg/mod/google.golang.org/grpc@v1.79.3/server.go:1242
6.  google.golang.org/grpc.getChainUnaryHandler.func1
    D:/gowork/pkg/mod/google.golang.org/grpc@v1.79.3/server.go:1242
7.  google.golang.org/grpc.getChainUnaryHandler.func1
    D:/gowork/pkg/mod/google.golang.org/grpc@v1.79.3/server.go:1242
8.  google.golang.org/grpc.getChainUnaryHandler.func1
    D:/gowork/pkg/mod/google.golang.org/grpc@v1.79.3/server.go:1242
9.  google.golang.org/grpc.getChainUnaryHandler.func1
    D:/gowork/pkg/mod/google.golang.org/grpc@v1.79.3/server.go:1242
10. google.golang.org/grpc.chainUnaryInterceptors.func1
    D:/gowork/pkg/mod/google.golang.org/grpc@v1.79.3/server.go:1233
11. game_user/api/action/v1._Action_SendAction_Handler
    D:/gowork/max2/max2/app/game_user/api/action/v1/action_grpc.pb.go:107
12. google.golang.org/grpc.(*Server).processUnaryRPC
    D:/gowork/pkg/mod/google.golang.org/grpc@v1.79.3/server.go:1429
13. google.golang.org/grpc.(*Server).handleStream
    D:/gowork/pkg/mod/google.golang.org/grpc@v1.79.3/server.go:1855
14. google.golang.org/grpc.(*Server).serveStreams.func2.1
    D:/gowork/pkg/mod/google.golang.org/grpc@v1.79.3/server.go:1064

2026-05-23T10:53:49.437+08:00 [WARN] keepalive exit, lease id: 7587894971408547888, retry register
2026-05-23T10:53:49.438+08:00 [ERRO] {5c3acd4a3312b2185021ee58add4eac5} unexpected end of JSON input 
Stack:
1.  game_user/internal/controller/action.(*Controller).getPlayerAndRoomInfo
    D:/gowork/max2/max2/app/game_user/internal/controller/action/action.go:680
2.  game_user/internal/controller/action.(*Controller).clearRoom
    D:/gowork/max2/max2/app/game_user/internal/controller/action/action.go:661
3.  game_user/internal/controller/action.(*Controller).handleInitRoom
    D:/gowork/max2/max2/app/game_user/internal/controller/action/action.go:66
4.  game_user/internal/controller/action.(*Controller).SendAction
    D:/gowork/max2/max2/app/game_user/internal/controller/action/action.go:45
5.  game_user/api/action/v1._Action_SendAction_Handler.func1
    D:/gowork/max2/max2/app/game_user/api/action/v1/action_grpc.pb.go:105
6.  google.golang.org/grpc.getChainUnaryHandler.func1
    D:/gowork/pkg/mod/google.golang.org/grpc@v1.79.3/server.go:1242
7.  google.golang.org/grpc.getChainUnaryHandler.func1
    D:/gowork/pkg/mod/google.golang.org/grpc@v1.79.3/server.go:1242
8.  google.golang.org/grpc.getChainUnaryHandler.func1
    D:/gowork/pkg/mod/google.golang.org/grpc@v1.79.3/server.go:1242
9.  google.golang.org/grpc.getChainUnaryHandler.func1
    D:/gowork/pkg/mod/google.golang.org/grpc@v1.79.3/server.go:1242
10. google.golang.org/grpc.getChainUnaryHandler.func1
    D:/gowork/pkg/mod/google.golang.org/grpc@v1.79.3/server.go:1242
11. google.golang.org/grpc.chainUnaryInterceptors.func1
    D:/gowork/pkg/mod/google.golang.org/grpc@v1.79.3/server.go:1233
12. game_user/api/action/v1._Action_SendAction_Handler
    D:/gowork/max2/max2/app/game_user/api/action/v1/action_grpc.pb.go:107
13. google.golang.org/grpc.(*Server).processUnaryRPC
    D:/gowork/pkg/mod/google.golang.org/grpc@v1.79.3/server.go:1429
14. google.golang.org/grpc.(*Server).handleStream
    D:/gowork/pkg/mod/google.golang.org/grpc@v1.79.3/server.go:1855
15. google.golang.org/grpc.(*Server).serveStreams.func2.1
    D:/gowork/pkg/mod/google.golang.org/grpc@v1.79.3/server.go:1064

2026-05-23T10:53:49.445+08:00 [DEBU] etcd put success with key "/service/default/default/game_user/latest/172.20.10.3:8020", value "{"protocol":"grpc"}", lease "7587894971408547966"
2026-05-23T10:53:49.446+08:00 [ERRO] {5c3acd4a3312b2185021ee58add4eac5} 用户  房间  不存在 
Stack:
1.  game_user/internal/controller/action.(*Controller).getPlayerAndRoomInfo
    D:/gowork/max2/max2/app/game_user/internal/controller/action/action.go:685
2.  game_user/internal/controller/action.(*Controller).clearRoom
    D:/gowork/max2/max2/app/game_user/internal/controller/action/action.go:661
3.  game_user/internal/controller/action.(*Controller).handleInitRoom
    D:/gowork/max2/max2/app/game_user/internal/controller/action/action.go:66
4.  game_user/internal/controller/action.(*Controller).SendAction
    D:/gowork/max2/max2/app/game_user/internal/controller/action/action.go:45
5.  game_user/api/action/v1._Action_SendAction_Handler.func1
    D:/gowork/max2/max2/app/game_user/api/action/v1/action_grpc.pb.go:105
6.  google.golang.org/grpc.getChainUnaryHandler.func1
    D:/gowork/pkg/mod/google.golang.org/grpc@v1.79.3/server.go:1242
7.  google.golang.org/grpc.getChainUnaryHandler.func1
    D:/gowork/pkg/mod/google.golang.org/grpc@v1.79.3/server.go:1242
8.  google.golang.org/grpc.getChainUnaryHandler.func1
    D:/gowork/pkg/mod/google.golang.org/grpc@v1.79.3/server.go:1242
9.  google.golang.org/grpc.getChainUnaryHandler.func1
    D:/gowork/pkg/mod/google.golang.org/grpc@v1.79.3/server.go:1242
10. google.golang.org/grpc.getChainUnaryHandler.func1
    D:/gowork/pkg/mod/google.golang.org/grpc@v1.79.3/server.go:1242
11. google.golang.org/grpc.chainUnaryInterceptors.func1
    D:/gowork/pkg/mod/google.golang.org/grpc@v1.79.3/server.go:1233
12. game_user/api/action/v1._Action_SendAction_Handler
    D:/gowork/max2/max2/app/game_user/api/action/v1/action_grpc.pb.go:107
13. google.golang.org/grpc.(*Server).processUnaryRPC
    D:/gowork/pkg/mod/google.golang.org/grpc@v1.79.3/server.go:1429
14. google.golang.org/grpc.(*Server).handleStream
    D:/gowork/pkg/mod/google.golang.org/grpc@v1.79.3/server.go:1855
15. google.golang.org/grpc.(*Server).serveStreams.func2.1
    D:/gowork/pkg/mod/google.golang.org/grpc@v1.79.3/server.go:1064

2026-05-23T10:53:49.451+08:00 [ERRO] 用户信息解析错误 
Stack:
1.  game_user/internal/controller/room.(*Room).CreatePlayer
    D:/gowork/max2/max2/app/game_user/internal/controller/room/room.go:59
2.  game_user/internal/controller/action.(*Controller).handleInitRoom
    D:/gowork/max2/max2/app/game_user/internal/controller/action/action.go:69
3.  game_user/internal/controller/action.(*Controller).SendAction
    D:/gowork/max2/max2/app/game_user/internal/controller/action/action.go:45
4.  game_user/api/action/v1._Action_SendAction_Handler.func1
    D:/gowork/max2/max2/app/game_user/api/action/v1/action_grpc.pb.go:105
5.  google.golang.org/grpc.getChainUnaryHandler.func1
    D:/gowork/pkg/mod/google.golang.org/grpc@v1.79.3/server.go:1242
6.  google.golang.org/grpc.getChainUnaryHandler.func1
    D:/gowork/pkg/mod/google.golang.org/grpc@v1.79.3/server.go:1242
7.  google.golang.org/grpc.getChainUnaryHandler.func1
    D:/gowork/pkg/mod/google.golang.org/grpc@v1.79.3/server.go:1242
8.  google.golang.org/grpc.getChainUnaryHandler.func1
    D:/gowork/pkg/mod/google.golang.org/grpc@v1.79.3/server.go:1242
9.  google.golang.org/grpc.getChainUnaryHandler.func1
    D:/gowork/pkg/mod/google.golang.org/grpc@v1.79.3/server.go:1242
10. google.golang.org/grpc.chainUnaryInterceptors.func1
    D:/gowork/pkg/mod/google.golang.org/grpc@v1.79.3/server.go:1233
11. game_user/api/action/v1._Action_SendAction_Handler
    D:/gowork/max2/max2/app/game_user/api/action/v1/action_grpc.pb.go:107
12. google.golang.org/grpc.(*Server).processUnaryRPC
    D:/gowork/pkg/mod/google.golang.org/grpc@v1.79.3/server.go:1429
13. google.golang.org/grpc.(*Server).handleStream
    D:/gowork/pkg/mod/google.golang.org/grpc@v1.79.3/server.go:1855
14. google.golang.org/grpc.(*Server).serveStreams.func2.1
    D:/gowork/pkg/mod/google.golang.org/grpc@v1.79.3/server.go:1064

2026-05-23T10:53:49.453+08:00 [INFO] 用户  开始延迟添加AI到房间 V5E5JT
2026-05-23T10:53:51.456+08:00 [ERRO] {5c3acd4a3312b2185021ee58add4eac5} Redis Client Do failed with arguments "[Set gFastV3Cache:room:info:V5E5JT [123 34 73 68 34 58 34 86 53 69 53 74 84 34 44 34 80 108 97 121 101 114 115 34 58 91 123 34 73 68 34 58 48 44 34 67 97 114 100 115 34 58 110 117 108 108 44 34 78 97 109 101 34 58 34 34 44 34 82 111 111 109 73 68 34 58 34 86 53 69 53 74 84 34 44 34 84 121 112 101 34 58 48 44 34 79 117 116 67 97 114 100 73 100 115 34 58 110 117 108 108 44 34 77 117 115 116 34 58 102 97 108 115 101 44 34 87 105 110 34 58 48 44 34 80 97 115 115 34 58 48 44 34 67 97 114 100 78 117 109 34 58 49 51 44 34 82 101 67 97 114 100 34 58 102 97 108 115 101 44 34 80 111 105 110 116 34 58 48 44 34 85 115 101 114 78 97 109 101 34 58 34 34 125 44 123 34 73 68 34 58 49 44 34 67 97 114 100 115 34 58 110 117 108 108 44 34 78 97 109 101 34 58 34 231 171 165 230 133 149 230 152 147 34 44 34 82 111 111 109 73 68 34 58 34 86 53 69 53 74 84 34 44 34 84 121 112 101 34 58 49 44 34 79 117 116 67 97 114 100 73 100 115 34 58 110 117 108 108 44 34 77 117 115 116 34 58 102 97 108 115 101 44 34 87 105 110 34 58 48 44 34 80 97 115 115 34 58 48 44 34 67 97 114 100 78 117 109 34 58 49 51 44 34 82 101 67 97 114 100 34 58 102 97 108 115 101 44 34 80 111 105 110 116 34 58 48 44 34 85 115 101 114 78 97 109 101 34 58 34 34 125 44 123 34 73 68 34 58 50 44 34 67 97 114 100 115 34 58 110 117 108 108 44 34 78 97 109 101 34 58 34 230 149 150 230 181 169 233 130 136 34 44 34 82 111 111 109 73 68 34 58 34 86 53 69 53 74 84 34 44 34 84 121 112 101 34 58 49 44 34 79 117 116 67 97 114 100 73 100 115 34 58 110 117 108 108 44 34 77 117 115 116 34 58 102 97 108 115 101 44 34 87 105 110 34 58 48 44 34 80 97 115 115 34 58 48 44 34 67 97 114 100 78 117 109 34 58 49 51 44 34 82 101 67 97 114 100 34 58 102 97 108 115 101 44 34 80 111 105 110 116 34 58 48 44 34 85 115 101 114 78 97 109 101 34 58 34 34 125 44 123 34 73 68 34 58 51 44 34 67 97 114 100 115 34 58 110 117 108 108 44 34 78 97 109 101 34 58 34 232 136 146 229 191 134 230 150 135 34 44 34 82 111 111 109 73 68 34 58 34 86 53 69 53 74 84 34 44 34 84 121 112 101 34 58 49 44 34 79 117 116 67 97 114 100 73 100 115 34 58 110 117 108 108 44 34 77 117 115 116 34 58 102 97 108 115 101 44 34 87 105 110 34 58 48 44 34 80 97 115 115 34 58 48 44 34 67 97 114 100 78 117 109 34 58 49 51 44 34 82 101 67 97 114 100 34 58 102 97 108 115 101 44 34 80 111 105 110 116 34 58 48 44 34 85 115 101 114 78 97 109 101 34 58 34 34 125 93 44 34 68 101 99 107 34 58 110 117 108 108 44 34 76 97 110 100 108 111 114 100 34 58 110 117 108 108 44 34 70 97 114 109 101 114 115 34 58 110 117 108 108 44 34 67 117 114 114 101 110 116 34 58 48 44 34 76 97 115 116 67 97 114 100 115 34 58 110 117 108 108 44 34 76 97 115 116 80 72 34 58 48 44 34 84 117 114 110 34 58 48 44 34 73 115 80 108 97 121 105 110 103 34 58 102 97 108 115 101 44 34 79 117 116 83 116 97 114 84 105 109 101 34 58 48 44 34 78 101 120 116 80 108 97 121 101 114 73 68 34 58 52 44 34 83 116 97 116 117 115 34 58 48 44 34 84 121 112 101 34 58 49 125]]": context canceled 
Stack:
1.  github.com/tiger1103/gfast-cache/cache.(*GfCache).Set
    D:/gowork/pkg/mod/github.com/tiger1103/gfast-cache@v1.0.12/cache/cache.go:146
2.  game_user/internal/controller/action.(*Controller).handleInitRoom.func1
    D:/gowork/max2/max2/app/game_user/internal/controller/action/action.go:145

2026-05-23T10:53:51.459+08:00 [ERRO] {5c3acd4a3312b2185021ee58add4eac5} 用户  发送消息失败: Redis Client Do failed with arguments "[Publish player:msg: [123 34 84 121 112 101 34 58 34 105 110 105 116 82 111 111 109 34 44 34 68 97 116 97 34 58 34 91 123 92 34 73 68 92 34 58 48 44 92 34 78 97 109 101 92 34 58 92 34 92 34 44 92 34 82 111 111 109 73 68 92 34 58 92 34 86 53 69 53 74 84 92 34 44 92 34 84 121 112 101 92 34 58 48 44 92 34 67 97 114 100 78 117 109 92 34 58 49 51 44 92 34 80 111 105 110 116 92 34 58 48 44 92 34 85 115 101 114 73 100 92 34 58 92 34 92 34 44 92 34 82 111 111 109 84 121 112 101 92 34 58 49 125 44 123 92 34 73 68 92 34 58 49 44 92 34 78 97 109 101 92 34 58 92 34 231 171 165 230 133 149 230 152 147 92 34 44 92 34 82 111 111 109 73 68 92 34 58 92 34 86 53 69 53 74 84 92 34 44 92 34 84 121 112 101 92 34 58 49 44 92 34 67 97 114 100 78 117 109 92 34 58 49 51 44 92 34 80 111 105 110 116 92 34 58 48 44 92 34 85 115 101 114 73 100 92 34 58 92 34 92 34 44 92 34 82 111 111 109 84 121 112 101 92 34 58 49 125 44 123 92 34 73 68 92 34 58 50 44 92 34 78 97 109 101 92 34 58 92 34 230 149 150 230 181 169 233 130 136 92 34 44 92 34 82 111 111 109 73 68 92 34 58 92 34 86 53 69 53 74 84 92 34 44 92 34 84 121 112 101 92 34 58 49 44 92 34 67 97 114 100 78 117 109 92 34 58 49 51 44 92 34 80 111 105 110 116 92 34 58 48 44 92 34 85 115 101 114 73 100 92 34 58 92 34 92 34 44 92 34 82 111 111 109 84 121 112 101 92 34 58 49 125 44 123 92 34 73 68 92 34 58 51 44 92 34 78 97 109 101 92 34 58 92 34 232 136 146 229 191 134 230 150 135 92 34 44 92 34 82 111 111 109 73 68 92 34 58 92 34 86 53 69 53 74 84 92 34 44 92 34 84 121 112 101 92 34 58 49 44 92 34 67 97 114 100 78 117 109 92 34 58 49 51 44 92 34 80 111 105 110 116 92 34 58 48 44 92 34 85 115 101 114 73 100 92 34 58 92 34 92 34 44 92 34 82 111 111 109 84 121 112 101 92 34 58 49 125 93 34 125]]": context canceled 
Stack:
1.  game_user/internal/controller/action.(*Controller).safeSendMessage
    D:/gowork/max2/max2/app/game_user/internal/controller/action/action.go:700
2.  game_user/internal/controller/action.(*Controller).handleInitRoom.func1
    D:/gowork/max2/max2/app/game_user/internal/controller/action/action.go:160

2026-05-23T10:56:23.401+08:00 [ERRO] {2ceb91ab5a12b2186321ee58f80bdd76} unexpected end of JSON input 
Stack:
1.  game_user/internal/controller/action.(*Controller).getPlayerAndRoomInfo
    D:/gowork/max2/max2/app/game_user/internal/controller/action/action.go:680
2.  game_user/internal/controller/action.(*Controller).handleGetInfo
    D:/gowork/max2/max2/app/game_user/internal/controller/action/action.go:539
3.  game_user/internal/controller/action.(*Controller).SendAction
    D:/gowork/max2/max2/app/game_user/internal/controller/action/action.go:57
4.  game_user/api/action/v1._Action_SendAction_Handler.func1
    D:/gowork/max2/max2/app/game_user/api/action/v1/action_grpc.pb.go:105
5.  google.golang.org/grpc.getChainUnaryHandler.func1
    D:/gowork/pkg/mod/google.golang.org/grpc@v1.79.3/server.go:1242
6.  google.golang.org/grpc.getChainUnaryHandler.func1
    D:/gowork/pkg/mod/google.golang.org/grpc@v1.79.3/server.go:1242
7.  google.golang.org/grpc.getChainUnaryHandler.func1
    D:/gowork/pkg/mod/google.golang.org/grpc@v1.79.3/server.go:1242
8.  google.golang.org/grpc.getChainUnaryHandler.func1
    D:/gowork/pkg/mod/google.golang.org/grpc@v1.79.3/server.go:1242
9.  google.golang.org/grpc.getChainUnaryHandler.func1
    D:/gowork/pkg/mod/google.golang.org/grpc@v1.79.3/server.go:1242
10. google.golang.org/grpc.chainUnaryInterceptors.func1
    D:/gowork/pkg/mod/google.golang.org/grpc@v1.79.3/server.go:1233
11. game_user/api/action/v1._Action_SendAction_Handler
    D:/gowork/max2/max2/app/game_user/api/action/v1/action_grpc.pb.go:107
12. google.golang.org/grpc.(*Server).processUnaryRPC
    D:/gowork/pkg/mod/google.golang.org/grpc@v1.79.3/server.go:1429
13. google.golang.org/grpc.(*Server).handleStream
    D:/gowork/pkg/mod/google.golang.org/grpc@v1.79.3/server.go:1855
14. google.golang.org/grpc.(*Server).serveStreams.func2.1
    D:/gowork/pkg/mod/google.golang.org/grpc@v1.79.3/server.go:1064

2026-05-23T10:56:23.404+08:00 [ERRO] {2ceb91ab5a12b2186321ee58f80bdd76} 用户  房间  不存在 
Stack:
1.  game_user/internal/controller/action.(*Controller).getPlayerAndRoomInfo
    D:/gowork/max2/max2/app/game_user/internal/controller/action/action.go:685
2.  game_user/internal/controller/action.(*Controller).handleGetInfo
    D:/gowork/max2/max2/app/game_user/internal/controller/action/action.go:539
3.  game_user/internal/controller/action.(*Controller).SendAction
    D:/gowork/max2/max2/app/game_user/internal/controller/action/action.go:57
4.  game_user/api/action/v1._Action_SendAction_Handler.func1
    D:/gowork/max2/max2/app/game_user/api/action/v1/action_grpc.pb.go:105
5.  google.golang.org/grpc.getChainUnaryHandler.func1
    D:/gowork/pkg/mod/google.golang.org/grpc@v1.79.3/server.go:1242
6.  google.golang.org/grpc.getChainUnaryHandler.func1
    D:/gowork/pkg/mod/google.golang.org/grpc@v1.79.3/server.go:1242
7.  google.golang.org/grpc.getChainUnaryHandler.func1
    D:/gowork/pkg/mod/google.golang.org/grpc@v1.79.3/server.go:1242
8.  google.golang.org/grpc.getChainUnaryHandler.func1
    D:/gowork/pkg/mod/google.golang.org/grpc@v1.79.3/server.go:1242
9.  google.golang.org/grpc.getChainUnaryHandler.func1
    D:/gowork/pkg/mod/google.golang.org/grpc@v1.79.3/server.go:1242
10. google.golang.org/grpc.chainUnaryInterceptors.func1
    D:/gowork/pkg/mod/google.golang.org/grpc@v1.79.3/server.go:1233
11. game_user/api/action/v1._Action_SendAction_Handler
    D:/gowork/max2/max2/app/game_user/api/action/v1/action_grpc.pb.go:107
12. google.golang.org/grpc.(*Server).processUnaryRPC
    D:/gowork/pkg/mod/google.golang.org/grpc@v1.79.3/server.go:1429
13. google.golang.org/grpc.(*Server).handleStream
    D:/gowork/pkg/mod/google.golang.org/grpc@v1.79.3/server.go:1855
14. google.golang.org/grpc.(*Server).serveStreams.func2.1
    D:/gowork/pkg/mod/google.golang.org/grpc@v1.79.3/server.go:1064

2026-05-23T10:57:30.031+08:00 [ERRO] {d42e252c6a12b2186921ee58f13939ed} unexpected end of JSON input 
Stack:
1.  game_user/internal/controller/action.(*Controller).getPlayerAndRoomInfo
    D:/gowork/max2/max2/app/game_user/internal/controller/action/action.go:680
2.  game_user/internal/controller/action.(*Controller).clearRoom
    D:/gowork/max2/max2/app/game_user/internal/controller/action/action.go:661
3.  game_user/internal/controller/action.(*Controller).handleInitRoom
    D:/gowork/max2/max2/app/game_user/internal/controller/action/action.go:66
4.  game_user/internal/controller/action.(*Controller).SendAction
    D:/gowork/max2/max2/app/game_user/internal/controller/action/action.go:45
5.  game_user/api/action/v1._Action_SendAction_Handler.func1
    D:/gowork/max2/max2/app/game_user/api/action/v1/action_grpc.pb.go:105
6.  google.golang.org/grpc.getChainUnaryHandler.func1
    D:/gowork/pkg/mod/google.golang.org/grpc@v1.79.3/server.go:1242
7.  google.golang.org/grpc.getChainUnaryHandler.func1
    D:/gowork/pkg/mod/google.golang.org/grpc@v1.79.3/server.go:1242
8.  google.golang.org/grpc.getChainUnaryHandler.func1
    D:/gowork/pkg/mod/google.golang.org/grpc@v1.79.3/server.go:1242
9.  google.golang.org/grpc.getChainUnaryHandler.func1
    D:/gowork/pkg/mod/google.golang.org/grpc@v1.79.3/server.go:1242
10. google.golang.org/grpc.getChainUnaryHandler.func1
    D:/gowork/pkg/mod/google.golang.org/grpc@v1.79.3/server.go:1242
11. google.golang.org/grpc.chainUnaryInterceptors.func1
    D:/gowork/pkg/mod/google.golang.org/grpc@v1.79.3/server.go:1233
12. game_user/api/action/v1._Action_SendAction_Handler
    D:/gowork/max2/max2/app/game_user/api/action/v1/action_grpc.pb.go:107
13. google.golang.org/grpc.(*Server).processUnaryRPC
    D:/gowork/pkg/mod/google.golang.org/grpc@v1.79.3/server.go:1429
14. google.golang.org/grpc.(*Server).handleStream
    D:/gowork/pkg/mod/google.golang.org/grpc@v1.79.3/server.go:1855
15. google.golang.org/grpc.(*Server).serveStreams.func2.1
    D:/gowork/pkg/mod/google.golang.org/grpc@v1.79.3/server.go:1064

2026-05-23T10:57:30.041+08:00 [ERRO] {d42e252c6a12b2186921ee58f13939ed} 用户  房间  不存在 
Stack:
1.  game_user/internal/controller/action.(*Controller).getPlayerAndRoomInfo
    D:/gowork/max2/max2/app/game_user/internal/controller/action/action.go:685
2.  game_user/internal/controller/action.(*Controller).clearRoom
    D:/gowork/max2/max2/app/game_user/internal/controller/action/action.go:661
3.  game_user/internal/controller/action.(*Controller).handleInitRoom
    D:/gowork/max2/max2/app/game_user/internal/controller/action/action.go:66
4.  game_user/internal/controller/action.(*Controller).SendAction
    D:/gowork/max2/max2/app/game_user/internal/controller/action/action.go:45
5.  game_user/api/action/v1._Action_SendAction_Handler.func1
    D:/gowork/max2/max2/app/game_user/api/action/v1/action_grpc.pb.go:105
6.  google.golang.org/grpc.getChainUnaryHandler.func1
    D:/gowork/pkg/mod/google.golang.org/grpc@v1.79.3/server.go:1242
7.  google.golang.org/grpc.getChainUnaryHandler.func1
    D:/gowork/pkg/mod/google.golang.org/grpc@v1.79.3/server.go:1242
8.  google.golang.org/grpc.getChainUnaryHandler.func1
    D:/gowork/pkg/mod/google.golang.org/grpc@v1.79.3/server.go:1242
9.  google.golang.org/grpc.getChainUnaryHandler.func1
    D:/gowork/pkg/mod/google.golang.org/grpc@v1.79.3/server.go:1242
10. google.golang.org/grpc.getChainUnaryHandler.func1
    D:/gowork/pkg/mod/google.golang.org/grpc@v1.79.3/server.go:1242
11. google.golang.org/grpc.chainUnaryInterceptors.func1
    D:/gowork/pkg/mod/google.golang.org/grpc@v1.79.3/server.go:1233
12. game_user/api/action/v1._Action_SendAction_Handler
    D:/gowork/max2/max2/app/game_user/api/action/v1/action_grpc.pb.go:107
13. google.golang.org/grpc.(*Server).processUnaryRPC
    D:/gowork/pkg/mod/google.golang.org/grpc@v1.79.3/server.go:1429
14. google.golang.org/grpc.(*Server).handleStream
    D:/gowork/pkg/mod/google.golang.org/grpc@v1.79.3/server.go:1855
15. google.golang.org/grpc.(*Server).serveStreams.func2.1
    D:/gowork/pkg/mod/google.golang.org/grpc@v1.79.3/server.go:1064

2026-05-23T10:57:30.048+08:00 [ERRO] 用户信息解析错误 
Stack:
1.  game_user/internal/controller/room.(*Room).CreatePlayer
    D:/gowork/max2/max2/app/game_user/internal/controller/room/room.go:59
2.  game_user/internal/controller/action.(*Controller).handleInitRoom
    D:/gowork/max2/max2/app/game_user/internal/controller/action/action.go:69
3.  game_user/internal/controller/action.(*Controller).SendAction
    D:/gowork/max2/max2/app/game_user/internal/controller/action/action.go:45
4.  game_user/api/action/v1._Action_SendAction_Handler.func1
    D:/gowork/max2/max2/app/game_user/api/action/v1/action_grpc.pb.go:105
5.  google.golang.org/grpc.getChainUnaryHandler.func1
    D:/gowork/pkg/mod/google.golang.org/grpc@v1.79.3/server.go:1242
6.  google.golang.org/grpc.getChainUnaryHandler.func1
    D:/gowork/pkg/mod/google.golang.org/grpc@v1.79.3/server.go:1242
7.  google.golang.org/grpc.getChainUnaryHandler.func1
    D:/gowork/pkg/mod/google.golang.org/grpc@v1.79.3/server.go:1242
8.  google.golang.org/grpc.getChainUnaryHandler.func1
    D:/gowork/pkg/mod/google.golang.org/grpc@v1.79.3/server.go:1242
9.  google.golang.org/grpc.getChainUnaryHandler.func1
    D:/gowork/pkg/mod/google.golang.org/grpc@v1.79.3/server.go:1242
10. google.golang.org/grpc.chainUnaryInterceptors.func1
    D:/gowork/pkg/mod/google.golang.org/grpc@v1.79.3/server.go:1233
11. game_user/api/action/v1._Action_SendAction_Handler
    D:/gowork/max2/max2/app/game_user/api/action/v1/action_grpc.pb.go:107
12. google.golang.org/grpc.(*Server).processUnaryRPC
    D:/gowork/pkg/mod/google.golang.org/grpc@v1.79.3/server.go:1429
13. google.golang.org/grpc.(*Server).handleStream
    D:/gowork/pkg/mod/google.golang.org/grpc@v1.79.3/server.go:1855
14. google.golang.org/grpc.(*Server).serveStreams.func2.1
    D:/gowork/pkg/mod/google.golang.org/grpc@v1.79.3/server.go:1064

2026-05-23T10:57:30.053+08:00 [INFO] 用户  开始延迟添加AI到房间 8V15ZD
2026-05-23T10:57:32.056+08:00 [ERRO] {d42e252c6a12b2186921ee58f13939ed} Redis Client Do failed with arguments "[Set gFastV3Cache:room:info:8V15ZD [123 34 73 68 34 58 34 56 86 49 53 90 68 34 44 34 80 108 97 121 101 114 115 34 58 91 123 34 73 68 34 58 48 44 34 67 97 114 100 115 34 58 110 117 108 108 44 34 78 97 109 101 34 58 34 34 44 34 82 111 111 109 73 68 34 58 34 56 86 49 53 90 68 34 44 34 84 121 112 101 34 58 48 44 34 79 117 116 67 97 114 100 73 100 115 34 58 110 117 108 108 44 34 77 117 115 116 34 58 102 97 108 115 101 44 34 87 105 110 34 58 48 44 34 80 97 115 115 34 58 48 44 34 67 97 114 100 78 117 109 34 58 49 51 44 34 82 101 67 97 114 100 34 58 102 97 108 115 101 44 34 80 111 105 110 116 34 58 48 44 34 85 115 101 114 78 97 109 101 34 58 34 34 125 44 123 34 73 68 34 58 49 44 34 67 97 114 100 115 34 58 110 117 108 108 44 34 78 97 109 101 34 58 34 232 168 190 232 182 138 229 189 172 34 44 34 82 111 111 109 73 68 34 58 34 56 86 49 53 90 68 34 44 34 84 121 112 101 34 58 49 44 34 79 117 116 67 97 114 100 73 100 115 34 58 110 117 108 108 44 34 77 117 115 116 34 58 102 97 108 115 101 44 34 87 105 110 34 58 48 44 34 80 97 115 115 34 58 48 44 34 67 97 114 100 78 117 109 34 58 49 51 44 34 82 101 67 97 114 100 34 58 102 97 108 115 101 44 34 80 111 105 110 116 34 58 48 44 34 85 115 101 114 78 97 109 101 34 58 34 34 125 44 123 34 73 68 34 58 50 44 34 67 97 114 100 115 34 58 110 117 108 108 44 34 78 97 109 101 34 58 34 233 154 134 230 152 142 232 189 169 34 44 34 82 111 111 109 73 68 34 58 34 56 86 49 53 90 68 34 44 34 84 121 112 101 34 58 49 44 34 79 117 116 67 97 114 100 73 100 115 34 58 110 117 108 108 44 34 77 117 115 116 34 58 102 97 108 115 101 44 34 87 105 110 34 58 48 44 34 80 97 115 115 34 58 48 44 34 67 97 114 100 78 117 109 34 58 49 51 44 34 82 101 67 97 114 100 34 58 102 97 108 115 101 44 34 80 111 105 110 116 34 58 48 44 34 85 115 101 114 78 97 109 101 34 58 34 34 125 44 123 34 73 68 34 58 51 44 34 67 97 114 100 115 34 58 110 117 108 108 44 34 78 97 109 101 34 58 34 229 183 166 231 190 142 229 128 169 34 44 34 82 111 111 109 73 68 34 58 34 56 86 49 53 90 68 34 44 34 84 121 112 101 34 58 49 44 34 79 117 116 67 97 114 100 73 100 115 34 58 110 117 108 108 44 34 77 117 115 116 34 58 102 97 108 115 101 44 34 87 105 110 34 58 48 44 34 80 97 115 115 34 58 48 44 34 67 97 114 100 78 117 109 34 58 49 51 44 34 82 101 67 97 114 100 34 58 102 97 108 115 101 44 34 80 111 105 110 116 34 58 48 44 34 85 115 101 114 78 97 109 101 34 58 34 34 125 93 44 34 68 101 99 107 34 58 110 117 108 108 44 34 76 97 110 100 108 111 114 100 34 58 110 117 108 108 44 34 70 97 114 109 101 114 115 34 58 110 117 108 108 44 34 67 117 114 114 101 110 116 34 58 48 44 34 76 97 115 116 67 97 114 100 115 34 58 110 117 108 108 44 34 76 97 115 116 80 72 34 58 48 44 34 84 117 114 110 34 58 48 44 34 73 115 80 108 97 121 105 110 103 34 58 102 97 108 115 101 44 34 79 117 116 83 116 97 114 84 105 109 101 34 58 48 44 34 78 101 120 116 80 108 97 121 101 114 73 68 34 58 52 44 34 83 116 97 116 117 115 34 58 48 44 34 84 121 112 101 34 58 49 125]]": context canceled 
Stack:
1.  github.com/tiger1103/gfast-cache/cache.(*GfCache).Set
    D:/gowork/pkg/mod/github.com/tiger1103/gfast-cache@v1.0.12/cache/cache.go:146
2.  game_user/internal/controller/action.(*Controller).handleInitRoom.func1
    D:/gowork/max2/max2/app/game_user/internal/controller/action/action.go:145

2026-05-23T10:57:32.059+08:00 [ERRO] {d42e252c6a12b2186921ee58f13939ed} 用户  发送消息失败: Redis Client Do failed with arguments "[Publish player:msg: [123 34 84 121 112 101 34 58 34 105 110 105 116 82 111 111 109 34 44 34 68 97 116 97 34 58 34 91 123 92 34 73 68 92 34 58 48 44 92 34 78 97 109 101 92 34 58 92 34 92 34 44 92 34 82 111 111 109 73 68 92 34 58 92 34 56 86 49 53 90 68 92 34 44 92 34 84 121 112 101 92 34 58 48 44 92 34 67 97 114 100 78 117 109 92 34 58 49 51 44 92 34 80 111 105 110 116 92 34 58 48 44 92 34 85 115 101 114 73 100 92 34 58 92 34 92 34 44 92 34 82 111 111 109 84 121 112 101 92 34 58 49 125 44 123 92 34 73 68 92 34 58 49 44 92 34 78 97 109 101 92 34 58 92 34 232 168 190 232 182 138 229 189 172 92 34 44 92 34 82 111 111 109 73 68 92 34 58 92 34 56 86 49 53 90 68 92 34 44 92 34 84 121 112 101 92 34 58 49 44 92 34 67 97 114 100 78 117 109 92 34 58 49 51 44 92 34 80 111 105 110 116 92 34 58 48 44 92 34 85 115 101 114 73 100 92 34 58 92 34 92 34 44 92 34 82 111 111 109 84 121 112 101 92 34 58 49 125 44 123 92 34 73 68 92 34 58 50 44 92 34 78 97 109 101 92 34 58 92 34 233 154 134 230 152 142 232 189 169 92 34 44 92 34 82 111 111 109 73 68 92 34 58 92 34 56 86 49 53 90 68 92 34 44 92 34 84 121 112 101 92 34 58 49 44 92 34 67 97 114 100 78 117 109 92 34 58 49 51 44 92 34 80 111 105 110 116 92 34 58 48 44 92 34 85 115 101 114 73 100 92 34 58 92 34 92 34 44 92 34 82 111 111 109 84 121 112 101 92 34 58 49 125 44 123 92 34 73 68 92 34 58 51 44 92 34 78 97 109 101 92 34 58 92 34 229 183 166 231 190 142 229 128 169 92 34 44 92 34 82 111 111 109 73 68 92 34 58 92 34 56 86 49 53 90 68 92 34 44 92 34 84 121 112 101 92 34 58 49 44 92 34 67 97 114 100 78 117 109 92 34 58 49 51 44 92 34 80 111 105 110 116 92 34 58 48 44 92 34 85 115 101 114 73 100 92 34 58 92 34 92 34 44 92 34 82 111 111 109 84 121 112 101 92 34 58 49 125 93 34 125]]": context canceled 
Stack:
1.  game_user/internal/controller/action.(*Controller).safeSendMessage
    D:/gowork/max2/max2/app/game_user/internal/controller/action/action.go:700
2.  game_user/internal/controller/action.(*Controller).handleInitRoom.func1
    D:/gowork/max2/max2/app/game_user/internal/controller/action/action.go:160

2026-05-23T10:58:46.116+08:00 [ERRO] {10520ee67b12b2187321ee5852502b2b} unexpected end of JSON input 
Stack:
1.  game_user/internal/controller/action.(*Controller).getPlayerAndRoomInfo
    D:/gowork/max2/max2/app/game_user/internal/controller/action/action.go:680
2.  game_user/internal/controller/action.(*Controller).handleGetInfo
    D:/gowork/max2/max2/app/game_user/internal/controller/action/action.go:539
3.  game_user/internal/controller/action.(*Controller).SendAction
    D:/gowork/max2/max2/app/game_user/internal/controller/action/action.go:57
4.  game_user/api/action/v1._Action_SendAction_Handler.func1
    D:/gowork/max2/max2/app/game_user/api/action/v1/action_grpc.pb.go:105
5.  google.golang.org/grpc.getChainUnaryHandler.func1
    D:/gowork/pkg/mod/google.golang.org/grpc@v1.79.3/server.go:1242
6.  google.golang.org/grpc.getChainUnaryHandler.func1
    D:/gowork/pkg/mod/google.golang.org/grpc@v1.79.3/server.go:1242
7.  google.golang.org/grpc.getChainUnaryHandler.func1
    D:/gowork/pkg/mod/google.golang.org/grpc@v1.79.3/server.go:1242
8.  google.golang.org/grpc.getChainUnaryHandler.func1
    D:/gowork/pkg/mod/google.golang.org/grpc@v1.79.3/server.go:1242
9.  google.golang.org/grpc.getChainUnaryHandler.func1
    D:/gowork/pkg/mod/google.golang.org/grpc@v1.79.3/server.go:1242
10. google.golang.org/grpc.chainUnaryInterceptors.func1
    D:/gowork/pkg/mod/google.golang.org/grpc@v1.79.3/server.go:1233
11. game_user/api/action/v1._Action_SendAction_Handler
    D:/gowork/max2/max2/app/game_user/api/action/v1/action_grpc.pb.go:107
12. google.golang.org/grpc.(*Server).processUnaryRPC
    D:/gowork/pkg/mod/google.golang.org/grpc@v1.79.3/server.go:1429
13. google.golang.org/grpc.(*Server).handleStream
    D:/gowork/pkg/mod/google.golang.org/grpc@v1.79.3/server.go:1855
14. google.golang.org/grpc.(*Server).serveStreams.func2.1
    D:/gowork/pkg/mod/google.golang.org/grpc@v1.79.3/server.go:1064

2026-05-23T10:58:46.121+08:00 [ERRO] {10520ee67b12b2187321ee5852502b2b} 用户  房间  不存在 
Stack:
1.  game_user/internal/controller/action.(*Controller).getPlayerAndRoomInfo
    D:/gowork/max2/max2/app/game_user/internal/controller/action/action.go:685
2.  game_user/internal/controller/action.(*Controller).handleGetInfo
    D:/gowork/max2/max2/app/game_user/internal/controller/action/action.go:539
3.  game_user/internal/controller/action.(*Controller).SendAction
    D:/gowork/max2/max2/app/game_user/internal/controller/action/action.go:57
4.  game_user/api/action/v1._Action_SendAction_Handler.func1
    D:/gowork/max2/max2/app/game_user/api/action/v1/action_grpc.pb.go:105
5.  google.golang.org/grpc.getChainUnaryHandler.func1
    D:/gowork/pkg/mod/google.golang.org/grpc@v1.79.3/server.go:1242
6.  google.golang.org/grpc.getChainUnaryHandler.func1
    D:/gowork/pkg/mod/google.golang.org/grpc@v1.79.3/server.go:1242
7.  google.golang.org/grpc.getChainUnaryHandler.func1
    D:/gowork/pkg/mod/google.golang.org/grpc@v1.79.3/server.go:1242
8.  google.golang.org/grpc.getChainUnaryHandler.func1
    D:/gowork/pkg/mod/google.golang.org/grpc@v1.79.3/server.go:1242
9.  google.golang.org/grpc.getChainUnaryHandler.func1
    D:/gowork/pkg/mod/google.golang.org/grpc@v1.79.3/server.go:1242
10. google.golang.org/grpc.chainUnaryInterceptors.func1
    D:/gowork/pkg/mod/google.golang.org/grpc@v1.79.3/server.go:1233
11. game_user/api/action/v1._Action_SendAction_Handler
    D:/gowork/max2/max2/app/game_user/api/action/v1/action_grpc.pb.go:107
12. google.golang.org/grpc.(*Server).processUnaryRPC
    D:/gowork/pkg/mod/google.golang.org/grpc@v1.79.3/server.go:1429
13. google.golang.org/grpc.(*Server).handleStream
    D:/gowork/pkg/mod/google.golang.org/grpc@v1.79.3/server.go:1855
14. google.golang.org/grpc.(*Server).serveStreams.func2.1
    D:/gowork/pkg/mod/google.golang.org/grpc@v1.79.3/server.go:1064

2026-05-23T10:59:12.876+08:00 [ERRO] {a4bd04218212b2187721ee58e3d4e830} unexpected end of JSON input 
Stack:
1.  game_user/internal/controller/action.(*Controller).getPlayerAndRoomInfo
    D:/gowork/max2/max2/app/game_user/internal/controller/action/action.go:680
2.  game_user/internal/controller/action.(*Controller).clearRoom
    D:/gowork/max2/max2/app/game_user/internal/controller/action/action.go:661
3.  game_user/internal/controller/action.(*Controller).handleInitRoom
    D:/gowork/max2/max2/app/game_user/internal/controller/action/action.go:66
4.  game_user/internal/controller/action.(*Controller).SendAction
    D:/gowork/max2/max2/app/game_user/internal/controller/action/action.go:45
5.  game_user/api/action/v1._Action_SendAction_Handler.func1
    D:/gowork/max2/max2/app/game_user/api/action/v1/action_grpc.pb.go:105
6.  google.golang.org/grpc.getChainUnaryHandler.func1
    D:/gowork/pkg/mod/google.golang.org/grpc@v1.79.3/server.go:1242
7.  google.golang.org/grpc.getChainUnaryHandler.func1
    D:/gowork/pkg/mod/google.golang.org/grpc@v1.79.3/server.go:1242
8.  google.golang.org/grpc.getChainUnaryHandler.func1
    D:/gowork/pkg/mod/google.golang.org/grpc@v1.79.3/server.go:1242
9.  google.golang.org/grpc.getChainUnaryHandler.func1
    D:/gowork/pkg/mod/google.golang.org/grpc@v1.79.3/server.go:1242
10. google.golang.org/grpc.getChainUnaryHandler.func1
    D:/gowork/pkg/mod/google.golang.org/grpc@v1.79.3/server.go:1242
11. google.golang.org/grpc.chainUnaryInterceptors.func1
    D:/gowork/pkg/mod/google.golang.org/grpc@v1.79.3/server.go:1233
12. game_user/api/action/v1._Action_SendAction_Handler
    D:/gowork/max2/max2/app/game_user/api/action/v1/action_grpc.pb.go:107
13. google.golang.org/grpc.(*Server).processUnaryRPC
    D:/gowork/pkg/mod/google.golang.org/grpc@v1.79.3/server.go:1429
14. google.golang.org/grpc.(*Server).handleStream
    D:/gowork/pkg/mod/google.golang.org/grpc@v1.79.3/server.go:1855
15. google.golang.org/grpc.(*Server).serveStreams.func2.1
    D:/gowork/pkg/mod/google.golang.org/grpc@v1.79.3/server.go:1064

2026-05-23T10:59:12.892+08:00 [ERRO] {a4bd04218212b2187721ee58e3d4e830} 用户  房间  不存在 
Stack:
1.  game_user/internal/controller/action.(*Controller).getPlayerAndRoomInfo
    D:/gowork/max2/max2/app/game_user/internal/controller/action/action.go:685
2.  game_user/internal/controller/action.(*Controller).clearRoom
    D:/gowork/max2/max2/app/game_user/internal/controller/action/action.go:661
3.  game_user/internal/controller/action.(*Controller).handleInitRoom
    D:/gowork/max2/max2/app/game_user/internal/controller/action/action.go:66
4.  game_user/internal/controller/action.(*Controller).SendAction
    D:/gowork/max2/max2/app/game_user/internal/controller/action/action.go:45
5.  game_user/api/action/v1._Action_SendAction_Handler.func1
    D:/gowork/max2/max2/app/game_user/api/action/v1/action_grpc.pb.go:105
6.  google.golang.org/grpc.getChainUnaryHandler.func1
    D:/gowork/pkg/mod/google.golang.org/grpc@v1.79.3/server.go:1242
7.  google.golang.org/grpc.getChainUnaryHandler.func1
    D:/gowork/pkg/mod/google.golang.org/grpc@v1.79.3/server.go:1242
8.  google.golang.org/grpc.getChainUnaryHandler.func1
    D:/gowork/pkg/mod/google.golang.org/grpc@v1.79.3/server.go:1242
9.  google.golang.org/grpc.getChainUnaryHandler.func1
    D:/gowork/pkg/mod/google.golang.org/grpc@v1.79.3/server.go:1242
10. google.golang.org/grpc.getChainUnaryHandler.func1
    D:/gowork/pkg/mod/google.golang.org/grpc@v1.79.3/server.go:1242
11. google.golang.org/grpc.chainUnaryInterceptors.func1
    D:/gowork/pkg/mod/google.golang.org/grpc@v1.79.3/server.go:1233
12. game_user/api/action/v1._Action_SendAction_Handler
    D:/gowork/max2/max2/app/game_user/api/action/v1/action_grpc.pb.go:107
13. google.golang.org/grpc.(*Server).processUnaryRPC
    D:/gowork/pkg/mod/google.golang.org/grpc@v1.79.3/server.go:1429
14. google.golang.org/grpc.(*Server).handleStream
    D:/gowork/pkg/mod/google.golang.org/grpc@v1.79.3/server.go:1855
15. google.golang.org/grpc.(*Server).serveStreams.func2.1
    D:/gowork/pkg/mod/google.golang.org/grpc@v1.79.3/server.go:1064

2026-05-23T10:59:12.895+08:00 [ERRO] 用户信息解析错误 
Stack:
1.  game_user/internal/controller/room.(*Room).CreatePlayer
    D:/gowork/max2/max2/app/game_user/internal/controller/room/room.go:59
2.  game_user/internal/controller/action.(*Controller).handleInitRoom
    D:/gowork/max2/max2/app/game_user/internal/controller/action/action.go:69
3.  game_user/internal/controller/action.(*Controller).SendAction
    D:/gowork/max2/max2/app/game_user/internal/controller/action/action.go:45
4.  game_user/api/action/v1._Action_SendAction_Handler.func1
    D:/gowork/max2/max2/app/game_user/api/action/v1/action_grpc.pb.go:105
5.  google.golang.org/grpc.getChainUnaryHandler.func1
    D:/gowork/pkg/mod/google.golang.org/grpc@v1.79.3/server.go:1242
6.  google.golang.org/grpc.getChainUnaryHandler.func1
    D:/gowork/pkg/mod/google.golang.org/grpc@v1.79.3/server.go:1242
7.  google.golang.org/grpc.getChainUnaryHandler.func1
    D:/gowork/pkg/mod/google.golang.org/grpc@v1.79.3/server.go:1242
8.  google.golang.org/grpc.getChainUnaryHandler.func1
    D:/gowork/pkg/mod/google.golang.org/grpc@v1.79.3/server.go:1242
9.  google.golang.org/grpc.getChainUnaryHandler.func1
    D:/gowork/pkg/mod/google.golang.org/grpc@v1.79.3/server.go:1242
10. google.golang.org/grpc.chainUnaryInterceptors.func1
    D:/gowork/pkg/mod/google.golang.org/grpc@v1.79.3/server.go:1233
11. game_user/api/action/v1._Action_SendAction_Handler
    D:/gowork/max2/max2/app/game_user/api/action/v1/action_grpc.pb.go:107
12. google.golang.org/grpc.(*Server).processUnaryRPC
    D:/gowork/pkg/mod/google.golang.org/grpc@v1.79.3/server.go:1429
13. google.golang.org/grpc.(*Server).handleStream
    D:/gowork/pkg/mod/google.golang.org/grpc@v1.79.3/server.go:1855
14. google.golang.org/grpc.(*Server).serveStreams.func2.1
    D:/gowork/pkg/mod/google.golang.org/grpc@v1.79.3/server.go:1064

2026-05-23T10:59:28.284+08:00 [ERRO] {108aa6b68512b2187a21ee584c173e29} unexpected end of JSON input 
Stack:
1.  game_user/internal/controller/action.(*Controller).getPlayerAndRoomInfo
    D:/gowork/max2/max2/app/game_user/internal/controller/action/action.go:680
2.  game_user/internal/controller/action.(*Controller).handleGetInfo
    D:/gowork/max2/max2/app/game_user/internal/controller/action/action.go:539
3.  game_user/internal/controller/action.(*Controller).SendAction
    D:/gowork/max2/max2/app/game_user/internal/controller/action/action.go:57
4.  game_user/api/action/v1._Action_SendAction_Handler.func1
    D:/gowork/max2/max2/app/game_user/api/action/v1/action_grpc.pb.go:105
5.  google.golang.org/grpc.getChainUnaryHandler.func1
    D:/gowork/pkg/mod/google.golang.org/grpc@v1.79.3/server.go:1242
6.  google.golang.org/grpc.getChainUnaryHandler.func1
    D:/gowork/pkg/mod/google.golang.org/grpc@v1.79.3/server.go:1242
7.  google.golang.org/grpc.getChainUnaryHandler.func1
    D:/gowork/pkg/mod/google.golang.org/grpc@v1.79.3/server.go:1242
8.  google.golang.org/grpc.getChainUnaryHandler.func1
    D:/gowork/pkg/mod/google.golang.org/grpc@v1.79.3/server.go:1242
9.  google.golang.org/grpc.getChainUnaryHandler.func1
    D:/gowork/pkg/mod/google.golang.org/grpc@v1.79.3/server.go:1242
10. google.golang.org/grpc.chainUnaryInterceptors.func1
    D:/gowork/pkg/mod/google.golang.org/grpc@v1.79.3/server.go:1233
11. game_user/api/action/v1._Action_SendAction_Handler
    D:/gowork/max2/max2/app/game_user/api/action/v1/action_grpc.pb.go:107
12. google.golang.org/grpc.(*Server).processUnaryRPC
    D:/gowork/pkg/mod/google.golang.org/grpc@v1.79.3/server.go:1429
13. google.golang.org/grpc.(*Server).handleStream
    D:/gowork/pkg/mod/google.golang.org/grpc@v1.79.3/server.go:1855
14. google.golang.org/grpc.(*Server).serveStreams.func2.1
    D:/gowork/pkg/mod/google.golang.org/grpc@v1.79.3/server.go:1064

2026-05-23T10:59:28.287+08:00 [ERRO] {108aa6b68512b2187a21ee584c173e29} 用户  房间  不存在 
Stack:
1.  game_user/internal/controller/action.(*Controller).getPlayerAndRoomInfo
    D:/gowork/max2/max2/app/game_user/internal/controller/action/action.go:685
2.  game_user/internal/controller/action.(*Controller).handleGetInfo
    D:/gowork/max2/max2/app/game_user/internal/controller/action/action.go:539
3.  game_user/internal/controller/action.(*Controller).SendAction
    D:/gowork/max2/max2/app/game_user/internal/controller/action/action.go:57
4.  game_user/api/action/v1._Action_SendAction_Handler.func1
    D:/gowork/max2/max2/app/game_user/api/action/v1/action_grpc.pb.go:105
5.  google.golang.org/grpc.getChainUnaryHandler.func1
    D:/gowork/pkg/mod/google.golang.org/grpc@v1.79.3/server.go:1242
6.  google.golang.org/grpc.getChainUnaryHandler.func1
    D:/gowork/pkg/mod/google.golang.org/grpc@v1.79.3/server.go:1242
7.  google.golang.org/grpc.getChainUnaryHandler.func1
    D:/gowork/pkg/mod/google.golang.org/grpc@v1.79.3/server.go:1242
8.  google.golang.org/grpc.getChainUnaryHandler.func1
    D:/gowork/pkg/mod/google.golang.org/grpc@v1.79.3/server.go:1242
9.  google.golang.org/grpc.getChainUnaryHandler.func1
    D:/gowork/pkg/mod/google.golang.org/grpc@v1.79.3/server.go:1242
10. google.golang.org/grpc.chainUnaryInterceptors.func1
    D:/gowork/pkg/mod/google.golang.org/grpc@v1.79.3/server.go:1233
11. game_user/api/action/v1._Action_SendAction_Handler
    D:/gowork/max2/max2/app/game_user/api/action/v1/action_grpc.pb.go:107
12. google.golang.org/grpc.(*Server).processUnaryRPC
    D:/gowork/pkg/mod/google.golang.org/grpc@v1.79.3/server.go:1429
13. google.golang.org/grpc.(*Server).handleStream
    D:/gowork/pkg/mod/google.golang.org/grpc@v1.79.3/server.go:1855
14. google.golang.org/grpc.(*Server).serveStreams.func2.1
    D:/gowork/pkg/mod/google.golang.org/grpc@v1.79.3/server.go:1064

2026-05-23T10:59:35.204+08:00 [ERRO] {dcd35b538712b2187c21ee586cd4d219} unexpected end of JSON input 
Stack:
1.  game_user/internal/controller/action.(*Controller).getPlayerAndRoomInfo
    D:/gowork/max2/max2/app/game_user/internal/controller/action/action.go:680
2.  game_user/internal/controller/action.(*Controller).clearRoom
    D:/gowork/max2/max2/app/game_user/internal/controller/action/action.go:661
3.  game_user/internal/controller/action.(*Controller).handleInitRoom
    D:/gowork/max2/max2/app/game_user/internal/controller/action/action.go:66
4.  game_user/internal/controller/action.(*Controller).SendAction
    D:/gowork/max2/max2/app/game_user/internal/controller/action/action.go:45
5.  game_user/api/action/v1._Action_SendAction_Handler.func1
    D:/gowork/max2/max2/app/game_user/api/action/v1/action_grpc.pb.go:105
6.  google.golang.org/grpc.getChainUnaryHandler.func1
    D:/gowork/pkg/mod/google.golang.org/grpc@v1.79.3/server.go:1242
7.  google.golang.org/grpc.getChainUnaryHandler.func1
    D:/gowork/pkg/mod/google.golang.org/grpc@v1.79.3/server.go:1242
8.  google.golang.org/grpc.getChainUnaryHandler.func1
    D:/gowork/pkg/mod/google.golang.org/grpc@v1.79.3/server.go:1242
9.  google.golang.org/grpc.getChainUnaryHandler.func1
    D:/gowork/pkg/mod/google.golang.org/grpc@v1.79.3/server.go:1242
10. google.golang.org/grpc.getChainUnaryHandler.func1
    D:/gowork/pkg/mod/google.golang.org/grpc@v1.79.3/server.go:1242
11. google.golang.org/grpc.chainUnaryInterceptors.func1
    D:/gowork/pkg/mod/google.golang.org/grpc@v1.79.3/server.go:1233
12. game_user/api/action/v1._Action_SendAction_Handler
    D:/gowork/max2/max2/app/game_user/api/action/v1/action_grpc.pb.go:107
13. google.golang.org/grpc.(*Server).processUnaryRPC
    D:/gowork/pkg/mod/google.golang.org/grpc@v1.79.3/server.go:1429
14. google.golang.org/grpc.(*Server).handleStream
    D:/gowork/pkg/mod/google.golang.org/grpc@v1.79.3/server.go:1855
15. google.golang.org/grpc.(*Server).serveStreams.func2.1
    D:/gowork/pkg/mod/google.golang.org/grpc@v1.79.3/server.go:1064

2026-05-23T10:59:35.206+08:00 [ERRO] {dcd35b538712b2187c21ee586cd4d219} 用户  房间  不存在 
Stack:
1.  game_user/internal/controller/action.(*Controller).getPlayerAndRoomInfo
    D:/gowork/max2/max2/app/game_user/internal/controller/action/action.go:685
2.  game_user/internal/controller/action.(*Controller).clearRoom
    D:/gowork/max2/max2/app/game_user/internal/controller/action/action.go:661
3.  game_user/internal/controller/action.(*Controller).handleInitRoom
    D:/gowork/max2/max2/app/game_user/internal/controller/action/action.go:66
4.  game_user/internal/controller/action.(*Controller).SendAction
    D:/gowork/max2/max2/app/game_user/internal/controller/action/action.go:45
5.  game_user/api/action/v1._Action_SendAction_Handler.func1
    D:/gowork/max2/max2/app/game_user/api/action/v1/action_grpc.pb.go:105
6.  google.golang.org/grpc.getChainUnaryHandler.func1
    D:/gowork/pkg/mod/google.golang.org/grpc@v1.79.3/server.go:1242
7.  google.golang.org/grpc.getChainUnaryHandler.func1
    D:/gowork/pkg/mod/google.golang.org/grpc@v1.79.3/server.go:1242
8.  google.golang.org/grpc.getChainUnaryHandler.func1
    D:/gowork/pkg/mod/google.golang.org/grpc@v1.79.3/server.go:1242
9.  google.golang.org/grpc.getChainUnaryHandler.func1
    D:/gowork/pkg/mod/google.golang.org/grpc@v1.79.3/server.go:1242
10. google.golang.org/grpc.getChainUnaryHandler.func1
    D:/gowork/pkg/mod/google.golang.org/grpc@v1.79.3/server.go:1242
11. google.golang.org/grpc.chainUnaryInterceptors.func1
    D:/gowork/pkg/mod/google.golang.org/grpc@v1.79.3/server.go:1233
12. game_user/api/action/v1._Action_SendAction_Handler
    D:/gowork/max2/max2/app/game_user/api/action/v1/action_grpc.pb.go:107
13. google.golang.org/grpc.(*Server).processUnaryRPC
    D:/gowork/pkg/mod/google.golang.org/grpc@v1.79.3/server.go:1429
14. google.golang.org/grpc.(*Server).handleStream
    D:/gowork/pkg/mod/google.golang.org/grpc@v1.79.3/server.go:1855
15. google.golang.org/grpc.(*Server).serveStreams.func2.1
    D:/gowork/pkg/mod/google.golang.org/grpc@v1.79.3/server.go:1064

2026-05-23T10:59:35.207+08:00 [ERRO] 用户信息解析错误 
Stack:
1.  game_user/internal/controller/room.(*Room).CreatePlayer
    D:/gowork/max2/max2/app/game_user/internal/controller/room/room.go:59
2.  game_user/internal/controller/action.(*Controller).handleInitRoom
    D:/gowork/max2/max2/app/game_user/internal/controller/action/action.go:69
3.  game_user/internal/controller/action.(*Controller).SendAction
    D:/gowork/max2/max2/app/game_user/internal/controller/action/action.go:45
4.  game_user/api/action/v1._Action_SendAction_Handler.func1
    D:/gowork/max2/max2/app/game_user/api/action/v1/action_grpc.pb.go:105
5.  google.golang.org/grpc.getChainUnaryHandler.func1
    D:/gowork/pkg/mod/google.golang.org/grpc@v1.79.3/server.go:1242
6.  google.golang.org/grpc.getChainUnaryHandler.func1
    D:/gowork/pkg/mod/google.golang.org/grpc@v1.79.3/server.go:1242
7.  google.golang.org/grpc.getChainUnaryHandler.func1
    D:/gowork/pkg/mod/google.golang.org/grpc@v1.79.3/server.go:1242
8.  google.golang.org/grpc.getChainUnaryHandler.func1
    D:/gowork/pkg/mod/google.golang.org/grpc@v1.79.3/server.go:1242
9.  google.golang.org/grpc.getChainUnaryHandler.func1
    D:/gowork/pkg/mod/google.golang.org/grpc@v1.79.3/server.go:1242
10. google.golang.org/grpc.chainUnaryInterceptors.func1
    D:/gowork/pkg/mod/google.golang.org/grpc@v1.79.3/server.go:1233
11. game_user/api/action/v1._Action_SendAction_Handler
    D:/gowork/max2/max2/app/game_user/api/action/v1/action_grpc.pb.go:107
12. google.golang.org/grpc.(*Server).processUnaryRPC
    D:/gowork/pkg/mod/google.golang.org/grpc@v1.79.3/server.go:1429
13. google.golang.org/grpc.(*Server).handleStream
    D:/gowork/pkg/mod/google.golang.org/grpc@v1.79.3/server.go:1855
14. google.golang.org/grpc.(*Server).serveStreams.func2.1
    D:/gowork/pkg/mod/google.golang.org/grpc@v1.79.3/server.go:1064

2026-05-23T10:59:35.229+08:00 [INFO] 用户  开始延迟添加AI到房间 ISPWAN
2026-05-23T10:59:37.232+08:00 [ERRO] {dcd35b538712b2187c21ee586cd4d219} Redis Client Do failed with arguments "[Set gFastV3Cache:room:info:ISPWAN [123 34 73 68 34 58 34 73 83 80 87 65 78 34 44 34 80 108 97 121 101 114 115 34 58 91 123 34 73 68 34 58 48 44 34 67 97 114 100 115 34 58 110 117 108 108 44 34 78 97 109 101 34 58 34 34 44 34 82 111 111 109 73 68 34 58 34 73 83 80 87 65 78 34 44 34 84 121 112 101 34 58 48 44 34 79 117 116 67 97 114 100 73 100 115 34 58 110 117 108 108 44 34 77 117 115 116 34 58 102 97 108 115 101 44 34 87 105 110 34 58 48 44 34 80 97 115 115 34 58 48 44 34 67 97 114 100 78 117 109 34 58 49 51 44 34 82 101 67 97 114 100 34 58 102 97 108 115 101 44 34 80 111 105 110 116 34 58 48 44 34 85 115 101 114 78 97 109 101 34 58 34 34 125 44 123 34 73 68 34 58 49 44 34 67 97 114 100 115 34 58 110 117 108 108 44 34 78 97 109 101 34 58 34 229 167 156 229 173 144 232 189 169 34 44 34 82 111 111 109 73 68 34 58 34 73 83 80 87 65 78 34 44 34 84 121 112 101 34 58 49 44 34 79 117 116 67 97 114 100 73 100 115 34 58 110 117 108 108 44 34 77 117 115 116 34 58 102 97 108 115 101 44 34 87 105 110 34 58 48 44 34 80 97 115 115 34 58 48 44 34 67 97 114 100 78 117 109 34 58 49 51 44 34 82 101 67 97 114 100 34 58 102 97 108 115 101 44 34 80 111 105 110 116 34 58 48 44 34 85 115 101 114 78 97 109 101 34 58 34 34 125 44 123 34 73 68 34 58 50 44 34 67 97 114 100 115 34 58 110 117 108 108 44 34 78 97 109 101 34 58 34 230 174 181 232 191 144 233 170 143 34 44 34 82 111 111 109 73 68 34 58 34 73 83 80 87 65 78 34 44 34 84 121 112 101 34 58 49 44 34 79 117 116 67 97 114 100 73 100 115 34 58 110 117 108 108 44 34 77 117 115 116 34 58 102 97 108 115 101 44 34 87 105 110 34 58 48 44 34 80 97 115 115 34 58 48 44 34 67 97 114 100 78 117 109 34 58 49 51 44 34 82 101 67 97 114 100 34 58 102 97 108 115 101 44 34 80 111 105 110 116 34 58 48 44 34 85 115 101 114 78 97 109 101 34 58 34 34 125 44 123 34 73 68 34 58 51 44 34 67 97 114 100 115 34 58 110 117 108 108 44 34 78 97 109 101 34 58 34 228 191 158 232 182 138 229 189 172 34 44 34 82 111 111 109 73 68 34 58 34 73 83 80 87 65 78 34 44 34 84 121 112 101 34 58 49 44 34 79 117 116 67 97 114 100 73 100 115 34 58 110 117 108 108 44 34 77 117 115 116 34 58 102 97 108 115 101 44 34 87 105 110 34 58 48 44 34 80 97 115 115 34 58 48 44 34 67 97 114 100 78 117 109 34 58 49 51 44 34 82 101 67 97 114 100 34 58 102 97 108 115 101 44 34 80 111 105 110 116 34 58 48 44 34 85 115 101 114 78 97 109 101 34 58 34 34 125 93 44 34 68 101 99 107 34 58 110 117 108 108 44 34 76 97 110 100 108 111 114 100 34 58 110 117 108 108 44 34 70 97 114 109 101 114 115 34 58 110 117 108 108 44 34 67 117 114 114 101 110 116 34 58 48 44 34 76 97 115 116 67 97 114 100 115 34 58 110 117 108 108 44 34 76 97 115 116 80 72 34 58 48 44 34 84 117 114 110 34 58 48 44 34 73 115 80 108 97 121 105 110 103 34 58 102 97 108 115 101 44 34 79 117 116 83 116 97 114 84 105 109 101 34 58 48 44 34 78 101 120 116 80 108 97 121 101 114 73 68 34 58 52 44 34 83 116 97 116 117 115 34 58 48 44 34 84 121 112 101 34 58 49 125]]": context canceled 
Stack:
1.  github.com/tiger1103/gfast-cache/cache.(*GfCache).Set
    D:/gowork/pkg/mod/github.com/tiger1103/gfast-cache@v1.0.12/cache/cache.go:146
2.  game_user/internal/controller/action.(*Controller).handleInitRoom.func1
    D:/gowork/max2/max2/app/game_user/internal/controller/action/action.go:145

2026-05-23T10:59:37.234+08:00 [ERRO] {dcd35b538712b2187c21ee586cd4d219} 用户  发送消息失败: Redis Client Do failed with arguments "[Publish player:msg: [123 34 84 121 112 101 34 58 34 105 110 105 116 82 111 111 109 34 44 34 68 97 116 97 34 58 34 91 123 92 34 73 68 92 34 58 48 44 92 34 78 97 109 101 92 34 58 92 34 92 34 44 92 34 82 111 111 109 73 68 92 34 58 92 34 73 83 80 87 65 78 92 34 44 92 34 84 121 112 101 92 34 58 48 44 92 34 67 97 114 100 78 117 109 92 34 58 49 51 44 92 34 80 111 105 110 116 92 34 58 48 44 92 34 85 115 101 114 73 100 92 34 58 92 34 92 34 44 92 34 82 111 111 109 84 121 112 101 92 34 58 49 125 44 123 92 34 73 68 92 34 58 49 44 92 34 78 97 109 101 92 34 58 92 34 229 167 156 229 173 144 232 189 169 92 34 44 92 34 82 111 111 109 73 68 92 34 58 92 34 73 83 80 87 65 78 92 34 44 92 34 84 121 112 101 92 34 58 49 44 92 34 67 97 114 100 78 117 109 92 34 58 49 51 44 92 34 80 111 105 110 116 92 34 58 48 44 92 34 85 115 101 114 73 100 92 34 58 92 34 92 34 44 92 34 82 111 111 109 84 121 112 101 92 34 58 49 125 44 123 92 34 73 68 92 34 58 50 44 92 34 78 97 109 101 92 34 58 92 34 230 174 181 232 191 144 233 170 143 92 34 44 92 34 82 111 111 109 73 68 92 34 58 92 34 73 83 80 87 65 78 92 34 44 92 34 84 121 112 101 92 34 58 49 44 92 34 67 97 114 100 78 117 109 92 34 58 49 51 44 92 34 80 111 105 110 116 92 34 58 48 44 92 34 85 115 101 114 73 100 92 34 58 92 34 92 34 44 92 34 82 111 111 109 84 121 112 101 92 34 58 49 125 44 123 92 34 73 68 92 34 58 51 44 92 34 78 97 109 101 92 34 58 92 34 228 191 158 232 182 138 229 189 172 92 34 44 92 34 82 111 111 109 73 68 92 34 58 92 34 73 83 80 87 65 78 92 34 44 92 34 84 121 112 101 92 34 58 49 44 92 34 67 97 114 100 78 117 109 92 34 58 49 51 44 92 34 80 111 105 110 116 92 34 58 48 44 92 34 85 115 101 114 73 100 92 34 58 92 34 92 34 44 92 34 82 111 111 109 84 121 112 101 92 34 58 49 125 93 34 125]]": context canceled 
Stack:
1.  game_user/internal/controller/action.(*Controller).safeSendMessage
    D:/gowork/max2/max2/app/game_user/internal/controller/action/action.go:700
2.  game_user/internal/controller/action.(*Controller).handleInitRoom.func1
    D:/gowork/max2/max2/app/game_user/internal/controller/action/action.go:160

2026-05-23T11:00:07.373+08:00 [ERRO] {504a19d18e12b2188121ee58a4babbe1} unexpected end of JSON input 
Stack:
1.  game_user/internal/controller/action.(*Controller).getPlayerAndRoomInfo
    D:/gowork/max2/max2/app/game_user/internal/controller/action/action.go:680
2.  game_user/internal/controller/action.(*Controller).handleGetInfo
    D:/gowork/max2/max2/app/game_user/internal/controller/action/action.go:539
3.  game_user/internal/controller/action.(*Controller).SendAction
    D:/gowork/max2/max2/app/game_user/internal/controller/action/action.go:57
4.  game_user/api/action/v1._Action_SendAction_Handler.func1
    D:/gowork/max2/max2/app/game_user/api/action/v1/action_grpc.pb.go:105
5.  google.golang.org/grpc.getChainUnaryHandler.func1
    D:/gowork/pkg/mod/google.golang.org/grpc@v1.79.3/server.go:1242
6.  google.golang.org/grpc.getChainUnaryHandler.func1
    D:/gowork/pkg/mod/google.golang.org/grpc@v1.79.3/server.go:1242
7.  google.golang.org/grpc.getChainUnaryHandler.func1
    D:/gowork/pkg/mod/google.golang.org/grpc@v1.79.3/server.go:1242
8.  google.golang.org/grpc.getChainUnaryHandler.func1
    D:/gowork/pkg/mod/google.golang.org/grpc@v1.79.3/server.go:1242
9.  google.golang.org/grpc.getChainUnaryHandler.func1
    D:/gowork/pkg/mod/google.golang.org/grpc@v1.79.3/server.go:1242
10. google.golang.org/grpc.chainUnaryInterceptors.func1
    D:/gowork/pkg/mod/google.golang.org/grpc@v1.79.3/server.go:1233
11. game_user/api/action/v1._Action_SendAction_Handler
    D:/gowork/max2/max2/app/game_user/api/action/v1/action_grpc.pb.go:107
12. google.golang.org/grpc.(*Server).processUnaryRPC
    D:/gowork/pkg/mod/google.golang.org/grpc@v1.79.3/server.go:1429
13. google.golang.org/grpc.(*Server).handleStream
    D:/gowork/pkg/mod/google.golang.org/grpc@v1.79.3/server.go:1855
14. google.golang.org/grpc.(*Server).serveStreams.func2.1
    D:/gowork/pkg/mod/google.golang.org/grpc@v1.79.3/server.go:1064

2026-05-23T11:00:07.382+08:00 [ERRO] {504a19d18e12b2188121ee58a4babbe1} 用户  房间  不存在 
Stack:
1.  game_user/internal/controller/action.(*Controller).getPlayerAndRoomInfo
    D:/gowork/max2/max2/app/game_user/internal/controller/action/action.go:685
2.  game_user/internal/controller/action.(*Controller).handleGetInfo
    D:/gowork/max2/max2/app/game_user/internal/controller/action/action.go:539
3.  game_user/internal/controller/action.(*Controller).SendAction
    D:/gowork/max2/max2/app/game_user/internal/controller/action/action.go:57
4.  game_user/api/action/v1._Action_SendAction_Handler.func1
    D:/gowork/max2/max2/app/game_user/api/action/v1/action_grpc.pb.go:105
5.  google.golang.org/grpc.getChainUnaryHandler.func1
    D:/gowork/pkg/mod/google.golang.org/grpc@v1.79.3/server.go:1242
6.  google.golang.org/grpc.getChainUnaryHandler.func1
    D:/gowork/pkg/mod/google.golang.org/grpc@v1.79.3/server.go:1242
7.  google.golang.org/grpc.getChainUnaryHandler.func1
    D:/gowork/pkg/mod/google.golang.org/grpc@v1.79.3/server.go:1242
8.  google.golang.org/grpc.getChainUnaryHandler.func1
    D:/gowork/pkg/mod/google.golang.org/grpc@v1.79.3/server.go:1242
9.  google.golang.org/grpc.getChainUnaryHandler.func1
    D:/gowork/pkg/mod/google.golang.org/grpc@v1.79.3/server.go:1242
10. google.golang.org/grpc.chainUnaryInterceptors.func1
    D:/gowork/pkg/mod/google.golang.org/grpc@v1.79.3/server.go:1233
11. game_user/api/action/v1._Action_SendAction_Handler
    D:/gowork/max2/max2/app/game_user/api/action/v1/action_grpc.pb.go:107
12. google.golang.org/grpc.(*Server).processUnaryRPC
    D:/gowork/pkg/mod/google.golang.org/grpc@v1.79.3/server.go:1429
13. google.golang.org/grpc.(*Server).handleStream
    D:/gowork/pkg/mod/google.golang.org/grpc@v1.79.3/server.go:1855
14. google.golang.org/grpc.(*Server).serveStreams.func2.1
    D:/gowork/pkg/mod/google.golang.org/grpc@v1.79.3/server.go:1064

2026-05-23T11:43:32.863+08:00 [INFO] 用户 1 开始延迟添加AI到房间 PMPCBK
2026-05-23T11:43:34.869+08:00 [ERRO] {804b6273ed14b2187f916b40b8d03081} Redis Client Do failed with arguments "[Set gFastV3Cache:room:info:PMPCBK [123 34 73 68 34 58 34 80 77 80 67 66 75 34 44 34 80 108 97 121 101 114 115 34 58 91 123 34 73 68 34 58 48 44 34 67 97 114 100 115 34 58 110 117 108 108 44 34 78 97 109 101 34 58 34 49 34 44 34 82 111 111 109 73 68 34 58 34 80 77 80 67 66 75 34 44 34 84 121 112 101 34 58 48 44 34 79 117 116 67 97 114 100 73 100 115 34 58 110 117 108 108 44 34 77 117 115 116 34 58 102 97 108 115 101 44 34 87 105 110 34 58 48 44 34 80 97 115 115 34 58 48 44 34 67 97 114 100 78 117 109 34 58 49 51 44 34 82 101 67 97 114 100 34 58 102 97 108 115 101 44 34 80 111 105 110 116 34 58 55 48 52 44 34 85 115 101 114 78 97 109 101 34 58 34 49 34 125 44 123 34 73 68 34 58 49 44 34 67 97 114 100 115 34 58 110 117 108 108 44 34 78 97 109 101 34 58 34 229 188 147 228 191 174 230 157 176 34 44 34 82 111 111 109 73 68 34 58 34 80 77 80 67 66 75 34 44 34 84 121 112 101 34 58 49 44 34 79 117 116 67 97 114 100 73 100 115 34 58 110 117 108 108 44 34 77 117 115 116 34 58 102 97 108 115 101 44 34 87 105 110 34 58 48 44 34 80 97 115 115 34 58 48 44 34 67 97 114 100 78 117 109 34 58 49 51 44 34 82 101 67 97 114 100 34 58 102 97 108 115 101 44 34 80 111 105 110 116 34 58 48 44 34 85 115 101 114 78 97 109 101 34 58 34 34 125 44 123 34 73 68 34 58 50 44 34 67 97 114 100 115 34 58 110 117 108 108 44 34 78 97 109 101 34 58 34 233 165 182 228 189 179 232 149 138 34 44 34 82 111 111 109 73 68 34 58 34 80 77 80 67 66 75 34 44 34 84 121 112 101 34 58 49 44 34 79 117 116 67 97 114 100 73 100 115 34 58 110 117 108 108 44 34 77 117 115 116 34 58 102 97 108 115 101 44 34 87 105 110 34 58 48 44 34 80 97 115 115 34 58 48 44 34 67 97 114 100 78 117 109 34 58 49 51 44 34 82 101 67 97 114 100 34 58 102 97 108 115 101 44 34 80 111 105 110 116 34 58 48 44 34 85 115 101 114 78 97 109 101 34 58 34 34 125 44 123 34 73 68 34 58 51 44 34 67 97 114 100 115 34 58 110 117 108 108 44 34 78 97 109 101 34 58 34 229 183 162 230 140 175 229 188 186 34 44 34 82 111 111 109 73 68 34 58 34 80 77 80 67 66 75 34 44 34 84 121 112 101 34 58 49 44 34 79 117 116 67 97 114 100 73 100 115 34 58 110 117 108 108 44 34 77 117 115 116 34 58 102 97 108 115 101 44 34 87 105 110 34 58 48 44 34 80 97 115 115 34 58 48 44 34 67 97 114 100 78 117 109 34 58 49 51 44 34 82 101 67 97 114 100 34 58 102 97 108 115 101 44 34 80 111 105 110 116 34 58 48 44 34 85 115 101 114 78 97 109 101 34 58 34 34 125 93 44 34 68 101 99 107 34 58 110 117 108 108 44 34 76 97 110 100 108 111 114 100 34 58 110 117 108 108 44 34 70 97 114 109 101 114 115 34 58 110 117 108 108 44 34 67 117 114 114 101 110 116 34 58 48 44 34 76 97 115 116 67 97 114 100 115 34 58 110 117 108 108 44 34 76 97 115 116 80 72 34 58 48 44 34 84 117 114 110 34 58 48 44 34 73 115 80 108 97 121 105 110 103 34 58 102 97 108 115 101 44 34 79 117 116 83 116 97 114 84 105 109 101 34 58 48 44 34 78 101 120 116 80 108 97 121 101 114 73 68 34 58 52 44 34 83 116 97 116 117 115 34 58 48 44 34 84 121 112 101 34 58 49 125]]": context canceled 
Stack:
1.  github.com/tiger1103/gfast-cache/cache.(*GfCache).Set
    D:/gowork/pkg/mod/github.com/tiger1103/gfast-cache@v1.0.12/cache/cache.go:146
2.  game_user/internal/controller/action.(*Controller).handleInitRoom.func1
    D:/gowork/max2/max2/app/game_user/internal/controller/action/action.go:145

2026-05-23T11:43:34.877+08:00 [ERRO] {804b6273ed14b2187f916b40b8d03081} 用户 1 发送消息失败: Redis Client Do failed with arguments "[Publish player:msg:1 [123 34 84 121 112 101 34 58 34 105 110 105 116 82 111 111 109 34 44 34 68 97 116 97 34 58 34 91 123 92 34 73 68 92 34 58 48 44 92 34 78 97 109 101 92 34 58 92 34 49 92 34 44 92 34 82 111 111 109 73 68 92 34 58 92 34 80 77 80 67 66 75 92 34 44 92 34 84 121 112 101 92 34 58 48 44 92 34 67 97 114 100 78 117 109 92 34 58 49 51 44 92 34 80 111 105 110 116 92 34 58 55 48 52 44 92 34 85 115 101 114 73 100 92 34 58 92 34 49 92 34 44 92 34 82 111 111 109 84 121 112 101 92 34 58 49 125 44 123 92 34 73 68 92 34 58 49 44 92 34 78 97 109 101 92 34 58 92 34 229 188 147 228 191 174 230 157 176 92 34 44 92 34 82 111 111 109 73 68 92 34 58 92 34 80 77 80 67 66 75 92 34 44 92 34 84 121 112 101 92 34 58 49 44 92 34 67 97 114 100 78 117 109 92 34 58 49 51 44 92 34 80 111 105 110 116 92 34 58 48 44 92 34 85 115 101 114 73 100 92 34 58 92 34 92 34 44 92 34 82 111 111 109 84 121 112 101 92 34 58 49 125 44 123 92 34 73 68 92 34 58 50 44 92 34 78 97 109 101 92 34 58 92 34 233 165 182 228 189 179 232 149 138 92 34 44 92 34 82 111 111 109 73 68 92 34 58 92 34 80 77 80 67 66 75 92 34 44 92 34 84 121 112 101 92 34 58 49 44 92 34 67 97 114 100 78 117 109 92 34 58 49 51 44 92 34 80 111 105 110 116 92 34 58 48 44 92 34 85 115 101 114 73 100 92 34 58 92 34 92 34 44 92 34 82 111 111 109 84 121 112 101 92 34 58 49 125 44 123 92 34 73 68 92 34 58 51 44 92 34 78 97 109 101 92 34 58 92 34 229 183 162 230 140 175 229 188 186 92 34 44 92 34 82 111 111 109 73 68 92 34 58 92 34 80 77 80 67 66 75 92 34 44 92 34 84 121 112 101 92 34 58 49 44 92 34 67 97 114 100 78 117 109 92 34 58 49 51 44 92 34 80 111 105 110 116 92 34 58 48 44 92 34 85 115 101 114 73 100 92 34 58 92 34 92 34 44 92 34 82 111 111 109 84 121 112 101 92 34 58 49 125 93 34 44 34 70 114 111 109 34 58 34 49 34 125]]": context canceled 
Stack:
1.  game_user/internal/controller/action.(*Controller).safeSendMessage
    D:/gowork/max2/max2/app/game_user/internal/controller/action/action.go:700
2.  game_user/internal/controller/action.(*Controller).handleInitRoom.func1
    D:/gowork/max2/max2/app/game_user/internal/controller/action/action.go:160

2026-05-23T11:44:32.572+08:00 [ERRO] {d8b9915bfb14b21886916b40c5454930} unexpected end of JSON input 
Stack:
1.  game_user/internal/controller/action.(*Controller).getPlayerAndRoomInfo
    D:/gowork/max2/max2/app/game_user/internal/controller/action/action.go:680
2.  game_user/internal/controller/action.(*Controller).handleGetInfo
    D:/gowork/max2/max2/app/game_user/internal/controller/action/action.go:539
3.  game_user/internal/controller/action.(*Controller).SendAction
    D:/gowork/max2/max2/app/game_user/internal/controller/action/action.go:57
4.  game_user/api/action/v1._Action_SendAction_Handler.func1
    D:/gowork/max2/max2/app/game_user/api/action/v1/action_grpc.pb.go:105
5.  google.golang.org/grpc.getChainUnaryHandler.func1
    D:/gowork/pkg/mod/google.golang.org/grpc@v1.79.3/server.go:1242
6.  google.golang.org/grpc.getChainUnaryHandler.func1
    D:/gowork/pkg/mod/google.golang.org/grpc@v1.79.3/server.go:1242
7.  google.golang.org/grpc.getChainUnaryHandler.func1
    D:/gowork/pkg/mod/google.golang.org/grpc@v1.79.3/server.go:1242
8.  google.golang.org/grpc.getChainUnaryHandler.func1
    D:/gowork/pkg/mod/google.golang.org/grpc@v1.79.3/server.go:1242
9.  google.golang.org/grpc.getChainUnaryHandler.func1
    D:/gowork/pkg/mod/google.golang.org/grpc@v1.79.3/server.go:1242
10. google.golang.org/grpc.chainUnaryInterceptors.func1
    D:/gowork/pkg/mod/google.golang.org/grpc@v1.79.3/server.go:1233
11. game_user/api/action/v1._Action_SendAction_Handler
    D:/gowork/max2/max2/app/game_user/api/action/v1/action_grpc.pb.go:107
12. google.golang.org/grpc.(*Server).processUnaryRPC
    D:/gowork/pkg/mod/google.golang.org/grpc@v1.79.3/server.go:1429
13. google.golang.org/grpc.(*Server).handleStream
    D:/gowork/pkg/mod/google.golang.org/grpc@v1.79.3/server.go:1855
14. google.golang.org/grpc.(*Server).serveStreams.func2.1
    D:/gowork/pkg/mod/google.golang.org/grpc@v1.79.3/server.go:1064

2026-05-23T11:44:32.584+08:00 [ERRO] {d8b9915bfb14b21886916b40c5454930} 用户 1 房间  不存在 
Stack:
1.  game_user/internal/controller/action.(*Controller).getPlayerAndRoomInfo
    D:/gowork/max2/max2/app/game_user/internal/controller/action/action.go:685
2.  game_user/internal/controller/action.(*Controller).handleGetInfo
    D:/gowork/max2/max2/app/game_user/internal/controller/action/action.go:539
3.  game_user/internal/controller/action.(*Controller).SendAction
    D:/gowork/max2/max2/app/game_user/internal/controller/action/action.go:57
4.  game_user/api/action/v1._Action_SendAction_Handler.func1
    D:/gowork/max2/max2/app/game_user/api/action/v1/action_grpc.pb.go:105
5.  google.golang.org/grpc.getChainUnaryHandler.func1
    D:/gowork/pkg/mod/google.golang.org/grpc@v1.79.3/server.go:1242
6.  google.golang.org/grpc.getChainUnaryHandler.func1
    D:/gowork/pkg/mod/google.golang.org/grpc@v1.79.3/server.go:1242
7.  google.golang.org/grpc.getChainUnaryHandler.func1
    D:/gowork/pkg/mod/google.golang.org/grpc@v1.79.3/server.go:1242
8.  google.golang.org/grpc.getChainUnaryHandler.func1
    D:/gowork/pkg/mod/google.golang.org/grpc@v1.79.3/server.go:1242
9.  google.golang.org/grpc.getChainUnaryHandler.func1
    D:/gowork/pkg/mod/google.golang.org/grpc@v1.79.3/server.go:1242
10. google.golang.org/grpc.chainUnaryInterceptors.func1
    D:/gowork/pkg/mod/google.golang.org/grpc@v1.79.3/server.go:1233
11. game_user/api/action/v1._Action_SendAction_Handler
    D:/gowork/max2/max2/app/game_user/api/action/v1/action_grpc.pb.go:107
12. google.golang.org/grpc.(*Server).processUnaryRPC
    D:/gowork/pkg/mod/google.golang.org/grpc@v1.79.3/server.go:1429
13. google.golang.org/grpc.(*Server).handleStream
    D:/gowork/pkg/mod/google.golang.org/grpc@v1.79.3/server.go:1855
14. google.golang.org/grpc.(*Server).serveStreams.func2.1
    D:/gowork/pkg/mod/google.golang.org/grpc@v1.79.3/server.go:1064

2026-05-23T11:44:39.314+08:00 [ERRO] {842d11edfc14b21888916b403ceb0459} unexpected end of JSON input 
Stack:
1.  game_user/internal/controller/action.(*Controller).getPlayerAndRoomInfo
    D:/gowork/max2/max2/app/game_user/internal/controller/action/action.go:680
2.  game_user/internal/controller/action.(*Controller).clearRoom
    D:/gowork/max2/max2/app/game_user/internal/controller/action/action.go:661
3.  game_user/internal/controller/action.(*Controller).handleInitRoom
    D:/gowork/max2/max2/app/game_user/internal/controller/action/action.go:66
4.  game_user/internal/controller/action.(*Controller).SendAction
    D:/gowork/max2/max2/app/game_user/internal/controller/action/action.go:45
5.  game_user/api/action/v1._Action_SendAction_Handler.func1
    D:/gowork/max2/max2/app/game_user/api/action/v1/action_grpc.pb.go:105
6.  google.golang.org/grpc.getChainUnaryHandler.func1
    D:/gowork/pkg/mod/google.golang.org/grpc@v1.79.3/server.go:1242
7.  google.golang.org/grpc.getChainUnaryHandler.func1
    D:/gowork/pkg/mod/google.golang.org/grpc@v1.79.3/server.go:1242
8.  google.golang.org/grpc.getChainUnaryHandler.func1
    D:/gowork/pkg/mod/google.golang.org/grpc@v1.79.3/server.go:1242
9.  google.golang.org/grpc.getChainUnaryHandler.func1
    D:/gowork/pkg/mod/google.golang.org/grpc@v1.79.3/server.go:1242
10. google.golang.org/grpc.getChainUnaryHandler.func1
    D:/gowork/pkg/mod/google.golang.org/grpc@v1.79.3/server.go:1242
11. google.golang.org/grpc.chainUnaryInterceptors.func1
    D:/gowork/pkg/mod/google.golang.org/grpc@v1.79.3/server.go:1233
12. game_user/api/action/v1._Action_SendAction_Handler
    D:/gowork/max2/max2/app/game_user/api/action/v1/action_grpc.pb.go:107
13. google.golang.org/grpc.(*Server).processUnaryRPC
    D:/gowork/pkg/mod/google.golang.org/grpc@v1.79.3/server.go:1429
14. google.golang.org/grpc.(*Server).handleStream
    D:/gowork/pkg/mod/google.golang.org/grpc@v1.79.3/server.go:1855
15. google.golang.org/grpc.(*Server).serveStreams.func2.1
    D:/gowork/pkg/mod/google.golang.org/grpc@v1.79.3/server.go:1064

2026-05-23T11:44:39.319+08:00 [ERRO] {842d11edfc14b21888916b403ceb0459} 用户 1 房间  不存在 
Stack:
1.  game_user/internal/controller/action.(*Controller).getPlayerAndRoomInfo
    D:/gowork/max2/max2/app/game_user/internal/controller/action/action.go:685
2.  game_user/internal/controller/action.(*Controller).clearRoom
    D:/gowork/max2/max2/app/game_user/internal/controller/action/action.go:661
3.  game_user/internal/controller/action.(*Controller).handleInitRoom
    D:/gowork/max2/max2/app/game_user/internal/controller/action/action.go:66
4.  game_user/internal/controller/action.(*Controller).SendAction
    D:/gowork/max2/max2/app/game_user/internal/controller/action/action.go:45
5.  game_user/api/action/v1._Action_SendAction_Handler.func1
    D:/gowork/max2/max2/app/game_user/api/action/v1/action_grpc.pb.go:105
6.  google.golang.org/grpc.getChainUnaryHandler.func1
    D:/gowork/pkg/mod/google.golang.org/grpc@v1.79.3/server.go:1242
7.  google.golang.org/grpc.getChainUnaryHandler.func1
    D:/gowork/pkg/mod/google.golang.org/grpc@v1.79.3/server.go:1242
8.  google.golang.org/grpc.getChainUnaryHandler.func1
    D:/gowork/pkg/mod/google.golang.org/grpc@v1.79.3/server.go:1242
9.  google.golang.org/grpc.getChainUnaryHandler.func1
    D:/gowork/pkg/mod/google.golang.org/grpc@v1.79.3/server.go:1242
10. google.golang.org/grpc.getChainUnaryHandler.func1
    D:/gowork/pkg/mod/google.golang.org/grpc@v1.79.3/server.go:1242
11. google.golang.org/grpc.chainUnaryInterceptors.func1
    D:/gowork/pkg/mod/google.golang.org/grpc@v1.79.3/server.go:1233
12. game_user/api/action/v1._Action_SendAction_Handler
    D:/gowork/max2/max2/app/game_user/api/action/v1/action_grpc.pb.go:107
13. google.golang.org/grpc.(*Server).processUnaryRPC
    D:/gowork/pkg/mod/google.golang.org/grpc@v1.79.3/server.go:1429
14. google.golang.org/grpc.(*Server).handleStream
    D:/gowork/pkg/mod/google.golang.org/grpc@v1.79.3/server.go:1855
15. google.golang.org/grpc.(*Server).serveStreams.func2.1
    D:/gowork/pkg/mod/google.golang.org/grpc@v1.79.3/server.go:1064

2026-05-23T11:44:39.340+08:00 [INFO] 用户 1 开始延迟添加AI到房间 CSDM3T
2026-05-23T11:44:41.344+08:00 [ERRO] {842d11edfc14b21888916b403ceb0459} Redis Client Do failed with arguments "[Set gFastV3Cache:room:info:CSDM3T [123 34 73 68 34 58 34 67 83 68 77 51 84 34 44 34 80 108 97 121 101 114 115 34 58 91 123 34 73 68 34 58 48 44 34 67 97 114 100 115 34 58 110 117 108 108 44 34 78 97 109 101 34 58 34 49 34 44 34 82 111 111 109 73 68 34 58 34 67 83 68 77 51 84 34 44 34 84 121 112 101 34 58 48 44 34 79 117 116 67 97 114 100 73 100 115 34 58 110 117 108 108 44 34 77 117 115 116 34 58 102 97 108 115 101 44 34 87 105 110 34 58 48 44 34 80 97 115 115 34 58 48 44 34 67 97 114 100 78 117 109 34 58 49 51 44 34 82 101 67 97 114 100 34 58 102 97 108 115 101 44 34 80 111 105 110 116 34 58 55 48 52 44 34 85 115 101 114 78 97 109 101 34 58 34 49 34 125 44 123 34 73 68 34 58 49 44 34 67 97 114 100 115 34 58 110 117 108 108 44 34 78 97 109 101 34 58 34 232 183 175 229 143 136 231 144 180 34 44 34 82 111 111 109 73 68 34 58 34 67 83 68 77 51 84 34 44 34 84 121 112 101 34 58 49 44 34 79 117 116 67 97 114 100 73 100 115 34 58 110 117 108 108 44 34 77 117 115 116 34 58 102 97 108 115 101 44 34 87 105 110 34 58 48 44 34 80 97 115 115 34 58 48 44 34 67 97 114 100 78 117 109 34 58 49 51 44 34 82 101 67 97 114 100 34 58 102 97 108 115 101 44 34 80 111 105 110 116 34 58 48 44 34 85 115 101 114 78 97 109 101 34 58 34 34 125 44 123 34 73 68 34 58 50 44 34 67 97 114 100 115 34 58 110 117 108 108 44 34 78 97 109 101 34 58 34 233 189 144 229 143 136 230 167 144 34 44 34 82 111 111 109 73 68 34 58 34 67 83 68 77 51 84 34 44 34 84 121 112 101 34 58 49 44 34 79 117 116 67 97 114 100 73 100 115 34 58 110 117 108 108 44 34 77 117 115 116 34 58 102 97 108 115 101 44 34 87 105 110 34 58 48 44 34 80 97 115 115 34 58 48 44 34 67 97 114 100 78 117 109 34 58 49 51 44 34 82 101 67 97 114 100 34 58 102 97 108 115 101 44 34 80 111 105 110 116 34 58 48 44 34 85 115 101 114 78 97 109 101 34 58 34 34 125 44 123 34 73 68 34 58 51 44 34 67 97 114 100 115 34 58 110 117 108 108 44 34 78 97 109 101 34 58 34 233 131 157 232 136 170 34 44 34 82 111 111 109 73 68 34 58 34 67 83 68 77 51 84 34 44 34 84 121 112 101 34 58 49 44 34 79 117 116 67 97 114 100 73 100 115 34 58 110 117 108 108 44 34 77 117 115 116 34 58 102 97 108 115 101 44 34 87 105 110 34 58 48 44 34 80 97 115 115 34 58 48 44 34 67 97 114 100 78 117 109 34 58 49 51 44 34 82 101 67 97 114 100 34 58 102 97 108 115 101 44 34 80 111 105 110 116 34 58 48 44 34 85 115 101 114 78 97 109 101 34 58 34 34 125 93 44 34 68 101 99 107 34 58 110 117 108 108 44 34 76 97 110 100 108 111 114 100 34 58 110 117 108 108 44 34 70 97 114 109 101 114 115 34 58 110 117 108 108 44 34 67 117 114 114 101 110 116 34 58 48 44 34 76 97 115 116 67 97 114 100 115 34 58 110 117 108 108 44 34 76 97 115 116 80 72 34 58 48 44 34 84 117 114 110 34 58 48 44 34 73 115 80 108 97 121 105 110 103 34 58 102 97 108 115 101 44 34 79 117 116 83 116 97 114 84 105 109 101 34 58 48 44 34 78 101 120 116 80 108 97 121 101 114 73 68 34 58 52 44 34 83 116 97 116 117 115 34 58 48 44 34 84 121 112 101 34 58 49 125]]": context canceled 
Stack:
1.  github.com/tiger1103/gfast-cache/cache.(*GfCache).Set
    D:/gowork/pkg/mod/github.com/tiger1103/gfast-cache@v1.0.12/cache/cache.go:146
2.  game_user/internal/controller/action.(*Controller).handleInitRoom.func1
    D:/gowork/max2/max2/app/game_user/internal/controller/action/action.go:145

2026-05-23T11:44:41.346+08:00 [ERRO] {842d11edfc14b21888916b403ceb0459} 用户 1 发送消息失败: Redis Client Do failed with arguments "[Publish player:msg:1 [123 34 84 121 112 101 34 58 34 105 110 105 116 82 111 111 109 34 44 34 68 97 116 97 34 58 34 91 123 92 34 73 68 92 34 58 48 44 92 34 78 97 109 101 92 34 58 92 34 49 92 34 44 92 34 82 111 111 109 73 68 92 34 58 92 34 67 83 68 77 51 84 92 34 44 92 34 84 121 112 101 92 34 58 48 44 92 34 67 97 114 100 78 117 109 92 34 58 49 51 44 92 34 80 111 105 110 116 92 34 58 55 48 52 44 92 34 85 115 101 114 73 100 92 34 58 92 34 49 92 34 44 92 34 82 111 111 109 84 121 112 101 92 34 58 49 125 44 123 92 34 73 68 92 34 58 49 44 92 34 78 97 109 101 92 34 58 92 34 232 183 175 229 143 136 231 144 180 92 34 44 92 34 82 111 111 109 73 68 92 34 58 92 34 67 83 68 77 51 84 92 34 44 92 34 84 121 112 101 92 34 58 49 44 92 34 67 97 114 100 78 117 109 92 34 58 49 51 44 92 34 80 111 105 110 116 92 34 58 48 44 92 34 85 115 101 114 73 100 92 34 58 92 34 92 34 44 92 34 82 111 111 109 84 121 112 101 92 34 58 49 125 44 123 92 34 73 68 92 34 58 50 44 92 34 78 97 109 101 92 34 58 92 34 233 189 144 229 143 136 230 167 144 92 34 44 92 34 82 111 111 109 73 68 92 34 58 92 34 67 83 68 77 51 84 92 34 44 92 34 84 121 112 101 92 34 58 49 44 92 34 67 97 114 100 78 117 109 92 34 58 49 51 44 92 34 80 111 105 110 116 92 34 58 48 44 92 34 85 115 101 114 73 100 92 34 58 92 34 92 34 44 92 34 82 111 111 109 84 121 112 101 92 34 58 49 125 44 123 92 34 73 68 92 34 58 51 44 92 34 78 97 109 101 92 34 58 92 34 233 131 157 232 136 170 92 34 44 92 34 82 111 111 109 73 68 92 34 58 92 34 67 83 68 77 51 84 92 34 44 92 34 84 121 112 101 92 34 58 49 44 92 34 67 97 114 100 78 117 109 92 34 58 49 51 44 92 34 80 111 105 110 116 92 34 58 48 44 92 34 85 115 101 114 73 100 92 34 58 92 34 92 34 44 92 34 82 111 111 109 84 121 112 101 92 34 58 49 125 93 34 44 34 70 114 111 109 34 58 34 49 34 125]]": context canceled 
Stack:
1.  game_user/internal/controller/action.(*Controller).safeSendMessage
    D:/gowork/max2/max2/app/game_user/internal/controller/action/action.go:700
2.  game_user/internal/controller/action.(*Controller).handleInitRoom.func1
    D:/gowork/max2/max2/app/game_user/internal/controller/action/action.go:160

2026-05-23T11:47:31.497+08:00 [DEBU] etcd put success with key "/service/default/default/game_user/latest/172.20.10.3:8020", value "{"protocol":"grpc"}", lease "7587894971408548092"
2026-05-23T11:48:36.037+08:00 [INFO] 执行日志异步任务: RoomID:"WIDMOP" Type:1 UserID:"1" Point:704 Action:"initRoom"
2026-05-23T11:48:36.038+08:00 [DEBU] Watch key "/service/default/default/log-service/latest/"
2026-05-23T11:48:36.059+08:00 [INFO] 用户 1 开始延迟添加AI到房间 WIDMOP
2026-05-23T11:48:38.062+08:00 [ERRO] {ece4a8083415b2188e916b406e28ef9f} Redis Client Do failed with arguments "[Set gFastV3Cache:room:info:WIDMOP [123 34 73 68 34 58 34 87 73 68 77 79 80 34 44 34 80 108 97 121 101 114 115 34 58 91 123 34 73 68 34 58 48 44 34 67 97 114 100 115 34 58 110 117 108 108 44 34 78 97 109 101 34 58 34 49 34 44 34 82 111 111 109 73 68 34 58 34 87 73 68 77 79 80 34 44 34 84 121 112 101 34 58 48 44 34 79 117 116 67 97 114 100 73 100 115 34 58 110 117 108 108 44 34 77 117 115 116 34 58 102 97 108 115 101 44 34 87 105 110 34 58 48 44 34 80 97 115 115 34 58 48 44 34 67 97 114 100 78 117 109 34 58 49 51 44 34 82 101 67 97 114 100 34 58 102 97 108 115 101 44 34 80 111 105 110 116 34 58 55 48 52 44 34 85 115 101 114 78 97 109 101 34 58 34 49 34 125 44 123 34 73 68 34 58 49 44 34 67 97 114 100 115 34 58 110 117 108 108 44 34 78 97 109 101 34 58 34 232 131 165 232 191 142 229 189 164 34 44 34 82 111 111 109 73 68 34 58 34 87 73 68 77 79 80 34 44 34 84 121 112 101 34 58 49 44 34 79 117 116 67 97 114 100 73 100 115 34 58 110 117 108 108 44 34 77 117 115 116 34 58 102 97 108 115 101 44 34 87 105 110 34 58 48 44 34 80 97 115 115 34 58 48 44 34 67 97 114 100 78 117 109 34 58 49 51 44 34 82 101 67 97 114 100 34 58 102 97 108 115 101 44 34 80 111 105 110 116 34 58 48 44 34 85 115 101 114 78 97 109 101 34 58 34 34 125 44 123 34 73 68 34 58 50 44 34 67 97 114 100 115 34 58 110 117 108 108 44 34 78 97 109 101 34 58 34 228 187 176 230 181 183 233 128 184 34 44 34 82 111 111 109 73 68 34 58 34 87 73 68 77 79 80 34 44 34 84 121 112 101 34 58 49 44 34 79 117 116 67 97 114 100 73 100 115 34 58 110 117 108 108 44 34 77 117 115 116 34 58 102 97 108 115 101 44 34 87 105 110 34 58 48 44 34 80 97 115 115 34 58 48 44 34 67 97 114 100 78 117 109 34 58 49 51 44 34 82 101 67 97 114 100 34 58 102 97 108 115 101 44 34 80 111 105 110 116 34 58 48 44 34 85 115 101 114 78 97 109 101 34 58 34 34 125 44 123 34 73 68 34 58 51 44 34 67 97 114 100 115 34 58 110 117 108 108 44 34 78 97 109 101 34 58 34 228 185 140 233 155 133 229 189 164 34 44 34 82 111 111 109 73 68 34 58 34 87 73 68 77 79 80 34 44 34 84 121 112 101 34 58 49 44 34 79 117 116 67 97 114 100 73 100 115 34 58 110 117 108 108 44 34 77 117 115 116 34 58 102 97 108 115 101 44 34 87 105 110 34 58 48 44 34 80 97 115 115 34 58 48 44 34 67 97 114 100 78 117 109 34 58 49 51 44 34 82 101 67 97 114 100 34 58 102 97 108 115 101 44 34 80 111 105 110 116 34 58 48 44 34 85 115 101 114 78 97 109 101 34 58 34 34 125 93 44 34 68 101 99 107 34 58 110 117 108 108 44 34 76 97 110 100 108 111 114 100 34 58 110 117 108 108 44 34 70 97 114 109 101 114 115 34 58 110 117 108 108 44 34 67 117 114 114 101 110 116 34 58 48 44 34 76 97 115 116 67 97 114 100 115 34 58 110 117 108 108 44 34 76 97 115 116 80 72 34 58 48 44 34 84 117 114 110 34 58 48 44 34 73 115 80 108 97 121 105 110 103 34 58 102 97 108 115 101 44 34 79 117 116 83 116 97 114 84 105 109 101 34 58 48 44 34 78 101 120 116 80 108 97 121 101 114 73 68 34 58 52 44 34 83 116 97 116 117 115 34 58 48 44 34 84 121 112 101 34 58 49 125]]": context canceled 
Stack:
1.  github.com/tiger1103/gfast-cache/cache.(*GfCache).Set
    D:/gowork/pkg/mod/github.com/tiger1103/gfast-cache@v1.0.12/cache/cache.go:146
2.  game_user/internal/controller/action.(*Controller).handleInitRoom.func1
    D:/gowork/max2/max2/app/game_user/internal/controller/action/action.go:145

2026-05-23T11:48:38.066+08:00 [ERRO] {ece4a8083415b2188e916b406e28ef9f} 用户 1 发送消息失败: Redis Client Do failed with arguments "[Publish player:msg:1 [123 34 116 121 112 101 34 58 34 105 110 105 116 82 111 111 109 34 44 34 100 97 116 97 34 58 34 91 123 92 34 73 68 92 34 58 48 44 92 34 78 97 109 101 92 34 58 92 34 49 92 34 44 92 34 82 111 111 109 73 68 92 34 58 92 34 87 73 68 77 79 80 92 34 44 92 34 84 121 112 101 92 34 58 48 44 92 34 67 97 114 100 78 117 109 92 34 58 49 51 44 92 34 80 111 105 110 116 92 34 58 55 48 52 44 92 34 85 115 101 114 73 100 92 34 58 92 34 49 92 34 44 92 34 82 111 111 109 84 121 112 101 92 34 58 49 125 44 123 92 34 73 68 92 34 58 49 44 92 34 78 97 109 101 92 34 58 92 34 232 131 165 232 191 142 229 189 164 92 34 44 92 34 82 111 111 109 73 68 92 34 58 92 34 87 73 68 77 79 80 92 34 44 92 34 84 121 112 101 92 34 58 49 44 92 34 67 97 114 100 78 117 109 92 34 58 49 51 44 92 34 80 111 105 110 116 92 34 58 48 44 92 34 85 115 101 114 73 100 92 34 58 92 34 92 34 44 92 34 82 111 111 109 84 121 112 101 92 34 58 49 125 44 123 92 34 73 68 92 34 58 50 44 92 34 78 97 109 101 92 34 58 92 34 228 187 176 230 181 183 233 128 184 92 34 44 92 34 82 111 111 109 73 68 92 34 58 92 34 87 73 68 77 79 80 92 34 44 92 34 84 121 112 101 92 34 58 49 44 92 34 67 97 114 100 78 117 109 92 34 58 49 51 44 92 34 80 111 105 110 116 92 34 58 48 44 92 34 85 115 101 114 73 100 92 34 58 92 34 92 34 44 92 34 82 111 111 109 84 121 112 101 92 34 58 49 125 44 123 92 34 73 68 92 34 58 51 44 92 34 78 97 109 101 92 34 58 92 34 228 185 140 233 155 133 229 189 164 92 34 44 92 34 82 111 111 109 73 68 92 34 58 92 34 87 73 68 77 79 80 92 34 44 92 34 84 121 112 101 92 34 58 49 44 92 34 67 97 114 100 78 117 109 92 34 58 49 51 44 92 34 80 111 105 110 116 92 34 58 48 44 92 34 85 115 101 114 73 100 92 34 58 92 34 92 34 44 92 34 82 111 111 109 84 121 112 101 92 34 58 49 125 93 34 44 34 102 114 111 109 34 58 34 49 34 125]]": context canceled 
Stack:
1.  game_user/internal/controller/action.(*Controller).safeSendMessage
    D:/gowork/max2/max2/app/game_user/internal/controller/action/action.go:700
2.  game_user/internal/controller/action.(*Controller).handleInitRoom.func1
    D:/gowork/max2/max2/app/game_user/internal/controller/action/action.go:160

2026-05-23T11:58:11.163+08:00 [DEBU] etcd put success with key "/service/default/default/game_user/latest/172.20.10.3:8020", value "{"protocol":"grpc"}", lease "7587894971408548115"
2026-05-23T11:58:54.428+08:00 [INFO] 执行日志异步任务: RoomID:"WIDMOP"  Type:1  UserID:"1"  Point:704  Action:"leaveRoom"
2026-05-23T11:58:54.429+08:00 [DEBU] Watch key "/service/default/default/log-service/latest/"
2026-05-23T11:58:54.444+08:00 [ERRO] {e0ed7c06c415b218cd916b40dc367363} unexpected end of JSON input 
Stack:
1.  game_user/internal/controller/action.(*Controller).getPlayerAndRoomInfo
    D:/gowork/max2/max2/app/game_user/internal/controller/action/action.go:694
2.  game_user/internal/controller/action.(*Controller).handleGetInfo
    D:/gowork/max2/max2/app/game_user/internal/controller/action/action.go:553
3.  game_user/internal/controller/action.(*Controller).SendAction
    D:/gowork/max2/max2/app/game_user/internal/controller/action/action.go:57
4.  game_user/api/action/v1._Action_SendAction_Handler.func1
    D:/gowork/max2/max2/app/game_user/api/action/v1/action_grpc.pb.go:105
5.  google.golang.org/grpc.getChainUnaryHandler.func1
    D:/gowork/pkg/mod/google.golang.org/grpc@v1.79.3/server.go:1242
6.  google.golang.org/grpc.getChainUnaryHandler.func1
    D:/gowork/pkg/mod/google.golang.org/grpc@v1.79.3/server.go:1242
7.  google.golang.org/grpc.getChainUnaryHandler.func1
    D:/gowork/pkg/mod/google.golang.org/grpc@v1.79.3/server.go:1242
8.  google.golang.org/grpc.getChainUnaryHandler.func1
    D:/gowork/pkg/mod/google.golang.org/grpc@v1.79.3/server.go:1242
9.  google.golang.org/grpc.getChainUnaryHandler.func1
    D:/gowork/pkg/mod/google.golang.org/grpc@v1.79.3/server.go:1242
10. google.golang.org/grpc.chainUnaryInterceptors.func1
    D:/gowork/pkg/mod/google.golang.org/grpc@v1.79.3/server.go:1233
11. game_user/api/action/v1._Action_SendAction_Handler
    D:/gowork/max2/max2/app/game_user/api/action/v1/action_grpc.pb.go:107
12. google.golang.org/grpc.(*Server).processUnaryRPC
    D:/gowork/pkg/mod/google.golang.org/grpc@v1.79.3/server.go:1429
13. google.golang.org/grpc.(*Server).handleStream
    D:/gowork/pkg/mod/google.golang.org/grpc@v1.79.3/server.go:1855
14. google.golang.org/grpc.(*Server).serveStreams.func2.1
    D:/gowork/pkg/mod/google.golang.org/grpc@v1.79.3/server.go:1064

2026-05-23T11:58:54.449+08:00 [ERRO] {e0ed7c06c415b218cd916b40dc367363} 用户 1 房间  不存在 
Stack:
1.  game_user/internal/controller/action.(*Controller).getPlayerAndRoomInfo
    D:/gowork/max2/max2/app/game_user/internal/controller/action/action.go:699
2.  game_user/internal/controller/action.(*Controller).handleGetInfo
    D:/gowork/max2/max2/app/game_user/internal/controller/action/action.go:553
3.  game_user/internal/controller/action.(*Controller).SendAction
    D:/gowork/max2/max2/app/game_user/internal/controller/action/action.go:57
4.  game_user/api/action/v1._Action_SendAction_Handler.func1
    D:/gowork/max2/max2/app/game_user/api/action/v1/action_grpc.pb.go:105
5.  google.golang.org/grpc.getChainUnaryHandler.func1
    D:/gowork/pkg/mod/google.golang.org/grpc@v1.79.3/server.go:1242
6.  google.golang.org/grpc.getChainUnaryHandler.func1
    D:/gowork/pkg/mod/google.golang.org/grpc@v1.79.3/server.go:1242
7.  google.golang.org/grpc.getChainUnaryHandler.func1
    D:/gowork/pkg/mod/google.golang.org/grpc@v1.79.3/server.go:1242
8.  google.golang.org/grpc.getChainUnaryHandler.func1
    D:/gowork/pkg/mod/google.golang.org/grpc@v1.79.3/server.go:1242
9.  google.golang.org/grpc.getChainUnaryHandler.func1
    D:/gowork/pkg/mod/google.golang.org/grpc@v1.79.3/server.go:1242
10. google.golang.org/grpc.chainUnaryInterceptors.func1
    D:/gowork/pkg/mod/google.golang.org/grpc@v1.79.3/server.go:1233
11. game_user/api/action/v1._Action_SendAction_Handler
    D:/gowork/max2/max2/app/game_user/api/action/v1/action_grpc.pb.go:107
12. google.golang.org/grpc.(*Server).processUnaryRPC
    D:/gowork/pkg/mod/google.golang.org/grpc@v1.79.3/server.go:1429
13. google.golang.org/grpc.(*Server).handleStream
    D:/gowork/pkg/mod/google.golang.org/grpc@v1.79.3/server.go:1855
14. google.golang.org/grpc.(*Server).serveStreams.func2.1
    D:/gowork/pkg/mod/google.golang.org/grpc@v1.79.3/server.go:1064

2026-05-23T11:58:57.918+08:00 [ERRO] {f4761ed6c415b218ce916b40680352f6} unexpected end of JSON input 
Stack:
1.  game_user/internal/controller/action.(*Controller).getPlayerAndRoomInfo
    D:/gowork/max2/max2/app/game_user/internal/controller/action/action.go:694
2.  game_user/internal/controller/action.(*Controller).clearRoom
    D:/gowork/max2/max2/app/game_user/internal/controller/action/action.go:675
3.  game_user/internal/controller/action.(*Controller).handleInitRoom
    D:/gowork/max2/max2/app/game_user/internal/controller/action/action.go:66
4.  game_user/internal/controller/action.(*Controller).SendAction
    D:/gowork/max2/max2/app/game_user/internal/controller/action/action.go:45
5.  game_user/api/action/v1._Action_SendAction_Handler.func1
    D:/gowork/max2/max2/app/game_user/api/action/v1/action_grpc.pb.go:105
6.  google.golang.org/grpc.getChainUnaryHandler.func1
    D:/gowork/pkg/mod/google.golang.org/grpc@v1.79.3/server.go:1242
7.  google.golang.org/grpc.getChainUnaryHandler.func1
    D:/gowork/pkg/mod/google.golang.org/grpc@v1.79.3/server.go:1242
8.  google.golang.org/grpc.getChainUnaryHandler.func1
    D:/gowork/pkg/mod/google.golang.org/grpc@v1.79.3/server.go:1242
9.  google.golang.org/grpc.getChainUnaryHandler.func1
    D:/gowork/pkg/mod/google.golang.org/grpc@v1.79.3/server.go:1242
10. google.golang.org/grpc.getChainUnaryHandler.func1
    D:/gowork/pkg/mod/google.golang.org/grpc@v1.79.3/server.go:1242
11. google.golang.org/grpc.chainUnaryInterceptors.func1
    D:/gowork/pkg/mod/google.golang.org/grpc@v1.79.3/server.go:1233
12. game_user/api/action/v1._Action_SendAction_Handler
    D:/gowork/max2/max2/app/game_user/api/action/v1/action_grpc.pb.go:107
13. google.golang.org/grpc.(*Server).processUnaryRPC
    D:/gowork/pkg/mod/google.golang.org/grpc@v1.79.3/server.go:1429
14. google.golang.org/grpc.(*Server).handleStream
    D:/gowork/pkg/mod/google.golang.org/grpc@v1.79.3/server.go:1855
15. google.golang.org/grpc.(*Server).serveStreams.func2.1
    D:/gowork/pkg/mod/google.golang.org/grpc@v1.79.3/server.go:1064

2026-05-23T11:58:57.922+08:00 [ERRO] {f4761ed6c415b218ce916b40680352f6} 用户 1 房间  不存在 
Stack:
1.  game_user/internal/controller/action.(*Controller).getPlayerAndRoomInfo
    D:/gowork/max2/max2/app/game_user/internal/controller/action/action.go:699
2.  game_user/internal/controller/action.(*Controller).clearRoom
    D:/gowork/max2/max2/app/game_user/internal/controller/action/action.go:675
3.  game_user/internal/controller/action.(*Controller).handleInitRoom
    D:/gowork/max2/max2/app/game_user/internal/controller/action/action.go:66
4.  game_user/internal/controller/action.(*Controller).SendAction
    D:/gowork/max2/max2/app/game_user/internal/controller/action/action.go:45
5.  game_user/api/action/v1._Action_SendAction_Handler.func1
    D:/gowork/max2/max2/app/game_user/api/action/v1/action_grpc.pb.go:105
6.  google.golang.org/grpc.getChainUnaryHandler.func1
    D:/gowork/pkg/mod/google.golang.org/grpc@v1.79.3/server.go:1242
7.  google.golang.org/grpc.getChainUnaryHandler.func1
    D:/gowork/pkg/mod/google.golang.org/grpc@v1.79.3/server.go:1242
8.  google.golang.org/grpc.getChainUnaryHandler.func1
    D:/gowork/pkg/mod/google.golang.org/grpc@v1.79.3/server.go:1242
9.  google.golang.org/grpc.getChainUnaryHandler.func1
    D:/gowork/pkg/mod/google.golang.org/grpc@v1.79.3/server.go:1242
10. google.golang.org/grpc.getChainUnaryHandler.func1
    D:/gowork/pkg/mod/google.golang.org/grpc@v1.79.3/server.go:1242
11. google.golang.org/grpc.chainUnaryInterceptors.func1
    D:/gowork/pkg/mod/google.golang.org/grpc@v1.79.3/server.go:1233
12. game_user/api/action/v1._Action_SendAction_Handler
    D:/gowork/max2/max2/app/game_user/api/action/v1/action_grpc.pb.go:107
13. google.golang.org/grpc.(*Server).processUnaryRPC
    D:/gowork/pkg/mod/google.golang.org/grpc@v1.79.3/server.go:1429
14. google.golang.org/grpc.(*Server).handleStream
    D:/gowork/pkg/mod/google.golang.org/grpc@v1.79.3/server.go:1855
15. google.golang.org/grpc.(*Server).serveStreams.func2.1
    D:/gowork/pkg/mod/google.golang.org/grpc@v1.79.3/server.go:1064

2026-05-23T11:59:03.202+08:00 [ERRO] {3c7e1011c615b218d0916b4010f249b7} unexpected end of JSON input 
Stack:
1.  game_user/internal/controller/action.(*Controller).getPlayerAndRoomInfo
    D:/gowork/max2/max2/app/game_user/internal/controller/action/action.go:694
2.  game_user/internal/controller/action.(*Controller).handleGetInfo
    D:/gowork/max2/max2/app/game_user/internal/controller/action/action.go:553
3.  game_user/internal/controller/action.(*Controller).SendAction
    D:/gowork/max2/max2/app/game_user/internal/controller/action/action.go:57
4.  game_user/api/action/v1._Action_SendAction_Handler.func1
    D:/gowork/max2/max2/app/game_user/api/action/v1/action_grpc.pb.go:105
5.  google.golang.org/grpc.getChainUnaryHandler.func1
    D:/gowork/pkg/mod/google.golang.org/grpc@v1.79.3/server.go:1242
6.  google.golang.org/grpc.getChainUnaryHandler.func1
    D:/gowork/pkg/mod/google.golang.org/grpc@v1.79.3/server.go:1242
7.  google.golang.org/grpc.getChainUnaryHandler.func1
    D:/gowork/pkg/mod/google.golang.org/grpc@v1.79.3/server.go:1242
8.  google.golang.org/grpc.getChainUnaryHandler.func1
    D:/gowork/pkg/mod/google.golang.org/grpc@v1.79.3/server.go:1242
9.  google.golang.org/grpc.getChainUnaryHandler.func1
    D:/gowork/pkg/mod/google.golang.org/grpc@v1.79.3/server.go:1242
10. google.golang.org/grpc.chainUnaryInterceptors.func1
    D:/gowork/pkg/mod/google.golang.org/grpc@v1.79.3/server.go:1233
11. game_user/api/action/v1._Action_SendAction_Handler
    D:/gowork/max2/max2/app/game_user/api/action/v1/action_grpc.pb.go:107
12. google.golang.org/grpc.(*Server).processUnaryRPC
    D:/gowork/pkg/mod/google.golang.org/grpc@v1.79.3/server.go:1429
13. google.golang.org/grpc.(*Server).handleStream
    D:/gowork/pkg/mod/google.golang.org/grpc@v1.79.3/server.go:1855
14. google.golang.org/grpc.(*Server).serveStreams.func2.1
    D:/gowork/pkg/mod/google.golang.org/grpc@v1.79.3/server.go:1064

2026-05-23T11:59:03.207+08:00 [ERRO] {3c7e1011c615b218d0916b4010f249b7} 用户 1 房间  不存在 
Stack:
1.  game_user/internal/controller/action.(*Controller).getPlayerAndRoomInfo
    D:/gowork/max2/max2/app/game_user/internal/controller/action/action.go:699
2.  game_user/internal/controller/action.(*Controller).handleGetInfo
    D:/gowork/max2/max2/app/game_user/internal/controller/action/action.go:553
3.  game_user/internal/controller/action.(*Controller).SendAction
    D:/gowork/max2/max2/app/game_user/internal/controller/action/action.go:57
4.  game_user/api/action/v1._Action_SendAction_Handler.func1
    D:/gowork/max2/max2/app/game_user/api/action/v1/action_grpc.pb.go:105
5.  google.golang.org/grpc.getChainUnaryHandler.func1
    D:/gowork/pkg/mod/google.golang.org/grpc@v1.79.3/server.go:1242
6.  google.golang.org/grpc.getChainUnaryHandler.func1
    D:/gowork/pkg/mod/google.golang.org/grpc@v1.79.3/server.go:1242
7.  google.golang.org/grpc.getChainUnaryHandler.func1
    D:/gowork/pkg/mod/google.golang.org/grpc@v1.79.3/server.go:1242
8.  google.golang.org/grpc.getChainUnaryHandler.func1
    D:/gowork/pkg/mod/google.golang.org/grpc@v1.79.3/server.go:1242
9.  google.golang.org/grpc.getChainUnaryHandler.func1
    D:/gowork/pkg/mod/google.golang.org/grpc@v1.79.3/server.go:1242
10. google.golang.org/grpc.chainUnaryInterceptors.func1
    D:/gowork/pkg/mod/google.golang.org/grpc@v1.79.3/server.go:1233
11. game_user/api/action/v1._Action_SendAction_Handler
    D:/gowork/max2/max2/app/game_user/api/action/v1/action_grpc.pb.go:107
12. google.golang.org/grpc.(*Server).processUnaryRPC
    D:/gowork/pkg/mod/google.golang.org/grpc@v1.79.3/server.go:1429
13. google.golang.org/grpc.(*Server).handleStream
    D:/gowork/pkg/mod/google.golang.org/grpc@v1.79.3/server.go:1855
14. google.golang.org/grpc.(*Server).serveStreams.func2.1
    D:/gowork/pkg/mod/google.golang.org/grpc@v1.79.3/server.go:1064

2026-05-23T11:59:04.345+08:00 [ERRO] {54340355c615b218d1916b40ce31f219} unexpected end of JSON input 
Stack:
1.  game_user/internal/controller/action.(*Controller).getPlayerAndRoomInfo
    D:/gowork/max2/max2/app/game_user/internal/controller/action/action.go:694
2.  game_user/internal/controller/action.(*Controller).clearRoom
    D:/gowork/max2/max2/app/game_user/internal/controller/action/action.go:675
3.  game_user/internal/controller/action.(*Controller).handleInitRoom
    D:/gowork/max2/max2/app/game_user/internal/controller/action/action.go:66
4.  game_user/internal/controller/action.(*Controller).SendAction
    D:/gowork/max2/max2/app/game_user/internal/controller/action/action.go:45
5.  game_user/api/action/v1._Action_SendAction_Handler.func1
    D:/gowork/max2/max2/app/game_user/api/action/v1/action_grpc.pb.go:105
6.  google.golang.org/grpc.getChainUnaryHandler.func1
    D:/gowork/pkg/mod/google.golang.org/grpc@v1.79.3/server.go:1242
7.  google.golang.org/grpc.getChainUnaryHandler.func1
    D:/gowork/pkg/mod/google.golang.org/grpc@v1.79.3/server.go:1242
8.  google.golang.org/grpc.getChainUnaryHandler.func1
    D:/gowork/pkg/mod/google.golang.org/grpc@v1.79.3/server.go:1242
9.  google.golang.org/grpc.getChainUnaryHandler.func1
    D:/gowork/pkg/mod/google.golang.org/grpc@v1.79.3/server.go:1242
10. google.golang.org/grpc.getChainUnaryHandler.func1
    D:/gowork/pkg/mod/google.golang.org/grpc@v1.79.3/server.go:1242
11. google.golang.org/grpc.chainUnaryInterceptors.func1
    D:/gowork/pkg/mod/google.golang.org/grpc@v1.79.3/server.go:1233
12. game_user/api/action/v1._Action_SendAction_Handler
    D:/gowork/max2/max2/app/game_user/api/action/v1/action_grpc.pb.go:107
13. google.golang.org/grpc.(*Server).processUnaryRPC
    D:/gowork/pkg/mod/google.golang.org/grpc@v1.79.3/server.go:1429
14. google.golang.org/grpc.(*Server).handleStream
    D:/gowork/pkg/mod/google.golang.org/grpc@v1.79.3/server.go:1855
15. google.golang.org/grpc.(*Server).serveStreams.func2.1
    D:/gowork/pkg/mod/google.golang.org/grpc@v1.79.3/server.go:1064

2026-05-23T11:59:04.352+08:00 [ERRO] {54340355c615b218d1916b40ce31f219} 用户 1 房间  不存在 
Stack:
1.  game_user/internal/controller/action.(*Controller).getPlayerAndRoomInfo
    D:/gowork/max2/max2/app/game_user/internal/controller/action/action.go:699
2.  game_user/internal/controller/action.(*Controller).clearRoom
    D:/gowork/max2/max2/app/game_user/internal/controller/action/action.go:675
3.  game_user/internal/controller/action.(*Controller).handleInitRoom
    D:/gowork/max2/max2/app/game_user/internal/controller/action/action.go:66
4.  game_user/internal/controller/action.(*Controller).SendAction
    D:/gowork/max2/max2/app/game_user/internal/controller/action/action.go:45
5.  game_user/api/action/v1._Action_SendAction_Handler.func1
    D:/gowork/max2/max2/app/game_user/api/action/v1/action_grpc.pb.go:105
6.  google.golang.org/grpc.getChainUnaryHandler.func1
    D:/gowork/pkg/mod/google.golang.org/grpc@v1.79.3/server.go:1242
7.  google.golang.org/grpc.getChainUnaryHandler.func1
    D:/gowork/pkg/mod/google.golang.org/grpc@v1.79.3/server.go:1242
8.  google.golang.org/grpc.getChainUnaryHandler.func1
    D:/gowork/pkg/mod/google.golang.org/grpc@v1.79.3/server.go:1242
9.  google.golang.org/grpc.getChainUnaryHandler.func1
    D:/gowork/pkg/mod/google.golang.org/grpc@v1.79.3/server.go:1242
10. google.golang.org/grpc.getChainUnaryHandler.func1
    D:/gowork/pkg/mod/google.golang.org/grpc@v1.79.3/server.go:1242
11. google.golang.org/grpc.chainUnaryInterceptors.func1
    D:/gowork/pkg/mod/google.golang.org/grpc@v1.79.3/server.go:1233
12. game_user/api/action/v1._Action_SendAction_Handler
    D:/gowork/max2/max2/app/game_user/api/action/v1/action_grpc.pb.go:107
13. google.golang.org/grpc.(*Server).processUnaryRPC
    D:/gowork/pkg/mod/google.golang.org/grpc@v1.79.3/server.go:1429
14. google.golang.org/grpc.(*Server).handleStream
    D:/gowork/pkg/mod/google.golang.org/grpc@v1.79.3/server.go:1855
15. google.golang.org/grpc.(*Server).serveStreams.func2.1
    D:/gowork/pkg/mod/google.golang.org/grpc@v1.79.3/server.go:1064

2026-05-23T11:59:04.368+08:00 [INFO] 用户 1 开始延迟添加AI到房间 AHSL6B
2026-05-23T11:59:07.789+08:00 [ERRO] {f0c97b22c715b218d3916b4000e677c7} unexpected end of JSON input 
Stack:
1.  game_user/internal/controller/action.(*Controller).getPlayerAndRoomInfo
    D:/gowork/max2/max2/app/game_user/internal/controller/action/action.go:694
2.  game_user/internal/controller/action.(*Controller).handleGetInfo
    D:/gowork/max2/max2/app/game_user/internal/controller/action/action.go:553
3.  game_user/internal/controller/action.(*Controller).SendAction
    D:/gowork/max2/max2/app/game_user/internal/controller/action/action.go:57
4.  game_user/api/action/v1._Action_SendAction_Handler.func1
    D:/gowork/max2/max2/app/game_user/api/action/v1/action_grpc.pb.go:105
5.  google.golang.org/grpc.getChainUnaryHandler.func1
    D:/gowork/pkg/mod/google.golang.org/grpc@v1.79.3/server.go:1242
6.  google.golang.org/grpc.getChainUnaryHandler.func1
    D:/gowork/pkg/mod/google.golang.org/grpc@v1.79.3/server.go:1242
7.  google.golang.org/grpc.getChainUnaryHandler.func1
    D:/gowork/pkg/mod/google.golang.org/grpc@v1.79.3/server.go:1242
8.  google.golang.org/grpc.getChainUnaryHandler.func1
    D:/gowork/pkg/mod/google.golang.org/grpc@v1.79.3/server.go:1242
9.  google.golang.org/grpc.getChainUnaryHandler.func1
    D:/gowork/pkg/mod/google.golang.org/grpc@v1.79.3/server.go:1242
10. google.golang.org/grpc.chainUnaryInterceptors.func1
    D:/gowork/pkg/mod/google.golang.org/grpc@v1.79.3/server.go:1233
11. game_user/api/action/v1._Action_SendAction_Handler
    D:/gowork/max2/max2/app/game_user/api/action/v1/action_grpc.pb.go:107
12. google.golang.org/grpc.(*Server).processUnaryRPC
    D:/gowork/pkg/mod/google.golang.org/grpc@v1.79.3/server.go:1429
13. google.golang.org/grpc.(*Server).handleStream
    D:/gowork/pkg/mod/google.golang.org/grpc@v1.79.3/server.go:1855
14. google.golang.org/grpc.(*Server).serveStreams.func2.1
    D:/gowork/pkg/mod/google.golang.org/grpc@v1.79.3/server.go:1064

2026-05-23T11:59:07.792+08:00 [ERRO] {f0c97b22c715b218d3916b4000e677c7} 用户 1 房间  不存在 
Stack:
1.  game_user/internal/controller/action.(*Controller).getPlayerAndRoomInfo
    D:/gowork/max2/max2/app/game_user/internal/controller/action/action.go:699
2.  game_user/internal/controller/action.(*Controller).handleGetInfo
    D:/gowork/max2/max2/app/game_user/internal/controller/action/action.go:553
3.  game_user/internal/controller/action.(*Controller).SendAction
    D:/gowork/max2/max2/app/game_user/internal/controller/action/action.go:57
4.  game_user/api/action/v1._Action_SendAction_Handler.func1
    D:/gowork/max2/max2/app/game_user/api/action/v1/action_grpc.pb.go:105
5.  google.golang.org/grpc.getChainUnaryHandler.func1
    D:/gowork/pkg/mod/google.golang.org/grpc@v1.79.3/server.go:1242
6.  google.golang.org/grpc.getChainUnaryHandler.func1
    D:/gowork/pkg/mod/google.golang.org/grpc@v1.79.3/server.go:1242
7.  google.golang.org/grpc.getChainUnaryHandler.func1
    D:/gowork/pkg/mod/google.golang.org/grpc@v1.79.3/server.go:1242
8.  google.golang.org/grpc.getChainUnaryHandler.func1
    D:/gowork/pkg/mod/google.golang.org/grpc@v1.79.3/server.go:1242
9.  google.golang.org/grpc.getChainUnaryHandler.func1
    D:/gowork/pkg/mod/google.golang.org/grpc@v1.79.3/server.go:1242
10. google.golang.org/grpc.chainUnaryInterceptors.func1
    D:/gowork/pkg/mod/google.golang.org/grpc@v1.79.3/server.go:1233
11. game_user/api/action/v1._Action_SendAction_Handler
    D:/gowork/max2/max2/app/game_user/api/action/v1/action_grpc.pb.go:107
12. google.golang.org/grpc.(*Server).processUnaryRPC
    D:/gowork/pkg/mod/google.golang.org/grpc@v1.79.3/server.go:1429
13. google.golang.org/grpc.(*Server).handleStream
    D:/gowork/pkg/mod/google.golang.org/grpc@v1.79.3/server.go:1855
14. google.golang.org/grpc.(*Server).serveStreams.func2.1
    D:/gowork/pkg/mod/google.golang.org/grpc@v1.79.3/server.go:1064

2026-05-23T11:59:08.687+08:00 [ERRO] {9c13ab57c715b218d4916b402f200fdb} unexpected end of JSON input 
Stack:
1.  game_user/internal/controller/action.(*Controller).getPlayerAndRoomInfo
    D:/gowork/max2/max2/app/game_user/internal/controller/action/action.go:694
2.  game_user/internal/controller/action.(*Controller).clearRoom
    D:/gowork/max2/max2/app/game_user/internal/controller/action/action.go:675
3.  game_user/internal/controller/action.(*Controller).handleInitRoom
    D:/gowork/max2/max2/app/game_user/internal/controller/action/action.go:66
4.  game_user/internal/controller/action.(*Controller).SendAction
    D:/gowork/max2/max2/app/game_user/internal/controller/action/action.go:45
5.  game_user/api/action/v1._Action_SendAction_Handler.func1
    D:/gowork/max2/max2/app/game_user/api/action/v1/action_grpc.pb.go:105
6.  google.golang.org/grpc.getChainUnaryHandler.func1
    D:/gowork/pkg/mod/google.golang.org/grpc@v1.79.3/server.go:1242
7.  google.golang.org/grpc.getChainUnaryHandler.func1
    D:/gowork/pkg/mod/google.golang.org/grpc@v1.79.3/server.go:1242
8.  google.golang.org/grpc.getChainUnaryHandler.func1
    D:/gowork/pkg/mod/google.golang.org/grpc@v1.79.3/server.go:1242
9.  google.golang.org/grpc.getChainUnaryHandler.func1
    D:/gowork/pkg/mod/google.golang.org/grpc@v1.79.3/server.go:1242
10. google.golang.org/grpc.getChainUnaryHandler.func1
    D:/gowork/pkg/mod/google.golang.org/grpc@v1.79.3/server.go:1242
11. google.golang.org/grpc.chainUnaryInterceptors.func1
    D:/gowork/pkg/mod/google.golang.org/grpc@v1.79.3/server.go:1233
12. game_user/api/action/v1._Action_SendAction_Handler
    D:/gowork/max2/max2/app/game_user/api/action/v1/action_grpc.pb.go:107
13. google.golang.org/grpc.(*Server).processUnaryRPC
    D:/gowork/pkg/mod/google.golang.org/grpc@v1.79.3/server.go:1429
14. google.golang.org/grpc.(*Server).handleStream
    D:/gowork/pkg/mod/google.golang.org/grpc@v1.79.3/server.go:1855
15. google.golang.org/grpc.(*Server).serveStreams.func2.1
    D:/gowork/pkg/mod/google.golang.org/grpc@v1.79.3/server.go:1064

2026-05-23T11:59:08.690+08:00 [ERRO] {9c13ab57c715b218d4916b402f200fdb} 用户 1 房间  不存在 
Stack:
1.  game_user/internal/controller/action.(*Controller).getPlayerAndRoomInfo
    D:/gowork/max2/max2/app/game_user/internal/controller/action/action.go:699
2.  game_user/internal/controller/action.(*Controller).clearRoom
    D:/gowork/max2/max2/app/game_user/internal/controller/action/action.go:675
3.  game_user/internal/controller/action.(*Controller).handleInitRoom
    D:/gowork/max2/max2/app/game_user/internal/controller/action/action.go:66
4.  game_user/internal/controller/action.(*Controller).SendAction
    D:/gowork/max2/max2/app/game_user/internal/controller/action/action.go:45
5.  game_user/api/action/v1._Action_SendAction_Handler.func1
    D:/gowork/max2/max2/app/game_user/api/action/v1/action_grpc.pb.go:105
6.  google.golang.org/grpc.getChainUnaryHandler.func1
    D:/gowork/pkg/mod/google.golang.org/grpc@v1.79.3/server.go:1242
7.  google.golang.org/grpc.getChainUnaryHandler.func1
    D:/gowork/pkg/mod/google.golang.org/grpc@v1.79.3/server.go:1242
8.  google.golang.org/grpc.getChainUnaryHandler.func1
    D:/gowork/pkg/mod/google.golang.org/grpc@v1.79.3/server.go:1242
9.  google.golang.org/grpc.getChainUnaryHandler.func1
    D:/gowork/pkg/mod/google.golang.org/grpc@v1.79.3/server.go:1242
10. google.golang.org/grpc.getChainUnaryHandler.func1
    D:/gowork/pkg/mod/google.golang.org/grpc@v1.79.3/server.go:1242
11. google.golang.org/grpc.chainUnaryInterceptors.func1
    D:/gowork/pkg/mod/google.golang.org/grpc@v1.79.3/server.go:1233
12. game_user/api/action/v1._Action_SendAction_Handler
    D:/gowork/max2/max2/app/game_user/api/action/v1/action_grpc.pb.go:107
13. google.golang.org/grpc.(*Server).processUnaryRPC
    D:/gowork/pkg/mod/google.golang.org/grpc@v1.79.3/server.go:1429
14. google.golang.org/grpc.(*Server).handleStream
    D:/gowork/pkg/mod/google.golang.org/grpc@v1.79.3/server.go:1855
15. google.golang.org/grpc.(*Server).serveStreams.func2.1
    D:/gowork/pkg/mod/google.golang.org/grpc@v1.79.3/server.go:1064

2026-05-23T11:59:08.695+08:00 [INFO] 用户 1 开始延迟添加AI到房间 8066J1
2026-05-23T11:59:11.732+08:00 [ERRO] {ccca760dc815b218d6916b40d6814e38} unexpected end of JSON input 
Stack:
1.  game_user/internal/controller/action.(*Controller).getPlayerAndRoomInfo
    D:/gowork/max2/max2/app/game_user/internal/controller/action/action.go:694
2.  game_user/internal/controller/action.(*Controller).handleGetInfo
    D:/gowork/max2/max2/app/game_user/internal/controller/action/action.go:553
3.  game_user/internal/controller/action.(*Controller).SendAction
    D:/gowork/max2/max2/app/game_user/internal/controller/action/action.go:57
4.  game_user/api/action/v1._Action_SendAction_Handler.func1
    D:/gowork/max2/max2/app/game_user/api/action/v1/action_grpc.pb.go:105
5.  google.golang.org/grpc.getChainUnaryHandler.func1
    D:/gowork/pkg/mod/google.golang.org/grpc@v1.79.3/server.go:1242
6.  google.golang.org/grpc.getChainUnaryHandler.func1
    D:/gowork/pkg/mod/google.golang.org/grpc@v1.79.3/server.go:1242
7.  google.golang.org/grpc.getChainUnaryHandler.func1
    D:/gowork/pkg/mod/google.golang.org/grpc@v1.79.3/server.go:1242
8.  google.golang.org/grpc.getChainUnaryHandler.func1
    D:/gowork/pkg/mod/google.golang.org/grpc@v1.79.3/server.go:1242
9.  google.golang.org/grpc.getChainUnaryHandler.func1
    D:/gowork/pkg/mod/google.golang.org/grpc@v1.79.3/server.go:1242
10. google.golang.org/grpc.chainUnaryInterceptors.func1
    D:/gowork/pkg/mod/google.golang.org/grpc@v1.79.3/server.go:1233
11. game_user/api/action/v1._Action_SendAction_Handler
    D:/gowork/max2/max2/app/game_user/api/action/v1/action_grpc.pb.go:107
12. google.golang.org/grpc.(*Server).processUnaryRPC
    D:/gowork/pkg/mod/google.golang.org/grpc@v1.79.3/server.go:1429
13. google.golang.org/grpc.(*Server).handleStream
    D:/gowork/pkg/mod/google.golang.org/grpc@v1.79.3/server.go:1855
14. google.golang.org/grpc.(*Server).serveStreams.func2.1
    D:/gowork/pkg/mod/google.golang.org/grpc@v1.79.3/server.go:1064

2026-05-23T11:59:11.736+08:00 [ERRO] {ccca760dc815b218d6916b40d6814e38} 用户 1 房间  不存在 
Stack:
1.  game_user/internal/controller/action.(*Controller).getPlayerAndRoomInfo
    D:/gowork/max2/max2/app/game_user/internal/controller/action/action.go:699
2.  game_user/internal/controller/action.(*Controller).handleGetInfo
    D:/gowork/max2/max2/app/game_user/internal/controller/action/action.go:553
3.  game_user/internal/controller/action.(*Controller).SendAction
    D:/gowork/max2/max2/app/game_user/internal/controller/action/action.go:57
4.  game_user/api/action/v1._Action_SendAction_Handler.func1
    D:/gowork/max2/max2/app/game_user/api/action/v1/action_grpc.pb.go:105
5.  google.golang.org/grpc.getChainUnaryHandler.func1
    D:/gowork/pkg/mod/google.golang.org/grpc@v1.79.3/server.go:1242
6.  google.golang.org/grpc.getChainUnaryHandler.func1
    D:/gowork/pkg/mod/google.golang.org/grpc@v1.79.3/server.go:1242
7.  google.golang.org/grpc.getChainUnaryHandler.func1
    D:/gowork/pkg/mod/google.golang.org/grpc@v1.79.3/server.go:1242
8.  google.golang.org/grpc.getChainUnaryHandler.func1
    D:/gowork/pkg/mod/google.golang.org/grpc@v1.79.3/server.go:1242
9.  google.golang.org/grpc.getChainUnaryHandler.func1
    D:/gowork/pkg/mod/google.golang.org/grpc@v1.79.3/server.go:1242
10. google.golang.org/grpc.chainUnaryInterceptors.func1
    D:/gowork/pkg/mod/google.golang.org/grpc@v1.79.3/server.go:1233
11. game_user/api/action/v1._Action_SendAction_Handler
    D:/gowork/max2/max2/app/game_user/api/action/v1/action_grpc.pb.go:107
12. google.golang.org/grpc.(*Server).processUnaryRPC
    D:/gowork/pkg/mod/google.golang.org/grpc@v1.79.3/server.go:1429
13. google.golang.org/grpc.(*Server).handleStream
    D:/gowork/pkg/mod/google.golang.org/grpc@v1.79.3/server.go:1855
14. google.golang.org/grpc.(*Server).serveStreams.func2.1
    D:/gowork/pkg/mod/google.golang.org/grpc@v1.79.3/server.go:1064

2026-05-23T12:01:36.803+08:00 [ERRO] {6cac58cee915b218e4916b401933ad45} unexpected end of JSON input 
Stack:
1.  game_user/internal/controller/action.(*Controller).getPlayerAndRoomInfo
    D:/gowork/max2/max2/app/game_user/internal/controller/action/action.go:694
2.  game_user/internal/controller/action.(*Controller).clearRoom
    D:/gowork/max2/max2/app/game_user/internal/controller/action/action.go:675
3.  game_user/internal/controller/action.(*Controller).handleInitRoom
    D:/gowork/max2/max2/app/game_user/internal/controller/action/action.go:66
4.  game_user/internal/controller/action.(*Controller).SendAction
    D:/gowork/max2/max2/app/game_user/internal/controller/action/action.go:45
5.  game_user/api/action/v1._Action_SendAction_Handler.func1
    D:/gowork/max2/max2/app/game_user/api/action/v1/action_grpc.pb.go:105
6.  google.golang.org/grpc.getChainUnaryHandler.func1
    D:/gowork/pkg/mod/google.golang.org/grpc@v1.79.3/server.go:1242
7.  google.golang.org/grpc.getChainUnaryHandler.func1
    D:/gowork/pkg/mod/google.golang.org/grpc@v1.79.3/server.go:1242
8.  google.golang.org/grpc.getChainUnaryHandler.func1
    D:/gowork/pkg/mod/google.golang.org/grpc@v1.79.3/server.go:1242
9.  google.golang.org/grpc.getChainUnaryHandler.func1
    D:/gowork/pkg/mod/google.golang.org/grpc@v1.79.3/server.go:1242
10. google.golang.org/grpc.getChainUnaryHandler.func1
    D:/gowork/pkg/mod/google.golang.org/grpc@v1.79.3/server.go:1242
11. google.golang.org/grpc.chainUnaryInterceptors.func1
    D:/gowork/pkg/mod/google.golang.org/grpc@v1.79.3/server.go:1233
12. game_user/api/action/v1._Action_SendAction_Handler
    D:/gowork/max2/max2/app/game_user/api/action/v1/action_grpc.pb.go:107
13. google.golang.org/grpc.(*Server).processUnaryRPC
    D:/gowork/pkg/mod/google.golang.org/grpc@v1.79.3/server.go:1429
14. google.golang.org/grpc.(*Server).handleStream
    D:/gowork/pkg/mod/google.golang.org/grpc@v1.79.3/server.go:1855
15. google.golang.org/grpc.(*Server).serveStreams.func2.1
    D:/gowork/pkg/mod/google.golang.org/grpc@v1.79.3/server.go:1064

2026-05-23T12:01:36.810+08:00 [ERRO] {6cac58cee915b218e4916b401933ad45} 用户 1 房间  不存在 
Stack:
1.  game_user/internal/controller/action.(*Controller).getPlayerAndRoomInfo
    D:/gowork/max2/max2/app/game_user/internal/controller/action/action.go:699
2.  game_user/internal/controller/action.(*Controller).clearRoom
    D:/gowork/max2/max2/app/game_user/internal/controller/action/action.go:675
3.  game_user/internal/controller/action.(*Controller).handleInitRoom
    D:/gowork/max2/max2/app/game_user/internal/controller/action/action.go:66
4.  game_user/internal/controller/action.(*Controller).SendAction
    D:/gowork/max2/max2/app/game_user/internal/controller/action/action.go:45
5.  game_user/api/action/v1._Action_SendAction_Handler.func1
    D:/gowork/max2/max2/app/game_user/api/action/v1/action_grpc.pb.go:105
6.  google.golang.org/grpc.getChainUnaryHandler.func1
    D:/gowork/pkg/mod/google.golang.org/grpc@v1.79.3/server.go:1242
7.  google.golang.org/grpc.getChainUnaryHandler.func1
    D:/gowork/pkg/mod/google.golang.org/grpc@v1.79.3/server.go:1242
8.  google.golang.org/grpc.getChainUnaryHandler.func1
    D:/gowork/pkg/mod/google.golang.org/grpc@v1.79.3/server.go:1242
9.  google.golang.org/grpc.getChainUnaryHandler.func1
    D:/gowork/pkg/mod/google.golang.org/grpc@v1.79.3/server.go:1242
10. google.golang.org/grpc.getChainUnaryHandler.func1
    D:/gowork/pkg/mod/google.golang.org/grpc@v1.79.3/server.go:1242
11. google.golang.org/grpc.chainUnaryInterceptors.func1
    D:/gowork/pkg/mod/google.golang.org/grpc@v1.79.3/server.go:1233
12. game_user/api/action/v1._Action_SendAction_Handler
    D:/gowork/max2/max2/app/game_user/api/action/v1/action_grpc.pb.go:107
13. google.golang.org/grpc.(*Server).processUnaryRPC
    D:/gowork/pkg/mod/google.golang.org/grpc@v1.79.3/server.go:1429
14. google.golang.org/grpc.(*Server).handleStream
    D:/gowork/pkg/mod/google.golang.org/grpc@v1.79.3/server.go:1855
15. google.golang.org/grpc.(*Server).serveStreams.func2.1
    D:/gowork/pkg/mod/google.golang.org/grpc@v1.79.3/server.go:1064

2026-05-23T12:01:36.845+08:00 [INFO] 用户 1 开始延迟添加AI到房间 9Q9PUA
2026-05-23T12:01:40.618+08:00 [INFO] 
===== 房间 9Q9PUA 游戏开始 =====
2026-05-23T12:01:40.628+08:00 [INFO] 
确定谁先出牌...
2026-05-23T12:01:40.633+08:00 [INFO] 房间 9Q9PUA 启动消息接收 goroutine
2026-05-23T12:01:40.650+08:00 [INFO] 1的牌: 
2026-05-23T12:01:40.651+08:00 [INFO] ♦2,♣4,♣K,♠8,♦8,♥2,♣7,♠5,♥K,♦3,♥4,♦Q,♠10
2026-05-23T12:01:40.653+08:00 [INFO] 范明轩的牌: 
2026-05-23T12:01:40.667+08:00 [INFO] 牌型：4,具体的牌：[[{A 0 ♦A 45 14 ♦} {K 0 ♦K 41 13 ♦} {10 0 ♦10 29 10 ♦} {9 0 ♦9 25 9 ♦} {6 0 ♦6 13 6 ♦}] [{A 2 ♥A 47 14 ♥} {Q 2 ♥Q 39 12 ♥} {J 2 ♥J 35 11 ♥} {9 2 ♥9 27 9 ♥} {8 2 ♥8 23 8 ♥}]] 
2026-05-23T12:01:40.667+08:00 [INFO] 牌型：2,具体的牌：[[{4 0 ♦4 5 4 ♦} {4 3 ♠4 8 4 ♠}]] 
2026-05-23T12:01:40.668+08:00 [INFO] 牌型：1,具体的牌：[[{5 2 ♥5 11 5 ♥}]] 
2026-05-23T12:01:40.668+08:00 [INFO] 弓昊强的牌: 
2026-05-23T12:01:40.669+08:00 [INFO] 牌型：1,具体的牌：[[{5 0 ♦5 9 5 ♦}] [{3 1 ♣3 2 3 ♣}] [{7 3 ♠7 20 7 ♠}]] 
2026-05-23T12:01:40.670+08:00 [INFO] 牌型：4,具体的牌：[[{2 3 ♠2 52 15 ♠} {A 3 ♠A 48 14 ♠} {K 3 ♠K 44 13 ♠} {Q 3 ♠Q 40 12 ♠} {9 3 ♠9 28 9 ♠}] [{Q 1 ♣Q 38 12 ♣} {9 1 ♣9 26 9 ♣} {8 1 ♣8 22 8 ♣} {6 1 ♣6 14 6 ♣} {5 1 ♣5 10 5 ♣}]] 
2026-05-23T12:01:40.671+08:00 [INFO] 凌秋荷的牌: 
2026-05-23T12:01:40.672+08:00 [INFO] 牌型：1,具体的牌：[[{A 1 ♣A 46 14 ♣}] [{2 1 ♣2 50 15 ♣}]] 
2026-05-23T12:01:40.672+08:00 [INFO] 牌型：5,具体的牌：[[{J 0 ♦J 33 11 ♦} {J 1 ♣J 34 11 ♣} {J 3 ♠J 36 11 ♠} {6 2 ♥6 15 6 ♥} {6 3 ♠6 16 6 ♠}]] 
2026-05-23T12:01:40.673+08:00 [INFO] 牌型：2,具体的牌：[[{7 0 ♦7 17 7 ♦} {7 2 ♥7 19 7 ♥}] [{10 1 ♣10 30 10 ♣} {10 2 ♥10 31 10 ♥}] [{3 2 ♥3 3 3 ♥} {3 3 ♠3 4 3 ♠}]] 
2026-05-23T12:01:41.673+08:00 [INFO] 
1的回合 (当前手牌数: 13)

2026-05-23T12:01:41.675+08:00 [INFO] 上一手牌，牌型: 0, 牌是：不出

2026-05-23T12:01:41.678+08:00 [INFO] 请选择要出的牌 (输入牌的序号，用逗号分隔，0表示不出): 
2026-05-23T12:01:41.678+08:00 [INFO] 用户 1 接收出牌消息1: <nil>
2026-05-23T12:01:41.680+08:00 [INFO] 用户 1 接收出牌消息2: {0 [] 0}
2026-05-23T12:01:41.681+08:00 [INFO] 1出了: ♦3 (1)

2026-05-23T12:01:41.681+08:00 [INFO] ♦2,♣4,♣K,♠8,♦8,♥2,♣7,♠5,♥K,♥4,♦Q,♠10
2026-05-23T12:01:42.667+08:00 [INFO] 
范明轩的回合 (当前手牌数: 13)

2026-05-23T12:01:42.669+08:00 [INFO] 上一手牌，牌型: 1, 牌是：♦3

2026-05-23T12:01:42.670+08:00 [INFO] 请选择要出的牌 (输入牌的序号，用逗号分隔，0表示不出): 
2026-05-23T12:01:43.667+08:00 [INFO] 
范明轩的回合 (当前手牌数: 13)

2026-05-23T12:01:43.667+08:00 [INFO] 上一手牌，牌型: 1, 牌是：♦3

2026-05-23T12:01:43.670+08:00 [INFO] 请选择要出的牌 (输入牌的序号，用逗号分隔，0表示不出): 
2026-05-23T12:01:44.675+08:00 [INFO] 
范明轩的回合 (当前手牌数: 13)

2026-05-23T12:01:44.693+08:00 [INFO] 上一手牌，牌型: 1, 牌是：♦3

2026-05-23T12:01:44.703+08:00 [INFO] 请选择要出的牌 (输入牌的序号，用逗号分隔，0表示不出): 
2026-05-23T12:01:44.757+08:00 [INFO] 范明轩出了: ♥5 (1)

2026-05-23T12:01:45.770+08:00 [INFO] 
弓昊强的回合 (当前手牌数: 13)

2026-05-23T12:01:45.773+08:00 [INFO] 上一手牌，牌型: 1, 牌是：♥5

2026-05-23T12:01:45.774+08:00 [INFO] 请选择要出的牌 (输入牌的序号，用逗号分隔，0表示不出): 
2026-05-23T12:01:46.767+08:00 [INFO] 
弓昊强的回合 (当前手牌数: 13)

2026-05-23T12:01:46.767+08:00 [INFO] 上一手牌，牌型: 1, 牌是：♥5

2026-05-23T12:01:46.769+08:00 [INFO] 请选择要出的牌 (输入牌的序号，用逗号分隔，0表示不出): 
2026-05-23T12:01:47.767+08:00 [INFO] 
弓昊强的回合 (当前手牌数: 13)

2026-05-23T12:01:47.768+08:00 [INFO] 上一手牌，牌型: 1, 牌是：♥5

2026-05-23T12:01:47.769+08:00 [INFO] 请选择要出的牌 (输入牌的序号，用逗号分隔，0表示不出): 
2026-05-23T12:01:47.769+08:00 [INFO] 弓昊强出了: ♠7 (1)

2026-05-23T12:01:48.767+08:00 [INFO] 
凌秋荷的回合 (当前手牌数: 13)

2026-05-23T12:01:48.767+08:00 [INFO] 上一手牌，牌型: 1, 牌是：♠7

2026-05-23T12:01:48.767+08:00 [INFO] 请选择要出的牌 (输入牌的序号，用逗号分隔，0表示不出): 
2026-05-23T12:01:49.768+08:00 [INFO] 
凌秋荷的回合 (当前手牌数: 13)

2026-05-23T12:01:49.769+08:00 [INFO] 上一手牌，牌型: 1, 牌是：♠7

2026-05-23T12:01:49.770+08:00 [INFO] 请选择要出的牌 (输入牌的序号，用逗号分隔，0表示不出): 
2026-05-23T12:01:50.767+08:00 [INFO] 
凌秋荷的回合 (当前手牌数: 13)

2026-05-23T12:01:50.769+08:00 [INFO] 上一手牌，牌型: 1, 牌是：♠7

2026-05-23T12:01:50.771+08:00 [INFO] 请选择要出的牌 (输入牌的序号，用逗号分隔，0表示不出): 
2026-05-23T12:01:50.771+08:00 [INFO] 凌秋荷出了: ♣A (1)

2026-05-23T12:01:50.774+08:00 [INFO] 正在订阅 Channel: player:play:card:1，当前玩家: 1
2026-05-23T12:01:50.779+08:00 [INFO] 成功订阅 Channel: player:play:card:1
2026-05-23T12:01:51.767+08:00 [INFO] 
1的回合 (当前手牌数: 12)

2026-05-23T12:01:51.768+08:00 [INFO] 上一手牌，牌型: 1, 牌是：♣A

2026-05-23T12:01:51.768+08:00 [INFO] 请选择要出的牌 (输入牌的序号，用逗号分隔，0表示不出): 
2026-05-23T12:01:51.769+08:00 [INFO] 用户 1 接收出牌消息1: <nil>
2026-05-23T12:01:51.771+08:00 [INFO] 用户 1 接收出牌消息2: {0 [] 0}
2026-05-23T12:01:52.767+08:00 [INFO] 
1的回合 (当前手牌数: 12)

2026-05-23T12:01:52.767+08:00 [INFO] 上一手牌，牌型: 1, 牌是：♣A

2026-05-23T12:01:52.768+08:00 [INFO] 请选择要出的牌 (输入牌的序号，用逗号分隔，0表示不出): 
2026-05-23T12:01:52.768+08:00 [INFO] 用户 1 接收出牌消息1: <nil>
2026-05-23T12:01:52.769+08:00 [INFO] 用户 1 接收出牌消息2: {0 [] 0}
2026-05-23T12:01:53.768+08:00 [INFO] 
1的回合 (当前手牌数: 12)

2026-05-23T12:01:53.770+08:00 [INFO] 上一手牌，牌型: 1, 牌是：♣A

2026-05-23T12:01:53.770+08:00 [INFO] 请选择要出的牌 (输入牌的序号，用逗号分隔，0表示不出): 
2026-05-23T12:01:53.773+08:00 [INFO] 用户 1 接收出牌消息1: <nil>
2026-05-23T12:01:53.773+08:00 [INFO] 用户 1 接收出牌消息2: {0 [] 0}
2026-05-23T12:01:54.768+08:00 [INFO] 
1的回合 (当前手牌数: 12)

2026-05-23T12:01:54.771+08:00 [INFO] 上一手牌，牌型: 1, 牌是：♣A

2026-05-23T12:01:54.771+08:00 [INFO] 请选择要出的牌 (输入牌的序号，用逗号分隔，0表示不出): 
2026-05-23T12:01:54.773+08:00 [INFO] 用户 1 接收出牌消息1: <nil>
2026-05-23T12:01:54.773+08:00 [INFO] 用户 1 接收出牌消息2: {0 [] 0}
2026-05-23T12:01:55.767+08:00 [INFO] 
1的回合 (当前手牌数: 12)

2026-05-23T12:01:55.767+08:00 [INFO] 上一手牌，牌型: 1, 牌是：♣A

2026-05-23T12:01:55.768+08:00 [INFO] 请选择要出的牌 (输入牌的序号，用逗号分隔，0表示不出): 
2026-05-23T12:01:55.775+08:00 [INFO] 用户 1 接收出牌消息1: <nil>
2026-05-23T12:01:55.776+08:00 [INFO] 用户 1 接收出牌消息2: {0 [] 0}
2026-05-23T12:01:56.046+08:00 [INFO] {4c05404fee15b218e7916b40bdb0b3af} 用户 1 发送出牌消息: {"pid":0,"cardIds":[49],"pass":0}
2026-05-23T12:01:56.767+08:00 [INFO] 
1的回合 (当前手牌数: 12)

2026-05-23T12:01:56.767+08:00 [INFO] 上一手牌，牌型: 1, 牌是：♣A

2026-05-23T12:01:56.768+08:00 [INFO] 请选择要出的牌 (输入牌的序号，用逗号分隔，0表示不出): 
2026-05-23T12:01:56.769+08:00 [INFO] 从队列收到消息: playCard
2026-05-23T12:01:56.770+08:00 [INFO] 用户 1 接收出牌消息1: type:"playCard"  data:"{\"pid\":0,\"cardIds\":[49],\"pass\":0}"  from:"1"
2026-05-23T12:01:56.776+08:00 [INFO] 用户 1 接收出牌消息2: {0 [49] 0}
2026-05-23T12:01:56.778+08:00 [DEBU] [49]
2026-05-23T12:01:56.778+08:00 [INFO] 1出了: ♦2 (1)

2026-05-23T12:01:56.779+08:00 [INFO] ♣4,♣K,♠8,♦8,♥2,♣7,♠5,♥K,♥4,♦Q,♠10
2026-05-23T12:01:57.766+08:00 [INFO] 
范明轩的回合 (当前手牌数: 12)

2026-05-23T12:01:57.767+08:00 [INFO] 上一手牌，牌型: 1, 牌是：♦2

2026-05-23T12:01:57.768+08:00 [INFO] 请选择要出的牌 (输入牌的序号，用逗号分隔，0表示不出): 
2026-05-23T12:01:58.766+08:00 [INFO] 
范明轩的回合 (当前手牌数: 12)

2026-05-23T12:01:58.767+08:00 [INFO] 上一手牌，牌型: 1, 牌是：♦2

2026-05-23T12:01:58.767+08:00 [INFO] 请选择要出的牌 (输入牌的序号，用逗号分隔，0表示不出): 
2026-05-23T12:01:59.767+08:00 [INFO] 
范明轩的回合 (当前手牌数: 12)

2026-05-23T12:01:59.770+08:00 [INFO] 上一手牌，牌型: 1, 牌是：♦2

2026-05-23T12:01:59.771+08:00 [INFO] 请选择要出的牌 (输入牌的序号，用逗号分隔，0表示不出): 
2026-05-23T12:01:59.771+08:00 [INFO] 范明轩不出

2026-05-23T12:02:00.766+08:00 [INFO] 
弓昊强的回合 (当前手牌数: 12)

2026-05-23T12:02:00.767+08:00 [INFO] 上一手牌，牌型: 1, 牌是：♦2

2026-05-23T12:02:00.768+08:00 [INFO] 请选择要出的牌 (输入牌的序号，用逗号分隔，0表示不出): 
2026-05-23T12:02:01.767+08:00 [INFO] 
弓昊强的回合 (当前手牌数: 12)

2026-05-23T12:02:01.767+08:00 [INFO] 上一手牌，牌型: 1, 牌是：♦2

2026-05-23T12:02:01.768+08:00 [INFO] 请选择要出的牌 (输入牌的序号，用逗号分隔，0表示不出): 
2026-05-23T12:02:02.767+08:00 [INFO] 
弓昊强的回合 (当前手牌数: 12)

2026-05-23T12:02:02.767+08:00 [INFO] 上一手牌，牌型: 1, 牌是：♦2

2026-05-23T12:02:02.768+08:00 [INFO] 请选择要出的牌 (输入牌的序号，用逗号分隔，0表示不出): 
2026-05-23T12:02:02.769+08:00 [INFO] 弓昊强不出

2026-05-23T12:02:03.766+08:00 [INFO] 
凌秋荷的回合 (当前手牌数: 12)

2026-05-23T12:02:03.768+08:00 [INFO] 上一手牌，牌型: 1, 牌是：♦2

2026-05-23T12:02:03.768+08:00 [INFO] 请选择要出的牌 (输入牌的序号，用逗号分隔，0表示不出): 
2026-05-23T12:02:04.766+08:00 [INFO] 
凌秋荷的回合 (当前手牌数: 12)

2026-05-23T12:02:04.769+08:00 [INFO] 上一手牌，牌型: 1, 牌是：♦2

2026-05-23T12:02:04.771+08:00 [INFO] 请选择要出的牌 (输入牌的序号，用逗号分隔，0表示不出): 
2026-05-23T12:02:04.772+08:00 [INFO] 凌秋荷出了: ♣2 (1)

2026-05-23T12:02:04.773+08:00 [INFO] 正在订阅 Channel: player:play:card:1，当前玩家: 1
2026-05-23T12:02:04.783+08:00 [INFO] 成功订阅 Channel: player:play:card:1
2026-05-23T12:02:05.767+08:00 [INFO] 
1的回合 (当前手牌数: 11)

2026-05-23T12:02:05.767+08:00 [INFO] 上一手牌，牌型: 1, 牌是：♣2

2026-05-23T12:02:05.768+08:00 [INFO] 请选择要出的牌 (输入牌的序号，用逗号分隔，0表示不出): 
2026-05-23T12:02:05.775+08:00 [INFO] 用户 1 接收出牌消息1: <nil>
2026-05-23T12:02:05.777+08:00 [INFO] 用户 1 接收出牌消息2: {0 [] 0}
2026-05-23T12:02:06.767+08:00 [INFO] 
1的回合 (当前手牌数: 11)

2026-05-23T12:02:06.767+08:00 [INFO] 上一手牌，牌型: 1, 牌是：♣2

2026-05-23T12:02:06.768+08:00 [INFO] 请选择要出的牌 (输入牌的序号，用逗号分隔，0表示不出): 
2026-05-23T12:02:06.769+08:00 [INFO] 用户 1 接收出牌消息1: <nil>
2026-05-23T12:02:06.770+08:00 [INFO] 用户 1 接收出牌消息2: {0 [] 0}
2026-05-23T12:02:07.767+08:00 [INFO] 
1的回合 (当前手牌数: 11)

2026-05-23T12:02:07.767+08:00 [INFO] 上一手牌，牌型: 1, 牌是：♣2

2026-05-23T12:02:07.768+08:00 [INFO] 请选择要出的牌 (输入牌的序号，用逗号分隔，0表示不出): 
2026-05-23T12:02:07.769+08:00 [INFO] 用户 1 接收出牌消息1: <nil>
2026-05-23T12:02:07.769+08:00 [INFO] 用户 1 接收出牌消息2: {0 [] 0}
2026-05-23T12:02:07.917+08:00 [INFO] {f01ec612f115b218e8916b40a0eb2002} 用户 1 发送出牌消息: {"pid":0,"cardIds":[51],"pass":0}
2026-05-23T12:02:08.767+08:00 [INFO] 
1的回合 (当前手牌数: 11)

2026-05-23T12:02:08.767+08:00 [INFO] 上一手牌，牌型: 1, 牌是：♣2

2026-05-23T12:02:08.768+08:00 [INFO] 请选择要出的牌 (输入牌的序号，用逗号分隔，0表示不出): 
2026-05-23T12:02:08.769+08:00 [INFO] 从队列收到消息: playCard
2026-05-23T12:02:08.770+08:00 [INFO] 用户 1 接收出牌消息1: type:"playCard"  data:"{\"pid\":0,\"cardIds\":[51],\"pass\":0}"  from:"1"
2026-05-23T12:02:08.771+08:00 [INFO] 用户 1 接收出牌消息2: {0 [51] 0}
2026-05-23T12:02:08.771+08:00 [DEBU] [51]
2026-05-23T12:02:08.772+08:00 [INFO] 1出了: ♥2 (1)

2026-05-23T12:02:08.773+08:00 [INFO] ♣4,♣K,♠8,♦8,♣7,♠5,♥K,♥4,♦Q,♠10
2026-05-23T12:02:09.768+08:00 [INFO] 
范明轩的回合 (当前手牌数: 12)

2026-05-23T12:02:09.771+08:00 [INFO] 上一手牌，牌型: 1, 牌是：♥2

2026-05-23T12:02:09.772+08:00 [INFO] 请选择要出的牌 (输入牌的序号，用逗号分隔，0表示不出): 
2026-05-23T12:02:10.766+08:00 [INFO] 
范明轩的回合 (当前手牌数: 12)

2026-05-23T12:02:10.766+08:00 [INFO] 上一手牌，牌型: 1, 牌是：♥2

2026-05-23T12:02:10.768+08:00 [INFO] 请选择要出的牌 (输入牌的序号，用逗号分隔，0表示不出): 
2026-05-23T12:02:10.769+08:00 [INFO] 范明轩不出

2026-05-23T12:02:11.767+08:00 [INFO] 
弓昊强的回合 (当前手牌数: 12)

2026-05-23T12:02:11.767+08:00 [INFO] 上一手牌，牌型: 1, 牌是：♥2

2026-05-23T12:02:11.768+08:00 [INFO] 请选择要出的牌 (输入牌的序号，用逗号分隔，0表示不出): 
2026-05-23T12:02:12.767+08:00 [INFO] 
弓昊强的回合 (当前手牌数: 12)

2026-05-23T12:02:12.767+08:00 [INFO] 上一手牌，牌型: 1, 牌是：♥2

2026-05-23T12:02:12.769+08:00 [INFO] 请选择要出的牌 (输入牌的序号，用逗号分隔，0表示不出): 
2026-05-23T12:02:12.769+08:00 [INFO] 弓昊强不出

2026-05-23T12:02:13.767+08:00 [INFO] 
凌秋荷的回合 (当前手牌数: 11)

2026-05-23T12:02:13.769+08:00 [INFO] 上一手牌，牌型: 1, 牌是：♥2

2026-05-23T12:02:13.769+08:00 [INFO] 请选择要出的牌 (输入牌的序号，用逗号分隔，0表示不出): 
2026-05-23T12:02:14.766+08:00 [INFO] 
凌秋荷的回合 (当前手牌数: 11)

2026-05-23T12:02:14.767+08:00 [INFO] 上一手牌，牌型: 1, 牌是：♥2

2026-05-23T12:02:14.771+08:00 [INFO] 请选择要出的牌 (输入牌的序号，用逗号分隔，0表示不出): 
2026-05-23T12:02:14.773+08:00 [INFO] 凌秋荷不出

2026-05-23T12:02:14.774+08:00 [INFO] 正在订阅 Channel: player:play:card:1，当前玩家: 1
2026-05-23T12:02:14.780+08:00 [INFO] 成功订阅 Channel: player:play:card:1
2026-05-23T12:02:15.767+08:00 [INFO] 
1的回合 (当前手牌数: 10)

2026-05-23T12:02:15.767+08:00 [INFO] 上一手牌，牌型: 0, 牌是：不出

2026-05-23T12:02:15.768+08:00 [INFO] 请选择要出的牌 (输入牌的序号，用逗号分隔，0表示不出): 
2026-05-23T12:02:15.768+08:00 [INFO] 用户 1 接收出牌消息1: <nil>
2026-05-23T12:02:15.770+08:00 [INFO] 用户 1 接收出牌消息2: {0 [] 0}
2026-05-23T12:02:16.767+08:00 [INFO] 
1的回合 (当前手牌数: 10)

2026-05-23T12:02:16.767+08:00 [INFO] 上一手牌，牌型: 0, 牌是：不出

2026-05-23T12:02:16.768+08:00 [INFO] 请选择要出的牌 (输入牌的序号，用逗号分隔，0表示不出): 
2026-05-23T12:02:16.769+08:00 [INFO] 用户 1 接收出牌消息1: <nil>
2026-05-23T12:02:16.769+08:00 [INFO] 用户 1 接收出牌消息2: {0 [] 0}
2026-05-23T12:02:17.767+08:00 [INFO] 
1的回合 (当前手牌数: 10)

2026-05-23T12:02:17.767+08:00 [INFO] 上一手牌，牌型: 0, 牌是：不出

2026-05-23T12:02:17.768+08:00 [INFO] 请选择要出的牌 (输入牌的序号，用逗号分隔，0表示不出): 
2026-05-23T12:02:17.769+08:00 [INFO] 用户 1 接收出牌消息1: <nil>
2026-05-23T12:02:17.769+08:00 [INFO] 用户 1 接收出牌消息2: {0 [] 0}
2026-05-23T12:02:18.767+08:00 [INFO] 
1的回合 (当前手牌数: 10)

2026-05-23T12:02:18.769+08:00 [INFO] 上一手牌，牌型: 0, 牌是：不出

2026-05-23T12:02:18.770+08:00 [INFO] 请选择要出的牌 (输入牌的序号，用逗号分隔，0表示不出): 
2026-05-23T12:02:18.770+08:00 [INFO] 用户 1 接收出牌消息1: <nil>
2026-05-23T12:02:18.772+08:00 [INFO] 用户 1 接收出牌消息2: {0 [] 0}
2026-05-23T12:02:19.767+08:00 [INFO] 
1的回合 (当前手牌数: 10)

2026-05-23T12:02:19.767+08:00 [INFO] 上一手牌，牌型: 0, 牌是：不出

2026-05-23T12:02:19.768+08:00 [INFO] 请选择要出的牌 (输入牌的序号，用逗号分隔，0表示不出): 
2026-05-23T12:02:19.773+08:00 [INFO] 用户 1 接收出牌消息1: <nil>
2026-05-23T12:02:19.773+08:00 [INFO] 用户 1 接收出牌消息2: {0 [] 0}
2026-05-23T12:02:20.767+08:00 [INFO] 
1的回合 (当前手牌数: 10)

2026-05-23T12:02:20.768+08:00 [INFO] 上一手牌，牌型: 0, 牌是：不出

2026-05-23T12:02:20.769+08:00 [INFO] 请选择要出的牌 (输入牌的序号，用逗号分隔，0表示不出): 
2026-05-23T12:02:20.770+08:00 [INFO] 用户 1 接收出牌消息1: <nil>
2026-05-23T12:02:20.771+08:00 [INFO] 用户 1 接收出牌消息2: {0 [] 0}
2026-05-23T12:02:21.767+08:00 [INFO] 
1的回合 (当前手牌数: 10)

2026-05-23T12:02:21.767+08:00 [INFO] 上一手牌，牌型: 0, 牌是：不出

2026-05-23T12:02:21.768+08:00 [INFO] 请选择要出的牌 (输入牌的序号，用逗号分隔，0表示不出): 
2026-05-23T12:02:21.770+08:00 [INFO] 用户 1 接收出牌消息1: <nil>
2026-05-23T12:02:21.770+08:00 [INFO] 用户 1 接收出牌消息2: {0 [] 0}
2026-05-23T12:02:22.766+08:00 [INFO] 
1的回合 (当前手牌数: 10)

2026-05-23T12:02:22.766+08:00 [INFO] 上一手牌，牌型: 0, 牌是：不出

2026-05-23T12:02:22.770+08:00 [INFO] 请选择要出的牌 (输入牌的序号，用逗号分隔，0表示不出): 
2026-05-23T12:02:22.770+08:00 [INFO] 用户 1 接收出牌消息1: <nil>
2026-05-23T12:02:22.771+08:00 [INFO] 用户 1 接收出牌消息2: {0 [] 0}
2026-05-23T12:02:23.768+08:00 [INFO] 
1的回合 (当前手牌数: 10)

2026-05-23T12:02:23.770+08:00 [INFO] 上一手牌，牌型: 0, 牌是：不出

2026-05-23T12:02:23.773+08:00 [INFO] 请选择要出的牌 (输入牌的序号，用逗号分隔，0表示不出): 
2026-05-23T12:02:23.775+08:00 [INFO] 用户 1 接收出牌消息1: <nil>
2026-05-23T12:02:23.775+08:00 [INFO] 用户 1 接收出牌消息2: {0 [] 0}
2026-05-23T12:02:24.768+08:00 [INFO] 
1的回合 (当前手牌数: 10)

2026-05-23T12:02:24.768+08:00 [INFO] 上一手牌，牌型: 0, 牌是：不出

2026-05-23T12:02:24.769+08:00 [INFO] 请选择要出的牌 (输入牌的序号，用逗号分隔，0表示不出): 
2026-05-23T12:02:24.773+08:00 [INFO] 用户 1 接收出牌消息1: <nil>
2026-05-23T12:02:24.774+08:00 [INFO] 用户 1 接收出牌消息2: {0 [] 0}
2026-05-23T12:02:25.767+08:00 [INFO] 
1的回合 (当前手牌数: 10)

2026-05-23T12:02:25.768+08:00 [INFO] 上一手牌，牌型: 0, 牌是：不出

2026-05-23T12:02:25.769+08:00 [INFO] 请选择要出的牌 (输入牌的序号，用逗号分隔，0表示不出): 
2026-05-23T12:02:25.769+08:00 [INFO] 用户 1 接收出牌消息1: <nil>
2026-05-23T12:02:25.770+08:00 [INFO] 用户 1 接收出牌消息2: {0 [] 0}
2026-05-23T12:02:26.238+08:00 [INFO] {8812a256f515b218ea916b40de912ec2} 用户 1 发送出牌消息: {"pid":0,"cardIds":[6,7],"pass":0}
2026-05-23T12:02:26.766+08:00 [INFO] 
1的回合 (当前手牌数: 10)

2026-05-23T12:02:26.766+08:00 [INFO] 上一手牌，牌型: 0, 牌是：不出

2026-05-23T12:02:26.767+08:00 [INFO] 请选择要出的牌 (输入牌的序号，用逗号分隔，0表示不出): 
2026-05-23T12:02:26.768+08:00 [INFO] 从队列收到消息: playCard
2026-05-23T12:02:26.769+08:00 [INFO] 用户 1 接收出牌消息1: type:"playCard"  data:"{\"pid\":0,\"cardIds\":[6,7],\"pass\":0}"  from:"1"
2026-05-23T12:02:26.770+08:00 [INFO] 用户 1 接收出牌消息2: {0 [6 7] 0}
2026-05-23T12:02:26.770+08:00 [DEBU] [6,7]
2026-05-23T12:02:26.771+08:00 [INFO] 1出了: ♣4,♥4 (2)

2026-05-23T12:02:26.772+08:00 [INFO] ♣K,♠8,♦8,♣7,♠5,♥K,♦Q,♠10
2026-05-23T12:02:27.767+08:00 [INFO] 
范明轩的回合 (当前手牌数: 12)

2026-05-23T12:02:27.769+08:00 [INFO] 上一手牌，牌型: 2, 牌是：♣4,♥4

2026-05-23T12:02:27.770+08:00 [INFO] 请选择要出的牌 (输入牌的序号，用逗号分隔，0表示不出): 
2026-05-23T12:02:28.767+08:00 [INFO] 
范明轩的回合 (当前手牌数: 12)

2026-05-23T12:02:28.772+08:00 [INFO] 上一手牌，牌型: 2, 牌是：♣4,♥4

2026-05-23T12:02:28.773+08:00 [INFO] 请选择要出的牌 (输入牌的序号，用逗号分隔，0表示不出): 
2026-05-23T12:02:29.767+08:00 [INFO] 
范明轩的回合 (当前手牌数: 12)

2026-05-23T12:02:29.767+08:00 [INFO] 上一手牌，牌型: 2, 牌是：♣4,♥4

2026-05-23T12:02:29.769+08:00 [INFO] 请选择要出的牌 (输入牌的序号，用逗号分隔，0表示不出): 
2026-05-23T12:02:29.769+08:00 [INFO] 范明轩出了: ♦4,♠4 (2)

2026-05-23T12:02:30.767+08:00 [INFO] 
弓昊强的回合 (当前手牌数: 12)

2026-05-23T12:02:30.768+08:00 [INFO] 上一手牌，牌型: 2, 牌是：♦4,♠4

2026-05-23T12:02:30.768+08:00 [INFO] 请选择要出的牌 (输入牌的序号，用逗号分隔，0表示不出): 
2026-05-23T12:02:31.767+08:00 [INFO] 
弓昊强的回合 (当前手牌数: 12)

2026-05-23T12:02:31.767+08:00 [INFO] 上一手牌，牌型: 2, 牌是：♦4,♠4

2026-05-23T12:02:31.768+08:00 [INFO] 请选择要出的牌 (输入牌的序号，用逗号分隔，0表示不出): 
2026-05-23T12:02:31.768+08:00 [INFO] 弓昊强不出

2026-05-23T12:02:32.767+08:00 [INFO] 
凌秋荷的回合 (当前手牌数: 11)

2026-05-23T12:02:32.768+08:00 [INFO] 上一手牌，牌型: 2, 牌是：♦4,♠4

2026-05-23T12:02:32.769+08:00 [INFO] 请选择要出的牌 (输入牌的序号，用逗号分隔，0表示不出): 
2026-05-23T12:02:33.766+08:00 [INFO] 
凌秋荷的回合 (当前手牌数: 11)

2026-05-23T12:02:33.767+08:00 [INFO] 上一手牌，牌型: 2, 牌是：♦4,♠4

2026-05-23T12:02:33.770+08:00 [INFO] 请选择要出的牌 (输入牌的序号，用逗号分隔，0表示不出): 
2026-05-23T12:02:34.767+08:00 [INFO] 
凌秋荷的回合 (当前手牌数: 11)

2026-05-23T12:02:34.767+08:00 [INFO] 上一手牌，牌型: 2, 牌是：♦4,♠4

2026-05-23T12:02:34.768+08:00 [INFO] 请选择要出的牌 (输入牌的序号，用逗号分隔，0表示不出): 
2026-05-23T12:02:34.768+08:00 [INFO] 凌秋荷出了: ♦7,♥7 (2)

2026-05-23T12:02:34.769+08:00 [INFO] 正在订阅 Channel: player:play:card:1，当前玩家: 1
2026-05-23T12:02:34.782+08:00 [INFO] 成功订阅 Channel: player:play:card:1
2026-05-23T12:02:35.767+08:00 [INFO] 
1的回合 (当前手牌数: 8)

2026-05-23T12:02:35.768+08:00 [INFO] 上一手牌，牌型: 2, 牌是：♦7,♥7

2026-05-23T12:02:35.768+08:00 [INFO] 请选择要出的牌 (输入牌的序号，用逗号分隔，0表示不出): 
2026-05-23T12:02:35.769+08:00 [INFO] 用户 1 接收出牌消息1: <nil>
2026-05-23T12:02:35.769+08:00 [INFO] 用户 1 接收出牌消息2: {0 [] 0}
2026-05-23T12:02:36.767+08:00 [INFO] 
1的回合 (当前手牌数: 8)

2026-05-23T12:02:36.767+08:00 [INFO] 上一手牌，牌型: 2, 牌是：♦7,♥7

2026-05-23T12:02:36.768+08:00 [INFO] 请选择要出的牌 (输入牌的序号，用逗号分隔，0表示不出): 
2026-05-23T12:02:36.769+08:00 [INFO] 用户 1 接收出牌消息1: <nil>
2026-05-23T12:02:36.769+08:00 [INFO] 用户 1 接收出牌消息2: {0 [] 0}
2026-05-23T12:02:37.767+08:00 [INFO] 
1的回合 (当前手牌数: 8)

2026-05-23T12:02:37.769+08:00 [INFO] 上一手牌，牌型: 2, 牌是：♦7,♥7

2026-05-23T12:02:37.771+08:00 [INFO] 请选择要出的牌 (输入牌的序号，用逗号分隔，0表示不出): 
2026-05-23T12:02:37.771+08:00 [INFO] 用户 1 接收出牌消息1: <nil>
2026-05-23T12:02:37.772+08:00 [INFO] 用户 1 接收出牌消息2: {0 [] 0}
2026-05-23T12:02:37.881+08:00 [INFO] {682beb0cf815b218eb916b40643c4a7f} 用户 1 发送出牌消息: {"pid":0,"cardIds":[21,24],"pass":0}
2026-05-23T12:02:38.767+08:00 [INFO] 
1的回合 (当前手牌数: 8)

2026-05-23T12:02:38.767+08:00 [INFO] 上一手牌，牌型: 2, 牌是：♦7,♥7

2026-05-23T12:02:38.768+08:00 [INFO] 请选择要出的牌 (输入牌的序号，用逗号分隔，0表示不出): 
2026-05-23T12:02:38.769+08:00 [INFO] 从队列收到消息: playCard
2026-05-23T12:02:38.773+08:00 [INFO] 用户 1 接收出牌消息1: type:"playCard"  data:"{\"pid\":0,\"cardIds\":[21,24],\"pass\":0}"  from:"1"
2026-05-23T12:02:38.774+08:00 [INFO] 用户 1 接收出牌消息2: {0 [21 24] 0}
2026-05-23T12:02:38.775+08:00 [DEBU] [21,24]
2026-05-23T12:02:38.775+08:00 [INFO] 1出了: ♦8,♠8 (2)

2026-05-23T12:02:38.777+08:00 [INFO] ♣K,♣7,♠5,♥K,♦Q,♠10
2026-05-23T12:02:39.766+08:00 [INFO] 
范明轩的回合 (当前手牌数: 10)

2026-05-23T12:02:39.767+08:00 [INFO] 上一手牌，牌型: 2, 牌是：♦8,♠8

2026-05-23T12:02:39.768+08:00 [INFO] 请选择要出的牌 (输入牌的序号，用逗号分隔，0表示不出): 
2026-05-23T12:02:40.767+08:00 [INFO] 
范明轩的回合 (当前手牌数: 10)

2026-05-23T12:02:40.768+08:00 [INFO] 上一手牌，牌型: 2, 牌是：♦8,♠8

2026-05-23T12:02:40.768+08:00 [INFO] 请选择要出的牌 (输入牌的序号，用逗号分隔，0表示不出): 
2026-05-23T12:02:40.769+08:00 [INFO] 范明轩不出

2026-05-23T12:02:41.767+08:00 [INFO] 
弓昊强的回合 (当前手牌数: 12)

2026-05-23T12:02:41.767+08:00 [INFO] 上一手牌，牌型: 2, 牌是：♦8,♠8

2026-05-23T12:02:41.768+08:00 [INFO] 请选择要出的牌 (输入牌的序号，用逗号分隔，0表示不出): 
2026-05-23T12:02:42.768+08:00 [INFO] 
弓昊强的回合 (当前手牌数: 12)

2026-05-23T12:02:42.770+08:00 [INFO] 上一手牌，牌型: 2, 牌是：♦8,♠8

2026-05-23T12:02:42.771+08:00 [INFO] 请选择要出的牌 (输入牌的序号，用逗号分隔，0表示不出): 
2026-05-23T12:02:43.767+08:00 [INFO] 
弓昊强的回合 (当前手牌数: 12)

2026-05-23T12:02:43.767+08:00 [INFO] 上一手牌，牌型: 2, 牌是：♦8,♠8

2026-05-23T12:02:43.768+08:00 [INFO] 请选择要出的牌 (输入牌的序号，用逗号分隔，0表示不出): 
2026-05-23T12:02:43.769+08:00 [INFO] 弓昊强不出

2026-05-23T12:02:44.767+08:00 [INFO] 
凌秋荷的回合 (当前手牌数: 9)

2026-05-23T12:02:44.767+08:00 [INFO] 上一手牌，牌型: 2, 牌是：♦8,♠8

2026-05-23T12:02:44.767+08:00 [INFO] 请选择要出的牌 (输入牌的序号，用逗号分隔，0表示不出): 
2026-05-23T12:02:45.770+08:00 [INFO] 
凌秋荷的回合 (当前手牌数: 9)

2026-05-23T12:02:45.770+08:00 [INFO] 上一手牌，牌型: 2, 牌是：♦8,♠8

2026-05-23T12:02:45.771+08:00 [INFO] 请选择要出的牌 (输入牌的序号，用逗号分隔，0表示不出): 
2026-05-23T12:02:46.767+08:00 [INFO] 
凌秋荷的回合 (当前手牌数: 9)

2026-05-23T12:02:46.768+08:00 [INFO] 上一手牌，牌型: 2, 牌是：♦8,♠8

2026-05-23T12:02:46.769+08:00 [INFO] 请选择要出的牌 (输入牌的序号，用逗号分隔，0表示不出): 
2026-05-23T12:02:46.770+08:00 [INFO] 凌秋荷出了: ♣10,♥10 (2)

2026-05-23T12:02:46.771+08:00 [INFO] 正在订阅 Channel: player:play:card:1，当前玩家: 1
2026-05-23T12:02:46.778+08:00 [INFO] 成功订阅 Channel: player:play:card:1
2026-05-23T12:02:47.767+08:00 [INFO] 
1的回合 (当前手牌数: 6)

2026-05-23T12:02:47.771+08:00 [INFO] 上一手牌，牌型: 2, 牌是：♣10,♥10

2026-05-23T12:02:47.773+08:00 [INFO] 请选择要出的牌 (输入牌的序号，用逗号分隔，0表示不出): 
2026-05-23T12:02:47.773+08:00 [INFO] 用户 1 接收出牌消息1: <nil>
2026-05-23T12:02:47.775+08:00 [INFO] 用户 1 接收出牌消息2: {0 [] 0}
2026-05-23T12:02:48.427+08:00 [INFO] {30e10a81fa15b218ec916b402694d215} 用户 1 发送出牌消息: {"pid":0,"cardIds":[42,43],"pass":0}
2026-05-23T12:02:48.768+08:00 [INFO] 
1的回合 (当前手牌数: 6)

2026-05-23T12:02:48.768+08:00 [INFO] 上一手牌，牌型: 2, 牌是：♣10,♥10

2026-05-23T12:02:48.769+08:00 [INFO] 请选择要出的牌 (输入牌的序号，用逗号分隔，0表示不出): 
2026-05-23T12:02:48.770+08:00 [INFO] 从队列收到消息: playCard
2026-05-23T12:02:48.773+08:00 [INFO] 用户 1 接收出牌消息1: type:"playCard"  data:"{\"pid\":0,\"cardIds\":[42,43],\"pass\":0}"  from:"1"
2026-05-23T12:02:48.777+08:00 [INFO] 用户 1 接收出牌消息2: {0 [42 43] 0}
2026-05-23T12:02:48.777+08:00 [DEBU] [42,43]
2026-05-23T12:02:48.777+08:00 [INFO] 1出了: ♣K,♥K (2)

2026-05-23T12:02:48.778+08:00 [INFO] ♣7,♠5,♦Q,♠10
2026-05-23T12:02:49.766+08:00 [INFO] 
范明轩的回合 (当前手牌数: 10)

2026-05-23T12:02:49.767+08:00 [INFO] 上一手牌，牌型: 2, 牌是：♣K,♥K

2026-05-23T12:02:49.768+08:00 [INFO] 请选择要出的牌 (输入牌的序号，用逗号分隔，0表示不出): 
2026-05-23T12:02:50.767+08:00 [INFO] 
范明轩的回合 (当前手牌数: 10)

2026-05-23T12:02:50.767+08:00 [INFO] 上一手牌，牌型: 2, 牌是：♣K,♥K

2026-05-23T12:02:50.768+08:00 [INFO] 请选择要出的牌 (输入牌的序号，用逗号分隔，0表示不出): 
2026-05-23T12:02:50.769+08:00 [INFO] 范明轩不出

2026-05-23T12:02:51.767+08:00 [INFO] 
弓昊强的回合 (当前手牌数: 12)

2026-05-23T12:02:51.769+08:00 [INFO] 上一手牌，牌型: 2, 牌是：♣K,♥K

2026-05-23T12:02:51.769+08:00 [INFO] 请选择要出的牌 (输入牌的序号，用逗号分隔，0表示不出): 
2026-05-23T12:02:52.766+08:00 [INFO] 
弓昊强的回合 (当前手牌数: 12)

2026-05-23T12:02:52.767+08:00 [INFO] 上一手牌，牌型: 2, 牌是：♣K,♥K

2026-05-23T12:02:52.768+08:00 [INFO] 请选择要出的牌 (输入牌的序号，用逗号分隔，0表示不出): 
2026-05-23T12:02:52.772+08:00 [INFO] 弓昊强不出

2026-05-23T12:02:53.767+08:00 [INFO] 
凌秋荷的回合 (当前手牌数: 7)

2026-05-23T12:02:53.767+08:00 [INFO] 上一手牌，牌型: 2, 牌是：♣K,♥K

2026-05-23T12:02:53.768+08:00 [INFO] 请选择要出的牌 (输入牌的序号，用逗号分隔，0表示不出): 
2026-05-23T12:02:54.767+08:00 [INFO] 
凌秋荷的回合 (当前手牌数: 7)

2026-05-23T12:02:54.767+08:00 [INFO] 上一手牌，牌型: 2, 牌是：♣K,♥K

2026-05-23T12:02:54.768+08:00 [INFO] 请选择要出的牌 (输入牌的序号，用逗号分隔，0表示不出): 
2026-05-23T12:02:54.769+08:00 [INFO] 凌秋荷不出

2026-05-23T12:02:54.769+08:00 [INFO] 正在订阅 Channel: player:play:card:1，当前玩家: 1
2026-05-23T12:02:54.781+08:00 [INFO] 成功订阅 Channel: player:play:card:1
2026-05-23T12:02:55.767+08:00 [INFO] 
1的回合 (当前手牌数: 4)

2026-05-23T12:02:55.767+08:00 [INFO] 上一手牌，牌型: 0, 牌是：不出

2026-05-23T12:02:55.767+08:00 [INFO] 请选择要出的牌 (输入牌的序号，用逗号分隔，0表示不出): 
2026-05-23T12:02:55.768+08:00 [INFO] 用户 1 接收出牌消息1: <nil>
2026-05-23T12:02:55.769+08:00 [INFO] 用户 1 接收出牌消息2: {0 [] 0}
2026-05-23T12:02:55.811+08:00 [INFO] {b4c5ab39fc15b218ed916b400dfeb50c} 用户 1 发送出牌消息: {"pid":0,"cardIds":[12],"pass":0}
2026-05-23T12:02:56.767+08:00 [INFO] 
1的回合 (当前手牌数: 4)

2026-05-23T12:02:56.769+08:00 [INFO] 上一手牌，牌型: 0, 牌是：不出

2026-05-23T12:02:56.770+08:00 [INFO] 请选择要出的牌 (输入牌的序号，用逗号分隔，0表示不出): 
2026-05-23T12:02:56.771+08:00 [INFO] 从队列收到消息: playCard
2026-05-23T12:02:56.771+08:00 [INFO] 用户 1 接收出牌消息1: type:"playCard"  data:"{\"pid\":0,\"cardIds\":[12],\"pass\":0}"  from:"1"
2026-05-23T12:02:56.772+08:00 [INFO] 用户 1 接收出牌消息2: {0 [12] 0}
2026-05-23T12:02:56.773+08:00 [DEBU] [12]
2026-05-23T12:02:56.774+08:00 [INFO] 1出了: ♠5 (1)

2026-05-23T12:02:56.775+08:00 [INFO] ♣7,♦Q,♠10
2026-05-23T12:02:57.767+08:00 [INFO] 
范明轩的回合 (当前手牌数: 10)

2026-05-23T12:02:57.767+08:00 [INFO] 上一手牌，牌型: 1, 牌是：♠5

2026-05-23T12:02:57.769+08:00 [INFO] 请选择要出的牌 (输入牌的序号，用逗号分隔，0表示不出): 
2026-05-23T12:02:58.767+08:00 [INFO] 
范明轩的回合 (当前手牌数: 10)

2026-05-23T12:02:58.768+08:00 [INFO] 上一手牌，牌型: 1, 牌是：♠5

2026-05-23T12:02:58.769+08:00 [INFO] 请选择要出的牌 (输入牌的序号，用逗号分隔，0表示不出): 
2026-05-23T12:02:59.767+08:00 [INFO] 
范明轩的回合 (当前手牌数: 10)

2026-05-23T12:02:59.767+08:00 [INFO] 上一手牌，牌型: 1, 牌是：♠5

2026-05-23T12:02:59.768+08:00 [INFO] 请选择要出的牌 (输入牌的序号，用逗号分隔，0表示不出): 
2026-05-23T12:02:59.769+08:00 [INFO] 范明轩不出

2026-05-23T12:03:00.768+08:00 [INFO] 
弓昊强的回合 (当前手牌数: 12)

2026-05-23T12:03:00.769+08:00 [INFO] 上一手牌，牌型: 1, 牌是：♠5

2026-05-23T12:03:00.770+08:00 [INFO] 请选择要出的牌 (输入牌的序号，用逗号分隔，0表示不出): 
2026-05-23T12:03:01.766+08:00 [INFO] 
弓昊强的回合 (当前手牌数: 12)

2026-05-23T12:03:01.770+08:00 [INFO] 上一手牌，牌型: 1, 牌是：♠5

2026-05-23T12:03:01.771+08:00 [INFO] 请选择要出的牌 (输入牌的序号，用逗号分隔，0表示不出): 
2026-05-23T12:03:01.772+08:00 [INFO] 弓昊强不出

2026-05-23T12:03:02.767+08:00 [INFO] 
凌秋荷的回合 (当前手牌数: 7)

2026-05-23T12:03:02.767+08:00 [INFO] 上一手牌，牌型: 1, 牌是：♠5

2026-05-23T12:03:02.768+08:00 [INFO] 请选择要出的牌 (输入牌的序号，用逗号分隔，0表示不出): 
2026-05-23T12:03:03.767+08:00 [INFO] 
凌秋荷的回合 (当前手牌数: 7)

2026-05-23T12:03:03.767+08:00 [INFO] 上一手牌，牌型: 1, 牌是：♠5

2026-05-23T12:03:03.769+08:00 [INFO] 请选择要出的牌 (输入牌的序号，用逗号分隔，0表示不出): 
2026-05-23T12:03:03.769+08:00 [INFO] 凌秋荷不出

2026-05-23T12:03:03.770+08:00 [INFO] 正在订阅 Channel: player:play:card:1，当前玩家: 1
2026-05-23T12:03:03.781+08:00 [INFO] 成功订阅 Channel: player:play:card:1
2026-05-23T12:03:04.767+08:00 [INFO] 
1的回合 (当前手牌数: 3)

2026-05-23T12:03:04.767+08:00 [INFO] 上一手牌，牌型: 0, 牌是：不出

2026-05-23T12:03:04.768+08:00 [INFO] 请选择要出的牌 (输入牌的序号，用逗号分隔，0表示不出): 
2026-05-23T12:03:04.770+08:00 [INFO] 用户 1 接收出牌消息1: <nil>
2026-05-23T12:03:04.772+08:00 [INFO] 用户 1 接收出牌消息2: {0 [] 0}
2026-05-23T12:03:05.106+08:00 [INFO] {5c77a863fe15b218ee916b4098f4663a} 用户 1 发送出牌消息: {"pid":0,"cardIds":[18],"pass":0}
2026-05-23T12:03:05.766+08:00 [INFO] 
1的回合 (当前手牌数: 3)

2026-05-23T12:03:05.769+08:00 [INFO] 上一手牌，牌型: 0, 牌是：不出

2026-05-23T12:03:05.770+08:00 [INFO] 请选择要出的牌 (输入牌的序号，用逗号分隔，0表示不出): 
2026-05-23T12:03:05.770+08:00 [INFO] 从队列收到消息: playCard
2026-05-23T12:03:05.771+08:00 [INFO] 用户 1 接收出牌消息1: type:"playCard"  data:"{\"pid\":0,\"cardIds\":[18],\"pass\":0}"  from:"1"
2026-05-23T12:03:05.772+08:00 [INFO] 用户 1 接收出牌消息2: {0 [18] 0}
2026-05-23T12:03:05.773+08:00 [DEBU] [18]
2026-05-23T12:03:05.773+08:00 [INFO] 1出了: ♣7 (1)

2026-05-23T12:03:05.774+08:00 [INFO] ♦Q,♠10
2026-05-23T12:03:06.769+08:00 [INFO] 
范明轩的回合 (当前手牌数: 10)

2026-05-23T12:03:06.770+08:00 [INFO] 上一手牌，牌型: 1, 牌是：♣7

2026-05-23T12:03:06.771+08:00 [INFO] 请选择要出的牌 (输入牌的序号，用逗号分隔，0表示不出): 
2026-05-23T12:03:07.767+08:00 [INFO] 
范明轩的回合 (当前手牌数: 10)

2026-05-23T12:03:07.767+08:00 [INFO] 上一手牌，牌型: 1, 牌是：♣7

2026-05-23T12:03:07.769+08:00 [INFO] 请选择要出的牌 (输入牌的序号，用逗号分隔，0表示不出): 
2026-05-23T12:03:08.767+08:00 [INFO] 
范明轩的回合 (当前手牌数: 10)

2026-05-23T12:03:08.767+08:00 [INFO] 上一手牌，牌型: 1, 牌是：♣7

2026-05-23T12:03:08.768+08:00 [INFO] 请选择要出的牌 (输入牌的序号，用逗号分隔，0表示不出): 
2026-05-23T12:03:08.768+08:00 [INFO] 范明轩不出

2026-05-23T12:03:09.768+08:00 [INFO] 
弓昊强的回合 (当前手牌数: 12)

2026-05-23T12:03:09.768+08:00 [INFO] 上一手牌，牌型: 1, 牌是：♣7

2026-05-23T12:03:09.768+08:00 [INFO] 请选择要出的牌 (输入牌的序号，用逗号分隔，0表示不出): 
2026-05-23T12:03:10.767+08:00 [INFO] 
弓昊强的回合 (当前手牌数: 12)

2026-05-23T12:03:10.769+08:00 [INFO] 上一手牌，牌型: 1, 牌是：♣7

2026-05-23T12:03:10.769+08:00 [INFO] 请选择要出的牌 (输入牌的序号，用逗号分隔，0表示不出): 
2026-05-23T12:03:10.770+08:00 [INFO] 弓昊强不出

2026-05-23T12:03:11.767+08:00 [INFO] 
凌秋荷的回合 (当前手牌数: 7)

2026-05-23T12:03:11.767+08:00 [INFO] 上一手牌，牌型: 1, 牌是：♣7

2026-05-23T12:03:11.773+08:00 [INFO] 请选择要出的牌 (输入牌的序号，用逗号分隔，0表示不出): 
2026-05-23T12:03:12.767+08:00 [INFO] 
凌秋荷的回合 (当前手牌数: 7)

2026-05-23T12:03:12.767+08:00 [INFO] 上一手牌，牌型: 1, 牌是：♣7

2026-05-23T12:03:12.768+08:00 [INFO] 请选择要出的牌 (输入牌的序号，用逗号分隔，0表示不出): 
2026-05-23T12:03:13.767+08:00 [INFO] 
凌秋荷的回合 (当前手牌数: 7)

2026-05-23T12:03:13.768+08:00 [INFO] 上一手牌，牌型: 1, 牌是：♣7

2026-05-23T12:03:13.768+08:00 [INFO] 请选择要出的牌 (输入牌的序号，用逗号分隔，0表示不出): 
2026-05-23T12:03:13.769+08:00 [INFO] 凌秋荷出了: ♦J (1)

2026-05-23T12:03:13.770+08:00 [INFO] 正在订阅 Channel: player:play:card:1，当前玩家: 1
2026-05-23T12:03:13.781+08:00 [INFO] 成功订阅 Channel: player:play:card:1
2026-05-23T12:03:14.767+08:00 [INFO] 
1的回合 (当前手牌数: 2)

2026-05-23T12:03:14.767+08:00 [INFO] 上一手牌，牌型: 1, 牌是：♦J

2026-05-23T12:03:14.768+08:00 [INFO] 请选择要出的牌 (输入牌的序号，用逗号分隔，0表示不出): 
2026-05-23T12:03:14.769+08:00 [INFO] 用户 1 接收出牌消息1: <nil>
2026-05-23T12:03:14.769+08:00 [INFO] 用户 1 接收出牌消息2: {0 [] 0}
2026-05-23T12:03:15.770+08:00 [INFO] 
1的回合 (当前手牌数: 2)

2026-05-23T12:03:15.772+08:00 [INFO] 上一手牌，牌型: 1, 牌是：♦J

2026-05-23T12:03:15.773+08:00 [INFO] 请选择要出的牌 (输入牌的序号，用逗号分隔，0表示不出): 
2026-05-23T12:03:15.775+08:00 [INFO] 用户 1 接收出牌消息1: <nil>
2026-05-23T12:03:15.775+08:00 [INFO] 用户 1 接收出牌消息2: {0 [] 0}
2026-05-23T12:03:16.293+08:00 [INFO] {2c9464fe0016b218ef916b40b496a2ee} 用户 1 发送出牌消息: {"pid":0,"cardIds":[37],"pass":0}
2026-05-23T12:03:16.768+08:00 [INFO] 
1的回合 (当前手牌数: 2)

2026-05-23T12:03:16.768+08:00 [INFO] 上一手牌，牌型: 1, 牌是：♦J

2026-05-23T12:03:16.774+08:00 [INFO] 请选择要出的牌 (输入牌的序号，用逗号分隔，0表示不出): 
2026-05-23T12:03:16.777+08:00 [INFO] 从队列收到消息: playCard
2026-05-23T12:03:16.777+08:00 [INFO] 用户 1 接收出牌消息1: type:"playCard"  data:"{\"pid\":0,\"cardIds\":[37],\"pass\":0}"  from:"1"
2026-05-23T12:03:16.778+08:00 [INFO] 用户 1 接收出牌消息2: {0 [37] 0}
2026-05-23T12:03:16.779+08:00 [DEBU] [37]
2026-05-23T12:03:16.780+08:00 [INFO] 1出了: ♦Q (1)

2026-05-23T12:03:16.781+08:00 [INFO] ♠10
2026-05-23T12:03:17.766+08:00 [INFO] 
范明轩的回合 (当前手牌数: 10)

2026-05-23T12:03:17.767+08:00 [INFO] 上一手牌，牌型: 1, 牌是：♦Q

2026-05-23T12:03:17.768+08:00 [INFO] 请选择要出的牌 (输入牌的序号，用逗号分隔，0表示不出): 
2026-05-23T12:03:18.766+08:00 [INFO] 
范明轩的回合 (当前手牌数: 10)

2026-05-23T12:03:18.768+08:00 [INFO] 上一手牌，牌型: 1, 牌是：♦Q

2026-05-23T12:03:18.768+08:00 [INFO] 请选择要出的牌 (输入牌的序号，用逗号分隔，0表示不出): 
2026-05-23T12:03:18.769+08:00 [INFO] 范明轩不出

2026-05-23T12:03:19.767+08:00 [INFO] 
弓昊强的回合 (当前手牌数: 12)

2026-05-23T12:03:19.767+08:00 [INFO] 上一手牌，牌型: 1, 牌是：♦Q

2026-05-23T12:03:19.768+08:00 [INFO] 请选择要出的牌 (输入牌的序号，用逗号分隔，0表示不出): 
2026-05-23T12:03:20.766+08:00 [INFO] 
弓昊强的回合 (当前手牌数: 12)

2026-05-23T12:03:20.770+08:00 [INFO] 上一手牌，牌型: 1, 牌是：♦Q

2026-05-23T12:03:20.770+08:00 [INFO] 请选择要出的牌 (输入牌的序号，用逗号分隔，0表示不出): 
2026-05-23T12:03:21.766+08:00 [INFO] 
弓昊强的回合 (当前手牌数: 12)

2026-05-23T12:03:21.767+08:00 [INFO] 上一手牌，牌型: 1, 牌是：♦Q

2026-05-23T12:03:21.768+08:00 [INFO] 请选择要出的牌 (输入牌的序号，用逗号分隔，0表示不出): 
2026-05-23T12:03:21.768+08:00 [INFO] 弓昊强不出

2026-05-23T12:03:22.767+08:00 [INFO] 
凌秋荷的回合 (当前手牌数: 6)

2026-05-23T12:03:22.767+08:00 [INFO] 上一手牌，牌型: 1, 牌是：♦Q

2026-05-23T12:03:22.768+08:00 [INFO] 请选择要出的牌 (输入牌的序号，用逗号分隔，0表示不出): 
2026-05-23T12:03:23.766+08:00 [INFO] 
凌秋荷的回合 (当前手牌数: 6)

2026-05-23T12:03:23.766+08:00 [INFO] 上一手牌，牌型: 1, 牌是：♦Q

2026-05-23T12:03:23.768+08:00 [INFO] 请选择要出的牌 (输入牌的序号，用逗号分隔，0表示不出): 
2026-05-23T12:03:24.767+08:00 [INFO] 
凌秋荷的回合 (当前手牌数: 6)

2026-05-23T12:03:24.769+08:00 [INFO] 上一手牌，牌型: 1, 牌是：♦Q

2026-05-23T12:03:24.769+08:00 [INFO] 请选择要出的牌 (输入牌的序号，用逗号分隔，0表示不出): 
2026-05-23T12:03:24.770+08:00 [INFO] 凌秋荷不出

2026-05-23T12:03:24.770+08:00 [INFO] 正在订阅 Channel: player:play:card:1，当前玩家: 1
2026-05-23T12:03:24.778+08:00 [INFO] 成功订阅 Channel: player:play:card:1
2026-05-23T12:03:25.766+08:00 [INFO] 
1的回合 (当前手牌数: 1)

2026-05-23T12:03:25.766+08:00 [INFO] 上一手牌，牌型: 0, 牌是：不出

2026-05-23T12:03:25.771+08:00 [INFO] 请选择要出的牌 (输入牌的序号，用逗号分隔，0表示不出): 
2026-05-23T12:03:25.771+08:00 [INFO] 用户 1 接收出牌消息1: <nil>
2026-05-23T12:03:25.772+08:00 [INFO] 用户 1 接收出牌消息2: {0 [] 0}
2026-05-23T12:03:26.767+08:00 [INFO] 
1的回合 (当前手牌数: 1)

2026-05-23T12:03:26.767+08:00 [INFO] 上一手牌，牌型: 0, 牌是：不出

2026-05-23T12:03:26.768+08:00 [INFO] 请选择要出的牌 (输入牌的序号，用逗号分隔，0表示不出): 
2026-05-23T12:03:26.768+08:00 [INFO] 用户 1 接收出牌消息1: <nil>
2026-05-23T12:03:26.769+08:00 [INFO] 用户 1 接收出牌消息2: {0 [] 0}
2026-05-23T12:03:27.669+08:00 [INFO] {2c2779a40316b218f0916b403e00c9a5} 用户 1 发送出牌消息: {"pid":0,"cardIds":[32],"pass":0}
2026-05-23T12:03:27.767+08:00 [INFO] 
1的回合 (当前手牌数: 1)

2026-05-23T12:03:27.767+08:00 [INFO] 上一手牌，牌型: 0, 牌是：不出

2026-05-23T12:03:27.768+08:00 [INFO] 请选择要出的牌 (输入牌的序号，用逗号分隔，0表示不出): 
2026-05-23T12:03:27.768+08:00 [INFO] 从队列收到消息: playCard
2026-05-23T12:03:27.769+08:00 [INFO] 用户 1 接收出牌消息1: type:"playCard"  data:"{\"pid\":0,\"cardIds\":[32],\"pass\":0}"  from:"1"
2026-05-23T12:03:27.769+08:00 [INFO] 用户 1 接收出牌消息2: {0 [32] 0}
2026-05-23T12:03:27.770+08:00 [DEBU] [32]
2026-05-23T12:03:27.770+08:00 [INFO] 1出了: ♠10 (1)

2026-05-23T12:03:27.772+08:00 [INFO] 
2026-05-23T12:03:28.767+08:00 [INFO] 
游戏结束！恭喜1！获胜

2026-05-23T12:03:28.768+08:00 [INFO] 游戏每个用户结算信息：0, 28, 730, 1

2026-05-23T12:03:28.769+08:00 [INFO] 
2026-05-23T12:03:28.772+08:00 [INFO] 执行结算异步任务: Id:3  UserName:"1"  Point:730
2026-05-23T12:03:28.773+08:00 [DEBU] Watch key "/service/default/default/user/latest/"
2026-05-23T12:03:28.777+08:00 [DEBU] client conn updated with addresses [{"Addr":"172.20.10.3:9020","ServerName":"user","Attributes":{"protocol":"grpc","RawService":"\u003c0xc000aea840\u003e"},"BalancerAttributes":null,"Metadata":null}]
2026-05-23T12:03:28.783+08:00 [DEBU] client conn updated with addresses [{"Addr":"172.20.10.3:9020","ServerName":"user","Attributes":{"protocol":"grpc","RawService":"\u003c0xc000aeaf00\u003e"},"BalancerAttributes":null,"Metadata":null}]
2026-05-23T12:03:31.364+08:00 [INFO] 用户 1 开始延迟添加AI到房间 9W75UJ
2026-05-23T12:03:39.009+08:00 [ERRO] {e87252480616b218f3916b407c76b140} unexpected end of JSON input 
Stack:
1.  game_user/internal/controller/action.(*Controller).getPlayerAndRoomInfo
    D:/gowork/max2/max2/app/game_user/internal/controller/action/action.go:694
2.  game_user/internal/controller/action.(*Controller).handleGetInfo
    D:/gowork/max2/max2/app/game_user/internal/controller/action/action.go:553
3.  game_user/internal/controller/action.(*Controller).SendAction
    D:/gowork/max2/max2/app/game_user/internal/controller/action/action.go:57
4.  game_user/api/action/v1._Action_SendAction_Handler.func1
    D:/gowork/max2/max2/app/game_user/api/action/v1/action_grpc.pb.go:105
5.  google.golang.org/grpc.getChainUnaryHandler.func1
    D:/gowork/pkg/mod/google.golang.org/grpc@v1.79.3/server.go:1242
6.  google.golang.org/grpc.getChainUnaryHandler.func1
    D:/gowork/pkg/mod/google.golang.org/grpc@v1.79.3/server.go:1242
7.  google.golang.org/grpc.getChainUnaryHandler.func1
    D:/gowork/pkg/mod/google.golang.org/grpc@v1.79.3/server.go:1242
8.  google.golang.org/grpc.getChainUnaryHandler.func1
    D:/gowork/pkg/mod/google.golang.org/grpc@v1.79.3/server.go:1242
9.  google.golang.org/grpc.getChainUnaryHandler.func1
    D:/gowork/pkg/mod/google.golang.org/grpc@v1.79.3/server.go:1242
10. google.golang.org/grpc.chainUnaryInterceptors.func1
    D:/gowork/pkg/mod/google.golang.org/grpc@v1.79.3/server.go:1233
11. game_user/api/action/v1._Action_SendAction_Handler
    D:/gowork/max2/max2/app/game_user/api/action/v1/action_grpc.pb.go:107
12. google.golang.org/grpc.(*Server).processUnaryRPC
    D:/gowork/pkg/mod/google.golang.org/grpc@v1.79.3/server.go:1429
13. google.golang.org/grpc.(*Server).handleStream
    D:/gowork/pkg/mod/google.golang.org/grpc@v1.79.3/server.go:1855
14. google.golang.org/grpc.(*Server).serveStreams.func2.1
    D:/gowork/pkg/mod/google.golang.org/grpc@v1.79.3/server.go:1064

2026-05-23T12:03:39.016+08:00 [ERRO] {e87252480616b218f3916b407c76b140} 用户 1 房间  不存在 
Stack:
1.  game_user/internal/controller/action.(*Controller).getPlayerAndRoomInfo
    D:/gowork/max2/max2/app/game_user/internal/controller/action/action.go:699
2.  game_user/internal/controller/action.(*Controller).handleGetInfo
    D:/gowork/max2/max2/app/game_user/internal/controller/action/action.go:553
3.  game_user/internal/controller/action.(*Controller).SendAction
    D:/gowork/max2/max2/app/game_user/internal/controller/action/action.go:57
4.  game_user/api/action/v1._Action_SendAction_Handler.func1
    D:/gowork/max2/max2/app/game_user/api/action/v1/action_grpc.pb.go:105
5.  google.golang.org/grpc.getChainUnaryHandler.func1
    D:/gowork/pkg/mod/google.golang.org/grpc@v1.79.3/server.go:1242
6.  google.golang.org/grpc.getChainUnaryHandler.func1
    D:/gowork/pkg/mod/google.golang.org/grpc@v1.79.3/server.go:1242
7.  google.golang.org/grpc.getChainUnaryHandler.func1
    D:/gowork/pkg/mod/google.golang.org/grpc@v1.79.3/server.go:1242
8.  google.golang.org/grpc.getChainUnaryHandler.func1
    D:/gowork/pkg/mod/google.golang.org/grpc@v1.79.3/server.go:1242
9.  google.golang.org/grpc.getChainUnaryHandler.func1
    D:/gowork/pkg/mod/google.golang.org/grpc@v1.79.3/server.go:1242
10. google.golang.org/grpc.chainUnaryInterceptors.func1
    D:/gowork/pkg/mod/google.golang.org/grpc@v1.79.3/server.go:1233
11. game_user/api/action/v1._Action_SendAction_Handler
    D:/gowork/max2/max2/app/game_user/api/action/v1/action_grpc.pb.go:107
12. google.golang.org/grpc.(*Server).processUnaryRPC
    D:/gowork/pkg/mod/google.golang.org/grpc@v1.79.3/server.go:1429
13. google.golang.org/grpc.(*Server).handleStream
    D:/gowork/pkg/mod/google.golang.org/grpc@v1.79.3/server.go:1855
14. google.golang.org/grpc.(*Server).serveStreams.func2.1
    D:/gowork/pkg/mod/google.golang.org/grpc@v1.79.3/server.go:1064

2026-05-23T12:03:43.531+08:00 [ERRO] {b8478b550716b218f5916b40ae4f617b} unexpected end of JSON input 
Stack:
1.  game_user/internal/controller/action.(*Controller).getPlayerAndRoomInfo
    D:/gowork/max2/max2/app/game_user/internal/controller/action/action.go:694
2.  game_user/internal/controller/action.(*Controller).clearRoom
    D:/gowork/max2/max2/app/game_user/internal/controller/action/action.go:675
3.  game_user/internal/controller/action.(*Controller).handleCreateRoom
    D:/gowork/max2/max2/app/game_user/internal/controller/action/action.go:184
4.  game_user/internal/controller/action.(*Controller).SendAction
    D:/gowork/max2/max2/app/game_user/internal/controller/action/action.go:47
5.  game_user/api/action/v1._Action_SendAction_Handler.func1
    D:/gowork/max2/max2/app/game_user/api/action/v1/action_grpc.pb.go:105
6.  google.golang.org/grpc.getChainUnaryHandler.func1
    D:/gowork/pkg/mod/google.golang.org/grpc@v1.79.3/server.go:1242
7.  google.golang.org/grpc.getChainUnaryHandler.func1
    D:/gowork/pkg/mod/google.golang.org/grpc@v1.79.3/server.go:1242
8.  google.golang.org/grpc.getChainUnaryHandler.func1
    D:/gowork/pkg/mod/google.golang.org/grpc@v1.79.3/server.go:1242
9.  google.golang.org/grpc.getChainUnaryHandler.func1
    D:/gowork/pkg/mod/google.golang.org/grpc@v1.79.3/server.go:1242
10. google.golang.org/grpc.getChainUnaryHandler.func1
    D:/gowork/pkg/mod/google.golang.org/grpc@v1.79.3/server.go:1242
11. google.golang.org/grpc.chainUnaryInterceptors.func1
    D:/gowork/pkg/mod/google.golang.org/grpc@v1.79.3/server.go:1233
12. game_user/api/action/v1._Action_SendAction_Handler
    D:/gowork/max2/max2/app/game_user/api/action/v1/action_grpc.pb.go:107
13. google.golang.org/grpc.(*Server).processUnaryRPC
    D:/gowork/pkg/mod/google.golang.org/grpc@v1.79.3/server.go:1429
14. google.golang.org/grpc.(*Server).handleStream
    D:/gowork/pkg/mod/google.golang.org/grpc@v1.79.3/server.go:1855
15. google.golang.org/grpc.(*Server).serveStreams.func2.1
    D:/gowork/pkg/mod/google.golang.org/grpc@v1.79.3/server.go:1064

2026-05-23T12:03:43.533+08:00 [ERRO] {b8478b550716b218f5916b40ae4f617b} 用户 1 房间  不存在 
Stack:
1.  game_user/internal/controller/action.(*Controller).getPlayerAndRoomInfo
    D:/gowork/max2/max2/app/game_user/internal/controller/action/action.go:699
2.  game_user/internal/controller/action.(*Controller).clearRoom
    D:/gowork/max2/max2/app/game_user/internal/controller/action/action.go:675
3.  game_user/internal/controller/action.(*Controller).handleCreateRoom
    D:/gowork/max2/max2/app/game_user/internal/controller/action/action.go:184
4.  game_user/internal/controller/action.(*Controller).SendAction
    D:/gowork/max2/max2/app/game_user/internal/controller/action/action.go:47
5.  game_user/api/action/v1._Action_SendAction_Handler.func1
    D:/gowork/max2/max2/app/game_user/api/action/v1/action_grpc.pb.go:105
6.  google.golang.org/grpc.getChainUnaryHandler.func1
    D:/gowork/pkg/mod/google.golang.org/grpc@v1.79.3/server.go:1242
7.  google.golang.org/grpc.getChainUnaryHandler.func1
    D:/gowork/pkg/mod/google.golang.org/grpc@v1.79.3/server.go:1242
8.  google.golang.org/grpc.getChainUnaryHandler.func1
    D:/gowork/pkg/mod/google.golang.org/grpc@v1.79.3/server.go:1242
9.  google.golang.org/grpc.getChainUnaryHandler.func1
    D:/gowork/pkg/mod/google.golang.org/grpc@v1.79.3/server.go:1242
10. google.golang.org/grpc.getChainUnaryHandler.func1
    D:/gowork/pkg/mod/google.golang.org/grpc@v1.79.3/server.go:1242
11. google.golang.org/grpc.chainUnaryInterceptors.func1
    D:/gowork/pkg/mod/google.golang.org/grpc@v1.79.3/server.go:1233
12. game_user/api/action/v1._Action_SendAction_Handler
    D:/gowork/max2/max2/app/game_user/api/action/v1/action_grpc.pb.go:107
13. google.golang.org/grpc.(*Server).processUnaryRPC
    D:/gowork/pkg/mod/google.golang.org/grpc@v1.79.3/server.go:1429
14. google.golang.org/grpc.(*Server).handleStream
    D:/gowork/pkg/mod/google.golang.org/grpc@v1.79.3/server.go:1855
15. google.golang.org/grpc.(*Server).serveStreams.func2.1
    D:/gowork/pkg/mod/google.golang.org/grpc@v1.79.3/server.go:1064

2026-05-23T12:03:47.362+08:00 [ERRO] {3c8b473a0816b218f7916b405cc8ec19} unexpected end of JSON input 
Stack:
1.  game_user/internal/controller/action.(*Controller).getPlayerAndRoomInfo
    D:/gowork/max2/max2/app/game_user/internal/controller/action/action.go:694
2.  game_user/internal/controller/action.(*Controller).handleGetInfo
    D:/gowork/max2/max2/app/game_user/internal/controller/action/action.go:553
3.  game_user/internal/controller/action.(*Controller).SendAction
    D:/gowork/max2/max2/app/game_user/internal/controller/action/action.go:57
4.  game_user/api/action/v1._Action_SendAction_Handler.func1
    D:/gowork/max2/max2/app/game_user/api/action/v1/action_grpc.pb.go:105
5.  google.golang.org/grpc.getChainUnaryHandler.func1
    D:/gowork/pkg/mod/google.golang.org/grpc@v1.79.3/server.go:1242
6.  google.golang.org/grpc.getChainUnaryHandler.func1
    D:/gowork/pkg/mod/google.golang.org/grpc@v1.79.3/server.go:1242
7.  google.golang.org/grpc.getChainUnaryHandler.func1
    D:/gowork/pkg/mod/google.golang.org/grpc@v1.79.3/server.go:1242
8.  google.golang.org/grpc.getChainUnaryHandler.func1
    D:/gowork/pkg/mod/google.golang.org/grpc@v1.79.3/server.go:1242
9.  google.golang.org/grpc.getChainUnaryHandler.func1
    D:/gowork/pkg/mod/google.golang.org/grpc@v1.79.3/server.go:1242
10. google.golang.org/grpc.chainUnaryInterceptors.func1
    D:/gowork/pkg/mod/google.golang.org/grpc@v1.79.3/server.go:1233
11. game_user/api/action/v1._Action_SendAction_Handler
    D:/gowork/max2/max2/app/game_user/api/action/v1/action_grpc.pb.go:107
12. google.golang.org/grpc.(*Server).processUnaryRPC
    D:/gowork/pkg/mod/google.golang.org/grpc@v1.79.3/server.go:1429
13. google.golang.org/grpc.(*Server).handleStream
    D:/gowork/pkg/mod/google.golang.org/grpc@v1.79.3/server.go:1855
14. google.golang.org/grpc.(*Server).serveStreams.func2.1
    D:/gowork/pkg/mod/google.golang.org/grpc@v1.79.3/server.go:1064

2026-05-23T12:03:47.366+08:00 [ERRO] {3c8b473a0816b218f7916b405cc8ec19} 用户 1 房间  不存在 
Stack:
1.  game_user/internal/controller/action.(*Controller).getPlayerAndRoomInfo
    D:/gowork/max2/max2/app/game_user/internal/controller/action/action.go:699
2.  game_user/internal/controller/action.(*Controller).handleGetInfo
    D:/gowork/max2/max2/app/game_user/internal/controller/action/action.go:553
3.  game_user/internal/controller/action.(*Controller).SendAction
    D:/gowork/max2/max2/app/game_user/internal/controller/action/action.go:57
4.  game_user/api/action/v1._Action_SendAction_Handler.func1
    D:/gowork/max2/max2/app/game_user/api/action/v1/action_grpc.pb.go:105
5.  google.golang.org/grpc.getChainUnaryHandler.func1
    D:/gowork/pkg/mod/google.golang.org/grpc@v1.79.3/server.go:1242
6.  google.golang.org/grpc.getChainUnaryHandler.func1
    D:/gowork/pkg/mod/google.golang.org/grpc@v1.79.3/server.go:1242
7.  google.golang.org/grpc.getChainUnaryHandler.func1
    D:/gowork/pkg/mod/google.golang.org/grpc@v1.79.3/server.go:1242
8.  google.golang.org/grpc.getChainUnaryHandler.func1
    D:/gowork/pkg/mod/google.golang.org/grpc@v1.79.3/server.go:1242
9.  google.golang.org/grpc.getChainUnaryHandler.func1
    D:/gowork/pkg/mod/google.golang.org/grpc@v1.79.3/server.go:1242
10. google.golang.org/grpc.chainUnaryInterceptors.func1
    D:/gowork/pkg/mod/google.golang.org/grpc@v1.79.3/server.go:1233
11. game_user/api/action/v1._Action_SendAction_Handler
    D:/gowork/max2/max2/app/game_user/api/action/v1/action_grpc.pb.go:107
12. google.golang.org/grpc.(*Server).processUnaryRPC
    D:/gowork/pkg/mod/google.golang.org/grpc@v1.79.3/server.go:1429
13. google.golang.org/grpc.(*Server).handleStream
    D:/gowork/pkg/mod/google.golang.org/grpc@v1.79.3/server.go:1855
14. google.golang.org/grpc.(*Server).serveStreams.func2.1
    D:/gowork/pkg/mod/google.golang.org/grpc@v1.79.3/server.go:1064

