2026-05-13T00:36:40.262+08:00 [DEBU] etcd put success with key "/service/default/default/game_user.svc/latest/172.20.10.3:8010", value "{"insecure":true,"protocol":"http"}", lease "7587894790532690274"
2026-05-13T00:36:41.376+08:00 [DEBU] etcd put success with key "/service/default/default/game_user/latest/172.20.10.3:9010", value "{"protocol":"grpc"}", lease "7587894790532690271"
2026-05-13T00:36:56.999+08:00 [INFO] {706d2e84bfdeae18b6c6860bb10b88b5} 用户 1 连接成功
2026-05-13T00:36:57.002+08:00 [INFO] heartbeatCheck: 2562047h47m16.854775807s
2026-05-13T00:36:57.024+08:00 [INFO] 用户 1 接收消息: {"type":"getInfo","data":"","name":""}（类型: 1）
2026-05-13T00:36:57.065+08:00 [ERRO] unexpected end of JSON input 
Stack:
1.  game_user/internal/controller/enter.(*Client).handleGetInfo
    D:/gowork/max2/max2/app/game_user/internal/controller/enter/enter_v1_enter.go:717
2.  game_user/internal/controller/enter.(*Client).readLoop
    D:/gowork/max2/max2/app/game_user/internal/controller/enter/enter_v1_enter.go:196

2026-05-13T00:36:57.090+08:00 [ERRO] 用户 1 房间  不存在 
Stack:
1.  game_user/internal/controller/enter.(*Client).handleGetInfo
    D:/gowork/max2/max2/app/game_user/internal/controller/enter/enter_v1_enter.go:729
2.  game_user/internal/controller/enter.(*Client).readLoop
    D:/gowork/max2/max2/app/game_user/internal/controller/enter/enter_v1_enter.go:196

2026-05-13T00:36:58.586+08:00 [INFO] 用户 1 接收消息: {"type":"initRoom","data":"","name":""}（类型: 1）
2026-05-13T00:36:58.595+08:00 [ERRO] json: unsupported type: context.CancelFunc 
Stack:
1.  game_user/internal/controller/enter.(*Client).handleInitRoom
    D:/gowork/max2/max2/app/game_user/internal/controller/enter/enter_v1_enter.go:230
2.  game_user/internal/controller/enter.(*Client).readLoop
    D:/gowork/max2/max2/app/game_user/internal/controller/enter/enter_v1_enter.go:184

2026-05-13T00:36:58.612+08:00 [INFO] 用户 1 开始延迟添加AI到房间 LR8TM2
2026-05-13T00:36:58.617+08:00 [INFO] 用户 1 发送消息: {"type":"initRoom","data":"[{\"ID\":0,\"Name\":\"1\",\"RoomID\":\"LR8TM2\",\"Type\":0,\"CardNum\":13,\"Point\":916,\"UserId\":\"1\",\"RoomType\":1},{\"ID\":1,\"Name\":\"荀曼冬\",\"RoomID\":\"LR8TM2\",\"Type\":1,\"CardNum\":13,\"Point\":0,\"UserId\":\"\",\"RoomType\":1},{\"ID\":2,\"Name\":\"邰忆文\",\"RoomID\":\"LR8TM2\",\"Type\":1,\"CardNum\":13,\"Point\":0,\"UserId\":\"\",\"RoomType\":1}]","from":"1"}
2026-05-13T00:36:58.619+08:00 [INFO] 执行日志异步任务: RoomID:"LR8TM2" Type:1 UserID:"1" Point:916 Action:"initRoom"
2026-05-13T00:36:58.624+08:00 [DEBU] Watch key "/service/default/default/log-service/latest/"
2026-05-13T00:37:00.625+08:00 [INFO] 用户 1 发送消息: {"type":"initRoom","data":"[{\"ID\":0,\"Name\":\"1\",\"RoomID\":\"LR8TM2\",\"Type\":0,\"CardNum\":13,\"Point\":916,\"UserId\":\"1\",\"RoomType\":1},{\"ID\":1,\"Name\":\"荀曼冬\",\"RoomID\":\"LR8TM2\",\"Type\":1,\"CardNum\":13,\"Point\":0,\"UserId\":\"\",\"RoomType\":1},{\"ID\":2,\"Name\":\"邰忆文\",\"RoomID\":\"LR8TM2\",\"Type\":1,\"CardNum\":13,\"Point\":0,\"UserId\":\"\",\"RoomType\":1},{\"ID\":3,\"Name\":\"印明哲\",\"RoomID\":\"LR8TM2\",\"Type\":1,\"CardNum\":13,\"Point\":0,\"UserId\":\"\",\"RoomType\":1}]","from":"1"}
2026-05-13T00:37:01.914+08:00 [INFO] 用户 1 接收消息: {"type":"play","data":"","name":""}（类型: 1）
2026-05-13T00:37:01.916+08:00 [INFO] 
===== 房间 LR8TM2 游戏开始 =====
2026-05-13T00:37:01.917+08:00 [INFO] 
确定谁先出牌...
2026-05-13T00:37:01.919+08:00 [INFO] 房间 LR8TM2 启动消息接收 goroutine
2026-05-13T00:37:01.921+08:00 [INFO] 1的牌: 
2026-05-13T00:37:01.924+08:00 [INFO] ♣3,♦5,♦9,♥J,♣8,♦A,♥A,♥Q,♣6,♣Q,♣J,♣K,♦10
2026-05-13T00:37:01.930+08:00 [INFO] 荀曼冬的牌: 
2026-05-13T00:37:01.932+08:00 [INFO] 牌型：4,具体的牌：[[{2 3 ♠2 52 15 ♠} {K 3 ♠K 44 13 ♠} {Q 3 ♠Q 40 12 ♠} {9 3 ♠9 28 9 ♠} {7 3 ♠7 20 7 ♠}]] 
2026-05-13T00:37:01.932+08:00 [INFO] 牌型：2,具体的牌：[[{6 0 ♦6 13 6 ♦} {6 2 ♥6 15 6 ♥}]] 
2026-05-13T00:37:01.935+08:00 [INFO] 牌型：1,具体的牌：[[{2 0 ♦2 49 15 ♦}] [{4 1 ♣4 6 4 ♣}] [{5 1 ♣5 10 5 ♣}] [{10 1 ♣10 30 10 ♣}] [{8 2 ♥8 23 8 ♥}] [{K 2 ♥K 43 13 ♥}]] 
2026-05-13T00:37:01.936+08:00 [INFO] 邰忆文的牌: 
2026-05-13T00:37:01.946+08:00 [INFO] 牌型：4,具体的牌：[[{J 3 ♠J 36 11 ♠} {10 3 ♠10 32 10 ♠} {8 3 ♠8 24 8 ♠} {6 3 ♠6 16 6 ♠} {3 3 ♠3 4 3 ♠}]] 
2026-05-13T00:37:01.948+08:00 [INFO] 牌型：2,具体的牌：[[{7 0 ♦7 17 7 ♦} {7 2 ♥7 19 7 ♥}]] 
2026-05-13T00:37:01.967+08:00 [INFO] 牌型：1,具体的牌：[[{Q 0 ♦Q 37 12 ♦}] [{9 1 ♣9 26 9 ♣}] [{2 1 ♣2 50 15 ♣}] [{3 2 ♥3 3 3 ♥}] [{4 2 ♥4 7 4 ♥}] [{5 2 ♥5 11 5 ♥}]] 
2026-05-13T00:37:01.968+08:00 [INFO] 印明哲的牌: 
2026-05-13T00:37:01.970+08:00 [INFO] 牌型：2,具体的牌：[[{A 1 ♣A 46 14 ♣} {A 3 ♠A 48 14 ♠}]] 
2026-05-13T00:37:01.982+08:00 [INFO] 牌型：1,具体的牌：[[{7 1 ♣7 18 7 ♣}] [{9 2 ♥9 27 9 ♥}] [{10 2 ♥10 31 10 ♥}] [{2 2 ♥2 51 15 ♥}] [{4 3 ♠4 8 4 ♠}] [{5 3 ♠5 12 5 ♠}]] 
2026-05-13T00:37:01.984+08:00 [INFO] 牌型：4,具体的牌：[[{K 0 ♦K 41 13 ♦} {J 0 ♦J 33 11 ♦} {8 0 ♦8 21 8 ♦} {4 0 ♦4 5 4 ♦} {3 0 ♦3 1 3 ♦}]] 
2026-05-13T00:37:01.985+08:00 [INFO] 用户 1 接收消息: {"type":"getInfo","data":"","name":""}（类型: 1）
2026-05-13T00:37:02.120+08:00 [ERRO] 房间信息json错误: unexpected end of JSON input 
Stack:
1.  game_user/internal/controller/enter.(*Client).handleGetInfo
    D:/gowork/max2/max2/app/game_user/internal/controller/enter/enter_v1_enter.go:734
2.  game_user/internal/controller/enter.(*Client).readLoop
    D:/gowork/max2/max2/app/game_user/internal/controller/enter/enter_v1_enter.go:196

2026-05-13T00:37:19.166+08:00 [WARN] keepalive exit, lease id: 7587894790532690271, retry register
2026-05-13T00:37:19.171+08:00 [WARN] keepalive exit, lease id: 7587894790532690274, retry register
2026-05-13T00:37:19.172+08:00 [INFO] 用户 1 接收消息: {"type":"heartbeat","data":"ping"}（类型: 1）
2026-05-13T00:37:19.174+08:00 [INFO] heartbeatCheck: 1.99ms
2026-05-13T00:37:19.178+08:00 [INFO] 用户 1 发送消息: {"type":"heartbeat","data":"pong","from":"1"}
2026-05-13T00:37:19.182+08:00 [INFO] 用户 1 发送消息: {"type":"showCard","data":"{\"cards\":[2,9,25,35,22,45,47,39,14,38,34,42,29],\"current\":3,\"playerPoint\":916,\"outCardTimeout\":30}","from":""}
2026-05-13T00:37:19.191+08:00 [DEBU] etcd put success with key "/service/default/default/game_user/latest/172.20.10.3:9010", value "{"protocol":"grpc"}", lease "7587894790532690282"
2026-05-13T00:37:19.193+08:00 [DEBU] etcd put success with key "/service/default/default/game_user.svc/latest/172.20.10.3:8010", value "{"insecure":true,"protocol":"http"}", lease "7587894790532690284"
2026-05-13T00:37:19.790+08:00 [INFO] 
印明哲的回合 (当前手牌数: 13)

2026-05-13T00:37:19.792+08:00 [INFO] 上一手牌，牌型: 0, 牌是：不出

2026-05-13T00:37:19.797+08:00 [INFO] 请选择要出的牌 (输入牌的序号，用逗号分隔，0表示不出): 
2026-05-13T00:37:20.789+08:00 [INFO] 
印明哲的回合 (当前手牌数: 13)

2026-05-13T00:37:20.790+08:00 [INFO] 上一手牌，牌型: 0, 牌是：不出

2026-05-13T00:37:20.795+08:00 [INFO] 请选择要出的牌 (输入牌的序号，用逗号分隔，0表示不出): 
2026-05-13T00:37:21.788+08:00 [INFO] 
印明哲的回合 (当前手牌数: 13)

2026-05-13T00:37:21.789+08:00 [INFO] 上一手牌，牌型: 0, 牌是：不出

2026-05-13T00:37:21.789+08:00 [INFO] 请选择要出的牌 (输入牌的序号，用逗号分隔，0表示不出): 
2026-05-13T00:37:21.790+08:00 [INFO] 印明哲出了: ♦K,♦J,♦8,♦4,♦3 (4)

2026-05-13T00:37:21.791+08:00 [INFO] 正在订阅 Channel: player:play:card:1，当前玩家: 1
2026-05-13T00:37:21.794+08:00 [INFO] 成功订阅 Channel: player:play:card:1
2026-05-13T00:37:21.799+08:00 [ERRO] json: unsupported type: context.CancelFunc 
Stack:
1.  game_user/internal/controller/room.(*Room).GameLoop.func7
    D:/gowork/max2/max2/app/game_user/internal/controller/room/room.go:1040

2026-05-13T00:37:21.799+08:00 [INFO] 用户 1 发送消息: {"type":"outCard","data":"{\"pid\":3,\"cardIds\":[41,33,21,5,1],\"card_type\":4,\"cards_num\":8,\"code\":0,\"current\":0,\"mustPid\":3,\"outCardTimeout\":30}","from":""}
2026-05-13T00:37:22.002+08:00 [INFO] heartbeatCheck: 2.8302155s
2026-05-13T00:37:22.789+08:00 [INFO] 
1的回合 (当前手牌数: 13)

2026-05-13T00:37:22.789+08:00 [INFO] 上一手牌，牌型: 4, 牌是：♦K,♦J,♦8,♦4,♦3

2026-05-13T00:37:22.790+08:00 [INFO] 请选择要出的牌 (输入牌的序号，用逗号分隔，0表示不出): 
2026-05-13T00:37:22.791+08:00 [INFO] 用户 1 接收出牌消息1: <nil>
2026-05-13T00:37:22.792+08:00 [INFO] 用户 1 接收出牌消息2: {0 [] 0}
2026-05-13T00:37:23.934+08:00 [INFO] 
1的回合 (当前手牌数: 13)

2026-05-13T00:37:23.934+08:00 [INFO] 上一手牌，牌型: 4, 牌是：♦K,♦J,♦8,♦4,♦3

2026-05-13T00:37:23.938+08:00 [INFO] 请选择要出的牌 (输入牌的序号，用逗号分隔，0表示不出): 
2026-05-13T00:37:23.941+08:00 [INFO] 用户 1 接收出牌消息1: <nil>
2026-05-13T00:37:23.944+08:00 [INFO] 用户 1 接收出牌消息2: {0 [] 0}
2026-05-13T00:37:24.891+08:00 [INFO] 
1的回合 (当前手牌数: 13)

2026-05-13T00:37:24.891+08:00 [INFO] 上一手牌，牌型: 4, 牌是：♦K,♦J,♦8,♦4,♦3

2026-05-13T00:37:24.892+08:00 [INFO] 请选择要出的牌 (输入牌的序号，用逗号分隔，0表示不出): 
2026-05-13T00:37:24.893+08:00 [INFO] 用户 1 接收出牌消息1: <nil>
2026-05-13T00:37:24.894+08:00 [INFO] 用户 1 接收出牌消息2: {0 [] 0}
2026-05-13T00:37:25.889+08:00 [INFO] 
1的回合 (当前手牌数: 13)

2026-05-13T00:37:25.890+08:00 [INFO] 上一手牌，牌型: 4, 牌是：♦K,♦J,♦8,♦4,♦3

2026-05-13T00:37:25.890+08:00 [INFO] 请选择要出的牌 (输入牌的序号，用逗号分隔，0表示不出): 
2026-05-13T00:37:25.891+08:00 [INFO] 用户 1 接收出牌消息1: <nil>
2026-05-13T00:37:25.891+08:00 [INFO] 用户 1 接收出牌消息2: {0 [] 0}
2026-05-13T00:37:26.889+08:00 [INFO] 
1的回合 (当前手牌数: 13)

2026-05-13T00:37:26.890+08:00 [INFO] 上一手牌，牌型: 4, 牌是：♦K,♦J,♦8,♦4,♦3

2026-05-13T00:37:26.890+08:00 [INFO] 请选择要出的牌 (输入牌的序号，用逗号分隔，0表示不出): 
2026-05-13T00:37:26.891+08:00 [INFO] 用户 1 接收出牌消息1: <nil>
2026-05-13T00:37:26.892+08:00 [INFO] 用户 1 接收出牌消息2: {0 [] 0}
2026-05-13T00:37:27.002+08:00 [INFO] heartbeatCheck: 7.8302706s
2026-05-13T00:37:27.889+08:00 [INFO] 
1的回合 (当前手牌数: 13)

2026-05-13T00:37:27.893+08:00 [INFO] 上一手牌，牌型: 4, 牌是：♦K,♦J,♦8,♦4,♦3

2026-05-13T00:37:27.896+08:00 [INFO] 请选择要出的牌 (输入牌的序号，用逗号分隔，0表示不出): 
2026-05-13T00:37:27.899+08:00 [INFO] 用户 1 接收出牌消息1: <nil>
2026-05-13T00:37:27.904+08:00 [INFO] 用户 1 接收出牌消息2: {0 [] 0}
2026-05-13T00:37:28.889+08:00 [INFO] 
1的回合 (当前手牌数: 13)

2026-05-13T00:37:28.889+08:00 [INFO] 上一手牌，牌型: 4, 牌是：♦K,♦J,♦8,♦4,♦3

2026-05-13T00:37:28.889+08:00 [INFO] 请选择要出的牌 (输入牌的序号，用逗号分隔，0表示不出): 
2026-05-13T00:37:28.890+08:00 [INFO] 用户 1 接收出牌消息1: <nil>
2026-05-13T00:37:28.891+08:00 [INFO] 用户 1 接收出牌消息2: {0 [] 0}
2026-05-13T00:37:29.889+08:00 [INFO] 
1的回合 (当前手牌数: 13)

2026-05-13T00:37:29.891+08:00 [INFO] 上一手牌，牌型: 4, 牌是：♦K,♦J,♦8,♦4,♦3

2026-05-13T00:37:29.892+08:00 [INFO] 请选择要出的牌 (输入牌的序号，用逗号分隔，0表示不出): 
2026-05-13T00:37:29.892+08:00 [INFO] 用户 1 接收出牌消息1: <nil>
2026-05-13T00:37:29.893+08:00 [INFO] 用户 1 接收出牌消息2: {0 [] 0}
2026-05-13T00:37:30.889+08:00 [INFO] 
1的回合 (当前手牌数: 13)

2026-05-13T00:37:30.889+08:00 [INFO] 上一手牌，牌型: 4, 牌是：♦K,♦J,♦8,♦4,♦3

2026-05-13T00:37:30.890+08:00 [INFO] 请选择要出的牌 (输入牌的序号，用逗号分隔，0表示不出): 
2026-05-13T00:37:30.891+08:00 [INFO] 用户 1 接收出牌消息1: <nil>
2026-05-13T00:37:30.892+08:00 [INFO] 用户 1 接收出牌消息2: {0 [] 0}
2026-05-13T00:37:31.814+08:00 [INFO] 用户 1 接收消息: {"type":"heartbeat","data":"ping"}（类型: 1）
2026-05-13T00:37:31.816+08:00 [INFO] 用户 1 发送消息: {"type":"heartbeat","data":"pong","from":"1"}
2026-05-13T00:37:31.889+08:00 [INFO] 
1的回合 (当前手牌数: 13)

2026-05-13T00:37:31.890+08:00 [INFO] 上一手牌，牌型: 4, 牌是：♦K,♦J,♦8,♦4,♦3

2026-05-13T00:37:31.890+08:00 [INFO] 请选择要出的牌 (输入牌的序号，用逗号分隔，0表示不出): 
2026-05-13T00:37:31.891+08:00 [INFO] 用户 1 接收出牌消息1: <nil>
2026-05-13T00:37:31.891+08:00 [INFO] 用户 1 接收出牌消息2: {0 [] 0}
2026-05-13T00:37:32.003+08:00 [INFO] heartbeatCheck: 188.7895ms
2026-05-13T00:37:32.889+08:00 [INFO] 
1的回合 (当前手牌数: 13)

2026-05-13T00:37:32.890+08:00 [INFO] 上一手牌，牌型: 4, 牌是：♦K,♦J,♦8,♦4,♦3

2026-05-13T00:37:32.892+08:00 [INFO] 请选择要出的牌 (输入牌的序号，用逗号分隔，0表示不出): 
2026-05-13T00:37:32.893+08:00 [INFO] 用户 1 接收出牌消息1: <nil>
2026-05-13T00:37:32.895+08:00 [INFO] 用户 1 接收出牌消息2: {0 [] 0}
2026-05-13T00:37:33.889+08:00 [INFO] 
1的回合 (当前手牌数: 13)

2026-05-13T00:37:33.890+08:00 [INFO] 上一手牌，牌型: 4, 牌是：♦K,♦J,♦8,♦4,♦3

2026-05-13T00:37:33.891+08:00 [INFO] 请选择要出的牌 (输入牌的序号，用逗号分隔，0表示不出): 
2026-05-13T00:37:33.891+08:00 [INFO] 用户 1 接收出牌消息1: <nil>
2026-05-13T00:37:33.891+08:00 [INFO] 用户 1 接收出牌消息2: {0 [] 0}
2026-05-13T00:37:34.889+08:00 [INFO] 
1的回合 (当前手牌数: 13)

2026-05-13T00:37:34.890+08:00 [INFO] 上一手牌，牌型: 4, 牌是：♦K,♦J,♦8,♦4,♦3

2026-05-13T00:37:34.892+08:00 [INFO] 请选择要出的牌 (输入牌的序号，用逗号分隔，0表示不出): 
2026-05-13T00:37:34.892+08:00 [INFO] 用户 1 接收出牌消息1: <nil>
2026-05-13T00:37:34.893+08:00 [INFO] 用户 1 接收出牌消息2: {0 [] 0}
2026-05-13T00:37:35.890+08:00 [INFO] 
1的回合 (当前手牌数: 13)

2026-05-13T00:37:35.890+08:00 [INFO] 上一手牌，牌型: 4, 牌是：♦K,♦J,♦8,♦4,♦3

2026-05-13T00:37:35.891+08:00 [INFO] 请选择要出的牌 (输入牌的序号，用逗号分隔，0表示不出): 
2026-05-13T00:37:35.892+08:00 [INFO] 用户 1 接收出牌消息1: <nil>
2026-05-13T00:37:35.892+08:00 [INFO] 用户 1 接收出牌消息2: {0 [] 0}
2026-05-13T00:37:36.889+08:00 [INFO] 
1的回合 (当前手牌数: 13)

2026-05-13T00:37:36.889+08:00 [INFO] 上一手牌，牌型: 4, 牌是：♦K,♦J,♦8,♦4,♦3

2026-05-13T00:37:36.890+08:00 [INFO] 请选择要出的牌 (输入牌的序号，用逗号分隔，0表示不出): 
2026-05-13T00:37:36.891+08:00 [INFO] 用户 1 接收出牌消息1: <nil>
2026-05-13T00:37:36.891+08:00 [INFO] 用户 1 接收出牌消息2: {0 [] 0}
2026-05-13T00:37:37.002+08:00 [INFO] heartbeatCheck: 5.1878191s
2026-05-13T00:37:37.888+08:00 [INFO] 
1的回合 (当前手牌数: 13)

2026-05-13T00:37:37.892+08:00 [INFO] 上一手牌，牌型: 4, 牌是：♦K,♦J,♦8,♦4,♦3

2026-05-13T00:37:37.894+08:00 [INFO] 请选择要出的牌 (输入牌的序号，用逗号分隔，0表示不出): 
2026-05-13T00:37:37.896+08:00 [INFO] 用户 1 接收出牌消息1: <nil>
2026-05-13T00:37:37.899+08:00 [INFO] 用户 1 接收出牌消息2: {0 [] 0}
2026-05-13T00:37:38.888+08:00 [INFO] 
1的回合 (当前手牌数: 13)

2026-05-13T00:37:38.889+08:00 [INFO] 上一手牌，牌型: 4, 牌是：♦K,♦J,♦8,♦4,♦3

2026-05-13T00:37:38.892+08:00 [INFO] 请选择要出的牌 (输入牌的序号，用逗号分隔，0表示不出): 
2026-05-13T00:37:38.895+08:00 [INFO] 用户 1 接收出牌消息1: <nil>
2026-05-13T00:37:38.896+08:00 [INFO] 用户 1 接收出牌消息2: {0 [] 0}
2026-05-13T00:37:39.889+08:00 [INFO] 
1的回合 (当前手牌数: 13)

2026-05-13T00:37:39.890+08:00 [INFO] 上一手牌，牌型: 4, 牌是：♦K,♦J,♦8,♦4,♦3

2026-05-13T00:37:39.891+08:00 [INFO] 请选择要出的牌 (输入牌的序号，用逗号分隔，0表示不出): 
2026-05-13T00:37:39.892+08:00 [INFO] 用户 1 接收出牌消息1: <nil>
2026-05-13T00:37:39.893+08:00 [INFO] 用户 1 接收出牌消息2: {0 [] 0}
2026-05-13T00:37:40.888+08:00 [INFO] 
1的回合 (当前手牌数: 13)

2026-05-13T00:37:40.889+08:00 [INFO] 上一手牌，牌型: 4, 牌是：♦K,♦J,♦8,♦4,♦3

2026-05-13T00:37:40.889+08:00 [INFO] 请选择要出的牌 (输入牌的序号，用逗号分隔，0表示不出): 
2026-05-13T00:37:40.890+08:00 [INFO] 用户 1 接收出牌消息1: <nil>
2026-05-13T00:37:40.891+08:00 [INFO] 用户 1 接收出牌消息2: {0 [] 0}
2026-05-13T00:37:41.832+08:00 [INFO] 用户 1 接收消息: {"type":"heartbeat","data":"ping"}（类型: 1）
2026-05-13T00:37:41.836+08:00 [INFO] 用户 1 发送消息: {"type":"heartbeat","data":"pong","from":"1"}
2026-05-13T00:37:41.889+08:00 [INFO] 
1的回合 (当前手牌数: 13)

2026-05-13T00:37:41.890+08:00 [INFO] 上一手牌，牌型: 4, 牌是：♦K,♦J,♦8,♦4,♦3

2026-05-13T00:37:41.892+08:00 [INFO] 请选择要出的牌 (输入牌的序号，用逗号分隔，0表示不出): 
2026-05-13T00:37:41.896+08:00 [INFO] 用户 1 接收出牌消息1: <nil>
2026-05-13T00:37:41.901+08:00 [INFO] 用户 1 接收出牌消息2: {0 [] 0}
2026-05-13T00:37:42.002+08:00 [INFO] heartbeatCheck: 169.9218ms
2026-05-13T00:37:42.889+08:00 [INFO] 
1的回合 (当前手牌数: 13)

2026-05-13T00:37:42.892+08:00 [INFO] 上一手牌，牌型: 4, 牌是：♦K,♦J,♦8,♦4,♦3

2026-05-13T00:37:42.893+08:00 [INFO] 请选择要出的牌 (输入牌的序号，用逗号分隔，0表示不出): 
2026-05-13T00:37:42.896+08:00 [INFO] 用户 1 接收出牌消息1: <nil>
2026-05-13T00:37:42.896+08:00 [INFO] 用户 1 接收出牌消息2: {0 [] 0}
2026-05-13T00:37:43.889+08:00 [INFO] 
1的回合 (当前手牌数: 13)

2026-05-13T00:37:43.890+08:00 [INFO] 上一手牌，牌型: 4, 牌是：♦K,♦J,♦8,♦4,♦3

2026-05-13T00:37:43.891+08:00 [INFO] 请选择要出的牌 (输入牌的序号，用逗号分隔，0表示不出): 
2026-05-13T00:37:43.891+08:00 [INFO] 用户 1 接收出牌消息1: <nil>
2026-05-13T00:37:43.892+08:00 [INFO] 用户 1 接收出牌消息2: {0 [] 0}
2026-05-13T00:37:44.890+08:00 [INFO] 
1的回合 (当前手牌数: 13)

2026-05-13T00:37:44.890+08:00 [INFO] 上一手牌，牌型: 4, 牌是：♦K,♦J,♦8,♦4,♦3

2026-05-13T00:37:44.892+08:00 [INFO] 请选择要出的牌 (输入牌的序号，用逗号分隔，0表示不出): 
2026-05-13T00:37:44.892+08:00 [INFO] 用户 1 接收出牌消息1: <nil>
2026-05-13T00:37:44.893+08:00 [INFO] 用户 1 接收出牌消息2: {0 [] 0}
2026-05-13T00:37:45.889+08:00 [INFO] 
1的回合 (当前手牌数: 13)

2026-05-13T00:37:45.890+08:00 [INFO] 上一手牌，牌型: 4, 牌是：♦K,♦J,♦8,♦4,♦3

2026-05-13T00:37:45.893+08:00 [INFO] 请选择要出的牌 (输入牌的序号，用逗号分隔，0表示不出): 
2026-05-13T00:37:45.894+08:00 [INFO] 用户 1 接收出牌消息1: <nil>
2026-05-13T00:37:45.896+08:00 [INFO] 用户 1 接收出牌消息2: {0 [] 0}
2026-05-13T00:37:46.889+08:00 [INFO] 
1的回合 (当前手牌数: 13)

2026-05-13T00:37:46.890+08:00 [INFO] 上一手牌，牌型: 4, 牌是：♦K,♦J,♦8,♦4,♦3

2026-05-13T00:37:46.891+08:00 [INFO] 请选择要出的牌 (输入牌的序号，用逗号分隔，0表示不出): 
2026-05-13T00:37:46.892+08:00 [INFO] 用户 1 接收出牌消息1: <nil>
2026-05-13T00:37:46.892+08:00 [INFO] 用户 1 接收出牌消息2: {0 [] 0}
2026-05-13T00:37:47.002+08:00 [INFO] heartbeatCheck: 5.1698938s
2026-05-13T00:37:47.888+08:00 [INFO] 
1的回合 (当前手牌数: 13)

2026-05-13T00:37:47.889+08:00 [INFO] 上一手牌，牌型: 4, 牌是：♦K,♦J,♦8,♦4,♦3

2026-05-13T00:37:47.890+08:00 [INFO] 请选择要出的牌 (输入牌的序号，用逗号分隔，0表示不出): 
2026-05-13T00:37:47.891+08:00 [INFO] 用户 1 接收出牌消息1: <nil>
2026-05-13T00:37:47.892+08:00 [INFO] 用户 1 接收出牌消息2: {0 [] 0}
2026-05-13T00:37:48.889+08:00 [INFO] 
1的回合 (当前手牌数: 13)

2026-05-13T00:37:48.893+08:00 [INFO] 上一手牌，牌型: 4, 牌是：♦K,♦J,♦8,♦4,♦3

2026-05-13T00:37:48.895+08:00 [INFO] 请选择要出的牌 (输入牌的序号，用逗号分隔，0表示不出): 
2026-05-13T00:37:48.897+08:00 [INFO] 用户 1 接收出牌消息1: <nil>
2026-05-13T00:37:48.899+08:00 [INFO] 用户 1 接收出牌消息2: {0 [] 0}
2026-05-13T00:37:49.890+08:00 [INFO] 
1的回合 (当前手牌数: 13)

2026-05-13T00:37:49.892+08:00 [INFO] 上一手牌，牌型: 4, 牌是：♦K,♦J,♦8,♦4,♦3

2026-05-13T00:37:49.895+08:00 [INFO] 请选择要出的牌 (输入牌的序号，用逗号分隔，0表示不出): 
2026-05-13T00:37:49.895+08:00 [INFO] 用户 1 接收出牌消息1: <nil>
2026-05-13T00:37:49.896+08:00 [INFO] 用户 1 接收出牌消息2: {0 [] 0}
2026-05-13T00:37:50.889+08:00 [INFO] 
1的回合 (当前手牌数: 13)

2026-05-13T00:37:50.890+08:00 [INFO] 上一手牌，牌型: 4, 牌是：♦K,♦J,♦8,♦4,♦3

2026-05-13T00:37:50.891+08:00 [INFO] 请选择要出的牌 (输入牌的序号，用逗号分隔，0表示不出): 
2026-05-13T00:37:50.893+08:00 [INFO] 用户 1 接收出牌消息1: <nil>
2026-05-13T00:37:50.895+08:00 [INFO] 用户 1 接收出牌消息2: {0 [] 0}
2026-05-13T00:37:51.854+08:00 [INFO] 用户 1 接收消息: {"type":"heartbeat","data":"ping"}（类型: 1）
2026-05-13T00:37:51.856+08:00 [INFO] 用户 1 发送消息: {"type":"heartbeat","data":"pong","from":"1"}
2026-05-13T00:37:51.889+08:00 [INFO] 
1的回合 (当前手牌数: 13)

2026-05-13T00:37:51.890+08:00 [INFO] 上一手牌，牌型: 4, 牌是：♦K,♦J,♦8,♦4,♦3

2026-05-13T00:37:51.891+08:00 [INFO] 请选择要出的牌 (输入牌的序号，用逗号分隔，0表示不出): 
2026-05-13T00:37:51.892+08:00 [INFO] 用户 1 接收出牌消息1: <nil>
2026-05-13T00:37:51.892+08:00 [INFO] 用户 1 接收出牌消息2: {0 [] 0}
2026-05-13T00:37:52.003+08:00 [INFO] heartbeatCheck: 148.5057ms
2026-05-13T00:37:52.889+08:00 [INFO] 
1的回合 (当前手牌数: 13)

2026-05-13T00:37:52.893+08:00 [INFO] 上一手牌，牌型: 4, 牌是：♦K,♦J,♦8,♦4,♦3

2026-05-13T00:37:52.894+08:00 [INFO] 请选择要出的牌 (输入牌的序号，用逗号分隔，0表示不出): 
2026-05-13T00:37:52.896+08:00 [INFO] 用户 1 接收出牌消息1: <nil>
2026-05-13T00:37:52.899+08:00 [INFO] 用户 1 接收出牌消息2: {0 [] 0}
2026-05-13T00:37:52.901+08:00 [INFO] 1不出

2026-05-13T00:37:52.905+08:00 [INFO] ♣3,♦5,♦9,♥J,♣8,♦A,♥A,♥Q,♣6,♣Q,♣J,♣K,♦10
2026-05-13T00:37:52.911+08:00 [INFO] 用户 1 发送消息: {"type":"pass","data":"{\"pid\":0,\"cardIds\":[],\"card_type\":0,\"cards_num\":13,\"code\":0,\"current\":1,\"mustPid\":3,\"outCardTimeout\":30}","from":""}
2026-05-13T00:37:52.912+08:00 [ERRO] json: unsupported type: context.CancelFunc 
Stack:
1.  game_user/internal/controller/room.(*Room).GameLoop.func7
    D:/gowork/max2/max2/app/game_user/internal/controller/room/room.go:1040

2026-05-13T00:37:53.889+08:00 [INFO] 
荀曼冬的回合 (当前手牌数: 13)

2026-05-13T00:37:53.889+08:00 [INFO] 上一手牌，牌型: 4, 牌是：♦K,♦J,♦8,♦4,♦3

2026-05-13T00:37:53.892+08:00 [INFO] 请选择要出的牌 (输入牌的序号，用逗号分隔，0表示不出): 
2026-05-13T00:37:54.890+08:00 [INFO] 
荀曼冬的回合 (当前手牌数: 13)

2026-05-13T00:37:54.892+08:00 [INFO] 上一手牌，牌型: 4, 牌是：♦K,♦J,♦8,♦4,♦3

2026-05-13T00:37:54.893+08:00 [INFO] 请选择要出的牌 (输入牌的序号，用逗号分隔，0表示不出): 
2026-05-13T00:37:54.896+08:00 [INFO] 荀曼冬出了: ♠2,♠K,♠Q,♠9,♠7 (4)

2026-05-13T00:37:54.899+08:00 [ERRO] json: unsupported type: context.CancelFunc 
Stack:
1.  game_user/internal/controller/room.(*Room).GameLoop.func7
    D:/gowork/max2/max2/app/game_user/internal/controller/room/room.go:1040

2026-05-13T00:37:54.900+08:00 [INFO] 用户 1 发送消息: {"type":"outCard","data":"{\"pid\":1,\"cardIds\":[52,44,40,28,20],\"card_type\":4,\"cards_num\":8,\"code\":0,\"current\":2,\"mustPid\":1,\"outCardTimeout\":30}","from":""}
2026-05-13T00:37:55.889+08:00 [INFO] 
邰忆文的回合 (当前手牌数: 13)

2026-05-13T00:37:55.890+08:00 [INFO] 上一手牌，牌型: 4, 牌是：♠2,♠K,♠Q,♠9,♠7

2026-05-13T00:37:55.891+08:00 [INFO] 请选择要出的牌 (输入牌的序号，用逗号分隔，0表示不出): 
2026-05-13T00:37:56.889+08:00 [INFO] 
邰忆文的回合 (当前手牌数: 13)

2026-05-13T00:37:56.890+08:00 [INFO] 上一手牌，牌型: 4, 牌是：♠2,♠K,♠Q,♠9,♠7

2026-05-13T00:37:56.893+08:00 [INFO] 请选择要出的牌 (输入牌的序号，用逗号分隔，0表示不出): 
2026-05-13T00:37:56.894+08:00 [INFO] 邰忆文不出

2026-05-13T00:37:56.897+08:00 [ERRO] json: unsupported type: context.CancelFunc 
Stack:
1.  game_user/internal/controller/room.(*Room).GameLoop.func7
    D:/gowork/max2/max2/app/game_user/internal/controller/room/room.go:1040

2026-05-13T00:37:56.898+08:00 [INFO] 用户 1 发送消息: {"type":"pass","data":"{\"pid\":2,\"cardIds\":null,\"card_type\":0,\"cards_num\":13,\"code\":0,\"current\":3,\"mustPid\":1,\"outCardTimeout\":30}","from":""}
2026-05-13T00:37:57.003+08:00 [INFO] heartbeatCheck: 5.1483894s
2026-05-13T00:37:57.889+08:00 [INFO] 
印明哲的回合 (当前手牌数: 8)

2026-05-13T00:37:57.889+08:00 [INFO] 上一手牌，牌型: 4, 牌是：♠2,♠K,♠Q,♠9,♠7

2026-05-13T00:37:57.890+08:00 [INFO] 请选择要出的牌 (输入牌的序号，用逗号分隔，0表示不出): 
2026-05-13T00:37:58.888+08:00 [INFO] 
印明哲的回合 (当前手牌数: 8)

2026-05-13T00:37:58.889+08:00 [INFO] 上一手牌，牌型: 4, 牌是：♠2,♠K,♠Q,♠9,♠7

2026-05-13T00:37:58.890+08:00 [INFO] 请选择要出的牌 (输入牌的序号，用逗号分隔，0表示不出): 
2026-05-13T00:37:58.890+08:00 [INFO] 印明哲不出

2026-05-13T00:37:58.892+08:00 [INFO] 正在订阅 Channel: player:play:card:1，当前玩家: 1
2026-05-13T00:37:58.896+08:00 [INFO] 成功订阅 Channel: player:play:card:1
2026-05-13T00:37:58.897+08:00 [ERRO] json: unsupported type: context.CancelFunc 
Stack:
1.  game_user/internal/controller/room.(*Room).GameLoop.func7
    D:/gowork/max2/max2/app/game_user/internal/controller/room/room.go:1040

2026-05-13T00:37:58.897+08:00 [INFO] 用户 1 发送消息: {"type":"pass","data":"{\"pid\":3,\"cardIds\":null,\"card_type\":0,\"cards_num\":8,\"code\":0,\"current\":0,\"mustPid\":1,\"outCardTimeout\":30}","from":""}
2026-05-13T00:37:59.892+08:00 [INFO] 
1的回合 (当前手牌数: 13)

2026-05-13T00:37:59.895+08:00 [INFO] 上一手牌，牌型: 4, 牌是：♠2,♠K,♠Q,♠9,♠7

2026-05-13T00:37:59.897+08:00 [INFO] 请选择要出的牌 (输入牌的序号，用逗号分隔，0表示不出): 
2026-05-13T00:37:59.898+08:00 [INFO] 用户 1 接收出牌消息1: <nil>
2026-05-13T00:37:59.898+08:00 [INFO] 用户 1 接收出牌消息2: {0 [] 0}
2026-05-13T00:38:00.889+08:00 [INFO] 
1的回合 (当前手牌数: 13)

2026-05-13T00:38:00.890+08:00 [INFO] 上一手牌，牌型: 4, 牌是：♠2,♠K,♠Q,♠9,♠7

2026-05-13T00:38:00.892+08:00 [INFO] 请选择要出的牌 (输入牌的序号，用逗号分隔，0表示不出): 
2026-05-13T00:38:00.893+08:00 [INFO] 用户 1 接收出牌消息1: <nil>
2026-05-13T00:38:00.895+08:00 [INFO] 用户 1 接收出牌消息2: {0 [] 0}
2026-05-13T00:38:01.889+08:00 [INFO] 
1的回合 (当前手牌数: 13)

2026-05-13T00:38:01.889+08:00 [INFO] 上一手牌，牌型: 4, 牌是：♠2,♠K,♠Q,♠9,♠7

2026-05-13T00:38:01.892+08:00 [INFO] 请选择要出的牌 (输入牌的序号，用逗号分隔，0表示不出): 
2026-05-13T00:38:01.892+08:00 [INFO] 用户 1 接收出牌消息1: <nil>
2026-05-13T00:38:01.893+08:00 [INFO] 用户 1 接收出牌消息2: {0 [] 0}
2026-05-13T00:38:02.002+08:00 [INFO] heartbeatCheck: 10.1482204s
2026-05-13T00:38:02.889+08:00 [INFO] 
1的回合 (当前手牌数: 13)

2026-05-13T00:38:02.890+08:00 [INFO] 上一手牌，牌型: 4, 牌是：♠2,♠K,♠Q,♠9,♠7

2026-05-13T00:38:02.890+08:00 [INFO] 请选择要出的牌 (输入牌的序号，用逗号分隔，0表示不出): 
2026-05-13T00:38:02.890+08:00 [INFO] 用户 1 接收出牌消息1: <nil>
2026-05-13T00:38:02.891+08:00 [INFO] 用户 1 接收出牌消息2: {0 [] 0}
2026-05-13T00:38:03.889+08:00 [INFO] 
1的回合 (当前手牌数: 13)

2026-05-13T00:38:03.890+08:00 [INFO] 上一手牌，牌型: 4, 牌是：♠2,♠K,♠Q,♠9,♠7

2026-05-13T00:38:03.890+08:00 [INFO] 请选择要出的牌 (输入牌的序号，用逗号分隔，0表示不出): 
2026-05-13T00:38:03.892+08:00 [INFO] 用户 1 接收出牌消息1: <nil>
2026-05-13T00:38:03.893+08:00 [INFO] 用户 1 接收出牌消息2: {0 [] 0}
2026-05-13T00:38:04.892+08:00 [INFO] 
1的回合 (当前手牌数: 13)

2026-05-13T00:38:04.921+08:00 [INFO] 上一手牌，牌型: 4, 牌是：♠2,♠K,♠Q,♠9,♠7

2026-05-13T00:38:04.927+08:00 [INFO] 请选择要出的牌 (输入牌的序号，用逗号分隔，0表示不出): 
2026-05-13T00:38:04.957+08:00 [INFO] 用户 1 接收出牌消息1: <nil>
2026-05-13T00:38:04.971+08:00 [INFO] 用户 1 接收出牌消息2: {0 [] 0}
2026-05-13T00:38:05.892+08:00 [INFO] 
1的回合 (当前手牌数: 13)

2026-05-13T00:38:05.892+08:00 [INFO] 上一手牌，牌型: 4, 牌是：♠2,♠K,♠Q,♠9,♠7

2026-05-13T00:38:05.893+08:00 [INFO] 请选择要出的牌 (输入牌的序号，用逗号分隔，0表示不出): 
2026-05-13T00:38:05.893+08:00 [INFO] 用户 1 接收出牌消息1: <nil>
2026-05-13T00:38:05.894+08:00 [INFO] 用户 1 接收出牌消息2: {0 [] 0}
2026-05-13T00:38:06.889+08:00 [INFO] 
1的回合 (当前手牌数: 13)

2026-05-13T00:38:06.889+08:00 [INFO] 上一手牌，牌型: 4, 牌是：♠2,♠K,♠Q,♠9,♠7

2026-05-13T00:38:06.890+08:00 [INFO] 请选择要出的牌 (输入牌的序号，用逗号分隔，0表示不出): 
2026-05-13T00:38:06.891+08:00 [INFO] 用户 1 接收出牌消息1: <nil>
2026-05-13T00:38:06.892+08:00 [INFO] 用户 1 接收出牌消息2: {0 [] 0}
2026-05-13T00:38:06.899+08:00 [INFO] 用户 1 连接已关闭，读循环退出
2026-05-13T00:38:06.907+08:00 [INFO] 用户 1 关闭连接，原因: 读循环退出
2026-05-13T00:38:06.911+08:00 [INFO] 用户 1 心跳检测被取消: context canceled
2026-05-13T00:38:06.912+08:00 [INFO] 用户 1 心跳检测退出
2026-05-13T00:38:07.889+08:00 [INFO] 
1的回合 (当前手牌数: 13)

2026-05-13T00:38:07.889+08:00 [INFO] 上一手牌，牌型: 4, 牌是：♠2,♠K,♠Q,♠9,♠7

2026-05-13T00:38:07.890+08:00 [INFO] 请选择要出的牌 (输入牌的序号，用逗号分隔，0表示不出): 
2026-05-13T00:38:07.890+08:00 [INFO] 用户 1 接收出牌消息1: <nil>
2026-05-13T00:38:07.892+08:00 [INFO] 用户 1 接收出牌消息2: {0 [] 0}
2026-05-13T00:38:08.889+08:00 [INFO] 
1的回合 (当前手牌数: 13)

2026-05-13T00:38:08.890+08:00 [INFO] 上一手牌，牌型: 4, 牌是：♠2,♠K,♠Q,♠9,♠7

2026-05-13T00:38:08.891+08:00 [INFO] 请选择要出的牌 (输入牌的序号，用逗号分隔，0表示不出): 
2026-05-13T00:38:08.892+08:00 [INFO] 用户 1 接收出牌消息1: <nil>
2026-05-13T00:38:08.893+08:00 [INFO] 用户 1 接收出牌消息2: {0 [] 0}
2026-05-13T00:38:09.889+08:00 [INFO] 
1的回合 (当前手牌数: 13)

2026-05-13T00:38:09.889+08:00 [INFO] 上一手牌，牌型: 4, 牌是：♠2,♠K,♠Q,♠9,♠7

2026-05-13T00:38:09.891+08:00 [INFO] 请选择要出的牌 (输入牌的序号，用逗号分隔，0表示不出): 
2026-05-13T00:38:09.891+08:00 [INFO] 用户 1 接收出牌消息1: <nil>
2026-05-13T00:38:09.892+08:00 [INFO] 用户 1 接收出牌消息2: {0 [] 0}
2026-05-13T00:38:10.888+08:00 [INFO] 
1的回合 (当前手牌数: 13)

2026-05-13T00:38:10.889+08:00 [INFO] 上一手牌，牌型: 4, 牌是：♠2,♠K,♠Q,♠9,♠7

2026-05-13T00:38:10.891+08:00 [INFO] 请选择要出的牌 (输入牌的序号，用逗号分隔，0表示不出): 
2026-05-13T00:38:10.893+08:00 [INFO] 用户 1 接收出牌消息1: <nil>
2026-05-13T00:38:10.894+08:00 [INFO] 用户 1 接收出牌消息2: {0 [] 0}
2026-05-13T00:38:11.889+08:00 [INFO] 
1的回合 (当前手牌数: 13)

2026-05-13T00:38:11.889+08:00 [INFO] 上一手牌，牌型: 4, 牌是：♠2,♠K,♠Q,♠9,♠7

2026-05-13T00:38:11.890+08:00 [INFO] 请选择要出的牌 (输入牌的序号，用逗号分隔，0表示不出): 
2026-05-13T00:38:11.890+08:00 [INFO] 用户 1 接收出牌消息1: <nil>
2026-05-13T00:38:11.891+08:00 [INFO] 用户 1 接收出牌消息2: {0 [] 0}
2026-05-13T00:38:12.889+08:00 [INFO] 
1的回合 (当前手牌数: 13)

2026-05-13T00:38:12.890+08:00 [INFO] 上一手牌，牌型: 4, 牌是：♠2,♠K,♠Q,♠9,♠7

2026-05-13T00:38:12.891+08:00 [INFO] 请选择要出的牌 (输入牌的序号，用逗号分隔，0表示不出): 
2026-05-13T00:38:12.894+08:00 [INFO] 用户 1 接收出牌消息1: <nil>
2026-05-13T00:38:12.895+08:00 [INFO] 用户 1 接收出牌消息2: {0 [] 0}
2026-05-13T00:38:13.889+08:00 [INFO] 
1的回合 (当前手牌数: 13)

2026-05-13T00:38:13.889+08:00 [INFO] 上一手牌，牌型: 4, 牌是：♠2,♠K,♠Q,♠9,♠7

2026-05-13T00:38:13.890+08:00 [INFO] 请选择要出的牌 (输入牌的序号，用逗号分隔，0表示不出): 
2026-05-13T00:38:13.890+08:00 [INFO] 用户 1 接收出牌消息1: <nil>
2026-05-13T00:38:13.891+08:00 [INFO] 用户 1 接收出牌消息2: {0 [] 0}
2026-05-13T00:38:14.889+08:00 [INFO] 
1的回合 (当前手牌数: 13)

2026-05-13T00:38:14.890+08:00 [INFO] 上一手牌，牌型: 4, 牌是：♠2,♠K,♠Q,♠9,♠7

2026-05-13T00:38:14.892+08:00 [INFO] 请选择要出的牌 (输入牌的序号，用逗号分隔，0表示不出): 
2026-05-13T00:38:14.894+08:00 [INFO] 用户 1 接收出牌消息1: <nil>
2026-05-13T00:38:14.896+08:00 [INFO] 用户 1 接收出牌消息2: {0 [] 0}
2026-05-13T00:38:15.889+08:00 [INFO] 
1的回合 (当前手牌数: 13)

2026-05-13T00:38:15.889+08:00 [INFO] 上一手牌，牌型: 4, 牌是：♠2,♠K,♠Q,♠9,♠7

2026-05-13T00:38:15.890+08:00 [INFO] 请选择要出的牌 (输入牌的序号，用逗号分隔，0表示不出): 
2026-05-13T00:38:15.890+08:00 [INFO] 用户 1 接收出牌消息1: <nil>
2026-05-13T00:38:15.891+08:00 [INFO] 用户 1 接收出牌消息2: {0 [] 0}
2026-05-13T00:38:16.895+08:00 [INFO] 
1的回合 (当前手牌数: 13)

2026-05-13T00:38:16.896+08:00 [INFO] 上一手牌，牌型: 4, 牌是：♠2,♠K,♠Q,♠9,♠7

2026-05-13T00:38:16.896+08:00 [INFO] 请选择要出的牌 (输入牌的序号，用逗号分隔，0表示不出): 
2026-05-13T00:38:16.897+08:00 [INFO] 用户 1 接收出牌消息1: <nil>
2026-05-13T00:38:16.898+08:00 [INFO] 用户 1 接收出牌消息2: {0 [] 0}
2026-05-13T00:38:17.889+08:00 [INFO] 
1的回合 (当前手牌数: 13)

2026-05-13T00:38:17.892+08:00 [INFO] 上一手牌，牌型: 4, 牌是：♠2,♠K,♠Q,♠9,♠7

2026-05-13T00:38:17.897+08:00 [INFO] 请选择要出的牌 (输入牌的序号，用逗号分隔，0表示不出): 
2026-05-13T00:38:17.901+08:00 [INFO] 用户 1 接收出牌消息1: <nil>
2026-05-13T00:38:17.903+08:00 [INFO] 用户 1 接收出牌消息2: {0 [] 0}
2026-05-13T00:38:18.889+08:00 [INFO] 
1的回合 (当前手牌数: 13)

2026-05-13T00:38:18.891+08:00 [INFO] 上一手牌，牌型: 4, 牌是：♠2,♠K,♠Q,♠9,♠7

2026-05-13T00:38:18.892+08:00 [INFO] 请选择要出的牌 (输入牌的序号，用逗号分隔，0表示不出): 
2026-05-13T00:38:18.894+08:00 [INFO] 用户 1 接收出牌消息1: <nil>
2026-05-13T00:38:18.895+08:00 [INFO] 用户 1 接收出牌消息2: {0 [] 0}
2026-05-13T00:38:19.889+08:00 [INFO] 
1的回合 (当前手牌数: 13)

2026-05-13T00:38:19.890+08:00 [INFO] 上一手牌，牌型: 4, 牌是：♠2,♠K,♠Q,♠9,♠7

2026-05-13T00:38:19.891+08:00 [INFO] 请选择要出的牌 (输入牌的序号，用逗号分隔，0表示不出): 
2026-05-13T00:38:19.891+08:00 [INFO] 用户 1 接收出牌消息1: <nil>
2026-05-13T00:38:19.892+08:00 [INFO] 用户 1 接收出牌消息2: {0 [] 0}
2026-05-13T00:38:20.889+08:00 [INFO] 
1的回合 (当前手牌数: 13)

2026-05-13T00:38:20.890+08:00 [INFO] 上一手牌，牌型: 4, 牌是：♠2,♠K,♠Q,♠9,♠7

2026-05-13T00:38:20.892+08:00 [INFO] 请选择要出的牌 (输入牌的序号，用逗号分隔，0表示不出): 
2026-05-13T00:38:20.893+08:00 [INFO] 用户 1 接收出牌消息1: <nil>
2026-05-13T00:38:20.896+08:00 [INFO] 用户 1 接收出牌消息2: {0 [] 0}
2026-05-13T00:38:21.889+08:00 [INFO] 
1的回合 (当前手牌数: 13)

2026-05-13T00:38:21.890+08:00 [INFO] 上一手牌，牌型: 4, 牌是：♠2,♠K,♠Q,♠9,♠7

2026-05-13T00:38:21.892+08:00 [INFO] 请选择要出的牌 (输入牌的序号，用逗号分隔，0表示不出): 
2026-05-13T00:38:21.893+08:00 [INFO] 用户 1 接收出牌消息1: <nil>
2026-05-13T00:38:21.895+08:00 [INFO] 用户 1 接收出牌消息2: {0 [] 0}
2026-05-13T00:38:22.889+08:00 [INFO] 
1的回合 (当前手牌数: 13)

2026-05-13T00:38:22.890+08:00 [INFO] 上一手牌，牌型: 4, 牌是：♠2,♠K,♠Q,♠9,♠7

2026-05-13T00:38:22.890+08:00 [INFO] 请选择要出的牌 (输入牌的序号，用逗号分隔，0表示不出): 
2026-05-13T00:38:22.891+08:00 [INFO] 用户 1 接收出牌消息1: <nil>
2026-05-13T00:38:22.892+08:00 [INFO] 用户 1 接收出牌消息2: {0 [] 0}
2026-05-13T00:38:23.889+08:00 [INFO] 
1的回合 (当前手牌数: 13)

2026-05-13T00:38:23.890+08:00 [INFO] 上一手牌，牌型: 4, 牌是：♠2,♠K,♠Q,♠9,♠7

2026-05-13T00:38:23.892+08:00 [INFO] 请选择要出的牌 (输入牌的序号，用逗号分隔，0表示不出): 
2026-05-13T00:38:23.894+08:00 [INFO] 用户 1 接收出牌消息1: <nil>
2026-05-13T00:38:23.895+08:00 [INFO] 用户 1 接收出牌消息2: {0 [] 0}
2026-05-13T00:38:24.889+08:00 [INFO] 
1的回合 (当前手牌数: 13)

2026-05-13T00:38:24.891+08:00 [INFO] 上一手牌，牌型: 4, 牌是：♠2,♠K,♠Q,♠9,♠7

2026-05-13T00:38:24.893+08:00 [INFO] 请选择要出的牌 (输入牌的序号，用逗号分隔，0表示不出): 
2026-05-13T00:38:24.894+08:00 [INFO] 用户 1 接收出牌消息1: <nil>
2026-05-13T00:38:24.896+08:00 [INFO] 用户 1 接收出牌消息2: {0 [] 0}
2026-05-13T00:38:25.889+08:00 [INFO] 
1的回合 (当前手牌数: 13)

2026-05-13T00:38:25.891+08:00 [INFO] 上一手牌，牌型: 4, 牌是：♠2,♠K,♠Q,♠9,♠7

2026-05-13T00:38:25.894+08:00 [INFO] 请选择要出的牌 (输入牌的序号，用逗号分隔，0表示不出): 
2026-05-13T00:38:25.895+08:00 [INFO] 用户 1 接收出牌消息1: <nil>
2026-05-13T00:38:25.897+08:00 [INFO] 用户 1 接收出牌消息2: {0 [] 0}
2026-05-13T00:38:26.889+08:00 [INFO] 
1的回合 (当前手牌数: 13)

2026-05-13T00:38:26.889+08:00 [INFO] 上一手牌，牌型: 4, 牌是：♠2,♠K,♠Q,♠9,♠7

2026-05-13T00:38:26.890+08:00 [INFO] 请选择要出的牌 (输入牌的序号，用逗号分隔，0表示不出): 
2026-05-13T00:38:26.891+08:00 [INFO] 用户 1 接收出牌消息1: <nil>
2026-05-13T00:38:26.891+08:00 [INFO] 用户 1 接收出牌消息2: {0 [] 0}
2026-05-13T00:38:27.889+08:00 [INFO] 
1的回合 (当前手牌数: 13)

2026-05-13T00:38:27.890+08:00 [INFO] 上一手牌，牌型: 4, 牌是：♠2,♠K,♠Q,♠9,♠7

2026-05-13T00:38:27.891+08:00 [INFO] 请选择要出的牌 (输入牌的序号，用逗号分隔，0表示不出): 
2026-05-13T00:38:27.892+08:00 [INFO] 用户 1 接收出牌消息1: <nil>
2026-05-13T00:38:27.895+08:00 [INFO] 用户 1 接收出牌消息2: {0 [] 0}
2026-05-13T00:38:28.889+08:00 [INFO] 
1的回合 (当前手牌数: 13)

2026-05-13T00:38:28.890+08:00 [INFO] 上一手牌，牌型: 4, 牌是：♠2,♠K,♠Q,♠9,♠7

2026-05-13T00:38:28.890+08:00 [INFO] 请选择要出的牌 (输入牌的序号，用逗号分隔，0表示不出): 
2026-05-13T00:38:28.891+08:00 [INFO] 用户 1 接收出牌消息1: <nil>
2026-05-13T00:38:28.891+08:00 [INFO] 用户 1 接收出牌消息2: {0 [] 0}
2026-05-13T00:38:29.889+08:00 [INFO] 
1的回合 (当前手牌数: 13)

2026-05-13T00:38:29.890+08:00 [INFO] 上一手牌，牌型: 4, 牌是：♠2,♠K,♠Q,♠9,♠7

2026-05-13T00:38:29.891+08:00 [INFO] 请选择要出的牌 (输入牌的序号，用逗号分隔，0表示不出): 
2026-05-13T00:38:29.893+08:00 [INFO] 用户 1 接收出牌消息1: <nil>
2026-05-13T00:38:29.894+08:00 [INFO] 用户 1 接收出牌消息2: {0 [] 0}
2026-05-13T00:38:29.895+08:00 [INFO] 1不出

2026-05-13T00:38:29.897+08:00 [INFO] ♣3,♦5,♦9,♥J,♣8,♦A,♥A,♥Q,♣6,♣Q,♣J,♣K,♦10
2026-05-13T00:38:29.900+08:00 [ERRO] json: unsupported type: context.CancelFunc 
Stack:
1.  game_user/internal/controller/room.(*Room).GameLoop.func7
    D:/gowork/max2/max2/app/game_user/internal/controller/room/room.go:1040

2026-05-13T00:38:29.901+08:00 [INFO] 用户 1 连接已关闭，跳过消息发送
2026-05-13T00:38:29.903+08:00 [INFO] 用户 1 writeLoop退出
2026-05-13T00:38:30.889+08:00 [INFO] 
荀曼冬的回合 (当前手牌数: 8)

2026-05-13T00:38:30.890+08:00 [INFO] 上一手牌，牌型: 0, 牌是：不出

2026-05-13T00:38:30.890+08:00 [INFO] 请选择要出的牌 (输入牌的序号，用逗号分隔，0表示不出): 
2026-05-13T00:38:31.889+08:00 [INFO] 
荀曼冬的回合 (当前手牌数: 8)

2026-05-13T00:38:31.890+08:00 [INFO] 上一手牌，牌型: 0, 牌是：不出

2026-05-13T00:38:31.891+08:00 [INFO] 请选择要出的牌 (输入牌的序号，用逗号分隔，0表示不出): 
2026-05-13T00:38:32.888+08:00 [INFO] 
荀曼冬的回合 (当前手牌数: 8)

2026-05-13T00:38:32.889+08:00 [INFO] 上一手牌，牌型: 0, 牌是：不出

2026-05-13T00:38:32.890+08:00 [INFO] 请选择要出的牌 (输入牌的序号，用逗号分隔，0表示不出): 
2026-05-13T00:38:32.891+08:00 [INFO] 荀曼冬出了: ♣4 (1)

2026-05-13T00:38:32.893+08:00 [ERRO] json: unsupported type: context.CancelFunc 
Stack:
1.  game_user/internal/controller/room.(*Room).GameLoop.func7
    D:/gowork/max2/max2/app/game_user/internal/controller/room/room.go:1040

2026-05-13T00:38:33.889+08:00 [INFO] 
邰忆文的回合 (当前手牌数: 13)

2026-05-13T00:38:33.890+08:00 [INFO] 上一手牌，牌型: 1, 牌是：♣4

2026-05-13T00:38:33.891+08:00 [INFO] 请选择要出的牌 (输入牌的序号，用逗号分隔，0表示不出): 
2026-05-13T00:38:34.889+08:00 [INFO] 
邰忆文的回合 (当前手牌数: 13)

2026-05-13T00:38:34.890+08:00 [INFO] 上一手牌，牌型: 1, 牌是：♣4

2026-05-13T00:38:34.892+08:00 [INFO] 请选择要出的牌 (输入牌的序号，用逗号分隔，0表示不出): 
2026-05-13T00:38:35.888+08:00 [INFO] 
邰忆文的回合 (当前手牌数: 13)

2026-05-13T00:38:35.889+08:00 [INFO] 上一手牌，牌型: 1, 牌是：♣4

2026-05-13T00:38:35.890+08:00 [INFO] 请选择要出的牌 (输入牌的序号，用逗号分隔，0表示不出): 
2026-05-13T00:38:35.891+08:00 [INFO] 邰忆文出了: ♥4 (1)

2026-05-13T00:38:35.892+08:00 [ERRO] json: unsupported type: context.CancelFunc 
Stack:
1.  game_user/internal/controller/room.(*Room).GameLoop.func7
    D:/gowork/max2/max2/app/game_user/internal/controller/room/room.go:1040

2026-05-13T00:38:36.889+08:00 [INFO] 
印明哲的回合 (当前手牌数: 8)

2026-05-13T00:38:36.893+08:00 [INFO] 上一手牌，牌型: 1, 牌是：♥4

2026-05-13T00:38:36.896+08:00 [INFO] 请选择要出的牌 (输入牌的序号，用逗号分隔，0表示不出): 
2026-05-13T00:38:37.889+08:00 [INFO] 
印明哲的回合 (当前手牌数: 8)

2026-05-13T00:38:37.890+08:00 [INFO] 上一手牌，牌型: 1, 牌是：♥4

2026-05-13T00:38:37.892+08:00 [INFO] 请选择要出的牌 (输入牌的序号，用逗号分隔，0表示不出): 
2026-05-13T00:38:38.889+08:00 [INFO] 
印明哲的回合 (当前手牌数: 8)

2026-05-13T00:38:38.890+08:00 [INFO] 上一手牌，牌型: 1, 牌是：♥4

2026-05-13T00:38:38.891+08:00 [INFO] 请选择要出的牌 (输入牌的序号，用逗号分隔，0表示不出): 
2026-05-13T00:38:38.892+08:00 [INFO] 印明哲出了: ♠4 (1)

2026-05-13T00:38:38.892+08:00 [INFO] 正在订阅 Channel: player:play:card:1，当前玩家: 1
2026-05-13T00:38:38.896+08:00 [INFO] 成功订阅 Channel: player:play:card:1
2026-05-13T00:38:38.897+08:00 [ERRO] json: unsupported type: context.CancelFunc 
Stack:
1.  game_user/internal/controller/room.(*Room).GameLoop.func7
    D:/gowork/max2/max2/app/game_user/internal/controller/room/room.go:1040

2026-05-13T00:38:39.889+08:00 [INFO] 
1的回合 (当前手牌数: 13)

2026-05-13T00:38:39.890+08:00 [INFO] 上一手牌，牌型: 1, 牌是：♠4

2026-05-13T00:38:39.892+08:00 [INFO] 请选择要出的牌 (输入牌的序号，用逗号分隔，0表示不出): 
2026-05-13T00:38:39.894+08:00 [INFO] 用户 1 接收出牌消息1: <nil>
2026-05-13T00:38:39.895+08:00 [INFO] 用户 1 接收出牌消息2: {0 [] 0}
2026-05-13T00:38:40.889+08:00 [INFO] 
1的回合 (当前手牌数: 13)

2026-05-13T00:38:40.893+08:00 [INFO] 上一手牌，牌型: 1, 牌是：♠4

2026-05-13T00:38:40.895+08:00 [INFO] 请选择要出的牌 (输入牌的序号，用逗号分隔，0表示不出): 
2026-05-13T00:38:40.896+08:00 [INFO] 用户 1 接收出牌消息1: <nil>
2026-05-13T00:38:40.898+08:00 [INFO] 用户 1 接收出牌消息2: {0 [] 0}
2026-05-13T00:38:41.889+08:00 [INFO] 
1的回合 (当前手牌数: 13)

2026-05-13T00:38:41.891+08:00 [INFO] 上一手牌，牌型: 1, 牌是：♠4

2026-05-13T00:38:41.892+08:00 [INFO] 请选择要出的牌 (输入牌的序号，用逗号分隔，0表示不出): 
2026-05-13T00:38:41.894+08:00 [INFO] 用户 1 接收出牌消息1: <nil>
2026-05-13T00:38:41.896+08:00 [INFO] 用户 1 接收出牌消息2: {0 [] 0}
2026-05-13T00:38:42.889+08:00 [INFO] 
1的回合 (当前手牌数: 13)

2026-05-13T00:38:42.890+08:00 [INFO] 上一手牌，牌型: 1, 牌是：♠4

2026-05-13T00:38:42.891+08:00 [INFO] 请选择要出的牌 (输入牌的序号，用逗号分隔，0表示不出): 
2026-05-13T00:38:42.892+08:00 [INFO] 用户 1 接收出牌消息1: <nil>
2026-05-13T00:38:42.893+08:00 [INFO] 用户 1 接收出牌消息2: {0 [] 0}
2026-05-13T00:38:43.889+08:00 [INFO] 
1的回合 (当前手牌数: 13)

2026-05-13T00:38:43.889+08:00 [INFO] 上一手牌，牌型: 1, 牌是：♠4

2026-05-13T00:38:43.890+08:00 [INFO] 请选择要出的牌 (输入牌的序号，用逗号分隔，0表示不出): 
2026-05-13T00:38:43.890+08:00 [INFO] 用户 1 接收出牌消息1: <nil>
2026-05-13T00:38:43.891+08:00 [INFO] 用户 1 接收出牌消息2: {0 [] 0}
2026-05-13T00:38:44.889+08:00 [INFO] 
1的回合 (当前手牌数: 13)

2026-05-13T00:38:44.889+08:00 [INFO] 上一手牌，牌型: 1, 牌是：♠4

2026-05-13T00:38:44.891+08:00 [INFO] 请选择要出的牌 (输入牌的序号，用逗号分隔，0表示不出): 
2026-05-13T00:38:44.894+08:00 [INFO] 用户 1 接收出牌消息1: <nil>
2026-05-13T00:38:44.895+08:00 [INFO] 用户 1 接收出牌消息2: {0 [] 0}
2026-05-13T00:38:45.889+08:00 [INFO] 
1的回合 (当前手牌数: 13)

2026-05-13T00:38:45.891+08:00 [INFO] 上一手牌，牌型: 1, 牌是：♠4

2026-05-13T00:38:45.892+08:00 [INFO] 请选择要出的牌 (输入牌的序号，用逗号分隔，0表示不出): 
2026-05-13T00:38:45.893+08:00 [INFO] 用户 1 接收出牌消息1: <nil>
2026-05-13T00:38:45.895+08:00 [INFO] 用户 1 接收出牌消息2: {0 [] 0}
2026-05-13T00:38:46.889+08:00 [INFO] 
1的回合 (当前手牌数: 13)

2026-05-13T00:38:46.890+08:00 [INFO] 上一手牌，牌型: 1, 牌是：♠4

2026-05-13T00:38:46.891+08:00 [INFO] 请选择要出的牌 (输入牌的序号，用逗号分隔，0表示不出): 
2026-05-13T00:38:46.891+08:00 [INFO] 用户 1 接收出牌消息1: <nil>
2026-05-13T00:38:46.892+08:00 [INFO] 用户 1 接收出牌消息2: {0 [] 0}
2026-05-13T00:38:47.889+08:00 [INFO] 
1的回合 (当前手牌数: 13)

2026-05-13T00:38:47.890+08:00 [INFO] 上一手牌，牌型: 1, 牌是：♠4

2026-05-13T00:38:47.892+08:00 [INFO] 请选择要出的牌 (输入牌的序号，用逗号分隔，0表示不出): 
2026-05-13T00:38:47.895+08:00 [INFO] 用户 1 接收出牌消息1: <nil>
2026-05-13T00:38:47.897+08:00 [INFO] 用户 1 接收出牌消息2: {0 [] 0}
2026-05-13T00:38:48.889+08:00 [INFO] 
1的回合 (当前手牌数: 13)

2026-05-13T00:38:48.890+08:00 [INFO] 上一手牌，牌型: 1, 牌是：♠4

2026-05-13T00:38:48.894+08:00 [INFO] 请选择要出的牌 (输入牌的序号，用逗号分隔，0表示不出): 
2026-05-13T00:38:48.895+08:00 [INFO] 用户 1 接收出牌消息1: <nil>
2026-05-13T00:38:48.897+08:00 [INFO] 用户 1 接收出牌消息2: {0 [] 0}
2026-05-13T00:38:49.889+08:00 [INFO] 
1的回合 (当前手牌数: 13)

2026-05-13T00:38:49.890+08:00 [INFO] 上一手牌，牌型: 1, 牌是：♠4

2026-05-13T00:38:49.891+08:00 [INFO] 请选择要出的牌 (输入牌的序号，用逗号分隔，0表示不出): 
2026-05-13T00:38:49.892+08:00 [INFO] 用户 1 接收出牌消息1: <nil>
2026-05-13T00:38:49.893+08:00 [INFO] 用户 1 接收出牌消息2: {0 [] 0}
2026-05-13T00:38:50.889+08:00 [INFO] 
1的回合 (当前手牌数: 13)

2026-05-13T00:38:50.890+08:00 [INFO] 上一手牌，牌型: 1, 牌是：♠4

2026-05-13T00:38:50.891+08:00 [INFO] 请选择要出的牌 (输入牌的序号，用逗号分隔，0表示不出): 
2026-05-13T00:38:50.893+08:00 [INFO] 用户 1 接收出牌消息1: <nil>
2026-05-13T00:38:50.895+08:00 [INFO] 用户 1 接收出牌消息2: {0 [] 0}
2026-05-13T00:38:51.888+08:00 [INFO] 
1的回合 (当前手牌数: 13)

2026-05-13T00:38:51.889+08:00 [INFO] 上一手牌，牌型: 1, 牌是：♠4

2026-05-13T00:38:51.890+08:00 [INFO] 请选择要出的牌 (输入牌的序号，用逗号分隔，0表示不出): 
2026-05-13T00:38:51.890+08:00 [INFO] 用户 1 接收出牌消息1: <nil>
2026-05-13T00:38:51.891+08:00 [INFO] 用户 1 接收出牌消息2: {0 [] 0}
2026-05-13T00:38:52.889+08:00 [INFO] 
1的回合 (当前手牌数: 13)

2026-05-13T00:38:52.889+08:00 [INFO] 上一手牌，牌型: 1, 牌是：♠4

2026-05-13T00:38:52.890+08:00 [INFO] 请选择要出的牌 (输入牌的序号，用逗号分隔，0表示不出): 
2026-05-13T00:38:52.890+08:00 [INFO] 用户 1 接收出牌消息1: <nil>
2026-05-13T00:38:52.891+08:00 [INFO] 用户 1 接收出牌消息2: {0 [] 0}
2026-05-13T00:38:53.888+08:00 [INFO] 
1的回合 (当前手牌数: 13)

2026-05-13T00:38:53.889+08:00 [INFO] 上一手牌，牌型: 1, 牌是：♠4

2026-05-13T00:38:53.890+08:00 [INFO] 请选择要出的牌 (输入牌的序号，用逗号分隔，0表示不出): 
2026-05-13T00:38:53.891+08:00 [INFO] 用户 1 接收出牌消息1: <nil>
2026-05-13T00:38:53.892+08:00 [INFO] 用户 1 接收出牌消息2: {0 [] 0}
2026-05-13T00:38:54.889+08:00 [INFO] 
1的回合 (当前手牌数: 13)

2026-05-13T00:38:54.891+08:00 [INFO] 上一手牌，牌型: 1, 牌是：♠4

2026-05-13T00:38:54.891+08:00 [INFO] 请选择要出的牌 (输入牌的序号，用逗号分隔，0表示不出): 
2026-05-13T00:38:54.892+08:00 [INFO] 用户 1 接收出牌消息1: <nil>
2026-05-13T00:38:54.892+08:00 [INFO] 用户 1 接收出牌消息2: {0 [] 0}
2026-05-13T00:38:55.889+08:00 [INFO] 
1的回合 (当前手牌数: 13)

2026-05-13T00:38:55.890+08:00 [INFO] 上一手牌，牌型: 1, 牌是：♠4

2026-05-13T00:38:55.891+08:00 [INFO] 请选择要出的牌 (输入牌的序号，用逗号分隔，0表示不出): 
2026-05-13T00:38:55.892+08:00 [INFO] 用户 1 接收出牌消息1: <nil>
2026-05-13T00:38:55.893+08:00 [INFO] 用户 1 接收出牌消息2: {0 [] 0}
2026-05-13T00:38:56.889+08:00 [INFO] 
1的回合 (当前手牌数: 13)

2026-05-13T00:38:56.890+08:00 [INFO] 上一手牌，牌型: 1, 牌是：♠4

2026-05-13T00:38:56.891+08:00 [INFO] 请选择要出的牌 (输入牌的序号，用逗号分隔，0表示不出): 
2026-05-13T00:38:56.893+08:00 [INFO] 用户 1 接收出牌消息1: <nil>
2026-05-13T00:38:56.895+08:00 [INFO] 用户 1 接收出牌消息2: {0 [] 0}
2026-05-13T00:38:57.889+08:00 [INFO] 
1的回合 (当前手牌数: 13)

2026-05-13T00:38:57.889+08:00 [INFO] 上一手牌，牌型: 1, 牌是：♠4

2026-05-13T00:38:57.890+08:00 [INFO] 请选择要出的牌 (输入牌的序号，用逗号分隔，0表示不出): 
2026-05-13T00:38:57.890+08:00 [INFO] 用户 1 接收出牌消息1: <nil>
2026-05-13T00:38:57.891+08:00 [INFO] 用户 1 接收出牌消息2: {0 [] 0}
2026-05-13T00:38:58.889+08:00 [INFO] 
1的回合 (当前手牌数: 13)

2026-05-13T00:38:58.889+08:00 [INFO] 上一手牌，牌型: 1, 牌是：♠4

2026-05-13T00:38:58.890+08:00 [INFO] 请选择要出的牌 (输入牌的序号，用逗号分隔，0表示不出): 
2026-05-13T00:38:58.891+08:00 [INFO] 用户 1 接收出牌消息1: <nil>
2026-05-13T00:38:58.891+08:00 [INFO] 用户 1 接收出牌消息2: {0 [] 0}
2026-05-13T00:38:59.889+08:00 [INFO] 
1的回合 (当前手牌数: 13)

2026-05-13T00:38:59.891+08:00 [INFO] 上一手牌，牌型: 1, 牌是：♠4

2026-05-13T00:38:59.892+08:00 [INFO] 请选择要出的牌 (输入牌的序号，用逗号分隔，0表示不出): 
2026-05-13T00:38:59.892+08:00 [INFO] 用户 1 接收出牌消息1: <nil>
2026-05-13T00:38:59.893+08:00 [INFO] 用户 1 接收出牌消息2: {0 [] 0}
2026-05-13T00:39:00.889+08:00 [INFO] 
1的回合 (当前手牌数: 13)

2026-05-13T00:39:00.889+08:00 [INFO] 上一手牌，牌型: 1, 牌是：♠4

2026-05-13T00:39:00.890+08:00 [INFO] 请选择要出的牌 (输入牌的序号，用逗号分隔，0表示不出): 
2026-05-13T00:39:00.891+08:00 [INFO] 用户 1 接收出牌消息1: <nil>
2026-05-13T00:39:00.893+08:00 [INFO] 用户 1 接收出牌消息2: {0 [] 0}
2026-05-13T00:39:01.889+08:00 [INFO] 
1的回合 (当前手牌数: 13)

2026-05-13T00:39:01.889+08:00 [INFO] 上一手牌，牌型: 1, 牌是：♠4

2026-05-13T00:39:01.890+08:00 [INFO] 请选择要出的牌 (输入牌的序号，用逗号分隔，0表示不出): 
2026-05-13T00:39:01.890+08:00 [INFO] 用户 1 接收出牌消息1: <nil>
2026-05-13T00:39:01.891+08:00 [INFO] 用户 1 接收出牌消息2: {0 [] 0}
2026-05-13T00:39:02.889+08:00 [INFO] 
1的回合 (当前手牌数: 13)

2026-05-13T00:39:02.890+08:00 [INFO] 上一手牌，牌型: 1, 牌是：♠4

2026-05-13T00:39:02.892+08:00 [INFO] 请选择要出的牌 (输入牌的序号，用逗号分隔，0表示不出): 
2026-05-13T00:39:02.893+08:00 [INFO] 用户 1 接收出牌消息1: <nil>
2026-05-13T00:39:02.897+08:00 [INFO] 用户 1 接收出牌消息2: {0 [] 0}
2026-05-13T00:39:03.889+08:00 [INFO] 
1的回合 (当前手牌数: 13)

2026-05-13T00:39:03.890+08:00 [INFO] 上一手牌，牌型: 1, 牌是：♠4

2026-05-13T00:39:03.893+08:00 [INFO] 请选择要出的牌 (输入牌的序号，用逗号分隔，0表示不出): 
2026-05-13T00:39:03.894+08:00 [INFO] 用户 1 接收出牌消息1: <nil>
2026-05-13T00:39:03.895+08:00 [INFO] 用户 1 接收出牌消息2: {0 [] 0}
2026-05-13T00:39:04.889+08:00 [INFO] 
1的回合 (当前手牌数: 13)

2026-05-13T00:39:04.893+08:00 [INFO] 上一手牌，牌型: 1, 牌是：♠4

2026-05-13T00:39:04.896+08:00 [INFO] 请选择要出的牌 (输入牌的序号，用逗号分隔，0表示不出): 
2026-05-13T00:39:04.899+08:00 [INFO] 用户 1 接收出牌消息1: <nil>
2026-05-13T00:39:04.900+08:00 [INFO] 用户 1 接收出牌消息2: {0 [] 0}
2026-05-13T00:39:05.888+08:00 [INFO] 
1的回合 (当前手牌数: 13)

2026-05-13T00:39:05.890+08:00 [INFO] 上一手牌，牌型: 1, 牌是：♠4

2026-05-13T00:39:05.890+08:00 [INFO] 请选择要出的牌 (输入牌的序号，用逗号分隔，0表示不出): 
2026-05-13T00:39:05.891+08:00 [INFO] 用户 1 接收出牌消息1: <nil>
2026-05-13T00:39:05.892+08:00 [INFO] 用户 1 接收出牌消息2: {0 [] 0}
2026-05-13T00:39:06.888+08:00 [INFO] 
1的回合 (当前手牌数: 13)

2026-05-13T00:39:06.889+08:00 [INFO] 上一手牌，牌型: 1, 牌是：♠4

2026-05-13T00:39:06.890+08:00 [INFO] 请选择要出的牌 (输入牌的序号，用逗号分隔，0表示不出): 
2026-05-13T00:39:06.891+08:00 [INFO] 用户 1 接收出牌消息1: <nil>
2026-05-13T00:39:06.891+08:00 [INFO] 用户 1 接收出牌消息2: {0 [] 0}
2026-05-13T00:39:07.888+08:00 [INFO] 
1的回合 (当前手牌数: 13)

2026-05-13T00:39:07.888+08:00 [INFO] 上一手牌，牌型: 1, 牌是：♠4

2026-05-13T00:39:07.890+08:00 [INFO] 请选择要出的牌 (输入牌的序号，用逗号分隔，0表示不出): 
2026-05-13T00:39:07.890+08:00 [INFO] 用户 1 接收出牌消息1: <nil>
2026-05-13T00:39:07.891+08:00 [INFO] 用户 1 接收出牌消息2: {0 [] 0}
2026-05-13T00:39:08.888+08:00 [INFO] 
1的回合 (当前手牌数: 13)

2026-05-13T00:39:08.889+08:00 [INFO] 上一手牌，牌型: 1, 牌是：♠4

2026-05-13T00:39:08.890+08:00 [INFO] 请选择要出的牌 (输入牌的序号，用逗号分隔，0表示不出): 
2026-05-13T00:39:08.890+08:00 [INFO] 用户 1 接收出牌消息1: <nil>
2026-05-13T00:39:08.891+08:00 [INFO] 用户 1 接收出牌消息2: {0 [] 0}
2026-05-13T00:39:09.889+08:00 [INFO] 
1的回合 (当前手牌数: 13)

2026-05-13T00:39:09.890+08:00 [INFO] 上一手牌，牌型: 1, 牌是：♠4

2026-05-13T00:39:09.891+08:00 [INFO] 请选择要出的牌 (输入牌的序号，用逗号分隔，0表示不出): 
2026-05-13T00:39:09.892+08:00 [INFO] 用户 1 接收出牌消息1: <nil>
2026-05-13T00:39:09.894+08:00 [INFO] 用户 1 接收出牌消息2: {0 [] 0}
2026-05-13T00:39:09.895+08:00 [INFO] 1不出

2026-05-13T00:39:09.895+08:00 [INFO] ♣3,♦5,♦9,♥J,♣8,♦A,♥A,♥Q,♣6,♣Q,♣J,♣K,♦10
2026-05-13T00:39:09.896+08:00 [ERRO] json: unsupported type: context.CancelFunc 
Stack:
1.  game_user/internal/controller/room.(*Room).GameLoop.func7
    D:/gowork/max2/max2/app/game_user/internal/controller/room/room.go:1040

2026-05-13T00:39:10.889+08:00 [INFO] 
荀曼冬的回合 (当前手牌数: 7)

2026-05-13T00:39:10.891+08:00 [INFO] 上一手牌，牌型: 1, 牌是：♠4

2026-05-13T00:39:10.892+08:00 [INFO] 请选择要出的牌 (输入牌的序号，用逗号分隔，0表示不出): 
2026-05-13T00:39:11.889+08:00 [INFO] 
荀曼冬的回合 (当前手牌数: 7)

2026-05-13T00:39:11.890+08:00 [INFO] 上一手牌，牌型: 1, 牌是：♠4

2026-05-13T00:39:11.891+08:00 [INFO] 请选择要出的牌 (输入牌的序号，用逗号分隔，0表示不出): 
2026-05-13T00:39:12.889+08:00 [INFO] 
荀曼冬的回合 (当前手牌数: 7)

2026-05-13T00:39:12.891+08:00 [INFO] 上一手牌，牌型: 1, 牌是：♠4

2026-05-13T00:39:12.892+08:00 [INFO] 请选择要出的牌 (输入牌的序号，用逗号分隔，0表示不出): 
2026-05-13T00:39:12.893+08:00 [INFO] 荀曼冬出了: ♣5 (1)

2026-05-13T00:39:12.896+08:00 [ERRO] json: unsupported type: context.CancelFunc 
Stack:
1.  game_user/internal/controller/room.(*Room).GameLoop.func7
    D:/gowork/max2/max2/app/game_user/internal/controller/room/room.go:1040

2026-05-13T00:39:13.890+08:00 [INFO] 
邰忆文的回合 (当前手牌数: 12)

2026-05-13T00:39:13.891+08:00 [INFO] 上一手牌，牌型: 1, 牌是：♣5

2026-05-13T00:39:13.893+08:00 [INFO] 请选择要出的牌 (输入牌的序号，用逗号分隔，0表示不出): 
2026-05-13T00:39:14.889+08:00 [INFO] 
邰忆文的回合 (当前手牌数: 12)

2026-05-13T00:39:14.891+08:00 [INFO] 上一手牌，牌型: 1, 牌是：♣5

2026-05-13T00:39:14.893+08:00 [INFO] 请选择要出的牌 (输入牌的序号，用逗号分隔，0表示不出): 
2026-05-13T00:39:14.896+08:00 [INFO] 邰忆文出了: ♥5 (1)

2026-05-13T00:39:14.899+08:00 [ERRO] json: unsupported type: context.CancelFunc 
Stack:
1.  game_user/internal/controller/room.(*Room).GameLoop.func7
    D:/gowork/max2/max2/app/game_user/internal/controller/room/room.go:1040

2026-05-13T00:39:15.889+08:00 [INFO] 
印明哲的回合 (当前手牌数: 7)

2026-05-13T00:39:15.889+08:00 [INFO] 上一手牌，牌型: 1, 牌是：♥5

2026-05-13T00:39:15.890+08:00 [INFO] 请选择要出的牌 (输入牌的序号，用逗号分隔，0表示不出): 
2026-05-13T00:39:16.888+08:00 [INFO] 
印明哲的回合 (当前手牌数: 7)

2026-05-13T00:39:16.889+08:00 [INFO] 上一手牌，牌型: 1, 牌是：♥5

2026-05-13T00:39:16.889+08:00 [INFO] 请选择要出的牌 (输入牌的序号，用逗号分隔，0表示不出): 
2026-05-13T00:39:17.888+08:00 [INFO] 
印明哲的回合 (当前手牌数: 7)

2026-05-13T00:39:17.888+08:00 [INFO] 上一手牌，牌型: 1, 牌是：♥5

2026-05-13T00:39:17.889+08:00 [INFO] 请选择要出的牌 (输入牌的序号，用逗号分隔，0表示不出): 
2026-05-13T00:39:17.890+08:00 [INFO] 印明哲出了: ♠5 (1)

2026-05-13T00:39:17.890+08:00 [INFO] 正在订阅 Channel: player:play:card:1，当前玩家: 1
2026-05-13T00:39:17.897+08:00 [INFO] 成功订阅 Channel: player:play:card:1
2026-05-13T00:39:17.898+08:00 [ERRO] json: unsupported type: context.CancelFunc 
Stack:
1.  game_user/internal/controller/room.(*Room).GameLoop.func7
    D:/gowork/max2/max2/app/game_user/internal/controller/room/room.go:1040

2026-05-13T00:39:18.889+08:00 [INFO] 
1的回合 (当前手牌数: 13)

2026-05-13T00:39:18.889+08:00 [INFO] 上一手牌，牌型: 1, 牌是：♠5

2026-05-13T00:39:18.890+08:00 [INFO] 请选择要出的牌 (输入牌的序号，用逗号分隔，0表示不出): 
2026-05-13T00:39:18.891+08:00 [INFO] 用户 1 接收出牌消息1: <nil>
2026-05-13T00:39:18.892+08:00 [INFO] 用户 1 接收出牌消息2: {0 [] 0}
2026-05-13T00:39:19.888+08:00 [INFO] 
1的回合 (当前手牌数: 13)

2026-05-13T00:39:19.889+08:00 [INFO] 上一手牌，牌型: 1, 牌是：♠5

2026-05-13T00:39:19.890+08:00 [INFO] 请选择要出的牌 (输入牌的序号，用逗号分隔，0表示不出): 
2026-05-13T00:39:19.890+08:00 [INFO] 用户 1 接收出牌消息1: <nil>
2026-05-13T00:39:19.891+08:00 [INFO] 用户 1 接收出牌消息2: {0 [] 0}
2026-05-13T00:39:20.889+08:00 [INFO] 
1的回合 (当前手牌数: 13)

2026-05-13T00:39:20.889+08:00 [INFO] 上一手牌，牌型: 1, 牌是：♠5

2026-05-13T00:39:20.890+08:00 [INFO] 请选择要出的牌 (输入牌的序号，用逗号分隔，0表示不出): 
2026-05-13T00:39:20.890+08:00 [INFO] 用户 1 接收出牌消息1: <nil>
2026-05-13T00:39:20.891+08:00 [INFO] 用户 1 接收出牌消息2: {0 [] 0}
2026-05-13T00:39:21.889+08:00 [INFO] 
1的回合 (当前手牌数: 13)

2026-05-13T00:39:21.889+08:00 [INFO] 上一手牌，牌型: 1, 牌是：♠5

2026-05-13T00:39:21.889+08:00 [INFO] 请选择要出的牌 (输入牌的序号，用逗号分隔，0表示不出): 
2026-05-13T00:39:21.890+08:00 [INFO] 用户 1 接收出牌消息1: <nil>
2026-05-13T00:39:21.891+08:00 [INFO] 用户 1 接收出牌消息2: {0 [] 0}
2026-05-13T00:39:22.889+08:00 [INFO] 
1的回合 (当前手牌数: 13)

2026-05-13T00:39:22.889+08:00 [INFO] 上一手牌，牌型: 1, 牌是：♠5

2026-05-13T00:39:22.889+08:00 [INFO] 请选择要出的牌 (输入牌的序号，用逗号分隔，0表示不出): 
2026-05-13T00:39:22.890+08:00 [INFO] 用户 1 接收出牌消息1: <nil>
2026-05-13T00:39:22.890+08:00 [INFO] 用户 1 接收出牌消息2: {0 [] 0}
2026-05-13T00:39:23.889+08:00 [INFO] 
1的回合 (当前手牌数: 13)

2026-05-13T00:39:23.890+08:00 [INFO] 上一手牌，牌型: 1, 牌是：♠5

2026-05-13T00:39:23.891+08:00 [INFO] 请选择要出的牌 (输入牌的序号，用逗号分隔，0表示不出): 
2026-05-13T00:39:23.895+08:00 [INFO] 用户 1 接收出牌消息1: <nil>
2026-05-13T00:39:23.896+08:00 [INFO] 用户 1 接收出牌消息2: {0 [] 0}
2026-05-13T00:39:24.888+08:00 [INFO] 
1的回合 (当前手牌数: 13)

2026-05-13T00:39:24.890+08:00 [INFO] 上一手牌，牌型: 1, 牌是：♠5

2026-05-13T00:39:24.891+08:00 [INFO] 请选择要出的牌 (输入牌的序号，用逗号分隔，0表示不出): 
2026-05-13T00:39:24.891+08:00 [INFO] 用户 1 接收出牌消息1: <nil>
2026-05-13T00:39:24.892+08:00 [INFO] 用户 1 接收出牌消息2: {0 [] 0}
2026-05-13T00:39:25.889+08:00 [INFO] 
1的回合 (当前手牌数: 13)

2026-05-13T00:39:25.890+08:00 [INFO] 上一手牌，牌型: 1, 牌是：♠5

2026-05-13T00:39:25.892+08:00 [INFO] 请选择要出的牌 (输入牌的序号，用逗号分隔，0表示不出): 
2026-05-13T00:39:25.893+08:00 [INFO] 用户 1 接收出牌消息1: <nil>
2026-05-13T00:39:25.894+08:00 [INFO] 用户 1 接收出牌消息2: {0 [] 0}
2026-05-13T00:39:26.890+08:00 [INFO] 
1的回合 (当前手牌数: 13)

2026-05-13T00:39:26.891+08:00 [INFO] 上一手牌，牌型: 1, 牌是：♠5

2026-05-13T00:39:26.892+08:00 [INFO] 请选择要出的牌 (输入牌的序号，用逗号分隔，0表示不出): 
2026-05-13T00:39:26.894+08:00 [INFO] 用户 1 接收出牌消息1: <nil>
2026-05-13T00:39:26.896+08:00 [INFO] 用户 1 接收出牌消息2: {0 [] 0}
2026-05-13T00:39:27.890+08:00 [INFO] 
1的回合 (当前手牌数: 13)

2026-05-13T00:39:27.890+08:00 [INFO] 上一手牌，牌型: 1, 牌是：♠5

2026-05-13T00:39:27.891+08:00 [INFO] 请选择要出的牌 (输入牌的序号，用逗号分隔，0表示不出): 
2026-05-13T00:39:27.891+08:00 [INFO] 用户 1 接收出牌消息1: <nil>
2026-05-13T00:39:27.892+08:00 [INFO] 用户 1 接收出牌消息2: {0 [] 0}
2026-05-13T00:39:28.889+08:00 [INFO] 
1的回合 (当前手牌数: 13)

2026-05-13T00:39:28.889+08:00 [INFO] 上一手牌，牌型: 1, 牌是：♠5

2026-05-13T00:39:28.890+08:00 [INFO] 请选择要出的牌 (输入牌的序号，用逗号分隔，0表示不出): 
2026-05-13T00:39:28.892+08:00 [INFO] 用户 1 接收出牌消息1: <nil>
2026-05-13T00:39:28.892+08:00 [INFO] 用户 1 接收出牌消息2: {0 [] 0}
2026-05-13T00:39:29.889+08:00 [INFO] 
1的回合 (当前手牌数: 13)

2026-05-13T00:39:29.889+08:00 [INFO] 上一手牌，牌型: 1, 牌是：♠5

2026-05-13T00:39:29.890+08:00 [INFO] 请选择要出的牌 (输入牌的序号，用逗号分隔，0表示不出): 
2026-05-13T00:39:29.891+08:00 [INFO] 用户 1 接收出牌消息1: <nil>
2026-05-13T00:39:29.892+08:00 [INFO] 用户 1 接收出牌消息2: {0 [] 0}
2026-05-13T00:39:30.889+08:00 [INFO] 
1的回合 (当前手牌数: 13)

2026-05-13T00:39:30.890+08:00 [INFO] 上一手牌，牌型: 1, 牌是：♠5

2026-05-13T00:39:30.890+08:00 [INFO] 请选择要出的牌 (输入牌的序号，用逗号分隔，0表示不出): 
2026-05-13T00:39:30.891+08:00 [INFO] 用户 1 接收出牌消息1: <nil>
2026-05-13T00:39:30.891+08:00 [INFO] 用户 1 接收出牌消息2: {0 [] 0}
2026-05-13T00:39:31.888+08:00 [INFO] 
1的回合 (当前手牌数: 13)

2026-05-13T00:39:31.888+08:00 [INFO] 上一手牌，牌型: 1, 牌是：♠5

2026-05-13T00:39:31.890+08:00 [INFO] 请选择要出的牌 (输入牌的序号，用逗号分隔，0表示不出): 
2026-05-13T00:39:31.890+08:00 [INFO] 用户 1 接收出牌消息1: <nil>
2026-05-13T00:39:31.891+08:00 [INFO] 用户 1 接收出牌消息2: {0 [] 0}
2026-05-13T00:39:32.889+08:00 [INFO] 
1的回合 (当前手牌数: 13)

2026-05-13T00:39:32.890+08:00 [INFO] 上一手牌，牌型: 1, 牌是：♠5

2026-05-13T00:39:32.891+08:00 [INFO] 请选择要出的牌 (输入牌的序号，用逗号分隔，0表示不出): 
2026-05-13T00:39:32.893+08:00 [INFO] 用户 1 接收出牌消息1: <nil>
2026-05-13T00:39:32.895+08:00 [INFO] 用户 1 接收出牌消息2: {0 [] 0}
2026-05-13T00:39:33.889+08:00 [INFO] 
1的回合 (当前手牌数: 13)

2026-05-13T00:39:33.889+08:00 [INFO] 上一手牌，牌型: 1, 牌是：♠5

2026-05-13T00:39:33.890+08:00 [INFO] 请选择要出的牌 (输入牌的序号，用逗号分隔，0表示不出): 
2026-05-13T00:39:33.890+08:00 [INFO] 用户 1 接收出牌消息1: <nil>
2026-05-13T00:39:33.892+08:00 [INFO] 用户 1 接收出牌消息2: {0 [] 0}
2026-05-13T00:39:34.889+08:00 [INFO] 
1的回合 (当前手牌数: 13)

2026-05-13T00:39:34.890+08:00 [INFO] 上一手牌，牌型: 1, 牌是：♠5

2026-05-13T00:39:34.892+08:00 [INFO] 请选择要出的牌 (输入牌的序号，用逗号分隔，0表示不出): 
2026-05-13T00:39:34.894+08:00 [INFO] 用户 1 接收出牌消息1: <nil>
2026-05-13T00:39:34.897+08:00 [INFO] 用户 1 接收出牌消息2: {0 [] 0}
2026-05-13T00:39:35.889+08:00 [INFO] 
1的回合 (当前手牌数: 13)

2026-05-13T00:39:35.890+08:00 [INFO] 上一手牌，牌型: 1, 牌是：♠5

2026-05-13T00:39:35.892+08:00 [INFO] 请选择要出的牌 (输入牌的序号，用逗号分隔，0表示不出): 
2026-05-13T00:39:35.895+08:00 [INFO] 用户 1 接收出牌消息1: <nil>
2026-05-13T00:39:35.896+08:00 [INFO] 用户 1 接收出牌消息2: {0 [] 0}
2026-05-13T00:39:36.889+08:00 [INFO] 
1的回合 (当前手牌数: 13)

2026-05-13T00:39:36.890+08:00 [INFO] 上一手牌，牌型: 1, 牌是：♠5

2026-05-13T00:39:36.892+08:00 [INFO] 请选择要出的牌 (输入牌的序号，用逗号分隔，0表示不出): 
2026-05-13T00:39:36.893+08:00 [INFO] 用户 1 接收出牌消息1: <nil>
2026-05-13T00:39:36.896+08:00 [INFO] 用户 1 接收出牌消息2: {0 [] 0}
2026-05-13T00:39:37.888+08:00 [INFO] 
1的回合 (当前手牌数: 13)

2026-05-13T00:39:37.890+08:00 [INFO] 上一手牌，牌型: 1, 牌是：♠5

2026-05-13T00:39:37.890+08:00 [INFO] 请选择要出的牌 (输入牌的序号，用逗号分隔，0表示不出): 
2026-05-13T00:39:37.891+08:00 [INFO] 用户 1 接收出牌消息1: <nil>
2026-05-13T00:39:37.892+08:00 [INFO] 用户 1 接收出牌消息2: {0 [] 0}
2026-05-13T00:39:38.889+08:00 [INFO] 
1的回合 (当前手牌数: 13)

2026-05-13T00:39:38.891+08:00 [INFO] 上一手牌，牌型: 1, 牌是：♠5

2026-05-13T00:39:38.893+08:00 [INFO] 请选择要出的牌 (输入牌的序号，用逗号分隔，0表示不出): 
2026-05-13T00:39:38.894+08:00 [INFO] 用户 1 接收出牌消息1: <nil>
2026-05-13T00:39:38.895+08:00 [INFO] 用户 1 接收出牌消息2: {0 [] 0}
2026-05-13T00:39:39.889+08:00 [INFO] 
1的回合 (当前手牌数: 13)

2026-05-13T00:39:39.890+08:00 [INFO] 上一手牌，牌型: 1, 牌是：♠5

2026-05-13T00:39:39.891+08:00 [INFO] 请选择要出的牌 (输入牌的序号，用逗号分隔，0表示不出): 
2026-05-13T00:39:39.892+08:00 [INFO] 用户 1 接收出牌消息1: <nil>
2026-05-13T00:39:39.893+08:00 [INFO] 用户 1 接收出牌消息2: {0 [] 0}
2026-05-13T00:39:40.889+08:00 [INFO] 
1的回合 (当前手牌数: 13)

2026-05-13T00:39:40.889+08:00 [INFO] 上一手牌，牌型: 1, 牌是：♠5

2026-05-13T00:39:40.890+08:00 [INFO] 请选择要出的牌 (输入牌的序号，用逗号分隔，0表示不出): 
2026-05-13T00:39:40.891+08:00 [INFO] 用户 1 接收出牌消息1: <nil>
2026-05-13T00:39:40.892+08:00 [INFO] 用户 1 接收出牌消息2: {0 [] 0}
2026-05-13T00:39:41.888+08:00 [INFO] 
1的回合 (当前手牌数: 13)

2026-05-13T00:39:41.889+08:00 [INFO] 上一手牌，牌型: 1, 牌是：♠5

2026-05-13T00:39:41.890+08:00 [INFO] 请选择要出的牌 (输入牌的序号，用逗号分隔，0表示不出): 
2026-05-13T00:39:41.891+08:00 [INFO] 用户 1 接收出牌消息1: <nil>
2026-05-13T00:39:41.892+08:00 [INFO] 用户 1 接收出牌消息2: {0 [] 0}
2026-05-13T00:39:42.889+08:00 [INFO] 
1的回合 (当前手牌数: 13)

2026-05-13T00:39:42.890+08:00 [INFO] 上一手牌，牌型: 1, 牌是：♠5

2026-05-13T00:39:42.891+08:00 [INFO] 请选择要出的牌 (输入牌的序号，用逗号分隔，0表示不出): 
2026-05-13T00:39:42.891+08:00 [INFO] 用户 1 接收出牌消息1: <nil>
2026-05-13T00:39:42.893+08:00 [INFO] 用户 1 接收出牌消息2: {0 [] 0}
2026-05-13T00:39:43.890+08:00 [INFO] 
1的回合 (当前手牌数: 13)

2026-05-13T00:39:43.890+08:00 [INFO] 上一手牌，牌型: 1, 牌是：♠5

2026-05-13T00:39:43.890+08:00 [INFO] 请选择要出的牌 (输入牌的序号，用逗号分隔，0表示不出): 
2026-05-13T00:39:43.891+08:00 [INFO] 用户 1 接收出牌消息1: <nil>
2026-05-13T00:39:43.892+08:00 [INFO] 用户 1 接收出牌消息2: {0 [] 0}
2026-05-13T00:39:44.889+08:00 [INFO] 
1的回合 (当前手牌数: 13)

2026-05-13T00:39:44.891+08:00 [INFO] 上一手牌，牌型: 1, 牌是：♠5

2026-05-13T00:39:44.892+08:00 [INFO] 请选择要出的牌 (输入牌的序号，用逗号分隔，0表示不出): 
2026-05-13T00:39:44.893+08:00 [INFO] 用户 1 接收出牌消息1: <nil>
2026-05-13T00:39:44.894+08:00 [INFO] 用户 1 接收出牌消息2: {0 [] 0}
2026-05-13T00:39:45.889+08:00 [INFO] 
1的回合 (当前手牌数: 13)

2026-05-13T00:39:45.890+08:00 [INFO] 上一手牌，牌型: 1, 牌是：♠5

2026-05-13T00:39:45.891+08:00 [INFO] 请选择要出的牌 (输入牌的序号，用逗号分隔，0表示不出): 
2026-05-13T00:39:45.891+08:00 [INFO] 用户 1 接收出牌消息1: <nil>
2026-05-13T00:39:45.891+08:00 [INFO] 用户 1 接收出牌消息2: {0 [] 0}
2026-05-13T00:39:46.889+08:00 [INFO] 
1的回合 (当前手牌数: 13)

2026-05-13T00:39:46.890+08:00 [INFO] 上一手牌，牌型: 1, 牌是：♠5

2026-05-13T00:39:46.890+08:00 [INFO] 请选择要出的牌 (输入牌的序号，用逗号分隔，0表示不出): 
2026-05-13T00:39:46.891+08:00 [INFO] 用户 1 接收出牌消息1: <nil>
2026-05-13T00:39:46.891+08:00 [INFO] 用户 1 接收出牌消息2: {0 [] 0}
2026-05-13T00:39:47.889+08:00 [INFO] 
1的回合 (当前手牌数: 13)

2026-05-13T00:39:47.890+08:00 [INFO] 上一手牌，牌型: 1, 牌是：♠5

2026-05-13T00:39:47.892+08:00 [INFO] 请选择要出的牌 (输入牌的序号，用逗号分隔，0表示不出): 
2026-05-13T00:39:47.893+08:00 [INFO] 用户 1 接收出牌消息1: <nil>
2026-05-13T00:39:47.897+08:00 [INFO] 用户 1 接收出牌消息2: {0 [] 0}
2026-05-13T00:39:48.889+08:00 [INFO] 
1的回合 (当前手牌数: 13)

2026-05-13T00:39:48.889+08:00 [INFO] 上一手牌，牌型: 1, 牌是：♠5

2026-05-13T00:39:48.890+08:00 [INFO] 请选择要出的牌 (输入牌的序号，用逗号分隔，0表示不出): 
2026-05-13T00:39:48.890+08:00 [INFO] 用户 1 接收出牌消息1: <nil>
2026-05-13T00:39:48.891+08:00 [INFO] 用户 1 接收出牌消息2: {0 [] 0}
2026-05-13T00:39:48.891+08:00 [INFO] 1不出

2026-05-13T00:39:48.892+08:00 [INFO] ♣3,♦5,♦9,♥J,♣8,♦A,♥A,♥Q,♣6,♣Q,♣J,♣K,♦10
2026-05-13T00:39:48.892+08:00 [ERRO] json: unsupported type: context.CancelFunc 
Stack:
1.  game_user/internal/controller/room.(*Room).GameLoop.func7
    D:/gowork/max2/max2/app/game_user/internal/controller/room/room.go:1040

2026-05-13T00:39:49.889+08:00 [INFO] 
荀曼冬的回合 (当前手牌数: 6)

2026-05-13T00:39:49.890+08:00 [INFO] 上一手牌，牌型: 1, 牌是：♠5

2026-05-13T00:39:49.892+08:00 [INFO] 请选择要出的牌 (输入牌的序号，用逗号分隔，0表示不出): 
2026-05-13T00:39:50.889+08:00 [INFO] 
荀曼冬的回合 (当前手牌数: 6)

2026-05-13T00:39:50.889+08:00 [INFO] 上一手牌，牌型: 1, 牌是：♠5

2026-05-13T00:39:50.890+08:00 [INFO] 请选择要出的牌 (输入牌的序号，用逗号分隔，0表示不出): 
2026-05-13T00:39:51.888+08:00 [INFO] 
荀曼冬的回合 (当前手牌数: 6)

2026-05-13T00:39:51.890+08:00 [INFO] 上一手牌，牌型: 1, 牌是：♠5

2026-05-13T00:39:51.892+08:00 [INFO] 请选择要出的牌 (输入牌的序号，用逗号分隔，0表示不出): 
2026-05-13T00:39:51.894+08:00 [INFO] 荀曼冬出了: ♥8 (1)

2026-05-13T00:39:51.899+08:00 [ERRO] json: unsupported type: context.CancelFunc 
Stack:
1.  game_user/internal/controller/room.(*Room).GameLoop.func7
    D:/gowork/max2/max2/app/game_user/internal/controller/room/room.go:1040

2026-05-13T00:39:52.889+08:00 [INFO] 
邰忆文的回合 (当前手牌数: 11)

2026-05-13T00:39:52.889+08:00 [INFO] 上一手牌，牌型: 1, 牌是：♥8

2026-05-13T00:39:52.890+08:00 [INFO] 请选择要出的牌 (输入牌的序号，用逗号分隔，0表示不出): 
2026-05-13T00:39:53.889+08:00 [INFO] 
邰忆文的回合 (当前手牌数: 11)

2026-05-13T00:39:53.889+08:00 [INFO] 上一手牌，牌型: 1, 牌是：♥8

2026-05-13T00:39:53.890+08:00 [INFO] 请选择要出的牌 (输入牌的序号，用逗号分隔，0表示不出): 
2026-05-13T00:39:53.890+08:00 [INFO] 邰忆文出了: ♣9 (1)

2026-05-13T00:39:53.892+08:00 [ERRO] json: unsupported type: context.CancelFunc 
Stack:
1.  game_user/internal/controller/room.(*Room).GameLoop.func7
    D:/gowork/max2/max2/app/game_user/internal/controller/room/room.go:1040

2026-05-13T00:39:54.889+08:00 [INFO] 
印明哲的回合 (当前手牌数: 6)

2026-05-13T00:39:54.889+08:00 [INFO] 上一手牌，牌型: 1, 牌是：♣9

2026-05-13T00:39:54.890+08:00 [INFO] 请选择要出的牌 (输入牌的序号，用逗号分隔，0表示不出): 
2026-05-13T00:39:55.889+08:00 [INFO] 
印明哲的回合 (当前手牌数: 6)

2026-05-13T00:39:55.890+08:00 [INFO] 上一手牌，牌型: 1, 牌是：♣9

2026-05-13T00:39:55.891+08:00 [INFO] 请选择要出的牌 (输入牌的序号，用逗号分隔，0表示不出): 
2026-05-13T00:39:56.891+08:00 [INFO] 
印明哲的回合 (当前手牌数: 6)

2026-05-13T00:39:56.892+08:00 [INFO] 上一手牌，牌型: 1, 牌是：♣9

2026-05-13T00:39:56.895+08:00 [INFO] 请选择要出的牌 (输入牌的序号，用逗号分隔，0表示不出): 
2026-05-13T00:39:56.896+08:00 [INFO] 印明哲出了: ♥9 (1)

2026-05-13T00:39:56.902+08:00 [INFO] 正在订阅 Channel: player:play:card:1，当前玩家: 1
2026-05-13T00:39:56.971+08:00 [INFO] 成功订阅 Channel: player:play:card:1
2026-05-13T00:39:56.975+08:00 [ERRO] json: unsupported type: context.CancelFunc 
Stack:
1.  game_user/internal/controller/room.(*Room).GameLoop.func7
    D:/gowork/max2/max2/app/game_user/internal/controller/room/room.go:1040

2026-05-13T00:39:57.888+08:00 [INFO] 
1的回合 (当前手牌数: 13)

2026-05-13T00:39:57.888+08:00 [INFO] 上一手牌，牌型: 1, 牌是：♥9

2026-05-13T00:39:57.889+08:00 [INFO] 请选择要出的牌 (输入牌的序号，用逗号分隔，0表示不出): 
2026-05-13T00:39:57.890+08:00 [INFO] 用户 1 接收出牌消息1: <nil>
2026-05-13T00:39:57.890+08:00 [INFO] 用户 1 接收出牌消息2: {0 [] 0}
2026-05-13T00:39:58.889+08:00 [INFO] 
1的回合 (当前手牌数: 13)

2026-05-13T00:39:58.890+08:00 [INFO] 上一手牌，牌型: 1, 牌是：♥9

2026-05-13T00:39:58.890+08:00 [INFO] 请选择要出的牌 (输入牌的序号，用逗号分隔，0表示不出): 
2026-05-13T00:39:58.891+08:00 [INFO] 用户 1 接收出牌消息1: <nil>
2026-05-13T00:39:58.892+08:00 [INFO] 用户 1 接收出牌消息2: {0 [] 0}
2026-05-13T00:39:59.889+08:00 [INFO] 
1的回合 (当前手牌数: 13)

2026-05-13T00:39:59.889+08:00 [INFO] 上一手牌，牌型: 1, 牌是：♥9

2026-05-13T00:39:59.891+08:00 [INFO] 请选择要出的牌 (输入牌的序号，用逗号分隔，0表示不出): 
2026-05-13T00:39:59.891+08:00 [INFO] 用户 1 接收出牌消息1: <nil>
2026-05-13T00:39:59.892+08:00 [INFO] 用户 1 接收出牌消息2: {0 [] 0}
2026-05-13T00:40:00.895+08:00 [INFO] 
1的回合 (当前手牌数: 13)

2026-05-13T00:40:00.901+08:00 [INFO] 上一手牌，牌型: 1, 牌是：♥9

2026-05-13T00:40:00.903+08:00 [INFO] 请选择要出的牌 (输入牌的序号，用逗号分隔，0表示不出): 
2026-05-13T00:40:00.905+08:00 [INFO] 用户 1 接收出牌消息1: <nil>
2026-05-13T00:40:00.906+08:00 [INFO] 用户 1 接收出牌消息2: {0 [] 0}
2026-05-13T00:40:01.889+08:00 [INFO] 
1的回合 (当前手牌数: 13)

2026-05-13T00:40:01.891+08:00 [INFO] 上一手牌，牌型: 1, 牌是：♥9

2026-05-13T00:40:01.891+08:00 [INFO] 请选择要出的牌 (输入牌的序号，用逗号分隔，0表示不出): 
2026-05-13T00:40:01.892+08:00 [INFO] 用户 1 接收出牌消息1: <nil>
2026-05-13T00:40:01.893+08:00 [INFO] 用户 1 接收出牌消息2: {0 [] 0}
2026-05-13T00:40:02.889+08:00 [INFO] 
1的回合 (当前手牌数: 13)

2026-05-13T00:40:02.890+08:00 [INFO] 上一手牌，牌型: 1, 牌是：♥9

2026-05-13T00:40:02.891+08:00 [INFO] 请选择要出的牌 (输入牌的序号，用逗号分隔，0表示不出): 
2026-05-13T00:40:02.893+08:00 [INFO] 用户 1 接收出牌消息1: <nil>
2026-05-13T00:40:02.896+08:00 [INFO] 用户 1 接收出牌消息2: {0 [] 0}
2026-05-13T00:40:03.889+08:00 [INFO] 
1的回合 (当前手牌数: 13)

2026-05-13T00:40:03.890+08:00 [INFO] 上一手牌，牌型: 1, 牌是：♥9

2026-05-13T00:40:03.890+08:00 [INFO] 请选择要出的牌 (输入牌的序号，用逗号分隔，0表示不出): 
2026-05-13T00:40:03.892+08:00 [INFO] 用户 1 接收出牌消息1: <nil>
2026-05-13T00:40:03.894+08:00 [INFO] 用户 1 接收出牌消息2: {0 [] 0}
2026-05-13T00:40:04.889+08:00 [INFO] 
1的回合 (当前手牌数: 13)

2026-05-13T00:40:04.891+08:00 [INFO] 上一手牌，牌型: 1, 牌是：♥9

2026-05-13T00:40:04.893+08:00 [INFO] 请选择要出的牌 (输入牌的序号，用逗号分隔，0表示不出): 
2026-05-13T00:40:04.894+08:00 [INFO] 用户 1 接收出牌消息1: <nil>
2026-05-13T00:40:04.896+08:00 [INFO] 用户 1 接收出牌消息2: {0 [] 0}
2026-05-13T00:40:05.896+08:00 [INFO] 
1的回合 (当前手牌数: 13)

2026-05-13T00:40:05.898+08:00 [INFO] 上一手牌，牌型: 1, 牌是：♥9

2026-05-13T00:40:05.899+08:00 [INFO] 请选择要出的牌 (输入牌的序号，用逗号分隔，0表示不出): 
2026-05-13T00:40:05.901+08:00 [INFO] 用户 1 接收出牌消息1: <nil>
2026-05-13T00:40:05.902+08:00 [INFO] 用户 1 接收出牌消息2: {0 [] 0}
2026-05-13T00:40:06.889+08:00 [INFO] 
1的回合 (当前手牌数: 13)

2026-05-13T00:40:06.889+08:00 [INFO] 上一手牌，牌型: 1, 牌是：♥9

2026-05-13T00:40:06.890+08:00 [INFO] 请选择要出的牌 (输入牌的序号，用逗号分隔，0表示不出): 
2026-05-13T00:40:06.893+08:00 [INFO] 用户 1 接收出牌消息1: <nil>
2026-05-13T00:40:06.894+08:00 [INFO] 用户 1 接收出牌消息2: {0 [] 0}
2026-05-13T00:40:07.888+08:00 [INFO] 
1的回合 (当前手牌数: 13)

2026-05-13T00:40:07.889+08:00 [INFO] 上一手牌，牌型: 1, 牌是：♥9

2026-05-13T00:40:07.890+08:00 [INFO] 请选择要出的牌 (输入牌的序号，用逗号分隔，0表示不出): 
2026-05-13T00:40:07.890+08:00 [INFO] 用户 1 接收出牌消息1: <nil>
2026-05-13T00:40:07.891+08:00 [INFO] 用户 1 接收出牌消息2: {0 [] 0}
2026-05-13T00:40:08.889+08:00 [INFO] 
1的回合 (当前手牌数: 13)

2026-05-13T00:40:08.889+08:00 [INFO] 上一手牌，牌型: 1, 牌是：♥9

2026-05-13T00:40:08.890+08:00 [INFO] 请选择要出的牌 (输入牌的序号，用逗号分隔，0表示不出): 
2026-05-13T00:40:08.891+08:00 [INFO] 用户 1 接收出牌消息1: <nil>
2026-05-13T00:40:08.892+08:00 [INFO] 用户 1 接收出牌消息2: {0 [] 0}
2026-05-13T00:40:09.889+08:00 [INFO] 
1的回合 (当前手牌数: 13)

2026-05-13T00:40:09.890+08:00 [INFO] 上一手牌，牌型: 1, 牌是：♥9

2026-05-13T00:40:09.890+08:00 [INFO] 请选择要出的牌 (输入牌的序号，用逗号分隔，0表示不出): 
2026-05-13T00:40:09.892+08:00 [INFO] 用户 1 接收出牌消息1: <nil>
2026-05-13T00:40:09.893+08:00 [INFO] 用户 1 接收出牌消息2: {0 [] 0}
2026-05-13T00:40:10.888+08:00 [INFO] 
1的回合 (当前手牌数: 13)

2026-05-13T00:40:10.889+08:00 [INFO] 上一手牌，牌型: 1, 牌是：♥9

2026-05-13T00:40:10.889+08:00 [INFO] 请选择要出的牌 (输入牌的序号，用逗号分隔，0表示不出): 
2026-05-13T00:40:10.891+08:00 [INFO] 用户 1 接收出牌消息1: <nil>
2026-05-13T00:40:10.891+08:00 [INFO] 用户 1 接收出牌消息2: {0 [] 0}
2026-05-13T00:40:11.889+08:00 [INFO] 
1的回合 (当前手牌数: 13)

2026-05-13T00:40:11.889+08:00 [INFO] 上一手牌，牌型: 1, 牌是：♥9

2026-05-13T00:40:11.889+08:00 [INFO] 请选择要出的牌 (输入牌的序号，用逗号分隔，0表示不出): 
2026-05-13T00:40:11.890+08:00 [INFO] 用户 1 接收出牌消息1: <nil>
2026-05-13T00:40:11.891+08:00 [INFO] 用户 1 接收出牌消息2: {0 [] 0}
2026-05-13T00:40:12.889+08:00 [INFO] 
1的回合 (当前手牌数: 13)

2026-05-13T00:40:12.891+08:00 [INFO] 上一手牌，牌型: 1, 牌是：♥9

2026-05-13T00:40:12.894+08:00 [INFO] 请选择要出的牌 (输入牌的序号，用逗号分隔，0表示不出): 
2026-05-13T00:40:12.897+08:00 [INFO] 用户 1 接收出牌消息1: <nil>
2026-05-13T00:40:12.901+08:00 [INFO] 用户 1 接收出牌消息2: {0 [] 0}
2026-05-13T00:40:13.889+08:00 [INFO] 
1的回合 (当前手牌数: 13)

2026-05-13T00:40:13.895+08:00 [INFO] 上一手牌，牌型: 1, 牌是：♥9

2026-05-13T00:40:13.895+08:00 [INFO] 请选择要出的牌 (输入牌的序号，用逗号分隔，0表示不出): 
2026-05-13T00:40:13.896+08:00 [INFO] 用户 1 接收出牌消息1: <nil>
2026-05-13T00:40:13.896+08:00 [INFO] 用户 1 接收出牌消息2: {0 [] 0}
2026-05-13T00:40:14.889+08:00 [INFO] 
1的回合 (当前手牌数: 13)

2026-05-13T00:40:14.890+08:00 [INFO] 上一手牌，牌型: 1, 牌是：♥9

2026-05-13T00:40:14.891+08:00 [INFO] 请选择要出的牌 (输入牌的序号，用逗号分隔，0表示不出): 
2026-05-13T00:40:14.892+08:00 [INFO] 用户 1 接收出牌消息1: <nil>
2026-05-13T00:40:14.893+08:00 [INFO] 用户 1 接收出牌消息2: {0 [] 0}
2026-05-13T00:40:15.889+08:00 [INFO] 
1的回合 (当前手牌数: 13)

2026-05-13T00:40:15.889+08:00 [INFO] 上一手牌，牌型: 1, 牌是：♥9

2026-05-13T00:40:15.891+08:00 [INFO] 请选择要出的牌 (输入牌的序号，用逗号分隔，0表示不出): 
2026-05-13T00:40:15.892+08:00 [INFO] 用户 1 接收出牌消息1: <nil>
2026-05-13T00:40:15.892+08:00 [INFO] 用户 1 接收出牌消息2: {0 [] 0}
2026-05-13T00:40:16.889+08:00 [INFO] 
1的回合 (当前手牌数: 13)

2026-05-13T00:40:16.889+08:00 [INFO] 上一手牌，牌型: 1, 牌是：♥9

2026-05-13T00:40:16.890+08:00 [INFO] 请选择要出的牌 (输入牌的序号，用逗号分隔，0表示不出): 
2026-05-13T00:40:16.891+08:00 [INFO] 用户 1 接收出牌消息1: <nil>
2026-05-13T00:40:16.892+08:00 [INFO] 用户 1 接收出牌消息2: {0 [] 0}
2026-05-13T00:40:17.889+08:00 [INFO] 
1的回合 (当前手牌数: 13)

2026-05-13T00:40:17.890+08:00 [INFO] 上一手牌，牌型: 1, 牌是：♥9

2026-05-13T00:40:17.892+08:00 [INFO] 请选择要出的牌 (输入牌的序号，用逗号分隔，0表示不出): 
2026-05-13T00:40:17.893+08:00 [INFO] 用户 1 接收出牌消息1: <nil>
2026-05-13T00:40:17.895+08:00 [INFO] 用户 1 接收出牌消息2: {0 [] 0}
2026-05-13T00:40:18.889+08:00 [INFO] 
1的回合 (当前手牌数: 13)

2026-05-13T00:40:18.891+08:00 [INFO] 上一手牌，牌型: 1, 牌是：♥9

2026-05-13T00:40:18.892+08:00 [INFO] 请选择要出的牌 (输入牌的序号，用逗号分隔，0表示不出): 
2026-05-13T00:40:18.894+08:00 [INFO] 用户 1 接收出牌消息1: <nil>
2026-05-13T00:40:18.895+08:00 [INFO] 用户 1 接收出牌消息2: {0 [] 0}
2026-05-13T00:40:19.889+08:00 [INFO] 
1的回合 (当前手牌数: 13)

2026-05-13T00:40:19.890+08:00 [INFO] 上一手牌，牌型: 1, 牌是：♥9

2026-05-13T00:40:19.892+08:00 [INFO] 请选择要出的牌 (输入牌的序号，用逗号分隔，0表示不出): 
2026-05-13T00:40:19.894+08:00 [INFO] 用户 1 接收出牌消息1: <nil>
2026-05-13T00:40:19.896+08:00 [INFO] 用户 1 接收出牌消息2: {0 [] 0}
2026-05-13T00:40:20.889+08:00 [INFO] 
1的回合 (当前手牌数: 13)

2026-05-13T00:40:20.892+08:00 [INFO] 上一手牌，牌型: 1, 牌是：♥9

2026-05-13T00:40:20.893+08:00 [INFO] 请选择要出的牌 (输入牌的序号，用逗号分隔，0表示不出): 
2026-05-13T00:40:20.894+08:00 [INFO] 用户 1 接收出牌消息1: <nil>
2026-05-13T00:40:20.895+08:00 [INFO] 用户 1 接收出牌消息2: {0 [] 0}
2026-05-13T00:40:21.991+08:00 [INFO] 
1的回合 (当前手牌数: 13)

2026-05-13T00:40:21.995+08:00 [INFO] 上一手牌，牌型: 1, 牌是：♥9

2026-05-13T00:40:21.998+08:00 [INFO] 请选择要出的牌 (输入牌的序号，用逗号分隔，0表示不出): 
2026-05-13T00:40:21.998+08:00 [INFO] 用户 1 接收出牌消息1: <nil>
2026-05-13T00:40:22.000+08:00 [INFO] 用户 1 接收出牌消息2: {0 [] 0}
2026-05-13T00:40:22.989+08:00 [INFO] 
1的回合 (当前手牌数: 13)

2026-05-13T00:40:22.992+08:00 [INFO] 上一手牌，牌型: 1, 牌是：♥9

2026-05-13T00:40:22.992+08:00 [INFO] 请选择要出的牌 (输入牌的序号，用逗号分隔，0表示不出): 
2026-05-13T00:40:22.994+08:00 [INFO] 用户 1 接收出牌消息1: <nil>
2026-05-13T00:40:22.994+08:00 [INFO] 用户 1 接收出牌消息2: {0 [] 0}
2026-05-13T00:40:23.989+08:00 [INFO] 
1的回合 (当前手牌数: 13)

2026-05-13T00:40:23.992+08:00 [INFO] 上一手牌，牌型: 1, 牌是：♥9

2026-05-13T00:40:23.993+08:00 [INFO] 请选择要出的牌 (输入牌的序号，用逗号分隔，0表示不出): 
2026-05-13T00:40:23.994+08:00 [INFO] 用户 1 接收出牌消息1: <nil>
2026-05-13T00:40:23.994+08:00 [INFO] 用户 1 接收出牌消息2: {0 [] 0}
2026-05-13T00:40:24.989+08:00 [INFO] 
1的回合 (当前手牌数: 13)

2026-05-13T00:40:24.989+08:00 [INFO] 上一手牌，牌型: 1, 牌是：♥9

2026-05-13T00:40:24.990+08:00 [INFO] 请选择要出的牌 (输入牌的序号，用逗号分隔，0表示不出): 
2026-05-13T00:40:24.991+08:00 [INFO] 用户 1 接收出牌消息1: <nil>
2026-05-13T00:40:24.991+08:00 [INFO] 用户 1 接收出牌消息2: {0 [] 0}
2026-05-13T00:40:25.989+08:00 [INFO] 
1的回合 (当前手牌数: 13)

2026-05-13T00:40:25.990+08:00 [INFO] 上一手牌，牌型: 1, 牌是：♥9

2026-05-13T00:40:25.993+08:00 [INFO] 请选择要出的牌 (输入牌的序号，用逗号分隔，0表示不出): 
2026-05-13T00:40:25.995+08:00 [INFO] 用户 1 接收出牌消息1: <nil>
2026-05-13T00:40:25.997+08:00 [INFO] 用户 1 接收出牌消息2: {0 [] 0}
2026-05-13T00:40:26.988+08:00 [INFO] 
1的回合 (当前手牌数: 13)

2026-05-13T00:40:26.989+08:00 [INFO] 上一手牌，牌型: 1, 牌是：♥9

2026-05-13T00:40:26.990+08:00 [INFO] 请选择要出的牌 (输入牌的序号，用逗号分隔，0表示不出): 
2026-05-13T00:40:26.990+08:00 [INFO] 用户 1 接收出牌消息1: <nil>
2026-05-13T00:40:26.991+08:00 [INFO] 用户 1 接收出牌消息2: {0 [] 0}
2026-05-13T00:40:27.989+08:00 [INFO] 
1的回合 (当前手牌数: 13)

2026-05-13T00:40:27.989+08:00 [INFO] 上一手牌，牌型: 1, 牌是：♥9

2026-05-13T00:40:27.991+08:00 [INFO] 请选择要出的牌 (输入牌的序号，用逗号分隔，0表示不出): 
2026-05-13T00:40:27.991+08:00 [INFO] 用户 1 接收出牌消息1: <nil>
2026-05-13T00:40:27.992+08:00 [INFO] 用户 1 接收出牌消息2: {0 [] 0}
2026-05-13T00:40:27.992+08:00 [INFO] 1不出

2026-05-13T00:40:27.993+08:00 [INFO] ♣3,♦5,♦9,♥J,♣8,♦A,♥A,♥Q,♣6,♣Q,♣J,♣K,♦10
2026-05-13T00:40:27.994+08:00 [ERRO] json: unsupported type: context.CancelFunc 
Stack:
1.  game_user/internal/controller/room.(*Room).GameLoop.func7
    D:/gowork/max2/max2/app/game_user/internal/controller/room/room.go:1040

2026-05-13T00:40:28.989+08:00 [INFO] 
荀曼冬的回合 (当前手牌数: 5)

2026-05-13T00:40:28.989+08:00 [INFO] 上一手牌，牌型: 1, 牌是：♥9

2026-05-13T00:40:28.991+08:00 [INFO] 请选择要出的牌 (输入牌的序号，用逗号分隔，0表示不出): 
2026-05-13T00:40:29.989+08:00 [INFO] 
荀曼冬的回合 (当前手牌数: 5)

2026-05-13T00:40:29.989+08:00 [INFO] 上一手牌，牌型: 1, 牌是：♥9

2026-05-13T00:40:29.990+08:00 [INFO] 请选择要出的牌 (输入牌的序号，用逗号分隔，0表示不出): 
2026-05-13T00:40:30.989+08:00 [INFO] 
荀曼冬的回合 (当前手牌数: 5)

2026-05-13T00:40:30.989+08:00 [INFO] 上一手牌，牌型: 1, 牌是：♥9

2026-05-13T00:40:30.990+08:00 [INFO] 请选择要出的牌 (输入牌的序号，用逗号分隔，0表示不出): 
2026-05-13T00:40:30.990+08:00 [INFO] 荀曼冬出了: ♣10 (1)

2026-05-13T00:40:30.993+08:00 [ERRO] json: unsupported type: context.CancelFunc 
Stack:
1.  game_user/internal/controller/room.(*Room).GameLoop.func7
    D:/gowork/max2/max2/app/game_user/internal/controller/room/room.go:1040

2026-05-13T00:40:31.989+08:00 [INFO] 
邰忆文的回合 (当前手牌数: 10)

2026-05-13T00:40:31.990+08:00 [INFO] 上一手牌，牌型: 1, 牌是：♣10

2026-05-13T00:40:31.991+08:00 [INFO] 请选择要出的牌 (输入牌的序号，用逗号分隔，0表示不出): 
2026-05-13T00:40:32.989+08:00 [INFO] 
邰忆文的回合 (当前手牌数: 10)

2026-05-13T00:40:32.989+08:00 [INFO] 上一手牌，牌型: 1, 牌是：♣10

2026-05-13T00:40:32.990+08:00 [INFO] 请选择要出的牌 (输入牌的序号，用逗号分隔，0表示不出): 
2026-05-13T00:40:33.989+08:00 [INFO] 
邰忆文的回合 (当前手牌数: 10)

2026-05-13T00:40:33.989+08:00 [INFO] 上一手牌，牌型: 1, 牌是：♣10

2026-05-13T00:40:33.990+08:00 [INFO] 请选择要出的牌 (输入牌的序号，用逗号分隔，0表示不出): 
2026-05-13T00:40:33.991+08:00 [INFO] 邰忆文出了: ♦Q (1)

2026-05-13T00:40:33.992+08:00 [ERRO] json: unsupported type: context.CancelFunc 
Stack:
1.  game_user/internal/controller/room.(*Room).GameLoop.func7
    D:/gowork/max2/max2/app/game_user/internal/controller/room/room.go:1040

2026-05-13T00:40:35.088+08:00 [INFO] 
印明哲的回合 (当前手牌数: 5)

2026-05-13T00:40:35.090+08:00 [INFO] 上一手牌，牌型: 1, 牌是：♦Q

2026-05-13T00:40:35.091+08:00 [INFO] 请选择要出的牌 (输入牌的序号，用逗号分隔，0表示不出): 
2026-05-13T00:40:36.089+08:00 [INFO] 
印明哲的回合 (当前手牌数: 5)

2026-05-13T00:40:36.090+08:00 [INFO] 上一手牌，牌型: 1, 牌是：♦Q

2026-05-13T00:40:36.092+08:00 [INFO] 请选择要出的牌 (输入牌的序号，用逗号分隔，0表示不出): 
2026-05-13T00:40:37.089+08:00 [INFO] 
印明哲的回合 (当前手牌数: 5)

2026-05-13T00:40:37.095+08:00 [INFO] 上一手牌，牌型: 1, 牌是：♦Q

2026-05-13T00:40:37.099+08:00 [INFO] 请选择要出的牌 (输入牌的序号，用逗号分隔，0表示不出): 
2026-05-13T00:40:37.101+08:00 [INFO] 印明哲出了: ♥2 (1)

2026-05-13T00:40:37.191+08:00 [INFO] 正在订阅 Channel: player:play:card:1，当前玩家: 1
2026-05-13T00:40:37.227+08:00 [INFO] 成功订阅 Channel: player:play:card:1
2026-05-13T00:40:37.239+08:00 [ERRO] json: unsupported type: context.CancelFunc 
Stack:
1.  game_user/internal/controller/room.(*Room).GameLoop.func7
    D:/gowork/max2/max2/app/game_user/internal/controller/room/room.go:1040

2026-05-13T00:40:38.089+08:00 [INFO] 
1的回合 (当前手牌数: 13)

2026-05-13T00:40:38.090+08:00 [INFO] 上一手牌，牌型: 1, 牌是：♥2

2026-05-13T00:40:38.092+08:00 [INFO] 请选择要出的牌 (输入牌的序号，用逗号分隔，0表示不出): 
2026-05-13T00:40:38.093+08:00 [INFO] 用户 1 接收出牌消息1: <nil>
2026-05-13T00:40:38.095+08:00 [INFO] 用户 1 接收出牌消息2: {0 [] 0}
2026-05-13T00:40:39.090+08:00 [INFO] 
1的回合 (当前手牌数: 13)

2026-05-13T00:40:39.092+08:00 [INFO] 上一手牌，牌型: 1, 牌是：♥2

2026-05-13T00:40:39.093+08:00 [INFO] 请选择要出的牌 (输入牌的序号，用逗号分隔，0表示不出): 
2026-05-13T00:40:39.094+08:00 [INFO] 用户 1 接收出牌消息1: <nil>
2026-05-13T00:40:39.095+08:00 [INFO] 用户 1 接收出牌消息2: {0 [] 0}
2026-05-13T00:40:40.089+08:00 [INFO] 
1的回合 (当前手牌数: 13)

2026-05-13T00:40:40.090+08:00 [INFO] 上一手牌，牌型: 1, 牌是：♥2

2026-05-13T00:40:40.091+08:00 [INFO] 请选择要出的牌 (输入牌的序号，用逗号分隔，0表示不出): 
2026-05-13T00:40:40.092+08:00 [INFO] 用户 1 接收出牌消息1: <nil>
2026-05-13T00:40:40.092+08:00 [INFO] 用户 1 接收出牌消息2: {0 [] 0}
2026-05-13T00:40:41.089+08:00 [INFO] 
1的回合 (当前手牌数: 13)

2026-05-13T00:40:41.089+08:00 [INFO] 上一手牌，牌型: 1, 牌是：♥2

2026-05-13T00:40:41.090+08:00 [INFO] 请选择要出的牌 (输入牌的序号，用逗号分隔，0表示不出): 
2026-05-13T00:40:41.090+08:00 [INFO] 用户 1 接收出牌消息1: <nil>
2026-05-13T00:40:41.091+08:00 [INFO] 用户 1 接收出牌消息2: {0 [] 0}
2026-05-13T00:40:42.089+08:00 [INFO] 
1的回合 (当前手牌数: 13)

2026-05-13T00:40:42.089+08:00 [INFO] 上一手牌，牌型: 1, 牌是：♥2

2026-05-13T00:40:42.089+08:00 [INFO] 请选择要出的牌 (输入牌的序号，用逗号分隔，0表示不出): 
2026-05-13T00:40:42.090+08:00 [INFO] 用户 1 接收出牌消息1: <nil>
2026-05-13T00:40:42.091+08:00 [INFO] 用户 1 接收出牌消息2: {0 [] 0}
2026-05-13T00:40:43.089+08:00 [INFO] 
1的回合 (当前手牌数: 13)

2026-05-13T00:40:43.090+08:00 [INFO] 上一手牌，牌型: 1, 牌是：♥2

2026-05-13T00:40:43.091+08:00 [INFO] 请选择要出的牌 (输入牌的序号，用逗号分隔，0表示不出): 
2026-05-13T00:40:43.092+08:00 [INFO] 用户 1 接收出牌消息1: <nil>
2026-05-13T00:40:43.092+08:00 [INFO] 用户 1 接收出牌消息2: {0 [] 0}
2026-05-13T00:40:44.089+08:00 [INFO] 
1的回合 (当前手牌数: 13)

2026-05-13T00:40:44.093+08:00 [INFO] 上一手牌，牌型: 1, 牌是：♥2

2026-05-13T00:40:44.093+08:00 [INFO] 请选择要出的牌 (输入牌的序号，用逗号分隔，0表示不出): 
2026-05-13T00:40:44.094+08:00 [INFO] 用户 1 接收出牌消息1: <nil>
2026-05-13T00:40:44.095+08:00 [INFO] 用户 1 接收出牌消息2: {0 [] 0}
2026-05-13T00:40:45.089+08:00 [INFO] 
1的回合 (当前手牌数: 13)

2026-05-13T00:40:45.094+08:00 [INFO] 上一手牌，牌型: 1, 牌是：♥2

2026-05-13T00:40:45.095+08:00 [INFO] 请选择要出的牌 (输入牌的序号，用逗号分隔，0表示不出): 
2026-05-13T00:40:45.096+08:00 [INFO] 用户 1 接收出牌消息1: <nil>
2026-05-13T00:40:45.098+08:00 [INFO] 用户 1 接收出牌消息2: {0 [] 0}
2026-05-13T00:40:46.088+08:00 [INFO] 
1的回合 (当前手牌数: 13)

2026-05-13T00:40:46.089+08:00 [INFO] 上一手牌，牌型: 1, 牌是：♥2

2026-05-13T00:40:46.090+08:00 [INFO] 请选择要出的牌 (输入牌的序号，用逗号分隔，0表示不出): 
2026-05-13T00:40:46.090+08:00 [INFO] 用户 1 接收出牌消息1: <nil>
2026-05-13T00:40:46.091+08:00 [INFO] 用户 1 接收出牌消息2: {0 [] 0}
2026-05-13T00:40:47.089+08:00 [INFO] 
1的回合 (当前手牌数: 13)

2026-05-13T00:40:47.089+08:00 [INFO] 上一手牌，牌型: 1, 牌是：♥2

2026-05-13T00:40:47.089+08:00 [INFO] 请选择要出的牌 (输入牌的序号，用逗号分隔，0表示不出): 
2026-05-13T00:40:47.090+08:00 [INFO] 用户 1 接收出牌消息1: <nil>
2026-05-13T00:40:47.091+08:00 [INFO] 用户 1 接收出牌消息2: {0 [] 0}
2026-05-13T00:40:48.089+08:00 [INFO] 
1的回合 (当前手牌数: 13)

2026-05-13T00:40:48.091+08:00 [INFO] 上一手牌，牌型: 1, 牌是：♥2

2026-05-13T00:40:48.093+08:00 [INFO] 请选择要出的牌 (输入牌的序号，用逗号分隔，0表示不出): 
2026-05-13T00:40:48.094+08:00 [INFO] 用户 1 接收出牌消息1: <nil>
2026-05-13T00:40:48.096+08:00 [INFO] 用户 1 接收出牌消息2: {0 [] 0}
2026-05-13T00:40:49.090+08:00 [INFO] 
1的回合 (当前手牌数: 13)

2026-05-13T00:40:49.091+08:00 [INFO] 上一手牌，牌型: 1, 牌是：♥2

2026-05-13T00:40:49.092+08:00 [INFO] 请选择要出的牌 (输入牌的序号，用逗号分隔，0表示不出): 
2026-05-13T00:40:49.093+08:00 [INFO] 用户 1 接收出牌消息1: <nil>
2026-05-13T00:40:49.097+08:00 [INFO] 用户 1 接收出牌消息2: {0 [] 0}
2026-05-13T00:40:50.088+08:00 [INFO] 
1的回合 (当前手牌数: 13)

2026-05-13T00:40:50.088+08:00 [INFO] 上一手牌，牌型: 1, 牌是：♥2

2026-05-13T00:40:50.090+08:00 [INFO] 请选择要出的牌 (输入牌的序号，用逗号分隔，0表示不出): 
2026-05-13T00:40:50.090+08:00 [INFO] 用户 1 接收出牌消息1: <nil>
2026-05-13T00:40:50.091+08:00 [INFO] 用户 1 接收出牌消息2: {0 [] 0}
2026-05-13T00:40:51.088+08:00 [INFO] 
1的回合 (当前手牌数: 13)

2026-05-13T00:40:51.089+08:00 [INFO] 上一手牌，牌型: 1, 牌是：♥2

2026-05-13T00:40:51.090+08:00 [INFO] 请选择要出的牌 (输入牌的序号，用逗号分隔，0表示不出): 
2026-05-13T00:40:51.090+08:00 [INFO] 用户 1 接收出牌消息1: <nil>
2026-05-13T00:40:51.091+08:00 [INFO] 用户 1 接收出牌消息2: {0 [] 0}
2026-05-13T00:40:52.096+08:00 [INFO] 
1的回合 (当前手牌数: 13)

2026-05-13T00:40:52.098+08:00 [INFO] 上一手牌，牌型: 1, 牌是：♥2

2026-05-13T00:40:52.103+08:00 [INFO] 请选择要出的牌 (输入牌的序号，用逗号分隔，0表示不出): 
2026-05-13T00:40:52.103+08:00 [INFO] 用户 1 接收出牌消息1: <nil>
2026-05-13T00:40:52.104+08:00 [INFO] 用户 1 接收出牌消息2: {0 [] 0}
2026-05-13T00:40:53.089+08:00 [INFO] 
1的回合 (当前手牌数: 13)

2026-05-13T00:40:53.091+08:00 [INFO] 上一手牌，牌型: 1, 牌是：♥2

2026-05-13T00:40:53.093+08:00 [INFO] 请选择要出的牌 (输入牌的序号，用逗号分隔，0表示不出): 
2026-05-13T00:40:53.097+08:00 [INFO] 用户 1 接收出牌消息1: <nil>
2026-05-13T00:40:53.099+08:00 [INFO] 用户 1 接收出牌消息2: {0 [] 0}
2026-05-13T00:40:54.088+08:00 [INFO] 
1的回合 (当前手牌数: 13)

2026-05-13T00:40:54.095+08:00 [INFO] 上一手牌，牌型: 1, 牌是：♥2

2026-05-13T00:40:54.096+08:00 [INFO] 请选择要出的牌 (输入牌的序号，用逗号分隔，0表示不出): 
2026-05-13T00:40:54.097+08:00 [INFO] 用户 1 接收出牌消息1: <nil>
2026-05-13T00:40:54.097+08:00 [INFO] 用户 1 接收出牌消息2: {0 [] 0}
2026-05-13T00:40:55.089+08:00 [INFO] 
1的回合 (当前手牌数: 13)

2026-05-13T00:40:55.090+08:00 [INFO] 上一手牌，牌型: 1, 牌是：♥2

2026-05-13T00:40:55.092+08:00 [INFO] 请选择要出的牌 (输入牌的序号，用逗号分隔，0表示不出): 
2026-05-13T00:40:55.095+08:00 [INFO] 用户 1 接收出牌消息1: <nil>
2026-05-13T00:40:55.097+08:00 [INFO] 用户 1 接收出牌消息2: {0 [] 0}
2026-05-13T00:40:56.089+08:00 [INFO] 
1的回合 (当前手牌数: 13)

2026-05-13T00:40:56.089+08:00 [INFO] 上一手牌，牌型: 1, 牌是：♥2

2026-05-13T00:40:56.090+08:00 [INFO] 请选择要出的牌 (输入牌的序号，用逗号分隔，0表示不出): 
2026-05-13T00:40:56.091+08:00 [INFO] 用户 1 接收出牌消息1: <nil>
2026-05-13T00:40:56.091+08:00 [INFO] 用户 1 接收出牌消息2: {0 [] 0}
2026-05-13T00:40:57.089+08:00 [INFO] 
1的回合 (当前手牌数: 13)

2026-05-13T00:40:57.090+08:00 [INFO] 上一手牌，牌型: 1, 牌是：♥2

2026-05-13T00:40:57.091+08:00 [INFO] 请选择要出的牌 (输入牌的序号，用逗号分隔，0表示不出): 
2026-05-13T00:40:57.093+08:00 [INFO] 用户 1 接收出牌消息1: <nil>
2026-05-13T00:40:57.094+08:00 [INFO] 用户 1 接收出牌消息2: {0 [] 0}
2026-05-13T00:40:58.089+08:00 [INFO] 
1的回合 (当前手牌数: 13)

2026-05-13T00:40:58.092+08:00 [INFO] 上一手牌，牌型: 1, 牌是：♥2

2026-05-13T00:40:58.092+08:00 [INFO] 请选择要出的牌 (输入牌的序号，用逗号分隔，0表示不出): 
2026-05-13T00:40:58.092+08:00 [INFO] 用户 1 接收出牌消息1: <nil>
2026-05-13T00:40:58.094+08:00 [INFO] 用户 1 接收出牌消息2: {0 [] 0}
2026-05-13T00:40:59.089+08:00 [INFO] 
1的回合 (当前手牌数: 13)

2026-05-13T00:40:59.093+08:00 [INFO] 上一手牌，牌型: 1, 牌是：♥2

2026-05-13T00:40:59.094+08:00 [INFO] 请选择要出的牌 (输入牌的序号，用逗号分隔，0表示不出): 
2026-05-13T00:40:59.096+08:00 [INFO] 用户 1 接收出牌消息1: <nil>
2026-05-13T00:40:59.098+08:00 [INFO] 用户 1 接收出牌消息2: {0 [] 0}
2026-05-13T00:41:00.089+08:00 [INFO] 
1的回合 (当前手牌数: 13)

2026-05-13T00:41:00.090+08:00 [INFO] 上一手牌，牌型: 1, 牌是：♥2

2026-05-13T00:41:00.090+08:00 [INFO] 请选择要出的牌 (输入牌的序号，用逗号分隔，0表示不出): 
2026-05-13T00:41:00.091+08:00 [INFO] 用户 1 接收出牌消息1: <nil>
2026-05-13T00:41:00.092+08:00 [INFO] 用户 1 接收出牌消息2: {0 [] 0}
2026-05-13T00:41:01.090+08:00 [INFO] 
1的回合 (当前手牌数: 13)

2026-05-13T00:41:01.095+08:00 [INFO] 上一手牌，牌型: 1, 牌是：♥2

2026-05-13T00:41:01.096+08:00 [INFO] 请选择要出的牌 (输入牌的序号，用逗号分隔，0表示不出): 
2026-05-13T00:41:01.099+08:00 [INFO] 用户 1 接收出牌消息1: <nil>
2026-05-13T00:41:01.101+08:00 [INFO] 用户 1 接收出牌消息2: {0 [] 0}
2026-05-13T00:41:02.089+08:00 [INFO] 
1的回合 (当前手牌数: 13)

2026-05-13T00:41:02.091+08:00 [INFO] 上一手牌，牌型: 1, 牌是：♥2

2026-05-13T00:41:02.092+08:00 [INFO] 请选择要出的牌 (输入牌的序号，用逗号分隔，0表示不出): 
2026-05-13T00:41:02.094+08:00 [INFO] 用户 1 接收出牌消息1: <nil>
2026-05-13T00:41:02.095+08:00 [INFO] 用户 1 接收出牌消息2: {0 [] 0}
2026-05-13T00:41:03.089+08:00 [INFO] 
1的回合 (当前手牌数: 13)

2026-05-13T00:41:03.089+08:00 [INFO] 上一手牌，牌型: 1, 牌是：♥2

2026-05-13T00:41:03.090+08:00 [INFO] 请选择要出的牌 (输入牌的序号，用逗号分隔，0表示不出): 
2026-05-13T00:41:03.090+08:00 [INFO] 用户 1 接收出牌消息1: <nil>
2026-05-13T00:41:03.091+08:00 [INFO] 用户 1 接收出牌消息2: {0 [] 0}
2026-05-13T00:41:04.088+08:00 [INFO] 
1的回合 (当前手牌数: 13)

2026-05-13T00:41:04.089+08:00 [INFO] 上一手牌，牌型: 1, 牌是：♥2

2026-05-13T00:41:04.090+08:00 [INFO] 请选择要出的牌 (输入牌的序号，用逗号分隔，0表示不出): 
2026-05-13T00:41:04.092+08:00 [INFO] 用户 1 接收出牌消息1: <nil>
2026-05-13T00:41:04.094+08:00 [INFO] 用户 1 接收出牌消息2: {0 [] 0}
2026-05-13T00:41:05.089+08:00 [INFO] 
1的回合 (当前手牌数: 13)

2026-05-13T00:41:05.092+08:00 [INFO] 上一手牌，牌型: 1, 牌是：♥2

2026-05-13T00:41:05.094+08:00 [INFO] 请选择要出的牌 (输入牌的序号，用逗号分隔，0表示不出): 
2026-05-13T00:41:05.104+08:00 [INFO] 用户 1 接收出牌消息1: <nil>
2026-05-13T00:41:05.106+08:00 [INFO] 用户 1 接收出牌消息2: {0 [] 0}
2026-05-13T00:41:06.088+08:00 [INFO] 
1的回合 (当前手牌数: 13)

2026-05-13T00:41:06.089+08:00 [INFO] 上一手牌，牌型: 1, 牌是：♥2

2026-05-13T00:41:06.090+08:00 [INFO] 请选择要出的牌 (输入牌的序号，用逗号分隔，0表示不出): 
2026-05-13T00:41:06.090+08:00 [INFO] 用户 1 接收出牌消息1: <nil>
2026-05-13T00:41:06.092+08:00 [INFO] 用户 1 接收出牌消息2: {0 [] 0}
2026-05-13T00:41:07.089+08:00 [INFO] 
1的回合 (当前手牌数: 13)

2026-05-13T00:41:07.090+08:00 [INFO] 上一手牌，牌型: 1, 牌是：♥2

2026-05-13T00:41:07.090+08:00 [INFO] 请选择要出的牌 (输入牌的序号，用逗号分隔，0表示不出): 
2026-05-13T00:41:07.091+08:00 [INFO] 用户 1 接收出牌消息1: <nil>
2026-05-13T00:41:07.091+08:00 [INFO] 用户 1 接收出牌消息2: {0 [] 0}
2026-05-13T00:41:08.089+08:00 [INFO] 
1的回合 (当前手牌数: 13)

2026-05-13T00:41:08.090+08:00 [INFO] 上一手牌，牌型: 1, 牌是：♥2

2026-05-13T00:41:08.092+08:00 [INFO] 请选择要出的牌 (输入牌的序号，用逗号分隔，0表示不出): 
2026-05-13T00:41:08.092+08:00 [INFO] 用户 1 接收出牌消息1: <nil>
2026-05-13T00:41:08.093+08:00 [INFO] 用户 1 接收出牌消息2: {0 [] 0}
2026-05-13T00:41:08.094+08:00 [INFO] 1不出

2026-05-13T00:41:08.099+08:00 [INFO] ♣3,♦5,♦9,♥J,♣8,♦A,♥A,♥Q,♣6,♣Q,♣J,♣K,♦10
2026-05-13T00:41:08.101+08:00 [ERRO] json: unsupported type: context.CancelFunc 
Stack:
1.  game_user/internal/controller/room.(*Room).GameLoop.func7
    D:/gowork/max2/max2/app/game_user/internal/controller/room/room.go:1040

2026-05-13T00:41:09.089+08:00 [INFO] 
荀曼冬的回合 (当前手牌数: 4)

2026-05-13T00:41:09.089+08:00 [INFO] 上一手牌，牌型: 1, 牌是：♥2

2026-05-13T00:41:09.090+08:00 [INFO] 请选择要出的牌 (输入牌的序号，用逗号分隔，0表示不出): 
2026-05-13T00:41:10.088+08:00 [INFO] 
荀曼冬的回合 (当前手牌数: 4)

2026-05-13T00:41:10.088+08:00 [INFO] 上一手牌，牌型: 1, 牌是：♥2

2026-05-13T00:41:10.090+08:00 [INFO] 请选择要出的牌 (输入牌的序号，用逗号分隔，0表示不出): 
2026-05-13T00:41:11.089+08:00 [INFO] 
荀曼冬的回合 (当前手牌数: 4)

2026-05-13T00:41:11.090+08:00 [INFO] 上一手牌，牌型: 1, 牌是：♥2

2026-05-13T00:41:11.092+08:00 [INFO] 请选择要出的牌 (输入牌的序号，用逗号分隔，0表示不出): 
2026-05-13T00:41:11.094+08:00 [INFO] 荀曼冬不出

2026-05-13T00:41:11.097+08:00 [ERRO] json: unsupported type: context.CancelFunc 
Stack:
1.  game_user/internal/controller/room.(*Room).GameLoop.func7
    D:/gowork/max2/max2/app/game_user/internal/controller/room/room.go:1040

2026-05-13T00:41:12.089+08:00 [INFO] 
邰忆文的回合 (当前手牌数: 9)

2026-05-13T00:41:12.089+08:00 [INFO] 上一手牌，牌型: 1, 牌是：♥2

2026-05-13T00:41:12.090+08:00 [INFO] 请选择要出的牌 (输入牌的序号，用逗号分隔，0表示不出): 
2026-05-13T00:41:13.089+08:00 [INFO] 
邰忆文的回合 (当前手牌数: 9)

2026-05-13T00:41:13.090+08:00 [INFO] 上一手牌，牌型: 1, 牌是：♥2

2026-05-13T00:41:13.091+08:00 [INFO] 请选择要出的牌 (输入牌的序号，用逗号分隔，0表示不出): 
2026-05-13T00:41:13.091+08:00 [INFO] 邰忆文不出

2026-05-13T00:41:13.093+08:00 [ERRO] json: unsupported type: context.CancelFunc 
Stack:
1.  game_user/internal/controller/room.(*Room).GameLoop.func7
    D:/gowork/max2/max2/app/game_user/internal/controller/room/room.go:1040

2026-05-13T00:41:14.089+08:00 [INFO] 
印明哲的回合 (当前手牌数: 4)

2026-05-13T00:41:14.089+08:00 [INFO] 上一手牌，牌型: 0, 牌是：不出

2026-05-13T00:41:14.089+08:00 [INFO] 请选择要出的牌 (输入牌的序号，用逗号分隔，0表示不出): 
2026-05-13T00:41:15.088+08:00 [INFO] 
印明哲的回合 (当前手牌数: 4)

2026-05-13T00:41:15.089+08:00 [INFO] 上一手牌，牌型: 0, 牌是：不出

2026-05-13T00:41:15.090+08:00 [INFO] 请选择要出的牌 (输入牌的序号，用逗号分隔，0表示不出): 
2026-05-13T00:41:15.090+08:00 [INFO] 印明哲出了: ♣7 (1)

2026-05-13T00:41:15.091+08:00 [INFO] 正在订阅 Channel: player:play:card:1，当前玩家: 1
2026-05-13T00:41:15.094+08:00 [INFO] 成功订阅 Channel: player:play:card:1
2026-05-13T00:41:15.095+08:00 [ERRO] json: unsupported type: context.CancelFunc 
Stack:
1.  game_user/internal/controller/room.(*Room).GameLoop.func7
    D:/gowork/max2/max2/app/game_user/internal/controller/room/room.go:1040

2026-05-13T00:41:16.089+08:00 [INFO] 
1的回合 (当前手牌数: 13)

2026-05-13T00:41:16.089+08:00 [INFO] 上一手牌，牌型: 1, 牌是：♣7

2026-05-13T00:41:16.090+08:00 [INFO] 请选择要出的牌 (输入牌的序号，用逗号分隔，0表示不出): 
2026-05-13T00:41:16.092+08:00 [INFO] 用户 1 接收出牌消息1: <nil>
2026-05-13T00:41:16.093+08:00 [INFO] 用户 1 接收出牌消息2: {0 [] 0}
2026-05-13T00:41:17.089+08:00 [INFO] 
1的回合 (当前手牌数: 13)

2026-05-13T00:41:17.090+08:00 [INFO] 上一手牌，牌型: 1, 牌是：♣7

2026-05-13T00:41:17.090+08:00 [INFO] 请选择要出的牌 (输入牌的序号，用逗号分隔，0表示不出): 
2026-05-13T00:41:17.091+08:00 [INFO] 用户 1 接收出牌消息1: <nil>
2026-05-13T00:41:17.092+08:00 [INFO] 用户 1 接收出牌消息2: {0 [] 0}
2026-05-13T00:41:18.089+08:00 [INFO] 
1的回合 (当前手牌数: 13)

2026-05-13T00:41:18.092+08:00 [INFO] 上一手牌，牌型: 1, 牌是：♣7

2026-05-13T00:41:18.094+08:00 [INFO] 请选择要出的牌 (输入牌的序号，用逗号分隔，0表示不出): 
2026-05-13T00:41:18.096+08:00 [INFO] 用户 1 接收出牌消息1: <nil>
2026-05-13T00:41:18.096+08:00 [INFO] 用户 1 接收出牌消息2: {0 [] 0}
2026-05-13T00:41:19.089+08:00 [INFO] 
1的回合 (当前手牌数: 13)

2026-05-13T00:41:19.090+08:00 [INFO] 上一手牌，牌型: 1, 牌是：♣7

2026-05-13T00:41:19.090+08:00 [INFO] 请选择要出的牌 (输入牌的序号，用逗号分隔，0表示不出): 
2026-05-13T00:41:19.091+08:00 [INFO] 用户 1 接收出牌消息1: <nil>
2026-05-13T00:41:19.092+08:00 [INFO] 用户 1 接收出牌消息2: {0 [] 0}
2026-05-13T00:41:20.088+08:00 [INFO] 
1的回合 (当前手牌数: 13)

2026-05-13T00:41:20.090+08:00 [INFO] 上一手牌，牌型: 1, 牌是：♣7

2026-05-13T00:41:20.091+08:00 [INFO] 请选择要出的牌 (输入牌的序号，用逗号分隔，0表示不出): 
2026-05-13T00:41:20.093+08:00 [INFO] 用户 1 接收出牌消息1: <nil>
2026-05-13T00:41:20.094+08:00 [INFO] 用户 1 接收出牌消息2: {0 [] 0}
2026-05-13T00:41:21.088+08:00 [INFO] 
1的回合 (当前手牌数: 13)

2026-05-13T00:41:21.089+08:00 [INFO] 上一手牌，牌型: 1, 牌是：♣7

2026-05-13T00:41:21.090+08:00 [INFO] 请选择要出的牌 (输入牌的序号，用逗号分隔，0表示不出): 
2026-05-13T00:41:21.090+08:00 [INFO] 用户 1 接收出牌消息1: <nil>
2026-05-13T00:41:21.091+08:00 [INFO] 用户 1 接收出牌消息2: {0 [] 0}
2026-05-13T00:41:22.089+08:00 [INFO] 
1的回合 (当前手牌数: 13)

2026-05-13T00:41:22.093+08:00 [INFO] 上一手牌，牌型: 1, 牌是：♣7

2026-05-13T00:41:22.094+08:00 [INFO] 请选择要出的牌 (输入牌的序号，用逗号分隔，0表示不出): 
2026-05-13T00:41:22.094+08:00 [INFO] 用户 1 接收出牌消息1: <nil>
2026-05-13T00:41:22.096+08:00 [INFO] 用户 1 接收出牌消息2: {0 [] 0}
2026-05-13T00:41:23.089+08:00 [INFO] 
1的回合 (当前手牌数: 13)

2026-05-13T00:41:23.093+08:00 [INFO] 上一手牌，牌型: 1, 牌是：♣7

2026-05-13T00:41:23.095+08:00 [INFO] 请选择要出的牌 (输入牌的序号，用逗号分隔，0表示不出): 
2026-05-13T00:41:23.096+08:00 [INFO] 用户 1 接收出牌消息1: <nil>
2026-05-13T00:41:23.097+08:00 [INFO] 用户 1 接收出牌消息2: {0 [] 0}
2026-05-13T00:41:24.088+08:00 [INFO] 
1的回合 (当前手牌数: 13)

2026-05-13T00:41:24.090+08:00 [INFO] 上一手牌，牌型: 1, 牌是：♣7

2026-05-13T00:41:24.091+08:00 [INFO] 请选择要出的牌 (输入牌的序号，用逗号分隔，0表示不出): 
2026-05-13T00:41:24.093+08:00 [INFO] 用户 1 接收出牌消息1: <nil>
2026-05-13T00:41:24.093+08:00 [INFO] 用户 1 接收出牌消息2: {0 [] 0}
2026-05-13T00:41:25.092+08:00 [INFO] 
1的回合 (当前手牌数: 13)

2026-05-13T00:41:25.092+08:00 [INFO] 上一手牌，牌型: 1, 牌是：♣7

2026-05-13T00:41:25.093+08:00 [INFO] 请选择要出的牌 (输入牌的序号，用逗号分隔，0表示不出): 
2026-05-13T00:41:25.094+08:00 [INFO] 用户 1 接收出牌消息1: <nil>
2026-05-13T00:41:25.095+08:00 [INFO] 用户 1 接收出牌消息2: {0 [] 0}
2026-05-13T00:41:26.090+08:00 [INFO] 
1的回合 (当前手牌数: 13)

2026-05-13T00:41:26.090+08:00 [INFO] 上一手牌，牌型: 1, 牌是：♣7

2026-05-13T00:41:26.090+08:00 [INFO] 请选择要出的牌 (输入牌的序号，用逗号分隔，0表示不出): 
2026-05-13T00:41:26.092+08:00 [INFO] 用户 1 接收出牌消息1: <nil>
2026-05-13T00:41:26.093+08:00 [INFO] 用户 1 接收出牌消息2: {0 [] 0}
2026-05-13T00:41:27.089+08:00 [INFO] 
1的回合 (当前手牌数: 13)

2026-05-13T00:41:27.090+08:00 [INFO] 上一手牌，牌型: 1, 牌是：♣7

2026-05-13T00:41:27.090+08:00 [INFO] 请选择要出的牌 (输入牌的序号，用逗号分隔，0表示不出): 
2026-05-13T00:41:27.092+08:00 [INFO] 用户 1 接收出牌消息1: <nil>
2026-05-13T00:41:27.093+08:00 [INFO] 用户 1 接收出牌消息2: {0 [] 0}
2026-05-13T00:41:28.089+08:00 [INFO] 
1的回合 (当前手牌数: 13)

2026-05-13T00:41:28.089+08:00 [INFO] 上一手牌，牌型: 1, 牌是：♣7

2026-05-13T00:41:28.089+08:00 [INFO] 请选择要出的牌 (输入牌的序号，用逗号分隔，0表示不出): 
2026-05-13T00:41:28.090+08:00 [INFO] 用户 1 接收出牌消息1: <nil>
2026-05-13T00:41:28.091+08:00 [INFO] 用户 1 接收出牌消息2: {0 [] 0}
2026-05-13T00:41:29.089+08:00 [INFO] 
1的回合 (当前手牌数: 13)

2026-05-13T00:41:29.089+08:00 [INFO] 上一手牌，牌型: 1, 牌是：♣7

2026-05-13T00:41:29.090+08:00 [INFO] 请选择要出的牌 (输入牌的序号，用逗号分隔，0表示不出): 
2026-05-13T00:41:29.091+08:00 [INFO] 用户 1 接收出牌消息1: <nil>
2026-05-13T00:41:29.091+08:00 [INFO] 用户 1 接收出牌消息2: {0 [] 0}
2026-05-13T00:41:30.089+08:00 [INFO] 
1的回合 (当前手牌数: 13)

2026-05-13T00:41:30.089+08:00 [INFO] 上一手牌，牌型: 1, 牌是：♣7

2026-05-13T00:41:30.090+08:00 [INFO] 请选择要出的牌 (输入牌的序号，用逗号分隔，0表示不出): 
2026-05-13T00:41:30.091+08:00 [INFO] 用户 1 接收出牌消息1: <nil>
2026-05-13T00:41:30.091+08:00 [INFO] 用户 1 接收出牌消息2: {0 [] 0}
2026-05-13T00:41:31.089+08:00 [INFO] 
1的回合 (当前手牌数: 13)

2026-05-13T00:41:31.089+08:00 [INFO] 上一手牌，牌型: 1, 牌是：♣7

2026-05-13T00:41:31.090+08:00 [INFO] 请选择要出的牌 (输入牌的序号，用逗号分隔，0表示不出): 
2026-05-13T00:41:31.092+08:00 [INFO] 用户 1 接收出牌消息1: <nil>
2026-05-13T00:41:31.095+08:00 [INFO] 用户 1 接收出牌消息2: {0 [] 0}
2026-05-13T00:41:32.089+08:00 [INFO] 
1的回合 (当前手牌数: 13)

2026-05-13T00:41:32.091+08:00 [INFO] 上一手牌，牌型: 1, 牌是：♣7

2026-05-13T00:41:32.091+08:00 [INFO] 请选择要出的牌 (输入牌的序号，用逗号分隔，0表示不出): 
2026-05-13T00:41:32.093+08:00 [INFO] 用户 1 接收出牌消息1: <nil>
2026-05-13T00:41:32.093+08:00 [INFO] 用户 1 接收出牌消息2: {0 [] 0}
2026-05-13T00:41:33.089+08:00 [INFO] 
1的回合 (当前手牌数: 13)

2026-05-13T00:41:33.089+08:00 [INFO] 上一手牌，牌型: 1, 牌是：♣7

2026-05-13T00:41:33.090+08:00 [INFO] 请选择要出的牌 (输入牌的序号，用逗号分隔，0表示不出): 
2026-05-13T00:41:33.090+08:00 [INFO] 用户 1 接收出牌消息1: <nil>
2026-05-13T00:41:33.091+08:00 [INFO] 用户 1 接收出牌消息2: {0 [] 0}
2026-05-13T00:41:34.089+08:00 [INFO] 
1的回合 (当前手牌数: 13)

2026-05-13T00:41:34.089+08:00 [INFO] 上一手牌，牌型: 1, 牌是：♣7

2026-05-13T00:41:34.090+08:00 [INFO] 请选择要出的牌 (输入牌的序号，用逗号分隔，0表示不出): 
2026-05-13T00:41:34.091+08:00 [INFO] 用户 1 接收出牌消息1: <nil>
2026-05-13T00:41:34.092+08:00 [INFO] 用户 1 接收出牌消息2: {0 [] 0}
2026-05-13T00:41:35.089+08:00 [INFO] 
1的回合 (当前手牌数: 13)

2026-05-13T00:41:35.090+08:00 [INFO] 上一手牌，牌型: 1, 牌是：♣7

2026-05-13T00:41:35.091+08:00 [INFO] 请选择要出的牌 (输入牌的序号，用逗号分隔，0表示不出): 
2026-05-13T00:41:35.091+08:00 [INFO] 用户 1 接收出牌消息1: <nil>
2026-05-13T00:41:35.093+08:00 [INFO] 用户 1 接收出牌消息2: {0 [] 0}
2026-05-13T00:41:36.089+08:00 [INFO] 
1的回合 (当前手牌数: 13)

2026-05-13T00:41:36.089+08:00 [INFO] 上一手牌，牌型: 1, 牌是：♣7

2026-05-13T00:41:36.090+08:00 [INFO] 请选择要出的牌 (输入牌的序号，用逗号分隔，0表示不出): 
2026-05-13T00:41:36.091+08:00 [INFO] 用户 1 接收出牌消息1: <nil>
2026-05-13T00:41:36.092+08:00 [INFO] 用户 1 接收出牌消息2: {0 [] 0}
2026-05-13T00:41:37.088+08:00 [INFO] 
1的回合 (当前手牌数: 13)

2026-05-13T00:41:37.088+08:00 [INFO] 上一手牌，牌型: 1, 牌是：♣7

2026-05-13T00:41:37.091+08:00 [INFO] 请选择要出的牌 (输入牌的序号，用逗号分隔，0表示不出): 
2026-05-13T00:41:37.092+08:00 [INFO] 用户 1 接收出牌消息1: <nil>
2026-05-13T00:41:37.093+08:00 [INFO] 用户 1 接收出牌消息2: {0 [] 0}
2026-05-13T00:41:38.089+08:00 [INFO] 
1的回合 (当前手牌数: 13)

2026-05-13T00:41:38.090+08:00 [INFO] 上一手牌，牌型: 1, 牌是：♣7

2026-05-13T00:41:38.090+08:00 [INFO] 请选择要出的牌 (输入牌的序号，用逗号分隔，0表示不出): 
2026-05-13T00:41:38.091+08:00 [INFO] 用户 1 接收出牌消息1: <nil>
2026-05-13T00:41:38.092+08:00 [INFO] 用户 1 接收出牌消息2: {0 [] 0}
2026-05-13T00:41:39.089+08:00 [INFO] 
1的回合 (当前手牌数: 13)

2026-05-13T00:41:39.089+08:00 [INFO] 上一手牌，牌型: 1, 牌是：♣7

2026-05-13T00:41:39.090+08:00 [INFO] 请选择要出的牌 (输入牌的序号，用逗号分隔，0表示不出): 
2026-05-13T00:41:39.090+08:00 [INFO] 用户 1 接收出牌消息1: <nil>
2026-05-13T00:41:39.091+08:00 [INFO] 用户 1 接收出牌消息2: {0 [] 0}
2026-05-13T00:41:40.089+08:00 [INFO] 
1的回合 (当前手牌数: 13)

2026-05-13T00:41:40.089+08:00 [INFO] 上一手牌，牌型: 1, 牌是：♣7

2026-05-13T00:41:40.089+08:00 [INFO] 请选择要出的牌 (输入牌的序号，用逗号分隔，0表示不出): 
2026-05-13T00:41:40.092+08:00 [INFO] 用户 1 接收出牌消息1: <nil>
2026-05-13T00:41:40.092+08:00 [INFO] 用户 1 接收出牌消息2: {0 [] 0}
2026-05-13T00:41:41.115+08:00 [INFO] 
1的回合 (当前手牌数: 13)

2026-05-13T00:41:41.115+08:00 [INFO] 上一手牌，牌型: 1, 牌是：♣7

2026-05-13T00:41:41.116+08:00 [INFO] 请选择要出的牌 (输入牌的序号，用逗号分隔，0表示不出): 
2026-05-13T00:41:41.117+08:00 [INFO] 用户 1 接收出牌消息1: <nil>
2026-05-13T00:41:41.119+08:00 [INFO] 用户 1 接收出牌消息2: {0 [] 0}
2026-05-13T00:41:42.089+08:00 [INFO] 
1的回合 (当前手牌数: 13)

2026-05-13T00:41:42.089+08:00 [INFO] 上一手牌，牌型: 1, 牌是：♣7

2026-05-13T00:41:42.091+08:00 [INFO] 请选择要出的牌 (输入牌的序号，用逗号分隔，0表示不出): 
2026-05-13T00:41:42.093+08:00 [INFO] 用户 1 接收出牌消息1: <nil>
2026-05-13T00:41:42.094+08:00 [INFO] 用户 1 接收出牌消息2: {0 [] 0}
2026-05-13T00:41:43.088+08:00 [INFO] 
1的回合 (当前手牌数: 13)

2026-05-13T00:41:43.088+08:00 [INFO] 上一手牌，牌型: 1, 牌是：♣7

2026-05-13T00:41:43.089+08:00 [INFO] 请选择要出的牌 (输入牌的序号，用逗号分隔，0表示不出): 
2026-05-13T00:41:43.089+08:00 [INFO] 用户 1 接收出牌消息1: <nil>
2026-05-13T00:41:43.090+08:00 [INFO] 用户 1 接收出牌消息2: {0 [] 0}
2026-05-13T00:41:44.089+08:00 [INFO] 
1的回合 (当前手牌数: 13)

2026-05-13T00:41:44.091+08:00 [INFO] 上一手牌，牌型: 1, 牌是：♣7

2026-05-13T00:41:44.092+08:00 [INFO] 请选择要出的牌 (输入牌的序号，用逗号分隔，0表示不出): 
2026-05-13T00:41:44.093+08:00 [INFO] 用户 1 接收出牌消息1: <nil>
2026-05-13T00:41:44.093+08:00 [INFO] 用户 1 接收出牌消息2: {0 [] 0}
2026-05-13T00:41:45.089+08:00 [INFO] 
1的回合 (当前手牌数: 13)

2026-05-13T00:41:45.089+08:00 [INFO] 上一手牌，牌型: 1, 牌是：♣7

2026-05-13T00:41:45.090+08:00 [INFO] 请选择要出的牌 (输入牌的序号，用逗号分隔，0表示不出): 
2026-05-13T00:41:45.091+08:00 [INFO] 用户 1 接收出牌消息1: <nil>
2026-05-13T00:41:45.091+08:00 [INFO] 用户 1 接收出牌消息2: {0 [] 0}
2026-05-13T00:41:46.089+08:00 [INFO] 
1的回合 (当前手牌数: 13)

2026-05-13T00:41:46.091+08:00 [INFO] 上一手牌，牌型: 1, 牌是：♣7

2026-05-13T00:41:46.091+08:00 [INFO] 请选择要出的牌 (输入牌的序号，用逗号分隔，0表示不出): 
2026-05-13T00:41:46.091+08:00 [INFO] 用户 1 接收出牌消息1: <nil>
2026-05-13T00:41:46.092+08:00 [INFO] 用户 1 接收出牌消息2: {0 [] 0}
2026-05-13T00:41:46.092+08:00 [INFO] 1不出

2026-05-13T00:41:46.093+08:00 [INFO] ♣3,♦5,♦9,♥J,♣8,♦A,♥A,♥Q,♣6,♣Q,♣J,♣K,♦10
2026-05-13T00:41:46.095+08:00 [ERRO] json: unsupported type: context.CancelFunc 
Stack:
1.  game_user/internal/controller/room.(*Room).GameLoop.func7
    D:/gowork/max2/max2/app/game_user/internal/controller/room/room.go:1040

2026-05-13T00:41:47.089+08:00 [INFO] 
荀曼冬的回合 (当前手牌数: 4)

2026-05-13T00:41:47.089+08:00 [INFO] 上一手牌，牌型: 1, 牌是：♣7

2026-05-13T00:41:47.091+08:00 [INFO] 请选择要出的牌 (输入牌的序号，用逗号分隔，0表示不出): 
2026-05-13T00:41:48.089+08:00 [INFO] 
荀曼冬的回合 (当前手牌数: 4)

2026-05-13T00:41:48.090+08:00 [INFO] 上一手牌，牌型: 1, 牌是：♣7

2026-05-13T00:41:48.091+08:00 [INFO] 请选择要出的牌 (输入牌的序号，用逗号分隔，0表示不出): 
2026-05-13T00:41:49.089+08:00 [INFO] 
荀曼冬的回合 (当前手牌数: 4)

2026-05-13T00:41:49.090+08:00 [INFO] 上一手牌，牌型: 1, 牌是：♣7

2026-05-13T00:41:49.092+08:00 [INFO] 请选择要出的牌 (输入牌的序号，用逗号分隔，0表示不出): 
2026-05-13T00:41:49.093+08:00 [INFO] 荀曼冬出了: ♥K (1)

2026-05-13T00:41:49.097+08:00 [ERRO] json: unsupported type: context.CancelFunc 
Stack:
1.  game_user/internal/controller/room.(*Room).GameLoop.func7
    D:/gowork/max2/max2/app/game_user/internal/controller/room/room.go:1040

2026-05-13T00:41:50.089+08:00 [INFO] 
邰忆文的回合 (当前手牌数: 9)

2026-05-13T00:41:50.090+08:00 [INFO] 上一手牌，牌型: 1, 牌是：♥K

2026-05-13T00:41:50.091+08:00 [INFO] 请选择要出的牌 (输入牌的序号，用逗号分隔，0表示不出): 
2026-05-13T00:41:51.189+08:00 [INFO] 
邰忆文的回合 (当前手牌数: 9)

2026-05-13T00:41:51.190+08:00 [INFO] 上一手牌，牌型: 1, 牌是：♥K

2026-05-13T00:41:51.192+08:00 [INFO] 请选择要出的牌 (输入牌的序号，用逗号分隔，0表示不出): 
2026-05-13T00:41:52.189+08:00 [INFO] 
邰忆文的回合 (当前手牌数: 9)

2026-05-13T00:41:52.190+08:00 [INFO] 上一手牌，牌型: 1, 牌是：♥K

2026-05-13T00:41:52.191+08:00 [INFO] 请选择要出的牌 (输入牌的序号，用逗号分隔，0表示不出): 
2026-05-13T00:41:52.191+08:00 [INFO] 邰忆文出了: ♣2 (1)

2026-05-13T00:41:52.194+08:00 [ERRO] json: unsupported type: context.CancelFunc 
Stack:
1.  game_user/internal/controller/room.(*Room).GameLoop.func7
    D:/gowork/max2/max2/app/game_user/internal/controller/room/room.go:1040

2026-05-13T00:41:53.189+08:00 [INFO] 
印明哲的回合 (当前手牌数: 3)

2026-05-13T00:41:53.190+08:00 [INFO] 上一手牌，牌型: 1, 牌是：♣2

2026-05-13T00:41:53.191+08:00 [INFO] 请选择要出的牌 (输入牌的序号，用逗号分隔，0表示不出): 
2026-05-13T00:41:54.188+08:00 [INFO] 
印明哲的回合 (当前手牌数: 3)

2026-05-13T00:41:54.190+08:00 [INFO] 上一手牌，牌型: 1, 牌是：♣2

2026-05-13T00:41:54.191+08:00 [INFO] 请选择要出的牌 (输入牌的序号，用逗号分隔，0表示不出): 
2026-05-13T00:41:55.189+08:00 [INFO] 
印明哲的回合 (当前手牌数: 3)

2026-05-13T00:41:55.189+08:00 [INFO] 上一手牌，牌型: 1, 牌是：♣2

2026-05-13T00:41:55.190+08:00 [INFO] 请选择要出的牌 (输入牌的序号，用逗号分隔，0表示不出): 
2026-05-13T00:41:55.190+08:00 [INFO] 印明哲不出

2026-05-13T00:41:55.191+08:00 [INFO] 正在订阅 Channel: player:play:card:1，当前玩家: 1
2026-05-13T00:41:55.194+08:00 [INFO] 成功订阅 Channel: player:play:card:1
2026-05-13T00:41:55.195+08:00 [ERRO] json: unsupported type: context.CancelFunc 
Stack:
1.  game_user/internal/controller/room.(*Room).GameLoop.func7
    D:/gowork/max2/max2/app/game_user/internal/controller/room/room.go:1040

2026-05-13T00:41:56.189+08:00 [INFO] 
1的回合 (当前手牌数: 13)

2026-05-13T00:41:56.190+08:00 [INFO] 上一手牌，牌型: 1, 牌是：♣2

2026-05-13T00:41:56.191+08:00 [INFO] 请选择要出的牌 (输入牌的序号，用逗号分隔，0表示不出): 
2026-05-13T00:41:56.194+08:00 [INFO] 用户 1 接收出牌消息1: <nil>
2026-05-13T00:41:56.195+08:00 [INFO] 用户 1 接收出牌消息2: {0 [] 0}
2026-05-13T00:41:57.189+08:00 [INFO] 
1的回合 (当前手牌数: 13)

2026-05-13T00:41:57.190+08:00 [INFO] 上一手牌，牌型: 1, 牌是：♣2

2026-05-13T00:41:57.190+08:00 [INFO] 请选择要出的牌 (输入牌的序号，用逗号分隔，0表示不出): 
2026-05-13T00:41:57.190+08:00 [INFO] 用户 1 接收出牌消息1: <nil>
2026-05-13T00:41:57.191+08:00 [INFO] 用户 1 接收出牌消息2: {0 [] 0}
2026-05-13T00:41:58.189+08:00 [INFO] 
1的回合 (当前手牌数: 13)

2026-05-13T00:41:58.190+08:00 [INFO] 上一手牌，牌型: 1, 牌是：♣2

2026-05-13T00:41:58.191+08:00 [INFO] 请选择要出的牌 (输入牌的序号，用逗号分隔，0表示不出): 
2026-05-13T00:41:58.193+08:00 [INFO] 用户 1 接收出牌消息1: <nil>
2026-05-13T00:41:58.194+08:00 [INFO] 用户 1 接收出牌消息2: {0 [] 0}
2026-05-13T00:41:59.189+08:00 [INFO] 
1的回合 (当前手牌数: 13)

2026-05-13T00:41:59.189+08:00 [INFO] 上一手牌，牌型: 1, 牌是：♣2

2026-05-13T00:41:59.191+08:00 [INFO] 请选择要出的牌 (输入牌的序号，用逗号分隔，0表示不出): 
2026-05-13T00:41:59.192+08:00 [INFO] 用户 1 接收出牌消息1: <nil>
2026-05-13T00:41:59.193+08:00 [INFO] 用户 1 接收出牌消息2: {0 [] 0}
2026-05-13T00:42:00.188+08:00 [INFO] 
1的回合 (当前手牌数: 13)

2026-05-13T00:42:00.188+08:00 [INFO] 上一手牌，牌型: 1, 牌是：♣2

2026-05-13T00:42:00.190+08:00 [INFO] 请选择要出的牌 (输入牌的序号，用逗号分隔，0表示不出): 
2026-05-13T00:42:00.190+08:00 [INFO] 用户 1 接收出牌消息1: <nil>
2026-05-13T00:42:00.191+08:00 [INFO] 用户 1 接收出牌消息2: {0 [] 0}
2026-05-13T00:42:01.189+08:00 [INFO] 
1的回合 (当前手牌数: 13)

2026-05-13T00:42:01.189+08:00 [INFO] 上一手牌，牌型: 1, 牌是：♣2

2026-05-13T00:42:01.190+08:00 [INFO] 请选择要出的牌 (输入牌的序号，用逗号分隔，0表示不出): 
2026-05-13T00:42:01.191+08:00 [INFO] 用户 1 接收出牌消息1: <nil>
2026-05-13T00:42:01.193+08:00 [INFO] 用户 1 接收出牌消息2: {0 [] 0}
2026-05-13T00:42:02.188+08:00 [INFO] 
1的回合 (当前手牌数: 13)

2026-05-13T00:42:02.188+08:00 [INFO] 上一手牌，牌型: 1, 牌是：♣2

2026-05-13T00:42:02.190+08:00 [INFO] 请选择要出的牌 (输入牌的序号，用逗号分隔，0表示不出): 
2026-05-13T00:42:02.190+08:00 [INFO] 用户 1 接收出牌消息1: <nil>
2026-05-13T00:42:02.191+08:00 [INFO] 用户 1 接收出牌消息2: {0 [] 0}
2026-05-13T00:42:03.189+08:00 [INFO] 
1的回合 (当前手牌数: 13)

2026-05-13T00:42:03.189+08:00 [INFO] 上一手牌，牌型: 1, 牌是：♣2

2026-05-13T00:42:03.190+08:00 [INFO] 请选择要出的牌 (输入牌的序号，用逗号分隔，0表示不出): 
2026-05-13T00:42:03.192+08:00 [INFO] 用户 1 接收出牌消息1: <nil>
2026-05-13T00:42:03.193+08:00 [INFO] 用户 1 接收出牌消息2: {0 [] 0}
2026-05-13T00:42:04.189+08:00 [INFO] 
1的回合 (当前手牌数: 13)

2026-05-13T00:42:04.189+08:00 [INFO] 上一手牌，牌型: 1, 牌是：♣2

2026-05-13T00:42:04.189+08:00 [INFO] 请选择要出的牌 (输入牌的序号，用逗号分隔，0表示不出): 
2026-05-13T00:42:04.190+08:00 [INFO] 用户 1 接收出牌消息1: <nil>
2026-05-13T00:42:04.190+08:00 [INFO] 用户 1 接收出牌消息2: {0 [] 0}
2026-05-13T00:42:05.190+08:00 [INFO] 
1的回合 (当前手牌数: 13)

2026-05-13T00:42:05.191+08:00 [INFO] 上一手牌，牌型: 1, 牌是：♣2

2026-05-13T00:42:05.192+08:00 [INFO] 请选择要出的牌 (输入牌的序号，用逗号分隔，0表示不出): 
2026-05-13T00:42:05.194+08:00 [INFO] 用户 1 接收出牌消息1: <nil>
2026-05-13T00:42:05.195+08:00 [INFO] 用户 1 接收出牌消息2: {0 [] 0}
2026-05-13T00:42:06.228+08:00 [INFO] 
1的回合 (当前手牌数: 13)

2026-05-13T00:42:06.231+08:00 [INFO] 上一手牌，牌型: 1, 牌是：♣2

2026-05-13T00:42:06.231+08:00 [INFO] 请选择要出的牌 (输入牌的序号，用逗号分隔，0表示不出): 
2026-05-13T00:42:06.232+08:00 [INFO] 用户 1 接收出牌消息1: <nil>
2026-05-13T00:42:06.232+08:00 [INFO] 用户 1 接收出牌消息2: {0 [] 0}
2026-05-13T00:42:07.188+08:00 [INFO] 
1的回合 (当前手牌数: 13)

2026-05-13T00:42:07.189+08:00 [INFO] 上一手牌，牌型: 1, 牌是：♣2

2026-05-13T00:42:07.189+08:00 [INFO] 请选择要出的牌 (输入牌的序号，用逗号分隔，0表示不出): 
2026-05-13T00:42:07.191+08:00 [INFO] 用户 1 接收出牌消息1: <nil>
2026-05-13T00:42:07.192+08:00 [INFO] 用户 1 接收出牌消息2: {0 [] 0}
2026-05-13T00:42:08.189+08:00 [INFO] 
1的回合 (当前手牌数: 13)

2026-05-13T00:42:08.189+08:00 [INFO] 上一手牌，牌型: 1, 牌是：♣2

2026-05-13T00:42:08.190+08:00 [INFO] 请选择要出的牌 (输入牌的序号，用逗号分隔，0表示不出): 
2026-05-13T00:42:08.191+08:00 [INFO] 用户 1 接收出牌消息1: <nil>
2026-05-13T00:42:08.192+08:00 [INFO] 用户 1 接收出牌消息2: {0 [] 0}
2026-05-13T00:42:09.189+08:00 [INFO] 
1的回合 (当前手牌数: 13)

2026-05-13T00:42:09.189+08:00 [INFO] 上一手牌，牌型: 1, 牌是：♣2

2026-05-13T00:42:09.191+08:00 [INFO] 请选择要出的牌 (输入牌的序号，用逗号分隔，0表示不出): 
2026-05-13T00:42:09.192+08:00 [INFO] 用户 1 接收出牌消息1: <nil>
2026-05-13T00:42:09.192+08:00 [INFO] 用户 1 接收出牌消息2: {0 [] 0}
2026-05-13T00:42:10.201+08:00 [INFO] 
1的回合 (当前手牌数: 13)

2026-05-13T00:42:10.201+08:00 [INFO] 上一手牌，牌型: 1, 牌是：♣2

2026-05-13T00:42:10.202+08:00 [INFO] 请选择要出的牌 (输入牌的序号，用逗号分隔，0表示不出): 
2026-05-13T00:42:10.203+08:00 [INFO] 用户 1 接收出牌消息1: <nil>
2026-05-13T00:42:10.204+08:00 [INFO] 用户 1 接收出牌消息2: {0 [] 0}
2026-05-13T00:42:11.189+08:00 [INFO] 
1的回合 (当前手牌数: 13)

2026-05-13T00:42:11.190+08:00 [INFO] 上一手牌，牌型: 1, 牌是：♣2

2026-05-13T00:42:11.191+08:00 [INFO] 请选择要出的牌 (输入牌的序号，用逗号分隔，0表示不出): 
2026-05-13T00:42:11.191+08:00 [INFO] 用户 1 接收出牌消息1: <nil>
2026-05-13T00:42:11.191+08:00 [INFO] 用户 1 接收出牌消息2: {0 [] 0}
2026-05-13T00:42:12.189+08:00 [INFO] 
1的回合 (当前手牌数: 13)

2026-05-13T00:42:12.190+08:00 [INFO] 上一手牌，牌型: 1, 牌是：♣2

2026-05-13T00:42:12.190+08:00 [INFO] 请选择要出的牌 (输入牌的序号，用逗号分隔，0表示不出): 
2026-05-13T00:42:12.191+08:00 [INFO] 用户 1 接收出牌消息1: <nil>
2026-05-13T00:42:12.192+08:00 [INFO] 用户 1 接收出牌消息2: {0 [] 0}
2026-05-13T00:42:13.189+08:00 [INFO] 
1的回合 (当前手牌数: 13)

2026-05-13T00:42:13.190+08:00 [INFO] 上一手牌，牌型: 1, 牌是：♣2

2026-05-13T00:42:13.194+08:00 [INFO] 请选择要出的牌 (输入牌的序号，用逗号分隔，0表示不出): 
2026-05-13T00:42:13.195+08:00 [INFO] 用户 1 接收出牌消息1: <nil>
2026-05-13T00:42:13.197+08:00 [INFO] 用户 1 接收出牌消息2: {0 [] 0}
2026-05-13T00:42:14.189+08:00 [INFO] 
1的回合 (当前手牌数: 13)

2026-05-13T00:42:14.189+08:00 [INFO] 上一手牌，牌型: 1, 牌是：♣2

2026-05-13T00:42:14.190+08:00 [INFO] 请选择要出的牌 (输入牌的序号，用逗号分隔，0表示不出): 
2026-05-13T00:42:14.190+08:00 [INFO] 用户 1 接收出牌消息1: <nil>
2026-05-13T00:42:14.191+08:00 [INFO] 用户 1 接收出牌消息2: {0 [] 0}
2026-05-13T00:42:15.190+08:00 [INFO] 
1的回合 (当前手牌数: 13)

2026-05-13T00:42:15.190+08:00 [INFO] 上一手牌，牌型: 1, 牌是：♣2

2026-05-13T00:42:15.191+08:00 [INFO] 请选择要出的牌 (输入牌的序号，用逗号分隔，0表示不出): 
2026-05-13T00:42:15.192+08:00 [INFO] 用户 1 接收出牌消息1: <nil>
2026-05-13T00:42:15.192+08:00 [INFO] 用户 1 接收出牌消息2: {0 [] 0}
2026-05-13T00:42:16.189+08:00 [INFO] 
1的回合 (当前手牌数: 13)

2026-05-13T00:42:16.190+08:00 [INFO] 上一手牌，牌型: 1, 牌是：♣2

2026-05-13T00:42:16.191+08:00 [INFO] 请选择要出的牌 (输入牌的序号，用逗号分隔，0表示不出): 
2026-05-13T00:42:16.192+08:00 [INFO] 用户 1 接收出牌消息1: <nil>
2026-05-13T00:42:16.193+08:00 [INFO] 用户 1 接收出牌消息2: {0 [] 0}
2026-05-13T00:42:17.190+08:00 [INFO] 
1的回合 (当前手牌数: 13)

2026-05-13T00:42:17.191+08:00 [INFO] 上一手牌，牌型: 1, 牌是：♣2

2026-05-13T00:42:17.192+08:00 [INFO] 请选择要出的牌 (输入牌的序号，用逗号分隔，0表示不出): 
2026-05-13T00:42:17.192+08:00 [INFO] 用户 1 接收出牌消息1: <nil>
2026-05-13T00:42:17.193+08:00 [INFO] 用户 1 接收出牌消息2: {0 [] 0}
2026-05-13T00:42:18.189+08:00 [INFO] 
1的回合 (当前手牌数: 13)

2026-05-13T00:42:18.190+08:00 [INFO] 上一手牌，牌型: 1, 牌是：♣2

2026-05-13T00:42:18.191+08:00 [INFO] 请选择要出的牌 (输入牌的序号，用逗号分隔，0表示不出): 
2026-05-13T00:42:18.192+08:00 [INFO] 用户 1 接收出牌消息1: <nil>
2026-05-13T00:42:18.193+08:00 [INFO] 用户 1 接收出牌消息2: {0 [] 0}
2026-05-13T00:42:19.188+08:00 [INFO] 
1的回合 (当前手牌数: 13)

2026-05-13T00:42:19.189+08:00 [INFO] 上一手牌，牌型: 1, 牌是：♣2

2026-05-13T00:42:19.189+08:00 [INFO] 请选择要出的牌 (输入牌的序号，用逗号分隔，0表示不出): 
2026-05-13T00:42:19.190+08:00 [INFO] 用户 1 接收出牌消息1: <nil>
2026-05-13T00:42:19.191+08:00 [INFO] 用户 1 接收出牌消息2: {0 [] 0}
2026-05-13T00:42:20.190+08:00 [INFO] 
1的回合 (当前手牌数: 13)

2026-05-13T00:42:20.190+08:00 [INFO] 上一手牌，牌型: 1, 牌是：♣2

2026-05-13T00:42:20.190+08:00 [INFO] 请选择要出的牌 (输入牌的序号，用逗号分隔，0表示不出): 
2026-05-13T00:42:20.193+08:00 [INFO] 用户 1 接收出牌消息1: <nil>
2026-05-13T00:42:20.199+08:00 [INFO] 用户 1 接收出牌消息2: {0 [] 0}
2026-05-13T00:42:21.189+08:00 [INFO] 
1的回合 (当前手牌数: 13)

2026-05-13T00:42:21.189+08:00 [INFO] 上一手牌，牌型: 1, 牌是：♣2

2026-05-13T00:42:21.189+08:00 [INFO] 请选择要出的牌 (输入牌的序号，用逗号分隔，0表示不出): 
2026-05-13T00:42:21.191+08:00 [INFO] 用户 1 接收出牌消息1: <nil>
2026-05-13T00:42:21.191+08:00 [INFO] 用户 1 接收出牌消息2: {0 [] 0}
2026-05-13T00:42:22.189+08:00 [INFO] 
1的回合 (当前手牌数: 13)

2026-05-13T00:42:22.189+08:00 [INFO] 上一手牌，牌型: 1, 牌是：♣2

2026-05-13T00:42:22.189+08:00 [INFO] 请选择要出的牌 (输入牌的序号，用逗号分隔，0表示不出): 
2026-05-13T00:42:22.190+08:00 [INFO] 用户 1 接收出牌消息1: <nil>
2026-05-13T00:42:22.191+08:00 [INFO] 用户 1 接收出牌消息2: {0 [] 0}
2026-05-13T00:42:23.215+08:00 [INFO] 
1的回合 (当前手牌数: 13)

2026-05-13T00:42:23.215+08:00 [INFO] 上一手牌，牌型: 1, 牌是：♣2

2026-05-13T00:42:23.215+08:00 [INFO] 请选择要出的牌 (输入牌的序号，用逗号分隔，0表示不出): 
2026-05-13T00:42:23.216+08:00 [INFO] 用户 1 接收出牌消息1: <nil>
2026-05-13T00:42:23.216+08:00 [INFO] 用户 1 接收出牌消息2: {0 [] 0}
2026-05-13T00:42:24.189+08:00 [INFO] 
1的回合 (当前手牌数: 13)

2026-05-13T00:42:24.190+08:00 [INFO] 上一手牌，牌型: 1, 牌是：♣2

2026-05-13T00:42:24.191+08:00 [INFO] 请选择要出的牌 (输入牌的序号，用逗号分隔，0表示不出): 
2026-05-13T00:42:24.191+08:00 [INFO] 用户 1 接收出牌消息1: <nil>
2026-05-13T00:42:24.192+08:00 [INFO] 用户 1 接收出牌消息2: {0 [] 0}
2026-05-13T00:42:25.188+08:00 [INFO] 
1的回合 (当前手牌数: 13)

2026-05-13T00:42:25.189+08:00 [INFO] 上一手牌，牌型: 1, 牌是：♣2

2026-05-13T00:42:25.190+08:00 [INFO] 请选择要出的牌 (输入牌的序号，用逗号分隔，0表示不出): 
2026-05-13T00:42:25.191+08:00 [INFO] 用户 1 接收出牌消息1: <nil>
2026-05-13T00:42:25.192+08:00 [INFO] 用户 1 接收出牌消息2: {0 [] 0}
2026-05-13T00:42:26.189+08:00 [INFO] 
1的回合 (当前手牌数: 13)

2026-05-13T00:42:26.189+08:00 [INFO] 上一手牌，牌型: 1, 牌是：♣2

2026-05-13T00:42:26.190+08:00 [INFO] 请选择要出的牌 (输入牌的序号，用逗号分隔，0表示不出): 
2026-05-13T00:42:26.191+08:00 [INFO] 用户 1 接收出牌消息1: <nil>
2026-05-13T00:42:26.191+08:00 [INFO] 用户 1 接收出牌消息2: {0 [] 0}
2026-05-13T00:42:26.192+08:00 [INFO] 1不出

2026-05-13T00:42:26.193+08:00 [INFO] ♣3,♦5,♦9,♥J,♣8,♦A,♥A,♥Q,♣6,♣Q,♣J,♣K,♦10
2026-05-13T00:42:26.194+08:00 [ERRO] json: unsupported type: context.CancelFunc 
Stack:
1.  game_user/internal/controller/room.(*Room).GameLoop.func7
    D:/gowork/max2/max2/app/game_user/internal/controller/room/room.go:1040

2026-05-13T00:42:27.188+08:00 [INFO] 
荀曼冬的回合 (当前手牌数: 3)

2026-05-13T00:42:27.189+08:00 [INFO] 上一手牌，牌型: 1, 牌是：♣2

2026-05-13T00:42:27.190+08:00 [INFO] 请选择要出的牌 (输入牌的序号，用逗号分隔，0表示不出): 
2026-05-13T00:42:28.189+08:00 [INFO] 
荀曼冬的回合 (当前手牌数: 3)

2026-05-13T00:42:28.189+08:00 [INFO] 上一手牌，牌型: 1, 牌是：♣2

2026-05-13T00:42:28.190+08:00 [INFO] 请选择要出的牌 (输入牌的序号，用逗号分隔，0表示不出): 
2026-05-13T00:42:28.190+08:00 [INFO] 荀曼冬不出

2026-05-13T00:42:28.192+08:00 [ERRO] json: unsupported type: context.CancelFunc 
Stack:
1.  game_user/internal/controller/room.(*Room).GameLoop.func7
    D:/gowork/max2/max2/app/game_user/internal/controller/room/room.go:1040

2026-05-13T00:42:29.189+08:00 [INFO] 
邰忆文的回合 (当前手牌数: 8)

2026-05-13T00:42:29.194+08:00 [INFO] 上一手牌，牌型: 0, 牌是：不出

2026-05-13T00:42:29.196+08:00 [INFO] 请选择要出的牌 (输入牌的序号，用逗号分隔，0表示不出): 
2026-05-13T00:42:30.188+08:00 [INFO] 
邰忆文的回合 (当前手牌数: 8)

2026-05-13T00:42:30.189+08:00 [INFO] 上一手牌，牌型: 0, 牌是：不出

2026-05-13T00:42:30.190+08:00 [INFO] 请选择要出的牌 (输入牌的序号，用逗号分隔，0表示不出): 
2026-05-13T00:42:31.189+08:00 [INFO] 
邰忆文的回合 (当前手牌数: 8)

2026-05-13T00:42:31.190+08:00 [INFO] 上一手牌，牌型: 0, 牌是：不出

2026-05-13T00:42:31.191+08:00 [INFO] 请选择要出的牌 (输入牌的序号，用逗号分隔，0表示不出): 
2026-05-13T00:42:31.192+08:00 [INFO] 邰忆文出了: ♥3 (1)

2026-05-13T00:42:31.194+08:00 [ERRO] json: unsupported type: context.CancelFunc 
Stack:
1.  game_user/internal/controller/room.(*Room).GameLoop.func7
    D:/gowork/max2/max2/app/game_user/internal/controller/room/room.go:1040

2026-05-13T00:42:48.215+08:00 [DEBU] etcd put success with key "/service/default/default/game_user/latest/172.20.10.3:9010", value "{"protocol":"grpc"}", lease "7587894790532690290"
2026-05-13T00:42:48.246+08:00 [DEBU] etcd put success with key "/service/default/default/game_user.svc/latest/172.20.10.3:8010", value "{"insecure":true,"protocol":"http"}", lease "7587894790532690293"
2026-05-13T00:43:24.104+08:00 [INFO] {503f24a519dfae18f09b2a0a96de2832} 用户 1 连接成功
2026-05-13T00:43:24.131+08:00 [INFO] heartbeatCheck: 2562047h47m16.854775807s
2026-05-13T00:43:24.146+08:00 [INFO] 用户 1 接收消息: {"type":"getInfo","data":"","name":""}（类型: 1）
2026-05-13T00:43:24.153+08:00 [ERRO] 房间信息json错误: unexpected end of JSON input 
Stack:
1.  game_user/internal/controller/enter.(*Client).handleGetInfo
    D:/gowork/max2/max2/app/game_user/internal/controller/enter/enter_v1_enter.go:734
2.  game_user/internal/controller/enter.(*Client).readLoop
    D:/gowork/max2/max2/app/game_user/internal/controller/enter/enter_v1_enter.go:196

2026-05-13T00:43:25.694+08:00 [INFO] 用户 1 接收消息: {"type":"initRoom","data":"","name":""}（类型: 1）
2026-05-13T00:43:25.702+08:00 [INFO] 用户 1 开始延迟添加AI到房间 QHXDUV
2026-05-13T00:43:25.709+08:00 [INFO] 执行日志异步任务: RoomID:"QHXDUV"  Type:1  UserID:"1"  Point:916  Action:"initRoom"
2026-05-13T00:43:25.710+08:00 [INFO] 用户 1 发送消息: {"type":"initRoom","data":"[{\"ID\":0,\"Name\":\"1\",\"RoomID\":\"QHXDUV\",\"Type\":0,\"CardNum\":13,\"Point\":916,\"UserId\":\"1\",\"RoomType\":1}]","from":"1"}
2026-05-13T00:43:25.712+08:00 [DEBU] Watch key "/service/default/default/log-service/latest/"
2026-05-13T00:43:27.710+08:00 [INFO] 用户 1 发送消息: {"type":"initRoom","data":"[{\"ID\":0,\"Name\":\"1\",\"RoomID\":\"QHXDUV\",\"Type\":0,\"CardNum\":13,\"Point\":916,\"UserId\":\"1\",\"RoomType\":1},{\"ID\":1,\"Name\":\"边美倩\",\"RoomID\":\"QHXDUV\",\"Type\":1,\"CardNum\":13,\"Point\":0,\"UserId\":\"\",\"RoomType\":1},{\"ID\":2,\"Name\":\"邢梓晨\",\"RoomID\":\"QHXDUV\",\"Type\":1,\"CardNum\":13,\"Point\":0,\"UserId\":\"\",\"RoomType\":1},{\"ID\":3,\"Name\":\"晁嘉澍\",\"RoomID\":\"QHXDUV\",\"Type\":1,\"CardNum\":13,\"Point\":0,\"UserId\":\"\",\"RoomType\":1}]","from":"1"}
2026-05-13T00:43:28.878+08:00 [INFO] 用户 1 接收消息: {"type":"play","data":"","name":""}（类型: 1）
2026-05-13T00:43:28.879+08:00 [INFO] 
===== 房间 QHXDUV 游戏开始 =====
2026-05-13T00:43:28.881+08:00 [INFO] 
确定谁先出牌...
2026-05-13T00:43:28.885+08:00 [INFO] 房间 QHXDUV 启动消息接收 goroutine
2026-05-13T00:43:28.887+08:00 [INFO] 1的牌: 
2026-05-13T00:43:28.891+08:00 [INFO] ♦A,♣7,♠10,♦6,♦3,♠J,♣Q,♣K,♥Q,♣2,♠4,♠7,♥5
2026-05-13T00:43:28.892+08:00 [INFO] 边美倩的牌: 
2026-05-13T00:43:28.899+08:00 [INFO] 牌型：1,具体的牌：[[{3 2 ♥3 3 3 ♥}] [{9 2 ♥9 27 9 ♥}] [{10 2 ♥10 31 10 ♥}]] 
2026-05-13T00:43:28.903+08:00 [INFO] 牌型：5,具体的牌：[[{A 1 ♣A 46 14 ♣} {A 2 ♥A 47 14 ♥} {A 3 ♠A 48 14 ♠} {K 0 ♦K 41 13 ♦} {K 2 ♥K 43 13 ♥}]] 
2026-05-13T00:43:28.908+08:00 [INFO] 牌型：4,具体的牌：[[{2 0 ♦2 49 15 ♦} {Q 0 ♦Q 37 12 ♦} {J 0 ♦J 33 11 ♦} {8 0 ♦8 21 8 ♦} {5 0 ♦5 9 5 ♦}]] 
2026-05-13T00:43:28.908+08:00 [INFO] 邢梓晨的牌: 
2026-05-13T00:43:28.910+08:00 [INFO] 牌型：2,具体的牌：[[{6 1 ♣6 14 6 ♣} {6 3 ♠6 16 6 ♠}] [{8 1 ♣8 22 8 ♣} {8 3 ♠8 24 8 ♠}]] 
2026-05-13T00:43:28.923+08:00 [INFO] 牌型：1,具体的牌：[[{10 0 ♦10 29 10 ♦}] [{4 2 ♥4 7 4 ♥}] [{2 2 ♥2 51 15 ♥}] [{5 3 ♠5 12 5 ♠}]] 
2026-05-13T00:43:28.925+08:00 [INFO] 牌型：5,具体的牌：[[{9 0 ♦9 25 9 ♦} {9 1 ♣9 26 9 ♣} {9 3 ♠9 28 9 ♠} {7 0 ♦7 17 7 ♦} {7 2 ♥7 19 7 ♥}]] 
2026-05-13T00:43:28.926+08:00 [INFO] 晁嘉澍的牌: 
2026-05-13T00:43:28.927+08:00 [INFO] 牌型：4,具体的牌：[[{J 1 ♣J 34 11 ♣} {10 1 ♣10 30 10 ♣} {5 1 ♣5 10 5 ♣} {4 1 ♣4 6 4 ♣} {3 1 ♣3 2 3 ♣}]] 
2026-05-13T00:43:28.945+08:00 [INFO] 牌型：1,具体的牌：[[{4 0 ♦4 5 4 ♦}] [{6 2 ♥6 15 6 ♥}] [{8 2 ♥8 23 8 ♥}] [{J 2 ♥J 35 11 ♥}] [{3 3 ♠3 4 3 ♠}] [{Q 3 ♠Q 40 12 ♠}] [{K 3 ♠K 44 13 ♠}] [{2 3 ♠2 52 15 ♠}]] 
2026-05-13T00:43:28.946+08:00 [INFO] 用户 1 接收消息: {"type":"getInfo","data":"","name":""}（类型: 1）
2026-05-13T00:43:29.005+08:00 [INFO] 用户 1 发送消息: {"type":"showCard","data":"{\"cards\":[45,18,32,13,1,36,38,42,39,50,8,20,11],\"current\":0,\"playerPoint\":916,\"outCardTimeout\":30}","from":""}
2026-05-13T00:43:29.041+08:00 [ERRO] unexpected end of JSON input 
Stack:
1.  game_user/internal/controller/enter.(*Client).handleGetInfo
    D:/gowork/max2/max2/app/game_user/internal/controller/enter/enter_v1_enter.go:714
2.  game_user/internal/controller/enter.(*Client).readLoop
    D:/gowork/max2/max2/app/game_user/internal/controller/enter/enter_v1_enter.go:196

2026-05-13T00:43:29.047+08:00 [INFO] 用户 1 发送消息: {"type":"getInfo","data":"{\"roomId\":\"QHXDUV\",\"players\":[{\"ID\":0,\"Name\":\"1\",\"RoomID\":\"QHXDUV\",\"Type\":0,\"CardNum\":13,\"Point\":916,\"UserId\":\"1\",\"RoomType\":1}],\"cards\":[],\"current\":0,\"playerPoint\":916,\"outCardTimeout\":30,\"remainOutCardTimeout\":30,\"cardsNum\":[],\"isPlaying\":false,\"outCards\":[],\"mustPid\":0,\"lastPid\":3,\"status\":0,\"type\":1}","from":"1"}
2026-05-13T00:43:29.131+08:00 [INFO] heartbeatCheck: 185.6908ms
2026-05-13T00:43:29.896+08:00 [INFO] 
1的回合 (当前手牌数: 13)

2026-05-13T00:43:29.897+08:00 [INFO] 上一手牌，牌型: 0, 牌是：不出

2026-05-13T00:43:29.898+08:00 [INFO] 请选择要出的牌 (输入牌的序号，用逗号分隔，0表示不出): 
2026-05-13T00:43:29.899+08:00 [INFO] 用户 1 接收出牌消息1: <nil>
2026-05-13T00:43:29.900+08:00 [INFO] 用户 1 接收出牌消息2: {0 [] 0}
2026-05-13T00:43:30.898+08:00 [INFO] 
1的回合 (当前手牌数: 13)

2026-05-13T00:43:30.898+08:00 [INFO] 上一手牌，牌型: 0, 牌是：不出

2026-05-13T00:43:30.899+08:00 [INFO] 请选择要出的牌 (输入牌的序号，用逗号分隔，0表示不出): 
2026-05-13T00:43:30.900+08:00 [INFO] 用户 1 接收出牌消息1: <nil>
2026-05-13T00:43:30.900+08:00 [INFO] 用户 1 接收出牌消息2: {0 [] 0}
2026-05-13T00:43:31.897+08:00 [INFO] 
1的回合 (当前手牌数: 13)

2026-05-13T00:43:31.897+08:00 [INFO] 上一手牌，牌型: 0, 牌是：不出

2026-05-13T00:43:31.897+08:00 [INFO] 请选择要出的牌 (输入牌的序号，用逗号分隔，0表示不出): 
2026-05-13T00:43:31.898+08:00 [INFO] 用户 1 接收出牌消息1: <nil>
2026-05-13T00:43:31.899+08:00 [INFO] 用户 1 接收出牌消息2: {0 [] 0}
2026-05-13T00:43:32.900+08:00 [INFO] 
1的回合 (当前手牌数: 13)

2026-05-13T00:43:32.902+08:00 [INFO] 上一手牌，牌型: 0, 牌是：不出

2026-05-13T00:43:32.904+08:00 [INFO] 请选择要出的牌 (输入牌的序号，用逗号分隔，0表示不出): 
2026-05-13T00:43:32.905+08:00 [INFO] 用户 1 接收出牌消息1: <nil>
2026-05-13T00:43:32.906+08:00 [INFO] 用户 1 接收出牌消息2: {0 [] 0}
2026-05-13T00:43:33.896+08:00 [INFO] 
1的回合 (当前手牌数: 13)

2026-05-13T00:43:33.896+08:00 [INFO] 上一手牌，牌型: 0, 牌是：不出

2026-05-13T00:43:33.897+08:00 [INFO] 请选择要出的牌 (输入牌的序号，用逗号分隔，0表示不出): 
2026-05-13T00:43:33.898+08:00 [INFO] 用户 1 接收出牌消息1: <nil>
2026-05-13T00:43:33.899+08:00 [INFO] 用户 1 接收出牌消息2: {0 [] 0}
2026-05-13T00:43:34.136+08:00 [INFO] heartbeatCheck: 5.1899721s
2026-05-13T00:43:34.897+08:00 [INFO] 
1的回合 (当前手牌数: 13)

2026-05-13T00:43:34.897+08:00 [INFO] 上一手牌，牌型: 0, 牌是：不出

2026-05-13T00:43:34.898+08:00 [INFO] 请选择要出的牌 (输入牌的序号，用逗号分隔，0表示不出): 
2026-05-13T00:43:34.898+08:00 [INFO] 用户 1 接收出牌消息1: <nil>
2026-05-13T00:43:34.900+08:00 [INFO] 用户 1 接收出牌消息2: {0 [] 0}
2026-05-13T00:43:35.897+08:00 [INFO] 
1的回合 (当前手牌数: 13)

2026-05-13T00:43:35.897+08:00 [INFO] 上一手牌，牌型: 0, 牌是：不出

2026-05-13T00:43:35.898+08:00 [INFO] 请选择要出的牌 (输入牌的序号，用逗号分隔，0表示不出): 
2026-05-13T00:43:35.898+08:00 [INFO] 用户 1 接收出牌消息1: <nil>
2026-05-13T00:43:35.899+08:00 [INFO] 用户 1 接收出牌消息2: {0 [] 0}
2026-05-13T00:43:36.897+08:00 [INFO] 
1的回合 (当前手牌数: 13)

2026-05-13T00:43:36.897+08:00 [INFO] 上一手牌，牌型: 0, 牌是：不出

2026-05-13T00:43:36.898+08:00 [INFO] 请选择要出的牌 (输入牌的序号，用逗号分隔，0表示不出): 
2026-05-13T00:43:36.898+08:00 [INFO] 用户 1 接收出牌消息1: <nil>
2026-05-13T00:43:36.899+08:00 [INFO] 用户 1 接收出牌消息2: {0 [] 0}
2026-05-13T00:43:37.896+08:00 [INFO] 
1的回合 (当前手牌数: 13)

2026-05-13T00:43:37.897+08:00 [INFO] 上一手牌，牌型: 0, 牌是：不出

2026-05-13T00:43:37.898+08:00 [INFO] 请选择要出的牌 (输入牌的序号，用逗号分隔，0表示不出): 
2026-05-13T00:43:37.899+08:00 [INFO] 用户 1 接收出牌消息1: <nil>
2026-05-13T00:43:37.900+08:00 [INFO] 用户 1 接收出牌消息2: {0 [] 0}
2026-05-13T00:43:38.896+08:00 [INFO] 
1的回合 (当前手牌数: 13)

2026-05-13T00:43:38.897+08:00 [INFO] 上一手牌，牌型: 0, 牌是：不出

2026-05-13T00:43:38.897+08:00 [INFO] 请选择要出的牌 (输入牌的序号，用逗号分隔，0表示不出): 
2026-05-13T00:43:38.899+08:00 [INFO] 用户 1 接收出牌消息1: <nil>
2026-05-13T00:43:38.902+08:00 [INFO] 用户 1 接收出牌消息2: {0 [] 0}
2026-05-13T00:43:39.056+08:00 [INFO] 用户 1 接收消息: {"type":"heartbeat","data":"ping"}（类型: 1）
2026-05-13T00:43:39.057+08:00 [INFO] 用户 1 发送消息: {"type":"heartbeat","data":"pong","from":"1"}
2026-05-13T00:43:39.132+08:00 [INFO] heartbeatCheck: 75.3054ms
2026-05-13T00:43:39.896+08:00 [INFO] 
1的回合 (当前手牌数: 13)

2026-05-13T00:43:39.897+08:00 [INFO] 上一手牌，牌型: 0, 牌是：不出

2026-05-13T00:43:39.898+08:00 [INFO] 请选择要出的牌 (输入牌的序号，用逗号分隔，0表示不出): 
2026-05-13T00:43:39.899+08:00 [INFO] 用户 1 接收出牌消息1: <nil>
2026-05-13T00:43:39.899+08:00 [INFO] 用户 1 接收出牌消息2: {0 [] 0}
2026-05-13T00:43:40.897+08:00 [INFO] 
1的回合 (当前手牌数: 13)

2026-05-13T00:43:40.898+08:00 [INFO] 上一手牌，牌型: 0, 牌是：不出

2026-05-13T00:43:40.899+08:00 [INFO] 请选择要出的牌 (输入牌的序号，用逗号分隔，0表示不出): 
2026-05-13T00:43:40.900+08:00 [INFO] 用户 1 接收出牌消息1: <nil>
2026-05-13T00:43:40.902+08:00 [INFO] 用户 1 接收出牌消息2: {0 [] 0}
2026-05-13T00:43:41.897+08:00 [INFO] 
1的回合 (当前手牌数: 13)

2026-05-13T00:43:41.898+08:00 [INFO] 上一手牌，牌型: 0, 牌是：不出

2026-05-13T00:43:41.899+08:00 [INFO] 请选择要出的牌 (输入牌的序号，用逗号分隔，0表示不出): 
2026-05-13T00:43:41.900+08:00 [INFO] 用户 1 接收出牌消息1: <nil>
2026-05-13T00:43:41.901+08:00 [INFO] 用户 1 接收出牌消息2: {0 [] 0}
2026-05-13T00:43:42.896+08:00 [INFO] 
1的回合 (当前手牌数: 13)

2026-05-13T00:43:42.900+08:00 [INFO] 上一手牌，牌型: 0, 牌是：不出

2026-05-13T00:43:42.902+08:00 [INFO] 请选择要出的牌 (输入牌的序号，用逗号分隔，0表示不出): 
2026-05-13T00:43:42.903+08:00 [INFO] 用户 1 接收出牌消息1: <nil>
2026-05-13T00:43:42.904+08:00 [INFO] 用户 1 接收出牌消息2: {0 [] 0}
2026-05-13T00:43:43.896+08:00 [INFO] 
1的回合 (当前手牌数: 13)

2026-05-13T00:43:43.898+08:00 [INFO] 上一手牌，牌型: 0, 牌是：不出

2026-05-13T00:43:43.900+08:00 [INFO] 请选择要出的牌 (输入牌的序号，用逗号分隔，0表示不出): 
2026-05-13T00:43:43.903+08:00 [INFO] 用户 1 接收出牌消息1: <nil>
2026-05-13T00:43:43.906+08:00 [INFO] 用户 1 接收出牌消息2: {0 [] 0}
2026-05-13T00:43:44.131+08:00 [INFO] heartbeatCheck: 5.0749695s
2026-05-13T00:43:44.897+08:00 [INFO] 
1的回合 (当前手牌数: 13)

2026-05-13T00:43:44.897+08:00 [INFO] 上一手牌，牌型: 0, 牌是：不出

2026-05-13T00:43:44.898+08:00 [INFO] 请选择要出的牌 (输入牌的序号，用逗号分隔，0表示不出): 
2026-05-13T00:43:44.899+08:00 [INFO] 用户 1 接收出牌消息1: <nil>
2026-05-13T00:43:44.900+08:00 [INFO] 用户 1 接收出牌消息2: {0 [] 0}
2026-05-13T00:43:45.896+08:00 [INFO] 
1的回合 (当前手牌数: 13)

2026-05-13T00:43:45.898+08:00 [INFO] 上一手牌，牌型: 0, 牌是：不出

2026-05-13T00:43:45.899+08:00 [INFO] 请选择要出的牌 (输入牌的序号，用逗号分隔，0表示不出): 
2026-05-13T00:43:45.902+08:00 [INFO] 用户 1 接收出牌消息1: <nil>
2026-05-13T00:43:45.903+08:00 [INFO] 用户 1 接收出牌消息2: {0 [] 0}
2026-05-13T00:43:46.897+08:00 [INFO] 
1的回合 (当前手牌数: 13)

2026-05-13T00:43:46.899+08:00 [INFO] 上一手牌，牌型: 0, 牌是：不出

2026-05-13T00:43:46.901+08:00 [INFO] 请选择要出的牌 (输入牌的序号，用逗号分隔，0表示不出): 
2026-05-13T00:43:46.902+08:00 [INFO] 用户 1 接收出牌消息1: <nil>
2026-05-13T00:43:46.903+08:00 [INFO] 用户 1 接收出牌消息2: {0 [] 0}
2026-05-13T00:43:47.897+08:00 [INFO] 
1的回合 (当前手牌数: 13)

2026-05-13T00:43:47.898+08:00 [INFO] 上一手牌，牌型: 0, 牌是：不出

2026-05-13T00:43:47.902+08:00 [INFO] 请选择要出的牌 (输入牌的序号，用逗号分隔，0表示不出): 
2026-05-13T00:43:47.903+08:00 [INFO] 用户 1 接收出牌消息1: <nil>
2026-05-13T00:43:47.903+08:00 [INFO] 用户 1 接收出牌消息2: {0 [] 0}
2026-05-13T00:43:48.896+08:00 [INFO] 
1的回合 (当前手牌数: 13)

2026-05-13T00:43:48.898+08:00 [INFO] 上一手牌，牌型: 0, 牌是：不出

2026-05-13T00:43:48.899+08:00 [INFO] 请选择要出的牌 (输入牌的序号，用逗号分隔，0表示不出): 
2026-05-13T00:43:48.901+08:00 [INFO] 用户 1 接收出牌消息1: <nil>
2026-05-13T00:43:48.905+08:00 [INFO] 用户 1 接收出牌消息2: {0 [] 0}
2026-05-13T00:43:49.077+08:00 [INFO] 用户 1 接收消息: {"type":"heartbeat","data":"ping"}（类型: 1）
2026-05-13T00:43:49.079+08:00 [INFO] 用户 1 发送消息: {"type":"heartbeat","data":"pong","from":"1"}
2026-05-13T00:43:49.131+08:00 [INFO] heartbeatCheck: 54.0987ms
2026-05-13T00:43:49.896+08:00 [INFO] 
1的回合 (当前手牌数: 13)

2026-05-13T00:43:49.897+08:00 [INFO] 上一手牌，牌型: 0, 牌是：不出

2026-05-13T00:43:49.897+08:00 [INFO] 请选择要出的牌 (输入牌的序号，用逗号分隔，0表示不出): 
2026-05-13T00:43:49.898+08:00 [INFO] 用户 1 接收出牌消息1: <nil>
2026-05-13T00:43:49.899+08:00 [INFO] 用户 1 接收出牌消息2: {0 [] 0}
2026-05-13T00:43:50.897+08:00 [INFO] 
1的回合 (当前手牌数: 13)

2026-05-13T00:43:50.897+08:00 [INFO] 上一手牌，牌型: 0, 牌是：不出

2026-05-13T00:43:50.899+08:00 [INFO] 请选择要出的牌 (输入牌的序号，用逗号分隔，0表示不出): 
2026-05-13T00:43:50.900+08:00 [INFO] 用户 1 接收出牌消息1: <nil>
2026-05-13T00:43:50.900+08:00 [INFO] 用户 1 接收出牌消息2: {0 [] 0}
2026-05-13T00:43:51.896+08:00 [INFO] 
1的回合 (当前手牌数: 13)

2026-05-13T00:43:51.897+08:00 [INFO] 上一手牌，牌型: 0, 牌是：不出

2026-05-13T00:43:51.898+08:00 [INFO] 请选择要出的牌 (输入牌的序号，用逗号分隔，0表示不出): 
2026-05-13T00:43:51.898+08:00 [INFO] 用户 1 接收出牌消息1: <nil>
2026-05-13T00:43:51.899+08:00 [INFO] 用户 1 接收出牌消息2: {0 [] 0}
2026-05-13T00:43:52.898+08:00 [INFO] 
1的回合 (当前手牌数: 13)

2026-05-13T00:43:52.898+08:00 [INFO] 上一手牌，牌型: 0, 牌是：不出

2026-05-13T00:43:52.900+08:00 [INFO] 请选择要出的牌 (输入牌的序号，用逗号分隔，0表示不出): 
2026-05-13T00:43:52.901+08:00 [INFO] 用户 1 接收出牌消息1: <nil>
2026-05-13T00:43:52.901+08:00 [INFO] 用户 1 接收出牌消息2: {0 [] 0}
2026-05-13T00:43:54.011+08:00 [INFO] 
1的回合 (当前手牌数: 13)

2026-05-13T00:43:54.012+08:00 [INFO] 上一手牌，牌型: 0, 牌是：不出

2026-05-13T00:43:54.012+08:00 [INFO] 请选择要出的牌 (输入牌的序号，用逗号分隔，0表示不出): 
2026-05-13T00:43:54.013+08:00 [INFO] 用户 1 接收出牌消息1: <nil>
2026-05-13T00:43:54.013+08:00 [INFO] 用户 1 接收出牌消息2: {0 [] 0}
2026-05-13T00:43:54.133+08:00 [INFO] heartbeatCheck: 5.0560666s
2026-05-13T00:43:55.020+08:00 [INFO] 
1的回合 (当前手牌数: 13)

2026-05-13T00:43:55.022+08:00 [INFO] 上一手牌，牌型: 0, 牌是：不出

2026-05-13T00:43:55.027+08:00 [INFO] 请选择要出的牌 (输入牌的序号，用逗号分隔，0表示不出): 
2026-05-13T00:43:55.028+08:00 [INFO] 用户 1 接收出牌消息1: <nil>
2026-05-13T00:43:55.029+08:00 [INFO] 用户 1 接收出牌消息2: {0 [] 0}
2026-05-13T00:43:55.997+08:00 [INFO] 
1的回合 (当前手牌数: 13)

2026-05-13T00:43:55.997+08:00 [INFO] 上一手牌，牌型: 0, 牌是：不出

2026-05-13T00:43:55.998+08:00 [INFO] 请选择要出的牌 (输入牌的序号，用逗号分隔，0表示不出): 
2026-05-13T00:43:55.999+08:00 [INFO] 用户 1 接收出牌消息1: <nil>
2026-05-13T00:43:56.000+08:00 [INFO] 用户 1 接收出牌消息2: {0 [] 0}
2026-05-13T00:43:56.997+08:00 [INFO] 
1的回合 (当前手牌数: 13)

2026-05-13T00:43:57.000+08:00 [INFO] 上一手牌，牌型: 0, 牌是：不出

2026-05-13T00:43:57.000+08:00 [INFO] 请选择要出的牌 (输入牌的序号，用逗号分隔，0表示不出): 
2026-05-13T00:43:57.001+08:00 [INFO] 用户 1 接收出牌消息1: <nil>
2026-05-13T00:43:57.002+08:00 [INFO] 用户 1 接收出牌消息2: {0 [] 0}
2026-05-13T00:43:57.996+08:00 [INFO] 
1的回合 (当前手牌数: 13)

2026-05-13T00:43:57.997+08:00 [INFO] 上一手牌，牌型: 0, 牌是：不出

2026-05-13T00:43:57.997+08:00 [INFO] 请选择要出的牌 (输入牌的序号，用逗号分隔，0表示不出): 
2026-05-13T00:43:57.998+08:00 [INFO] 用户 1 接收出牌消息1: <nil>
2026-05-13T00:43:57.999+08:00 [INFO] 用户 1 接收出牌消息2: {0 [] 0}
2026-05-13T00:43:58.997+08:00 [INFO] 
1的回合 (当前手牌数: 13)

2026-05-13T00:43:58.998+08:00 [INFO] 上一手牌，牌型: 0, 牌是：不出

2026-05-13T00:43:59.000+08:00 [INFO] 请选择要出的牌 (输入牌的序号，用逗号分隔，0表示不出): 
2026-05-13T00:43:59.002+08:00 [INFO] 用户 1 接收出牌消息1: <nil>
2026-05-13T00:43:59.004+08:00 [INFO] 用户 1 接收出牌消息2: {0 [] 0}
2026-05-13T00:43:59.005+08:00 [INFO] 1出了: ♦3 (1)

2026-05-13T00:43:59.007+08:00 [INFO] ♦A,♣7,♠10,♦6,♠J,♣Q,♣K,♥Q,♣2,♠4,♠7,♥5
2026-05-13T00:43:59.011+08:00 [INFO] 用户 1 发送消息: {"type":"outCard","data":"{\"pid\":0,\"cardIds\":[1],\"card_type\":1,\"cards_num\":12,\"code\":0,\"current\":1,\"mustPid\":0,\"outCardTimeout\":30}","from":""}
2026-05-13T00:43:59.131+08:00 [INFO] heartbeatCheck: 10.0537345s
2026-05-13T00:43:59.996+08:00 [INFO] 
边美倩的回合 (当前手牌数: 13)

2026-05-13T00:43:59.997+08:00 [INFO] 上一手牌，牌型: 1, 牌是：♦3

2026-05-13T00:43:59.998+08:00 [INFO] 请选择要出的牌 (输入牌的序号，用逗号分隔，0表示不出): 
2026-05-13T00:44:00.996+08:00 [INFO] 
边美倩的回合 (当前手牌数: 13)

2026-05-13T00:44:00.997+08:00 [INFO] 上一手牌，牌型: 1, 牌是：♦3

2026-05-13T00:44:00.999+08:00 [INFO] 请选择要出的牌 (输入牌的序号，用逗号分隔，0表示不出): 
2026-05-13T00:44:01.000+08:00 [INFO] 边美倩出了: ♥3 (1)

2026-05-13T00:44:01.004+08:00 [INFO] 用户 1 发送消息: {"type":"outCard","data":"{\"pid\":1,\"cardIds\":[3],\"card_type\":1,\"cards_num\":12,\"code\":0,\"current\":2,\"mustPid\":1,\"outCardTimeout\":30}","from":""}
2026-05-13T00:44:01.996+08:00 [INFO] 
邢梓晨的回合 (当前手牌数: 13)

2026-05-13T00:44:01.997+08:00 [INFO] 上一手牌，牌型: 1, 牌是：♥3

2026-05-13T00:44:01.997+08:00 [INFO] 请选择要出的牌 (输入牌的序号，用逗号分隔，0表示不出): 
2026-05-13T00:44:02.997+08:00 [INFO] 
邢梓晨的回合 (当前手牌数: 13)

2026-05-13T00:44:03.000+08:00 [INFO] 上一手牌，牌型: 1, 牌是：♥3

2026-05-13T00:44:03.003+08:00 [INFO] 请选择要出的牌 (输入牌的序号，用逗号分隔，0表示不出): 
2026-05-13T00:44:03.005+08:00 [INFO] 邢梓晨出了: ♥4 (1)

2026-05-13T00:44:03.009+08:00 [INFO] 用户 1 发送消息: {"type":"outCard","data":"{\"pid\":2,\"cardIds\":[7],\"card_type\":1,\"cards_num\":12,\"code\":0,\"current\":3,\"mustPid\":2,\"outCardTimeout\":30}","from":""}
2026-05-13T00:44:03.996+08:00 [INFO] 
晁嘉澍的回合 (当前手牌数: 13)

2026-05-13T00:44:03.996+08:00 [INFO] 上一手牌，牌型: 1, 牌是：♥4

2026-05-13T00:44:03.998+08:00 [INFO] 请选择要出的牌 (输入牌的序号，用逗号分隔，0表示不出): 
2026-05-13T00:44:04.132+08:00 [INFO] heartbeatCheck: 15.055225s
2026-05-13T00:44:04.996+08:00 [INFO] 
晁嘉澍的回合 (当前手牌数: 13)

2026-05-13T00:44:04.997+08:00 [INFO] 上一手牌，牌型: 1, 牌是：♥4

2026-05-13T00:44:04.999+08:00 [INFO] 请选择要出的牌 (输入牌的序号，用逗号分隔，0表示不出): 
2026-05-13T00:44:05.000+08:00 [INFO] 晁嘉澍出了: ♥6 (1)

2026-05-13T00:44:05.003+08:00 [INFO] 正在订阅 Channel: player:play:card:1，当前玩家: 1
2026-05-13T00:44:05.013+08:00 [INFO] 成功订阅 Channel: player:play:card:1
2026-05-13T00:44:05.015+08:00 [INFO] 用户 1 发送消息: {"type":"outCard","data":"{\"pid\":3,\"cardIds\":[15],\"card_type\":1,\"cards_num\":12,\"code\":0,\"current\":0,\"mustPid\":3,\"outCardTimeout\":30}","from":""}
2026-05-13T00:44:05.997+08:00 [INFO] 
1的回合 (当前手牌数: 12)

2026-05-13T00:44:05.997+08:00 [INFO] 上一手牌，牌型: 1, 牌是：♥6

2026-05-13T00:44:05.998+08:00 [INFO] 请选择要出的牌 (输入牌的序号，用逗号分隔，0表示不出): 
2026-05-13T00:44:05.999+08:00 [INFO] 用户 1 接收出牌消息1: <nil>
2026-05-13T00:44:05.999+08:00 [INFO] 用户 1 接收出牌消息2: {0 [] 0}
2026-05-13T00:44:06.996+08:00 [INFO] 
1的回合 (当前手牌数: 12)

2026-05-13T00:44:06.997+08:00 [INFO] 上一手牌，牌型: 1, 牌是：♥6

2026-05-13T00:44:06.998+08:00 [INFO] 请选择要出的牌 (输入牌的序号，用逗号分隔，0表示不出): 
2026-05-13T00:44:06.998+08:00 [INFO] 用户 1 接收出牌消息1: <nil>
2026-05-13T00:44:06.999+08:00 [INFO] 用户 1 接收出牌消息2: {0 [] 0}
2026-05-13T00:44:07.996+08:00 [INFO] 
1的回合 (当前手牌数: 12)

2026-05-13T00:44:07.998+08:00 [INFO] 上一手牌，牌型: 1, 牌是：♥6

2026-05-13T00:44:07.999+08:00 [INFO] 请选择要出的牌 (输入牌的序号，用逗号分隔，0表示不出): 
2026-05-13T00:44:08.001+08:00 [INFO] 用户 1 接收出牌消息1: <nil>
2026-05-13T00:44:08.002+08:00 [INFO] 用户 1 接收出牌消息2: {0 [] 0}
2026-05-13T00:44:08.996+08:00 [INFO] 
1的回合 (当前手牌数: 12)

2026-05-13T00:44:08.997+08:00 [INFO] 上一手牌，牌型: 1, 牌是：♥6

2026-05-13T00:44:08.998+08:00 [INFO] 请选择要出的牌 (输入牌的序号，用逗号分隔，0表示不出): 
2026-05-13T00:44:08.998+08:00 [INFO] 用户 1 接收出牌消息1: <nil>
2026-05-13T00:44:09.000+08:00 [INFO] 用户 1 接收出牌消息2: {0 [] 0}
2026-05-13T00:44:09.131+08:00 [INFO] heartbeatCheck: 20.0538443s
2026-05-13T00:44:09.996+08:00 [INFO] 
1的回合 (当前手牌数: 12)

2026-05-13T00:44:09.998+08:00 [INFO] 上一手牌，牌型: 1, 牌是：♥6

2026-05-13T00:44:10.000+08:00 [INFO] 请选择要出的牌 (输入牌的序号，用逗号分隔，0表示不出): 
2026-05-13T00:44:10.001+08:00 [INFO] 用户 1 接收出牌消息1: <nil>
2026-05-13T00:44:10.003+08:00 [INFO] 用户 1 接收出牌消息2: {0 [] 0}
2026-05-13T00:44:10.997+08:00 [INFO] 
1的回合 (当前手牌数: 12)

2026-05-13T00:44:10.999+08:00 [INFO] 上一手牌，牌型: 1, 牌是：♥6

2026-05-13T00:44:11.000+08:00 [INFO] 请选择要出的牌 (输入牌的序号，用逗号分隔，0表示不出): 
2026-05-13T00:44:11.002+08:00 [INFO] 用户 1 接收出牌消息1: <nil>
2026-05-13T00:44:11.004+08:00 [INFO] 用户 1 接收出牌消息2: {0 [] 0}
2026-05-13T00:44:11.996+08:00 [INFO] 
1的回合 (当前手牌数: 12)

2026-05-13T00:44:11.998+08:00 [INFO] 上一手牌，牌型: 1, 牌是：♥6

2026-05-13T00:44:12.000+08:00 [INFO] 请选择要出的牌 (输入牌的序号，用逗号分隔，0表示不出): 
2026-05-13T00:44:12.000+08:00 [INFO] 用户 1 接收出牌消息1: <nil>
2026-05-13T00:44:12.002+08:00 [INFO] 用户 1 接收出牌消息2: {0 [] 0}
2026-05-13T00:44:12.996+08:00 [INFO] 
1的回合 (当前手牌数: 12)

2026-05-13T00:44:12.997+08:00 [INFO] 上一手牌，牌型: 1, 牌是：♥6

2026-05-13T00:44:12.997+08:00 [INFO] 请选择要出的牌 (输入牌的序号，用逗号分隔，0表示不出): 
2026-05-13T00:44:12.997+08:00 [INFO] 用户 1 接收出牌消息1: <nil>
2026-05-13T00:44:12.998+08:00 [INFO] 用户 1 接收出牌消息2: {0 [] 0}
2026-05-13T00:44:13.996+08:00 [INFO] 
1的回合 (当前手牌数: 12)

2026-05-13T00:44:13.997+08:00 [INFO] 上一手牌，牌型: 1, 牌是：♥6

2026-05-13T00:44:13.997+08:00 [INFO] 请选择要出的牌 (输入牌的序号，用逗号分隔，0表示不出): 
2026-05-13T00:44:13.998+08:00 [INFO] 用户 1 接收出牌消息1: <nil>
2026-05-13T00:44:13.999+08:00 [INFO] 用户 1 接收出牌消息2: {0 [] 0}
2026-05-13T00:44:14.131+08:00 [INFO] heartbeatCheck: 25.0538403s
2026-05-13T00:44:14.996+08:00 [INFO] 
1的回合 (当前手牌数: 12)

2026-05-13T00:44:14.997+08:00 [INFO] 上一手牌，牌型: 1, 牌是：♥6

2026-05-13T00:44:14.997+08:00 [INFO] 请选择要出的牌 (输入牌的序号，用逗号分隔，0表示不出): 
2026-05-13T00:44:14.998+08:00 [INFO] 用户 1 接收出牌消息1: <nil>
2026-05-13T00:44:14.999+08:00 [INFO] 用户 1 接收出牌消息2: {0 [] 0}
2026-05-13T00:44:15.019+08:00 [INFO] 用户 1 接收消息: {"type":"heartbeat","data":"ping"}（类型: 1）
2026-05-13T00:44:15.020+08:00 [INFO] 用户 1 发送消息: {"type":"heartbeat","data":"pong","from":"1"}
2026-05-13T00:44:15.996+08:00 [INFO] 
1的回合 (当前手牌数: 12)

2026-05-13T00:44:15.998+08:00 [INFO] 上一手牌，牌型: 1, 牌是：♥6

2026-05-13T00:44:16.000+08:00 [INFO] 请选择要出的牌 (输入牌的序号，用逗号分隔，0表示不出): 
2026-05-13T00:44:16.002+08:00 [INFO] 用户 1 接收出牌消息1: <nil>
2026-05-13T00:44:16.003+08:00 [INFO] 用户 1 接收出牌消息2: {0 [] 0}
2026-05-13T00:44:16.996+08:00 [INFO] 
1的回合 (当前手牌数: 12)

2026-05-13T00:44:16.997+08:00 [INFO] 上一手牌，牌型: 1, 牌是：♥6

2026-05-13T00:44:16.998+08:00 [INFO] 请选择要出的牌 (输入牌的序号，用逗号分隔，0表示不出): 
2026-05-13T00:44:16.999+08:00 [INFO] 用户 1 接收出牌消息1: <nil>
2026-05-13T00:44:17.000+08:00 [INFO] 用户 1 接收出牌消息2: {0 [] 0}
2026-05-13T00:44:17.996+08:00 [INFO] 
1的回合 (当前手牌数: 12)

2026-05-13T00:44:17.996+08:00 [INFO] 上一手牌，牌型: 1, 牌是：♥6

2026-05-13T00:44:17.997+08:00 [INFO] 请选择要出的牌 (输入牌的序号，用逗号分隔，0表示不出): 
2026-05-13T00:44:17.998+08:00 [INFO] 用户 1 接收出牌消息1: <nil>
2026-05-13T00:44:17.999+08:00 [INFO] 用户 1 接收出牌消息2: {0 [] 0}
2026-05-13T00:44:18.996+08:00 [INFO] 
1的回合 (当前手牌数: 12)

2026-05-13T00:44:18.998+08:00 [INFO] 上一手牌，牌型: 1, 牌是：♥6

2026-05-13T00:44:18.999+08:00 [INFO] 请选择要出的牌 (输入牌的序号，用逗号分隔，0表示不出): 
2026-05-13T00:44:19.001+08:00 [INFO] 用户 1 接收出牌消息1: <nil>
2026-05-13T00:44:19.003+08:00 [INFO] 用户 1 接收出牌消息2: {0 [] 0}
2026-05-13T00:44:19.131+08:00 [INFO] heartbeatCheck: 4.1125158s
2026-05-13T00:44:19.997+08:00 [INFO] 
1的回合 (当前手牌数: 12)

2026-05-13T00:44:19.997+08:00 [INFO] 上一手牌，牌型: 1, 牌是：♥6

2026-05-13T00:44:19.997+08:00 [INFO] 请选择要出的牌 (输入牌的序号，用逗号分隔，0表示不出): 
2026-05-13T00:44:19.998+08:00 [INFO] 用户 1 接收出牌消息1: <nil>
2026-05-13T00:44:20.000+08:00 [INFO] 用户 1 接收出牌消息2: {0 [] 0}
2026-05-13T00:44:20.996+08:00 [INFO] 
1的回合 (当前手牌数: 12)

2026-05-13T00:44:20.996+08:00 [INFO] 上一手牌，牌型: 1, 牌是：♥6

2026-05-13T00:44:20.997+08:00 [INFO] 请选择要出的牌 (输入牌的序号，用逗号分隔，0表示不出): 
2026-05-13T00:44:20.998+08:00 [INFO] 用户 1 接收出牌消息1: <nil>
2026-05-13T00:44:20.999+08:00 [INFO] 用户 1 接收出牌消息2: {0 [] 0}
2026-05-13T00:44:21.996+08:00 [INFO] 
1的回合 (当前手牌数: 12)

2026-05-13T00:44:21.996+08:00 [INFO] 上一手牌，牌型: 1, 牌是：♥6

2026-05-13T00:44:21.998+08:00 [INFO] 请选择要出的牌 (输入牌的序号，用逗号分隔，0表示不出): 
2026-05-13T00:44:21.998+08:00 [INFO] 用户 1 接收出牌消息1: <nil>
2026-05-13T00:44:21.999+08:00 [INFO] 用户 1 接收出牌消息2: {0 [] 0}
2026-05-13T00:44:22.996+08:00 [INFO] 
1的回合 (当前手牌数: 12)

2026-05-13T00:44:22.997+08:00 [INFO] 上一手牌，牌型: 1, 牌是：♥6

2026-05-13T00:44:22.997+08:00 [INFO] 请选择要出的牌 (输入牌的序号，用逗号分隔，0表示不出): 
2026-05-13T00:44:22.999+08:00 [INFO] 用户 1 接收出牌消息1: <nil>
2026-05-13T00:44:22.999+08:00 [INFO] 用户 1 接收出牌消息2: {0 [] 0}
2026-05-13T00:44:23.996+08:00 [INFO] 
1的回合 (当前手牌数: 12)

2026-05-13T00:44:23.996+08:00 [INFO] 上一手牌，牌型: 1, 牌是：♥6

2026-05-13T00:44:23.997+08:00 [INFO] 请选择要出的牌 (输入牌的序号，用逗号分隔，0表示不出): 
2026-05-13T00:44:23.997+08:00 [INFO] 用户 1 接收出牌消息1: <nil>
2026-05-13T00:44:23.998+08:00 [INFO] 用户 1 接收出牌消息2: {0 [] 0}
2026-05-13T00:44:24.131+08:00 [INFO] heartbeatCheck: 9.1128126s
2026-05-13T00:44:24.997+08:00 [INFO] 
1的回合 (当前手牌数: 12)

2026-05-13T00:44:24.997+08:00 [INFO] 上一手牌，牌型: 1, 牌是：♥6

2026-05-13T00:44:24.998+08:00 [INFO] 请选择要出的牌 (输入牌的序号，用逗号分隔，0表示不出): 
2026-05-13T00:44:24.998+08:00 [INFO] 用户 1 接收出牌消息1: <nil>
2026-05-13T00:44:24.999+08:00 [INFO] 用户 1 接收出牌消息2: {0 [] 0}
2026-05-13T00:44:25.035+08:00 [INFO] 用户 1 接收消息: {"type":"heartbeat","data":"ping"}（类型: 1）
2026-05-13T00:44:25.039+08:00 [INFO] 用户 1 发送消息: {"type":"heartbeat","data":"pong","from":"1"}
2026-05-13T00:44:25.997+08:00 [INFO] 
1的回合 (当前手牌数: 12)

2026-05-13T00:44:25.998+08:00 [INFO] 上一手牌，牌型: 1, 牌是：♥6

2026-05-13T00:44:25.998+08:00 [INFO] 请选择要出的牌 (输入牌的序号，用逗号分隔，0表示不出): 
2026-05-13T00:44:26.000+08:00 [INFO] 用户 1 接收出牌消息1: <nil>
2026-05-13T00:44:26.000+08:00 [INFO] 用户 1 接收出牌消息2: {0 [] 0}
2026-05-13T00:44:26.996+08:00 [INFO] 
1的回合 (当前手牌数: 12)

2026-05-13T00:44:26.997+08:00 [INFO] 上一手牌，牌型: 1, 牌是：♥6

2026-05-13T00:44:26.998+08:00 [INFO] 请选择要出的牌 (输入牌的序号，用逗号分隔，0表示不出): 
2026-05-13T00:44:26.999+08:00 [INFO] 用户 1 接收出牌消息1: <nil>
2026-05-13T00:44:27.000+08:00 [INFO] 用户 1 接收出牌消息2: {0 [] 0}
2026-05-13T00:44:27.997+08:00 [INFO] 
1的回合 (当前手牌数: 12)

2026-05-13T00:44:27.997+08:00 [INFO] 上一手牌，牌型: 1, 牌是：♥6

2026-05-13T00:44:27.998+08:00 [INFO] 请选择要出的牌 (输入牌的序号，用逗号分隔，0表示不出): 
2026-05-13T00:44:27.998+08:00 [INFO] 用户 1 接收出牌消息1: <nil>
2026-05-13T00:44:27.998+08:00 [INFO] 用户 1 接收出牌消息2: {0 [] 0}
2026-05-13T00:44:28.996+08:00 [INFO] 
1的回合 (当前手牌数: 12)

2026-05-13T00:44:28.997+08:00 [INFO] 上一手牌，牌型: 1, 牌是：♥6

2026-05-13T00:44:29.000+08:00 [INFO] 请选择要出的牌 (输入牌的序号，用逗号分隔，0表示不出): 
2026-05-13T00:44:29.001+08:00 [INFO] 用户 1 接收出牌消息1: <nil>
2026-05-13T00:44:29.003+08:00 [INFO] 用户 1 接收出牌消息2: {0 [] 0}
2026-05-13T00:44:29.131+08:00 [INFO] heartbeatCheck: 4.0959379s
2026-05-13T00:44:29.996+08:00 [INFO] 
1的回合 (当前手牌数: 12)

2026-05-13T00:44:29.997+08:00 [INFO] 上一手牌，牌型: 1, 牌是：♥6

2026-05-13T00:44:29.998+08:00 [INFO] 请选择要出的牌 (输入牌的序号，用逗号分隔，0表示不出): 
2026-05-13T00:44:29.999+08:00 [INFO] 用户 1 接收出牌消息1: <nil>
2026-05-13T00:44:30.000+08:00 [INFO] 用户 1 接收出牌消息2: {0 [] 0}
2026-05-13T00:44:30.997+08:00 [INFO] 
1的回合 (当前手牌数: 12)

2026-05-13T00:44:30.998+08:00 [INFO] 上一手牌，牌型: 1, 牌是：♥6

2026-05-13T00:44:31.000+08:00 [INFO] 请选择要出的牌 (输入牌的序号，用逗号分隔，0表示不出): 
2026-05-13T00:44:31.003+08:00 [INFO] 用户 1 接收出牌消息1: <nil>
2026-05-13T00:44:31.006+08:00 [INFO] 用户 1 接收出牌消息2: {0 [] 0}
2026-05-13T00:44:31.996+08:00 [INFO] 
1的回合 (当前手牌数: 12)

2026-05-13T00:44:31.998+08:00 [INFO] 上一手牌，牌型: 1, 牌是：♥6

2026-05-13T00:44:32.000+08:00 [INFO] 请选择要出的牌 (输入牌的序号，用逗号分隔，0表示不出): 
2026-05-13T00:44:32.002+08:00 [INFO] 用户 1 接收出牌消息1: <nil>
2026-05-13T00:44:32.004+08:00 [INFO] 用户 1 接收出牌消息2: {0 [] 0}
2026-05-13T00:44:32.996+08:00 [INFO] 
1的回合 (当前手牌数: 12)

2026-05-13T00:44:32.997+08:00 [INFO] 上一手牌，牌型: 1, 牌是：♥6

2026-05-13T00:44:32.997+08:00 [INFO] 请选择要出的牌 (输入牌的序号，用逗号分隔，0表示不出): 
2026-05-13T00:44:32.998+08:00 [INFO] 用户 1 接收出牌消息1: <nil>
2026-05-13T00:44:32.999+08:00 [INFO] 用户 1 接收出牌消息2: {0 [] 0}
2026-05-13T00:44:33.996+08:00 [INFO] 
1的回合 (当前手牌数: 12)

2026-05-13T00:44:33.998+08:00 [INFO] 上一手牌，牌型: 1, 牌是：♥6

2026-05-13T00:44:33.999+08:00 [INFO] 请选择要出的牌 (输入牌的序号，用逗号分隔，0表示不出): 
2026-05-13T00:44:34.001+08:00 [INFO] 用户 1 接收出牌消息1: <nil>
2026-05-13T00:44:34.002+08:00 [INFO] 用户 1 接收出牌消息2: {0 [] 0}
2026-05-13T00:44:34.131+08:00 [INFO] heartbeatCheck: 9.0959296s
2026-05-13T00:44:34.997+08:00 [INFO] 
1的回合 (当前手牌数: 12)

2026-05-13T00:44:34.998+08:00 [INFO] 上一手牌，牌型: 1, 牌是：♥6

2026-05-13T00:44:34.998+08:00 [INFO] 请选择要出的牌 (输入牌的序号，用逗号分隔，0表示不出): 
2026-05-13T00:44:34.999+08:00 [INFO] 用户 1 接收出牌消息1: <nil>
2026-05-13T00:44:35.000+08:00 [INFO] 用户 1 接收出牌消息2: {0 [] 0}
2026-05-13T00:44:35.054+08:00 [INFO] 用户 1 接收消息: {"type":"heartbeat","data":"ping"}（类型: 1）
2026-05-13T00:44:35.055+08:00 [INFO] 用户 1 发送消息: {"type":"heartbeat","data":"pong","from":"1"}
2026-05-13T00:44:35.996+08:00 [INFO] 
1的回合 (当前手牌数: 12)

2026-05-13T00:44:35.998+08:00 [INFO] 上一手牌，牌型: 1, 牌是：♥6

2026-05-13T00:44:35.999+08:00 [INFO] 请选择要出的牌 (输入牌的序号，用逗号分隔，0表示不出): 
2026-05-13T00:44:36.001+08:00 [INFO] 用户 1 接收出牌消息1: <nil>
2026-05-13T00:44:36.002+08:00 [INFO] 用户 1 接收出牌消息2: {0 [] 0}
2026-05-13T00:44:36.005+08:00 [INFO] 1不出

2026-05-13T00:44:36.006+08:00 [INFO] ♦A,♣7,♠10,♦6,♠J,♣Q,♣K,♥Q,♣2,♠4,♠7,♥5
2026-05-13T00:44:36.010+08:00 [INFO] 用户 1 发送消息: {"type":"pass","data":"{\"pid\":0,\"cardIds\":[],\"card_type\":0,\"cards_num\":12,\"code\":0,\"current\":1,\"mustPid\":3,\"outCardTimeout\":30}","from":""}
2026-05-13T00:44:36.996+08:00 [INFO] 
边美倩的回合 (当前手牌数: 12)

2026-05-13T00:44:36.997+08:00 [INFO] 上一手牌，牌型: 1, 牌是：♥6

2026-05-13T00:44:36.998+08:00 [INFO] 请选择要出的牌 (输入牌的序号，用逗号分隔，0表示不出): 
2026-05-13T00:44:37.997+08:00 [INFO] 
边美倩的回合 (当前手牌数: 12)

2026-05-13T00:44:37.997+08:00 [INFO] 上一手牌，牌型: 1, 牌是：♥6

2026-05-13T00:44:37.998+08:00 [INFO] 请选择要出的牌 (输入牌的序号，用逗号分隔，0表示不出): 
2026-05-13T00:44:37.999+08:00 [INFO] 边美倩出了: ♥9 (1)

2026-05-13T00:44:38.000+08:00 [INFO] 用户 1 发送消息: {"type":"outCard","data":"{\"pid\":1,\"cardIds\":[27],\"card_type\":1,\"cards_num\":11,\"code\":0,\"current\":2,\"mustPid\":1,\"outCardTimeout\":30}","from":""}
2026-05-13T00:44:38.997+08:00 [INFO] 
邢梓晨的回合 (当前手牌数: 12)

2026-05-13T00:44:38.998+08:00 [INFO] 上一手牌，牌型: 1, 牌是：♥9

2026-05-13T00:44:38.999+08:00 [INFO] 请选择要出的牌 (输入牌的序号，用逗号分隔，0表示不出): 
2026-05-13T00:44:39.133+08:00 [INFO] heartbeatCheck: 4.0787855s
2026-05-13T00:44:39.996+08:00 [INFO] 
邢梓晨的回合 (当前手牌数: 12)

2026-05-13T00:44:39.996+08:00 [INFO] 上一手牌，牌型: 1, 牌是：♥9

2026-05-13T00:44:39.999+08:00 [INFO] 请选择要出的牌 (输入牌的序号，用逗号分隔，0表示不出): 
2026-05-13T00:44:40.997+08:00 [INFO] 
邢梓晨的回合 (当前手牌数: 12)

2026-05-13T00:44:40.997+08:00 [INFO] 上一手牌，牌型: 1, 牌是：♥9

2026-05-13T00:44:40.998+08:00 [INFO] 请选择要出的牌 (输入牌的序号，用逗号分隔，0表示不出): 
2026-05-13T00:44:40.999+08:00 [INFO] 邢梓晨出了: ♦10 (1)

2026-05-13T00:44:41.003+08:00 [INFO] 用户 1 发送消息: {"type":"outCard","data":"{\"pid\":2,\"cardIds\":[29],\"card_type\":1,\"cards_num\":11,\"code\":0,\"current\":3,\"mustPid\":2,\"outCardTimeout\":30}","from":""}
2026-05-13T00:44:41.997+08:00 [INFO] 
晁嘉澍的回合 (当前手牌数: 12)

2026-05-13T00:44:41.997+08:00 [INFO] 上一手牌，牌型: 1, 牌是：♦10

2026-05-13T00:44:41.998+08:00 [INFO] 请选择要出的牌 (输入牌的序号，用逗号分隔，0表示不出): 
2026-05-13T00:44:42.997+08:00 [INFO] 
晁嘉澍的回合 (当前手牌数: 12)

2026-05-13T00:44:42.997+08:00 [INFO] 上一手牌，牌型: 1, 牌是：♦10

2026-05-13T00:44:42.998+08:00 [INFO] 请选择要出的牌 (输入牌的序号，用逗号分隔，0表示不出): 
2026-05-13T00:44:42.998+08:00 [INFO] 晁嘉澍出了: ♥J (1)

2026-05-13T00:44:43.000+08:00 [INFO] 正在订阅 Channel: player:play:card:1，当前玩家: 1
2026-05-13T00:44:43.003+08:00 [INFO] 成功订阅 Channel: player:play:card:1
2026-05-13T00:44:43.005+08:00 [INFO] 用户 1 发送消息: {"type":"outCard","data":"{\"pid\":3,\"cardIds\":[35],\"card_type\":1,\"cards_num\":11,\"code\":0,\"current\":0,\"mustPid\":3,\"outCardTimeout\":30}","from":""}
2026-05-13T00:44:43.996+08:00 [INFO] 
1的回合 (当前手牌数: 12)

2026-05-13T00:44:43.996+08:00 [INFO] 上一手牌，牌型: 1, 牌是：♥J

2026-05-13T00:44:43.998+08:00 [INFO] 请选择要出的牌 (输入牌的序号，用逗号分隔，0表示不出): 
2026-05-13T00:44:43.998+08:00 [INFO] 用户 1 接收出牌消息1: <nil>
2026-05-13T00:44:43.999+08:00 [INFO] 用户 1 接收出牌消息2: {0 [] 0}
2026-05-13T00:44:44.131+08:00 [INFO] heartbeatCheck: 9.076979s
2026-05-13T00:44:44.996+08:00 [INFO] 
1的回合 (当前手牌数: 12)

2026-05-13T00:44:44.996+08:00 [INFO] 上一手牌，牌型: 1, 牌是：♥J

2026-05-13T00:44:44.997+08:00 [INFO] 请选择要出的牌 (输入牌的序号，用逗号分隔，0表示不出): 
2026-05-13T00:44:44.997+08:00 [INFO] 用户 1 接收出牌消息1: <nil>
2026-05-13T00:44:44.998+08:00 [INFO] 用户 1 接收出牌消息2: {0 [] 0}
2026-05-13T00:44:45.997+08:00 [INFO] 
1的回合 (当前手牌数: 12)

2026-05-13T00:44:45.998+08:00 [INFO] 上一手牌，牌型: 1, 牌是：♥J

2026-05-13T00:44:45.999+08:00 [INFO] 请选择要出的牌 (输入牌的序号，用逗号分隔，0表示不出): 
2026-05-13T00:44:46.000+08:00 [INFO] 用户 1 接收出牌消息1: <nil>
2026-05-13T00:44:46.001+08:00 [INFO] 用户 1 接收出牌消息2: {0 [] 0}
2026-05-13T00:44:46.998+08:00 [INFO] 
1的回合 (当前手牌数: 12)

2026-05-13T00:44:46.999+08:00 [INFO] 上一手牌，牌型: 1, 牌是：♥J

2026-05-13T00:44:47.000+08:00 [INFO] 请选择要出的牌 (输入牌的序号，用逗号分隔，0表示不出): 
2026-05-13T00:44:47.001+08:00 [INFO] 用户 1 接收出牌消息1: <nil>
2026-05-13T00:44:47.001+08:00 [INFO] 用户 1 接收出牌消息2: {0 [] 0}
2026-05-13T00:44:47.997+08:00 [INFO] 
1的回合 (当前手牌数: 12)

2026-05-13T00:44:47.997+08:00 [INFO] 上一手牌，牌型: 1, 牌是：♥J

2026-05-13T00:44:48.000+08:00 [INFO] 请选择要出的牌 (输入牌的序号，用逗号分隔，0表示不出): 
2026-05-13T00:44:48.002+08:00 [INFO] 用户 1 接收出牌消息1: <nil>
2026-05-13T00:44:48.006+08:00 [INFO] 用户 1 接收出牌消息2: {0 [] 0}
2026-05-13T00:44:48.997+08:00 [INFO] 
1的回合 (当前手牌数: 12)

2026-05-13T00:44:48.997+08:00 [INFO] 上一手牌，牌型: 1, 牌是：♥J

2026-05-13T00:44:48.998+08:00 [INFO] 请选择要出的牌 (输入牌的序号，用逗号分隔，0表示不出): 
2026-05-13T00:44:48.998+08:00 [INFO] 用户 1 接收出牌消息1: <nil>
2026-05-13T00:44:48.998+08:00 [INFO] 用户 1 接收出牌消息2: {0 [] 0}
2026-05-13T00:44:49.132+08:00 [INFO] heartbeatCheck: 14.0786371s
2026-05-13T00:44:49.996+08:00 [INFO] 
1的回合 (当前手牌数: 12)

2026-05-13T00:44:49.997+08:00 [INFO] 上一手牌，牌型: 1, 牌是：♥J

2026-05-13T00:44:49.998+08:00 [INFO] 请选择要出的牌 (输入牌的序号，用逗号分隔，0表示不出): 
2026-05-13T00:44:49.998+08:00 [INFO] 用户 1 接收出牌消息1: <nil>
2026-05-13T00:44:50.001+08:00 [INFO] 用户 1 接收出牌消息2: {0 [] 0}
2026-05-13T00:44:50.996+08:00 [INFO] 
1的回合 (当前手牌数: 12)

2026-05-13T00:44:50.998+08:00 [INFO] 上一手牌，牌型: 1, 牌是：♥J

2026-05-13T00:44:50.999+08:00 [INFO] 请选择要出的牌 (输入牌的序号，用逗号分隔，0表示不出): 
2026-05-13T00:44:51.001+08:00 [INFO] 用户 1 接收出牌消息1: <nil>
2026-05-13T00:44:51.003+08:00 [INFO] 用户 1 接收出牌消息2: {0 [] 0}
2026-05-13T00:44:51.997+08:00 [INFO] 
1的回合 (当前手牌数: 12)

2026-05-13T00:44:51.997+08:00 [INFO] 上一手牌，牌型: 1, 牌是：♥J

2026-05-13T00:44:51.999+08:00 [INFO] 请选择要出的牌 (输入牌的序号，用逗号分隔，0表示不出): 
2026-05-13T00:44:52.000+08:00 [INFO] 用户 1 接收出牌消息1: <nil>
2026-05-13T00:44:52.000+08:00 [INFO] 用户 1 接收出牌消息2: {0 [] 0}
2026-05-13T00:44:52.997+08:00 [INFO] 
1的回合 (当前手牌数: 12)

2026-05-13T00:44:52.997+08:00 [INFO] 上一手牌，牌型: 1, 牌是：♥J

2026-05-13T00:44:52.998+08:00 [INFO] 请选择要出的牌 (输入牌的序号，用逗号分隔，0表示不出): 
2026-05-13T00:44:52.999+08:00 [INFO] 用户 1 接收出牌消息1: <nil>
2026-05-13T00:44:53.001+08:00 [INFO] 用户 1 接收出牌消息2: {0 [] 0}
2026-05-13T00:44:53.014+08:00 [INFO] 用户 1 接收消息: {"type":"heartbeat","data":"ping"}（类型: 1）
2026-05-13T00:44:53.016+08:00 [INFO] 用户 1 发送消息: {"type":"heartbeat","data":"pong","from":"1"}
2026-05-13T00:44:53.996+08:00 [INFO] 
1的回合 (当前手牌数: 12)

2026-05-13T00:44:53.997+08:00 [INFO] 上一手牌，牌型: 1, 牌是：♥J

2026-05-13T00:44:53.999+08:00 [INFO] 请选择要出的牌 (输入牌的序号，用逗号分隔，0表示不出): 
2026-05-13T00:44:54.000+08:00 [INFO] 用户 1 接收出牌消息1: <nil>
2026-05-13T00:44:54.002+08:00 [INFO] 用户 1 接收出牌消息2: {0 [] 0}
2026-05-13T00:44:54.131+08:00 [INFO] heartbeatCheck: 1.1170568s
2026-05-13T00:44:54.996+08:00 [INFO] 
1的回合 (当前手牌数: 12)

2026-05-13T00:44:54.998+08:00 [INFO] 上一手牌，牌型: 1, 牌是：♥J

2026-05-13T00:44:54.999+08:00 [INFO] 请选择要出的牌 (输入牌的序号，用逗号分隔，0表示不出): 
2026-05-13T00:44:55.001+08:00 [INFO] 用户 1 接收出牌消息1: <nil>
2026-05-13T00:44:55.003+08:00 [INFO] 用户 1 接收出牌消息2: {0 [] 0}
2026-05-13T00:44:55.996+08:00 [INFO] 
1的回合 (当前手牌数: 12)

2026-05-13T00:44:55.996+08:00 [INFO] 上一手牌，牌型: 1, 牌是：♥J

2026-05-13T00:44:55.998+08:00 [INFO] 请选择要出的牌 (输入牌的序号，用逗号分隔，0表示不出): 
2026-05-13T00:44:55.998+08:00 [INFO] 用户 1 接收出牌消息1: <nil>
2026-05-13T00:44:55.999+08:00 [INFO] 用户 1 接收出牌消息2: {0 [] 0}
2026-05-13T00:44:56.996+08:00 [INFO] 
1的回合 (当前手牌数: 12)

2026-05-13T00:44:56.997+08:00 [INFO] 上一手牌，牌型: 1, 牌是：♥J

2026-05-13T00:44:56.998+08:00 [INFO] 请选择要出的牌 (输入牌的序号，用逗号分隔，0表示不出): 
2026-05-13T00:44:56.999+08:00 [INFO] 用户 1 接收出牌消息1: <nil>
2026-05-13T00:44:57.000+08:00 [INFO] 用户 1 接收出牌消息2: {0 [] 0}
2026-05-13T00:44:57.997+08:00 [INFO] 
1的回合 (当前手牌数: 12)

2026-05-13T00:44:57.997+08:00 [INFO] 上一手牌，牌型: 1, 牌是：♥J

2026-05-13T00:44:57.998+08:00 [INFO] 请选择要出的牌 (输入牌的序号，用逗号分隔，0表示不出): 
2026-05-13T00:44:57.998+08:00 [INFO] 用户 1 接收出牌消息1: <nil>
2026-05-13T00:44:57.999+08:00 [INFO] 用户 1 接收出牌消息2: {0 [] 0}
2026-05-13T00:44:58.996+08:00 [INFO] 
1的回合 (当前手牌数: 12)

2026-05-13T00:44:58.997+08:00 [INFO] 上一手牌，牌型: 1, 牌是：♥J

2026-05-13T00:44:59.000+08:00 [INFO] 请选择要出的牌 (输入牌的序号，用逗号分隔，0表示不出): 
2026-05-13T00:44:59.002+08:00 [INFO] 用户 1 接收出牌消息1: <nil>
2026-05-13T00:44:59.003+08:00 [INFO] 用户 1 接收出牌消息2: {0 [] 0}
2026-05-13T00:44:59.131+08:00 [INFO] heartbeatCheck: 6.1172376s
2026-05-13T00:44:59.997+08:00 [INFO] 
1的回合 (当前手牌数: 12)

2026-05-13T00:44:59.997+08:00 [INFO] 上一手牌，牌型: 1, 牌是：♥J

2026-05-13T00:44:59.998+08:00 [INFO] 请选择要出的牌 (输入牌的序号，用逗号分隔，0表示不出): 
2026-05-13T00:44:59.999+08:00 [INFO] 用户 1 接收出牌消息1: <nil>
2026-05-13T00:44:59.999+08:00 [INFO] 用户 1 接收出牌消息2: {0 [] 0}
2026-05-13T00:45:00.997+08:00 [INFO] 
1的回合 (当前手牌数: 12)

2026-05-13T00:45:00.998+08:00 [INFO] 上一手牌，牌型: 1, 牌是：♥J

2026-05-13T00:45:01.000+08:00 [INFO] 请选择要出的牌 (输入牌的序号，用逗号分隔，0表示不出): 
2026-05-13T00:45:01.001+08:00 [INFO] 用户 1 接收出牌消息1: <nil>
2026-05-13T00:45:01.003+08:00 [INFO] 用户 1 接收出牌消息2: {0 [] 0}
2026-05-13T00:45:01.997+08:00 [INFO] 
1的回合 (当前手牌数: 12)

2026-05-13T00:45:01.998+08:00 [INFO] 上一手牌，牌型: 1, 牌是：♥J

2026-05-13T00:45:01.998+08:00 [INFO] 请选择要出的牌 (输入牌的序号，用逗号分隔，0表示不出): 
2026-05-13T00:45:01.999+08:00 [INFO] 用户 1 接收出牌消息1: <nil>
2026-05-13T00:45:02.000+08:00 [INFO] 用户 1 接收出牌消息2: {0 [] 0}
2026-05-13T00:45:02.997+08:00 [INFO] 
1的回合 (当前手牌数: 12)

2026-05-13T00:45:02.999+08:00 [INFO] 上一手牌，牌型: 1, 牌是：♥J

2026-05-13T00:45:02.999+08:00 [INFO] 请选择要出的牌 (输入牌的序号，用逗号分隔，0表示不出): 
2026-05-13T00:45:03.000+08:00 [INFO] 用户 1 接收出牌消息1: <nil>
2026-05-13T00:45:03.000+08:00 [INFO] 用户 1 接收出牌消息2: {0 [] 0}
2026-05-13T00:45:03.023+08:00 [INFO] 用户 1 接收消息: {"type":"heartbeat","data":"ping"}（类型: 1）
2026-05-13T00:45:03.026+08:00 [INFO] 用户 1 发送消息: {"type":"heartbeat","data":"pong","from":"1"}
2026-05-13T00:45:03.996+08:00 [INFO] 
1的回合 (当前手牌数: 12)

2026-05-13T00:45:03.997+08:00 [INFO] 上一手牌，牌型: 1, 牌是：♥J

2026-05-13T00:45:03.997+08:00 [INFO] 请选择要出的牌 (输入牌的序号，用逗号分隔，0表示不出): 
2026-05-13T00:45:03.998+08:00 [INFO] 用户 1 接收出牌消息1: <nil>
2026-05-13T00:45:03.998+08:00 [INFO] 用户 1 接收出牌消息2: {0 [] 0}
2026-05-13T00:45:04.138+08:00 [INFO] heartbeatCheck: 1.1154472s
2026-05-13T00:45:04.996+08:00 [INFO] 
1的回合 (当前手牌数: 12)

2026-05-13T00:45:04.997+08:00 [INFO] 上一手牌，牌型: 1, 牌是：♥J

2026-05-13T00:45:04.998+08:00 [INFO] 请选择要出的牌 (输入牌的序号，用逗号分隔，0表示不出): 
2026-05-13T00:45:04.999+08:00 [INFO] 用户 1 接收出牌消息1: <nil>
2026-05-13T00:45:04.999+08:00 [INFO] 用户 1 接收出牌消息2: {0 [] 0}
2026-05-13T00:45:05.996+08:00 [INFO] 
1的回合 (当前手牌数: 12)

2026-05-13T00:45:05.998+08:00 [INFO] 上一手牌，牌型: 1, 牌是：♥J

2026-05-13T00:45:06.000+08:00 [INFO] 请选择要出的牌 (输入牌的序号，用逗号分隔，0表示不出): 
2026-05-13T00:45:06.003+08:00 [INFO] 用户 1 接收出牌消息1: <nil>
2026-05-13T00:45:06.004+08:00 [INFO] 用户 1 接收出牌消息2: {0 [] 0}
2026-05-13T00:45:06.997+08:00 [INFO] 
1的回合 (当前手牌数: 12)

2026-05-13T00:45:06.999+08:00 [INFO] 上一手牌，牌型: 1, 牌是：♥J

2026-05-13T00:45:07.001+08:00 [INFO] 请选择要出的牌 (输入牌的序号，用逗号分隔，0表示不出): 
2026-05-13T00:45:07.003+08:00 [INFO] 用户 1 接收出牌消息1: <nil>
2026-05-13T00:45:07.007+08:00 [INFO] 用户 1 接收出牌消息2: {0 [] 0}
2026-05-13T00:45:07.997+08:00 [INFO] 
1的回合 (当前手牌数: 12)

2026-05-13T00:45:07.997+08:00 [INFO] 上一手牌，牌型: 1, 牌是：♥J

2026-05-13T00:45:07.998+08:00 [INFO] 请选择要出的牌 (输入牌的序号，用逗号分隔，0表示不出): 
2026-05-13T00:45:07.999+08:00 [INFO] 用户 1 接收出牌消息1: <nil>
2026-05-13T00:45:07.999+08:00 [INFO] 用户 1 接收出牌消息2: {0 [] 0}
2026-05-13T00:45:08.996+08:00 [INFO] 
1的回合 (当前手牌数: 12)

2026-05-13T00:45:08.997+08:00 [INFO] 上一手牌，牌型: 1, 牌是：♥J

2026-05-13T00:45:08.998+08:00 [INFO] 请选择要出的牌 (输入牌的序号，用逗号分隔，0表示不出): 
2026-05-13T00:45:09.000+08:00 [INFO] 用户 1 接收出牌消息1: <nil>
2026-05-13T00:45:09.003+08:00 [INFO] 用户 1 接收出牌消息2: {0 [] 0}
2026-05-13T00:45:09.132+08:00 [INFO] heartbeatCheck: 6.1089116s
2026-05-13T00:45:09.996+08:00 [INFO] 
1的回合 (当前手牌数: 12)

2026-05-13T00:45:09.997+08:00 [INFO] 上一手牌，牌型: 1, 牌是：♥J

2026-05-13T00:45:09.998+08:00 [INFO] 请选择要出的牌 (输入牌的序号，用逗号分隔，0表示不出): 
2026-05-13T00:45:09.998+08:00 [INFO] 用户 1 接收出牌消息1: <nil>
2026-05-13T00:45:09.999+08:00 [INFO] 用户 1 接收出牌消息2: {0 [] 0}
2026-05-13T00:45:10.996+08:00 [INFO] 
1的回合 (当前手牌数: 12)

2026-05-13T00:45:10.996+08:00 [INFO] 上一手牌，牌型: 1, 牌是：♥J

2026-05-13T00:45:10.998+08:00 [INFO] 请选择要出的牌 (输入牌的序号，用逗号分隔，0表示不出): 
2026-05-13T00:45:10.998+08:00 [INFO] 用户 1 接收出牌消息1: <nil>
2026-05-13T00:45:10.999+08:00 [INFO] 用户 1 接收出牌消息2: {0 [] 0}
2026-05-13T00:45:11.997+08:00 [INFO] 
1的回合 (当前手牌数: 12)

2026-05-13T00:45:11.997+08:00 [INFO] 上一手牌，牌型: 1, 牌是：♥J

2026-05-13T00:45:11.998+08:00 [INFO] 请选择要出的牌 (输入牌的序号，用逗号分隔，0表示不出): 
2026-05-13T00:45:11.999+08:00 [INFO] 用户 1 接收出牌消息1: <nil>
2026-05-13T00:45:11.999+08:00 [INFO] 用户 1 接收出牌消息2: {0 [] 0}
2026-05-13T00:45:12.997+08:00 [INFO] 
1的回合 (当前手牌数: 12)

2026-05-13T00:45:12.997+08:00 [INFO] 上一手牌，牌型: 1, 牌是：♥J

2026-05-13T00:45:12.999+08:00 [INFO] 请选择要出的牌 (输入牌的序号，用逗号分隔，0表示不出): 
2026-05-13T00:45:12.999+08:00 [INFO] 用户 1 接收出牌消息1: <nil>
2026-05-13T00:45:13.000+08:00 [INFO] 用户 1 接收出牌消息2: {0 [] 0}
2026-05-13T00:45:13.039+08:00 [INFO] 用户 1 接收消息: {"type":"heartbeat","data":"ping"}（类型: 1）
2026-05-13T00:45:13.042+08:00 [INFO] 用户 1 发送消息: {"type":"heartbeat","data":"pong","from":"1"}
2026-05-13T00:45:13.996+08:00 [INFO] 
1的回合 (当前手牌数: 12)

2026-05-13T00:45:13.996+08:00 [INFO] 上一手牌，牌型: 1, 牌是：♥J

2026-05-13T00:45:13.998+08:00 [INFO] 请选择要出的牌 (输入牌的序号，用逗号分隔，0表示不出): 
2026-05-13T00:45:13.999+08:00 [INFO] 用户 1 接收出牌消息1: <nil>
2026-05-13T00:45:13.999+08:00 [INFO] 用户 1 接收出牌消息2: {0 [] 0}
2026-05-13T00:45:14.000+08:00 [INFO] 1不出

2026-05-13T00:45:14.002+08:00 [INFO] ♦A,♣7,♠10,♦6,♠J,♣Q,♣K,♥Q,♣2,♠4,♠7,♥5
2026-05-13T00:45:14.004+08:00 [INFO] 用户 1 发送消息: {"type":"pass","data":"{\"pid\":0,\"cardIds\":[],\"card_type\":0,\"cards_num\":12,\"code\":0,\"current\":1,\"mustPid\":3,\"outCardTimeout\":30}","from":""}
2026-05-13T00:45:14.131+08:00 [INFO] heartbeatCheck: 1.0925781s
2026-05-13T00:45:14.997+08:00 [INFO] 
边美倩的回合 (当前手牌数: 11)

2026-05-13T00:45:14.997+08:00 [INFO] 上一手牌，牌型: 1, 牌是：♥J

2026-05-13T00:45:14.998+08:00 [INFO] 请选择要出的牌 (输入牌的序号，用逗号分隔，0表示不出): 
2026-05-13T00:45:15.997+08:00 [INFO] 
边美倩的回合 (当前手牌数: 11)

2026-05-13T00:45:15.998+08:00 [INFO] 上一手牌，牌型: 1, 牌是：♥J

2026-05-13T00:45:16.001+08:00 [INFO] 请选择要出的牌 (输入牌的序号，用逗号分隔，0表示不出): 
2026-05-13T00:45:16.001+08:00 [INFO] 边美倩不出

2026-05-13T00:45:16.004+08:00 [INFO] 用户 1 发送消息: {"type":"pass","data":"{\"pid\":1,\"cardIds\":null,\"card_type\":0,\"cards_num\":11,\"code\":0,\"current\":2,\"mustPid\":3,\"outCardTimeout\":30}","from":""}
2026-05-13T00:45:16.996+08:00 [INFO] 
邢梓晨的回合 (当前手牌数: 11)

2026-05-13T00:45:16.997+08:00 [INFO] 上一手牌，牌型: 1, 牌是：♥J

2026-05-13T00:45:16.998+08:00 [INFO] 请选择要出的牌 (输入牌的序号，用逗号分隔，0表示不出): 
2026-05-13T00:45:17.997+08:00 [INFO] 
邢梓晨的回合 (当前手牌数: 11)

2026-05-13T00:45:17.998+08:00 [INFO] 上一手牌，牌型: 1, 牌是：♥J

2026-05-13T00:45:18.000+08:00 [INFO] 请选择要出的牌 (输入牌的序号，用逗号分隔，0表示不出): 
2026-05-13T00:45:18.002+08:00 [INFO] 邢梓晨出了: ♥2 (1)

2026-05-13T00:45:18.006+08:00 [INFO] 用户 1 发送消息: {"type":"outCard","data":"{\"pid\":2,\"cardIds\":[51],\"card_type\":1,\"cards_num\":10,\"code\":0,\"current\":3,\"mustPid\":2,\"outCardTimeout\":30}","from":""}
2026-05-13T00:45:18.996+08:00 [INFO] 
晁嘉澍的回合 (当前手牌数: 11)

2026-05-13T00:45:18.998+08:00 [INFO] 上一手牌，牌型: 1, 牌是：♥2

2026-05-13T00:45:19.001+08:00 [INFO] 请选择要出的牌 (输入牌的序号，用逗号分隔，0表示不出): 
2026-05-13T00:45:19.131+08:00 [INFO] heartbeatCheck: 6.0920174s
2026-05-13T00:45:19.996+08:00 [INFO] 
晁嘉澍的回合 (当前手牌数: 11)

2026-05-13T00:45:19.997+08:00 [INFO] 上一手牌，牌型: 1, 牌是：♥2

2026-05-13T00:45:20.000+08:00 [INFO] 请选择要出的牌 (输入牌的序号，用逗号分隔，0表示不出): 
2026-05-13T00:45:20.001+08:00 [INFO] 晁嘉澍出了: ♠2 (1)

2026-05-13T00:45:20.003+08:00 [INFO] 正在订阅 Channel: player:play:card:1，当前玩家: 1
2026-05-13T00:45:20.013+08:00 [INFO] 成功订阅 Channel: player:play:card:1
2026-05-13T00:45:20.016+08:00 [INFO] 用户 1 发送消息: {"type":"outCard","data":"{\"pid\":3,\"cardIds\":[52],\"card_type\":1,\"cards_num\":10,\"code\":0,\"current\":0,\"mustPid\":3,\"outCardTimeout\":30}","from":""}
2026-05-13T00:45:20.996+08:00 [INFO] 
1的回合 (当前手牌数: 12)

2026-05-13T00:45:20.997+08:00 [INFO] 上一手牌，牌型: 1, 牌是：♠2

2026-05-13T00:45:20.998+08:00 [INFO] 请选择要出的牌 (输入牌的序号，用逗号分隔，0表示不出): 
2026-05-13T00:45:20.998+08:00 [INFO] 用户 1 接收出牌消息1: <nil>
2026-05-13T00:45:20.999+08:00 [INFO] 用户 1 接收出牌消息2: {0 [] 0}
2026-05-13T00:45:21.996+08:00 [INFO] 
1的回合 (当前手牌数: 12)

2026-05-13T00:45:21.997+08:00 [INFO] 上一手牌，牌型: 1, 牌是：♠2

2026-05-13T00:45:21.999+08:00 [INFO] 请选择要出的牌 (输入牌的序号，用逗号分隔，0表示不出): 
2026-05-13T00:45:22.001+08:00 [INFO] 用户 1 接收出牌消息1: <nil>
2026-05-13T00:45:22.003+08:00 [INFO] 用户 1 接收出牌消息2: {0 [] 0}
2026-05-13T00:45:22.997+08:00 [INFO] 
1的回合 (当前手牌数: 12)

2026-05-13T00:45:22.998+08:00 [INFO] 上一手牌，牌型: 1, 牌是：♠2

2026-05-13T00:45:22.998+08:00 [INFO] 请选择要出的牌 (输入牌的序号，用逗号分隔，0表示不出): 
2026-05-13T00:45:22.999+08:00 [INFO] 用户 1 接收出牌消息1: <nil>
2026-05-13T00:45:22.999+08:00 [INFO] 用户 1 接收出牌消息2: {0 [] 0}
2026-05-13T00:45:23.997+08:00 [INFO] 
1的回合 (当前手牌数: 12)

2026-05-13T00:45:23.997+08:00 [INFO] 上一手牌，牌型: 1, 牌是：♠2

2026-05-13T00:45:23.997+08:00 [INFO] 请选择要出的牌 (输入牌的序号，用逗号分隔，0表示不出): 
2026-05-13T00:45:23.998+08:00 [INFO] 用户 1 接收出牌消息1: <nil>
2026-05-13T00:45:23.999+08:00 [INFO] 用户 1 接收出牌消息2: {0 [] 0}
2026-05-13T00:45:24.131+08:00 [INFO] heartbeatCheck: 11.0924625s
2026-05-13T00:45:24.996+08:00 [INFO] 
1的回合 (当前手牌数: 12)

2026-05-13T00:45:24.996+08:00 [INFO] 上一手牌，牌型: 1, 牌是：♠2

2026-05-13T00:45:24.997+08:00 [INFO] 请选择要出的牌 (输入牌的序号，用逗号分隔，0表示不出): 
2026-05-13T00:45:24.998+08:00 [INFO] 用户 1 接收出牌消息1: <nil>
2026-05-13T00:45:24.998+08:00 [INFO] 用户 1 接收出牌消息2: {0 [] 0}
2026-05-13T00:45:25.996+08:00 [INFO] 
1的回合 (当前手牌数: 12)

2026-05-13T00:45:25.998+08:00 [INFO] 上一手牌，牌型: 1, 牌是：♠2

2026-05-13T00:45:26.000+08:00 [INFO] 请选择要出的牌 (输入牌的序号，用逗号分隔，0表示不出): 
2026-05-13T00:45:26.002+08:00 [INFO] 用户 1 接收出牌消息1: <nil>
2026-05-13T00:45:26.003+08:00 [INFO] 用户 1 接收出牌消息2: {0 [] 0}
2026-05-13T00:45:26.997+08:00 [INFO] 
1的回合 (当前手牌数: 12)

2026-05-13T00:45:26.998+08:00 [INFO] 上一手牌，牌型: 1, 牌是：♠2

2026-05-13T00:45:27.001+08:00 [INFO] 请选择要出的牌 (输入牌的序号，用逗号分隔，0表示不出): 
2026-05-13T00:45:27.004+08:00 [INFO] 用户 1 接收出牌消息1: <nil>
2026-05-13T00:45:27.005+08:00 [INFO] 用户 1 接收出牌消息2: {0 [] 0}
2026-05-13T00:45:27.996+08:00 [INFO] 
1的回合 (当前手牌数: 12)

2026-05-13T00:45:27.996+08:00 [INFO] 上一手牌，牌型: 1, 牌是：♠2

2026-05-13T00:45:27.998+08:00 [INFO] 请选择要出的牌 (输入牌的序号，用逗号分隔，0表示不出): 
2026-05-13T00:45:27.998+08:00 [INFO] 用户 1 接收出牌消息1: <nil>
2026-05-13T00:45:27.999+08:00 [INFO] 用户 1 接收出牌消息2: {0 [] 0}
2026-05-13T00:45:28.997+08:00 [INFO] 
1的回合 (当前手牌数: 12)

2026-05-13T00:45:28.998+08:00 [INFO] 上一手牌，牌型: 1, 牌是：♠2

2026-05-13T00:45:29.000+08:00 [INFO] 请选择要出的牌 (输入牌的序号，用逗号分隔，0表示不出): 
2026-05-13T00:45:29.002+08:00 [INFO] 用户 1 接收出牌消息1: <nil>
2026-05-13T00:45:29.004+08:00 [INFO] 用户 1 接收出牌消息2: {0 [] 0}
2026-05-13T00:45:29.132+08:00 [INFO] heartbeatCheck: 16.0927055s
2026-05-13T00:45:29.997+08:00 [INFO] 
1的回合 (当前手牌数: 12)

2026-05-13T00:45:29.998+08:00 [INFO] 上一手牌，牌型: 1, 牌是：♠2

2026-05-13T00:45:30.001+08:00 [INFO] 请选择要出的牌 (输入牌的序号，用逗号分隔，0表示不出): 
2026-05-13T00:45:30.002+08:00 [INFO] 用户 1 接收出牌消息1: <nil>
2026-05-13T00:45:30.003+08:00 [INFO] 用户 1 接收出牌消息2: {0 [] 0}
2026-05-13T00:45:30.023+08:00 [INFO] 用户 1 接收消息: {"type":"heartbeat","data":"ping"}（类型: 1）
2026-05-13T00:45:30.025+08:00 [INFO] 用户 1 发送消息: {"type":"heartbeat","data":"pong","from":"1"}
2026-05-13T00:45:30.997+08:00 [INFO] 
1的回合 (当前手牌数: 12)

2026-05-13T00:45:30.997+08:00 [INFO] 上一手牌，牌型: 1, 牌是：♠2

2026-05-13T00:45:30.999+08:00 [INFO] 请选择要出的牌 (输入牌的序号，用逗号分隔，0表示不出): 
2026-05-13T00:45:30.999+08:00 [INFO] 用户 1 接收出牌消息1: <nil>
2026-05-13T00:45:31.001+08:00 [INFO] 用户 1 接收出牌消息2: {0 [] 0}
2026-05-13T00:45:31.997+08:00 [INFO] 
1的回合 (当前手牌数: 12)

2026-05-13T00:45:31.999+08:00 [INFO] 上一手牌，牌型: 1, 牌是：♠2

2026-05-13T00:45:32.002+08:00 [INFO] 请选择要出的牌 (输入牌的序号，用逗号分隔，0表示不出): 
2026-05-13T00:45:32.004+08:00 [INFO] 用户 1 接收出牌消息1: <nil>
2026-05-13T00:45:32.005+08:00 [INFO] 用户 1 接收出牌消息2: {0 [] 0}
2026-05-13T00:45:32.996+08:00 [INFO] 
1的回合 (当前手牌数: 12)

2026-05-13T00:45:32.998+08:00 [INFO] 上一手牌，牌型: 1, 牌是：♠2

2026-05-13T00:45:32.999+08:00 [INFO] 请选择要出的牌 (输入牌的序号，用逗号分隔，0表示不出): 
2026-05-13T00:45:33.001+08:00 [INFO] 用户 1 接收出牌消息1: <nil>
2026-05-13T00:45:33.003+08:00 [INFO] 用户 1 接收出牌消息2: {0 [] 0}
2026-05-13T00:45:33.996+08:00 [INFO] 
1的回合 (当前手牌数: 12)

2026-05-13T00:45:33.998+08:00 [INFO] 上一手牌，牌型: 1, 牌是：♠2

2026-05-13T00:45:34.000+08:00 [INFO] 请选择要出的牌 (输入牌的序号，用逗号分隔，0表示不出): 
2026-05-13T00:45:34.001+08:00 [INFO] 用户 1 接收出牌消息1: <nil>
2026-05-13T00:45:34.002+08:00 [INFO] 用户 1 接收出牌消息2: {0 [] 0}
2026-05-13T00:45:34.132+08:00 [INFO] heartbeatCheck: 4.1091482s
2026-05-13T00:45:34.996+08:00 [INFO] 
1的回合 (当前手牌数: 12)

2026-05-13T00:45:34.997+08:00 [INFO] 上一手牌，牌型: 1, 牌是：♠2

2026-05-13T00:45:34.999+08:00 [INFO] 请选择要出的牌 (输入牌的序号，用逗号分隔，0表示不出): 
2026-05-13T00:45:35.000+08:00 [INFO] 用户 1 接收出牌消息1: <nil>
2026-05-13T00:45:35.004+08:00 [INFO] 用户 1 接收出牌消息2: {0 [] 0}
2026-05-13T00:45:35.996+08:00 [INFO] 
1的回合 (当前手牌数: 12)

2026-05-13T00:45:35.997+08:00 [INFO] 上一手牌，牌型: 1, 牌是：♠2

2026-05-13T00:45:36.000+08:00 [INFO] 请选择要出的牌 (输入牌的序号，用逗号分隔，0表示不出): 
2026-05-13T00:45:36.001+08:00 [INFO] 用户 1 接收出牌消息1: <nil>
2026-05-13T00:45:36.003+08:00 [INFO] 用户 1 接收出牌消息2: {0 [] 0}
2026-05-13T00:45:36.997+08:00 [INFO] 
1的回合 (当前手牌数: 12)

2026-05-13T00:45:36.998+08:00 [INFO] 上一手牌，牌型: 1, 牌是：♠2

2026-05-13T00:45:37.001+08:00 [INFO] 请选择要出的牌 (输入牌的序号，用逗号分隔，0表示不出): 
2026-05-13T00:45:37.003+08:00 [INFO] 用户 1 接收出牌消息1: <nil>
2026-05-13T00:45:37.004+08:00 [INFO] 用户 1 接收出牌消息2: {0 [] 0}
2026-05-13T00:45:37.997+08:00 [INFO] 
1的回合 (当前手牌数: 12)

2026-05-13T00:45:37.997+08:00 [INFO] 上一手牌，牌型: 1, 牌是：♠2

2026-05-13T00:45:38.000+08:00 [INFO] 请选择要出的牌 (输入牌的序号，用逗号分隔，0表示不出): 
2026-05-13T00:45:38.002+08:00 [INFO] 用户 1 接收出牌消息1: <nil>
2026-05-13T00:45:38.003+08:00 [INFO] 用户 1 接收出牌消息2: {0 [] 0}
2026-05-13T00:45:38.996+08:00 [INFO] 
1的回合 (当前手牌数: 12)

2026-05-13T00:45:38.998+08:00 [INFO] 上一手牌，牌型: 1, 牌是：♠2

2026-05-13T00:45:38.999+08:00 [INFO] 请选择要出的牌 (输入牌的序号，用逗号分隔，0表示不出): 
2026-05-13T00:45:39.001+08:00 [INFO] 用户 1 接收出牌消息1: <nil>
2026-05-13T00:45:39.003+08:00 [INFO] 用户 1 接收出牌消息2: {0 [] 0}
2026-05-13T00:45:39.131+08:00 [INFO] heartbeatCheck: 9.1077012s
2026-05-13T00:45:39.996+08:00 [INFO] 
1的回合 (当前手牌数: 12)

2026-05-13T00:45:39.998+08:00 [INFO] 上一手牌，牌型: 1, 牌是：♠2

2026-05-13T00:45:40.000+08:00 [INFO] 请选择要出的牌 (输入牌的序号，用逗号分隔，0表示不出): 
2026-05-13T00:45:40.003+08:00 [INFO] 用户 1 接收出牌消息1: <nil>
2026-05-13T00:45:40.005+08:00 [INFO] 用户 1 接收出牌消息2: {0 [] 0}
2026-05-13T00:45:40.034+08:00 [INFO] 用户 1 接收消息: {"type":"heartbeat","data":"ping"}（类型: 1）
2026-05-13T00:45:40.036+08:00 [INFO] 用户 1 发送消息: {"type":"heartbeat","data":"pong","from":"1"}
2026-05-13T00:45:40.997+08:00 [INFO] 
1的回合 (当前手牌数: 12)

2026-05-13T00:45:40.998+08:00 [INFO] 上一手牌，牌型: 1, 牌是：♠2

2026-05-13T00:45:40.999+08:00 [INFO] 请选择要出的牌 (输入牌的序号，用逗号分隔，0表示不出): 
2026-05-13T00:45:41.001+08:00 [INFO] 用户 1 接收出牌消息1: <nil>
2026-05-13T00:45:41.003+08:00 [INFO] 用户 1 接收出牌消息2: {0 [] 0}
2026-05-13T00:45:41.997+08:00 [INFO] 
1的回合 (当前手牌数: 12)

2026-05-13T00:45:41.998+08:00 [INFO] 上一手牌，牌型: 1, 牌是：♠2

2026-05-13T00:45:42.000+08:00 [INFO] 请选择要出的牌 (输入牌的序号，用逗号分隔，0表示不出): 
2026-05-13T00:45:42.002+08:00 [INFO] 用户 1 接收出牌消息1: <nil>
2026-05-13T00:45:42.004+08:00 [INFO] 用户 1 接收出牌消息2: {0 [] 0}
2026-05-13T00:45:42.997+08:00 [INFO] 
1的回合 (当前手牌数: 12)

2026-05-13T00:45:42.997+08:00 [INFO] 上一手牌，牌型: 1, 牌是：♠2

2026-05-13T00:45:42.998+08:00 [INFO] 请选择要出的牌 (输入牌的序号，用逗号分隔，0表示不出): 
2026-05-13T00:45:42.999+08:00 [INFO] 用户 1 接收出牌消息1: <nil>
2026-05-13T00:45:42.999+08:00 [INFO] 用户 1 接收出牌消息2: {0 [] 0}
2026-05-13T00:45:43.997+08:00 [INFO] 
1的回合 (当前手牌数: 12)

2026-05-13T00:45:43.998+08:00 [INFO] 上一手牌，牌型: 1, 牌是：♠2

2026-05-13T00:45:43.999+08:00 [INFO] 请选择要出的牌 (输入牌的序号，用逗号分隔，0表示不出): 
2026-05-13T00:45:43.999+08:00 [INFO] 用户 1 接收出牌消息1: <nil>
2026-05-13T00:45:44.000+08:00 [INFO] 用户 1 接收出牌消息2: {0 [] 0}
2026-05-13T00:45:44.131+08:00 [INFO] heartbeatCheck: 4.0967268s
2026-05-13T00:45:44.997+08:00 [INFO] 
1的回合 (当前手牌数: 12)

2026-05-13T00:45:44.998+08:00 [INFO] 上一手牌，牌型: 1, 牌是：♠2

2026-05-13T00:45:44.999+08:00 [INFO] 请选择要出的牌 (输入牌的序号，用逗号分隔，0表示不出): 
2026-05-13T00:45:45.000+08:00 [INFO] 用户 1 接收出牌消息1: <nil>
2026-05-13T00:45:45.002+08:00 [INFO] 用户 1 接收出牌消息2: {0 [] 0}
2026-05-13T00:45:45.997+08:00 [INFO] 
1的回合 (当前手牌数: 12)

2026-05-13T00:45:45.998+08:00 [INFO] 上一手牌，牌型: 1, 牌是：♠2

2026-05-13T00:45:45.999+08:00 [INFO] 请选择要出的牌 (输入牌的序号，用逗号分隔，0表示不出): 
2026-05-13T00:45:45.999+08:00 [INFO] 用户 1 接收出牌消息1: <nil>
2026-05-13T00:45:46.000+08:00 [INFO] 用户 1 接收出牌消息2: {0 [] 0}
2026-05-13T00:45:46.997+08:00 [INFO] 
1的回合 (当前手牌数: 12)

2026-05-13T00:45:46.997+08:00 [INFO] 上一手牌，牌型: 1, 牌是：♠2

2026-05-13T00:45:46.997+08:00 [INFO] 请选择要出的牌 (输入牌的序号，用逗号分隔，0表示不出): 
2026-05-13T00:45:46.998+08:00 [INFO] 用户 1 接收出牌消息1: <nil>
2026-05-13T00:45:47.000+08:00 [INFO] 用户 1 接收出牌消息2: {0 [] 0}
2026-05-13T00:45:47.996+08:00 [INFO] 
1的回合 (当前手牌数: 12)

2026-05-13T00:45:47.998+08:00 [INFO] 上一手牌，牌型: 1, 牌是：♠2

2026-05-13T00:45:48.007+08:00 [INFO] 请选择要出的牌 (输入牌的序号，用逗号分隔，0表示不出): 
2026-05-13T00:45:48.009+08:00 [INFO] 用户 1 接收出牌消息1: <nil>
2026-05-13T00:45:48.011+08:00 [INFO] 用户 1 接收出牌消息2: {0 [] 0}
2026-05-13T00:45:48.996+08:00 [INFO] 
1的回合 (当前手牌数: 12)

2026-05-13T00:45:48.996+08:00 [INFO] 上一手牌，牌型: 1, 牌是：♠2

2026-05-13T00:45:48.997+08:00 [INFO] 请选择要出的牌 (输入牌的序号，用逗号分隔，0表示不出): 
2026-05-13T00:45:48.998+08:00 [INFO] 用户 1 接收出牌消息1: <nil>
2026-05-13T00:45:48.998+08:00 [INFO] 用户 1 接收出牌消息2: {0 [] 0}
2026-05-13T00:45:49.131+08:00 [INFO] heartbeatCheck: 9.0972442s
2026-05-13T00:45:49.996+08:00 [INFO] 
1的回合 (当前手牌数: 12)

2026-05-13T00:45:49.998+08:00 [INFO] 上一手牌，牌型: 1, 牌是：♠2

2026-05-13T00:45:49.999+08:00 [INFO] 请选择要出的牌 (输入牌的序号，用逗号分隔，0表示不出): 
2026-05-13T00:45:50.000+08:00 [INFO] 用户 1 接收出牌消息1: <nil>
2026-05-13T00:45:50.002+08:00 [INFO] 用户 1 接收出牌消息2: {0 [] 0}
2026-05-13T00:45:50.005+08:00 [INFO] 1不出

2026-05-13T00:45:50.007+08:00 [INFO] ♦A,♣7,♠10,♦6,♠J,♣Q,♣K,♥Q,♣2,♠4,♠7,♥5
2026-05-13T00:45:50.010+08:00 [INFO] 用户 1 发送消息: {"type":"pass","data":"{\"pid\":0,\"cardIds\":[],\"card_type\":0,\"cards_num\":12,\"code\":0,\"current\":1,\"mustPid\":3,\"outCardTimeout\":30}","from":""}
2026-05-13T00:45:50.997+08:00 [INFO] 
边美倩的回合 (当前手牌数: 11)

2026-05-13T00:45:50.998+08:00 [INFO] 上一手牌，牌型: 1, 牌是：♠2

2026-05-13T00:45:51.000+08:00 [INFO] 请选择要出的牌 (输入牌的序号，用逗号分隔，0表示不出): 
2026-05-13T00:45:51.996+08:00 [INFO] 
边美倩的回合 (当前手牌数: 11)

2026-05-13T00:45:51.997+08:00 [INFO] 上一手牌，牌型: 1, 牌是：♠2

2026-05-13T00:45:51.998+08:00 [INFO] 请选择要出的牌 (输入牌的序号，用逗号分隔，0表示不出): 
2026-05-13T00:45:52.996+08:00 [INFO] 
边美倩的回合 (当前手牌数: 11)

2026-05-13T00:45:52.998+08:00 [INFO] 上一手牌，牌型: 1, 牌是：♠2

2026-05-13T00:45:52.999+08:00 [INFO] 请选择要出的牌 (输入牌的序号，用逗号分隔，0表示不出): 
2026-05-13T00:45:53.000+08:00 [INFO] 边美倩不出

2026-05-13T00:45:53.004+08:00 [INFO] 用户 1 发送消息: {"type":"pass","data":"{\"pid\":1,\"cardIds\":null,\"card_type\":0,\"cards_num\":11,\"code\":0,\"current\":2,\"mustPid\":3,\"outCardTimeout\":30}","from":""}
2026-05-13T00:45:53.996+08:00 [INFO] 
邢梓晨的回合 (当前手牌数: 10)

2026-05-13T00:45:53.998+08:00 [INFO] 上一手牌，牌型: 1, 牌是：♠2

2026-05-13T00:45:53.999+08:00 [INFO] 请选择要出的牌 (输入牌的序号，用逗号分隔，0表示不出): 
2026-05-13T00:45:54.131+08:00 [INFO] heartbeatCheck: 14.09721s
2026-05-13T00:45:54.996+08:00 [INFO] 
邢梓晨的回合 (当前手牌数: 10)

2026-05-13T00:45:54.997+08:00 [INFO] 上一手牌，牌型: 1, 牌是：♠2

2026-05-13T00:45:54.999+08:00 [INFO] 请选择要出的牌 (输入牌的序号，用逗号分隔，0表示不出): 
2026-05-13T00:45:55.996+08:00 [INFO] 
邢梓晨的回合 (当前手牌数: 10)

2026-05-13T00:45:55.997+08:00 [INFO] 上一手牌，牌型: 1, 牌是：♠2

2026-05-13T00:45:55.999+08:00 [INFO] 请选择要出的牌 (输入牌的序号，用逗号分隔，0表示不出): 
2026-05-13T00:45:56.000+08:00 [INFO] 邢梓晨不出

2026-05-13T00:45:56.005+08:00 [INFO] 用户 1 发送消息: {"type":"pass","data":"{\"pid\":2,\"cardIds\":null,\"card_type\":0,\"cards_num\":10,\"code\":0,\"current\":3,\"mustPid\":3,\"outCardTimeout\":30}","from":""}
2026-05-13T00:45:56.997+08:00 [INFO] 
晁嘉澍的回合 (当前手牌数: 10)

2026-05-13T00:45:56.998+08:00 [INFO] 上一手牌，牌型: 0, 牌是：不出

2026-05-13T00:45:57.000+08:00 [INFO] 请选择要出的牌 (输入牌的序号，用逗号分隔，0表示不出): 
2026-05-13T00:45:57.997+08:00 [INFO] 
晁嘉澍的回合 (当前手牌数: 10)

2026-05-13T00:45:57.997+08:00 [INFO] 上一手牌，牌型: 0, 牌是：不出

2026-05-13T00:45:57.999+08:00 [INFO] 请选择要出的牌 (输入牌的序号，用逗号分隔，0表示不出): 
2026-05-13T00:45:58.997+08:00 [INFO] 
晁嘉澍的回合 (当前手牌数: 10)

2026-05-13T00:45:58.998+08:00 [INFO] 上一手牌，牌型: 0, 牌是：不出

2026-05-13T00:45:59.000+08:00 [INFO] 请选择要出的牌 (输入牌的序号，用逗号分隔，0表示不出): 
2026-05-13T00:45:59.002+08:00 [INFO] 晁嘉澍出了: ♣J,♣10,♣5,♣4,♣3 (4)

2026-05-13T00:45:59.004+08:00 [INFO] 正在订阅 Channel: player:play:card:1，当前玩家: 1
2026-05-13T00:45:59.014+08:00 [INFO] 成功订阅 Channel: player:play:card:1
2026-05-13T00:45:59.017+08:00 [INFO] 用户 1 发送消息: {"type":"outCard","data":"{\"pid\":3,\"cardIds\":[34,30,10,6,2],\"card_type\":4,\"cards_num\":5,\"code\":0,\"current\":0,\"mustPid\":3,\"outCardTimeout\":30}","from":""}
2026-05-13T00:45:59.131+08:00 [INFO] heartbeatCheck: 19.0969404s
2026-05-13T00:45:59.996+08:00 [INFO] 
1的回合 (当前手牌数: 12)

2026-05-13T00:45:59.997+08:00 [INFO] 上一手牌，牌型: 4, 牌是：♣J,♣10,♣5,♣4,♣3

2026-05-13T00:45:59.998+08:00 [INFO] 请选择要出的牌 (输入牌的序号，用逗号分隔，0表示不出): 
2026-05-13T00:45:59.999+08:00 [INFO] 用户 1 接收出牌消息1: <nil>
2026-05-13T00:46:00.000+08:00 [INFO] 用户 1 接收出牌消息2: {0 [] 0}
2026-05-13T00:46:00.997+08:00 [INFO] 
1的回合 (当前手牌数: 12)

2026-05-13T00:46:00.997+08:00 [INFO] 上一手牌，牌型: 4, 牌是：♣J,♣10,♣5,♣4,♣3

2026-05-13T00:46:00.998+08:00 [INFO] 请选择要出的牌 (输入牌的序号，用逗号分隔，0表示不出): 
2026-05-13T00:46:00.999+08:00 [INFO] 用户 1 接收出牌消息1: <nil>
2026-05-13T00:46:00.999+08:00 [INFO] 用户 1 接收出牌消息2: {0 [] 0}
2026-05-13T00:46:01.997+08:00 [INFO] 
1的回合 (当前手牌数: 12)

2026-05-13T00:46:01.997+08:00 [INFO] 上一手牌，牌型: 4, 牌是：♣J,♣10,♣5,♣4,♣3

2026-05-13T00:46:01.998+08:00 [INFO] 请选择要出的牌 (输入牌的序号，用逗号分隔，0表示不出): 
2026-05-13T00:46:02.000+08:00 [INFO] 用户 1 接收出牌消息1: <nil>
2026-05-13T00:46:02.000+08:00 [INFO] 用户 1 接收出牌消息2: {0 [] 0}
2026-05-13T00:46:02.997+08:00 [INFO] 
1的回合 (当前手牌数: 12)

2026-05-13T00:46:02.997+08:00 [INFO] 上一手牌，牌型: 4, 牌是：♣J,♣10,♣5,♣4,♣3

2026-05-13T00:46:02.998+08:00 [INFO] 请选择要出的牌 (输入牌的序号，用逗号分隔，0表示不出): 
2026-05-13T00:46:02.999+08:00 [INFO] 用户 1 接收出牌消息1: <nil>
2026-05-13T00:46:03.000+08:00 [INFO] 用户 1 接收出牌消息2: {0 [] 0}
2026-05-13T00:46:03.997+08:00 [INFO] 
1的回合 (当前手牌数: 12)

2026-05-13T00:46:03.998+08:00 [INFO] 上一手牌，牌型: 4, 牌是：♣J,♣10,♣5,♣4,♣3

2026-05-13T00:46:03.998+08:00 [INFO] 请选择要出的牌 (输入牌的序号，用逗号分隔，0表示不出): 
2026-05-13T00:46:04.000+08:00 [INFO] 用户 1 接收出牌消息1: <nil>
2026-05-13T00:46:04.002+08:00 [INFO] 用户 1 接收出牌消息2: {0 [] 0}
2026-05-13T00:46:04.131+08:00 [INFO] heartbeatCheck: 24.0967088s
2026-05-13T00:46:04.996+08:00 [INFO] 
1的回合 (当前手牌数: 12)

2026-05-13T00:46:04.997+08:00 [INFO] 上一手牌，牌型: 4, 牌是：♣J,♣10,♣5,♣4,♣3

2026-05-13T00:46:04.998+08:00 [INFO] 请选择要出的牌 (输入牌的序号，用逗号分隔，0表示不出): 
2026-05-13T00:46:04.998+08:00 [INFO] 用户 1 接收出牌消息1: <nil>
2026-05-13T00:46:05.000+08:00 [INFO] 用户 1 接收出牌消息2: {0 [] 0}
2026-05-13T00:46:05.997+08:00 [INFO] 
1的回合 (当前手牌数: 12)

2026-05-13T00:46:05.997+08:00 [INFO] 上一手牌，牌型: 4, 牌是：♣J,♣10,♣5,♣4,♣3

2026-05-13T00:46:05.998+08:00 [INFO] 请选择要出的牌 (输入牌的序号，用逗号分隔，0表示不出): 
2026-05-13T00:46:06.002+08:00 [INFO] 用户 1 接收出牌消息1: <nil>
2026-05-13T00:46:06.003+08:00 [INFO] 用户 1 接收出牌消息2: {0 [] 0}
2026-05-13T00:46:06.996+08:00 [INFO] 
1的回合 (当前手牌数: 12)

2026-05-13T00:46:06.997+08:00 [INFO] 上一手牌，牌型: 4, 牌是：♣J,♣10,♣5,♣4,♣3

2026-05-13T00:46:06.998+08:00 [INFO] 请选择要出的牌 (输入牌的序号，用逗号分隔，0表示不出): 
2026-05-13T00:46:06.998+08:00 [INFO] 用户 1 接收出牌消息1: <nil>
2026-05-13T00:46:06.999+08:00 [INFO] 用户 1 接收出牌消息2: {0 [] 0}
2026-05-13T00:46:07.997+08:00 [INFO] 
1的回合 (当前手牌数: 12)

2026-05-13T00:46:07.997+08:00 [INFO] 上一手牌，牌型: 4, 牌是：♣J,♣10,♣5,♣4,♣3

2026-05-13T00:46:07.998+08:00 [INFO] 请选择要出的牌 (输入牌的序号，用逗号分隔，0表示不出): 
2026-05-13T00:46:07.998+08:00 [INFO] 用户 1 接收出牌消息1: <nil>
2026-05-13T00:46:07.999+08:00 [INFO] 用户 1 接收出牌消息2: {0 [] 0}
2026-05-13T00:46:08.997+08:00 [INFO] 
1的回合 (当前手牌数: 12)

2026-05-13T00:46:08.999+08:00 [INFO] 上一手牌，牌型: 4, 牌是：♣J,♣10,♣5,♣4,♣3

2026-05-13T00:46:09.000+08:00 [INFO] 请选择要出的牌 (输入牌的序号，用逗号分隔，0表示不出): 
2026-05-13T00:46:09.002+08:00 [INFO] 用户 1 接收出牌消息1: <nil>
2026-05-13T00:46:09.003+08:00 [INFO] 用户 1 接收出牌消息2: {0 [] 0}
2026-05-13T00:46:09.028+08:00 [INFO] 用户 1 接收消息: {"type":"heartbeat","data":"ping"}（类型: 1）
2026-05-13T00:46:09.029+08:00 [INFO] 用户 1 发送消息: {"type":"heartbeat","data":"pong","from":"1"}
2026-05-13T00:46:09.131+08:00 [INFO] heartbeatCheck: 103.3463ms
2026-05-13T00:46:09.997+08:00 [INFO] 
1的回合 (当前手牌数: 12)

2026-05-13T00:46:10.000+08:00 [INFO] 上一手牌，牌型: 4, 牌是：♣J,♣10,♣5,♣4,♣3

2026-05-13T00:46:10.001+08:00 [INFO] 请选择要出的牌 (输入牌的序号，用逗号分隔，0表示不出): 
2026-05-13T00:46:10.003+08:00 [INFO] 用户 1 接收出牌消息1: <nil>
2026-05-13T00:46:10.004+08:00 [INFO] 用户 1 接收出牌消息2: {0 [] 0}
2026-05-13T00:46:10.996+08:00 [INFO] 
1的回合 (当前手牌数: 12)

2026-05-13T00:46:10.998+08:00 [INFO] 上一手牌，牌型: 4, 牌是：♣J,♣10,♣5,♣4,♣3

2026-05-13T00:46:10.999+08:00 [INFO] 请选择要出的牌 (输入牌的序号，用逗号分隔，0表示不出): 
2026-05-13T00:46:11.003+08:00 [INFO] 用户 1 接收出牌消息1: <nil>
2026-05-13T00:46:11.004+08:00 [INFO] 用户 1 接收出牌消息2: {0 [] 0}
2026-05-13T00:46:11.996+08:00 [INFO] 
1的回合 (当前手牌数: 12)

2026-05-13T00:46:11.997+08:00 [INFO] 上一手牌，牌型: 4, 牌是：♣J,♣10,♣5,♣4,♣3

2026-05-13T00:46:11.998+08:00 [INFO] 请选择要出的牌 (输入牌的序号，用逗号分隔，0表示不出): 
2026-05-13T00:46:11.999+08:00 [INFO] 用户 1 接收出牌消息1: <nil>
2026-05-13T00:46:12.000+08:00 [INFO] 用户 1 接收出牌消息2: {0 [] 0}
2026-05-13T00:46:12.997+08:00 [INFO] 
1的回合 (当前手牌数: 12)

2026-05-13T00:46:12.998+08:00 [INFO] 上一手牌，牌型: 4, 牌是：♣J,♣10,♣5,♣4,♣3

2026-05-13T00:46:13.000+08:00 [INFO] 请选择要出的牌 (输入牌的序号，用逗号分隔，0表示不出): 
2026-05-13T00:46:13.002+08:00 [INFO] 用户 1 接收出牌消息1: <nil>
2026-05-13T00:46:13.003+08:00 [INFO] 用户 1 接收出牌消息2: {0 [] 0}
2026-05-13T00:46:13.997+08:00 [INFO] 
1的回合 (当前手牌数: 12)

2026-05-13T00:46:14.000+08:00 [INFO] 上一手牌，牌型: 4, 牌是：♣J,♣10,♣5,♣4,♣3

2026-05-13T00:46:14.001+08:00 [INFO] 请选择要出的牌 (输入牌的序号，用逗号分隔，0表示不出): 
2026-05-13T00:46:14.003+08:00 [INFO] 用户 1 接收出牌消息1: <nil>
2026-05-13T00:46:14.004+08:00 [INFO] 用户 1 接收出牌消息2: {0 [] 0}
2026-05-13T00:46:14.131+08:00 [INFO] heartbeatCheck: 5.1032543s
2026-05-13T00:46:14.997+08:00 [INFO] 
1的回合 (当前手牌数: 12)

2026-05-13T00:46:14.999+08:00 [INFO] 上一手牌，牌型: 4, 牌是：♣J,♣10,♣5,♣4,♣3

2026-05-13T00:46:15.001+08:00 [INFO] 请选择要出的牌 (输入牌的序号，用逗号分隔，0表示不出): 
2026-05-13T00:46:15.003+08:00 [INFO] 用户 1 接收出牌消息1: <nil>
2026-05-13T00:46:15.004+08:00 [INFO] 用户 1 接收出牌消息2: {0 [] 0}
2026-05-13T00:46:15.996+08:00 [INFO] 
1的回合 (当前手牌数: 12)

2026-05-13T00:46:15.997+08:00 [INFO] 上一手牌，牌型: 4, 牌是：♣J,♣10,♣5,♣4,♣3

2026-05-13T00:46:15.999+08:00 [INFO] 请选择要出的牌 (输入牌的序号，用逗号分隔，0表示不出): 
2026-05-13T00:46:16.000+08:00 [INFO] 用户 1 接收出牌消息1: <nil>
2026-05-13T00:46:16.004+08:00 [INFO] 用户 1 接收出牌消息2: {0 [] 0}
2026-05-13T00:46:16.996+08:00 [INFO] 
1的回合 (当前手牌数: 12)

2026-05-13T00:46:16.997+08:00 [INFO] 上一手牌，牌型: 4, 牌是：♣J,♣10,♣5,♣4,♣3

2026-05-13T00:46:16.999+08:00 [INFO] 请选择要出的牌 (输入牌的序号，用逗号分隔，0表示不出): 
2026-05-13T00:46:17.002+08:00 [INFO] 用户 1 接收出牌消息1: <nil>
2026-05-13T00:46:17.005+08:00 [INFO] 用户 1 接收出牌消息2: {0 [] 0}
2026-05-13T00:46:17.996+08:00 [INFO] 
1的回合 (当前手牌数: 12)

2026-05-13T00:46:17.998+08:00 [INFO] 上一手牌，牌型: 4, 牌是：♣J,♣10,♣5,♣4,♣3

2026-05-13T00:46:18.000+08:00 [INFO] 请选择要出的牌 (输入牌的序号，用逗号分隔，0表示不出): 
2026-05-13T00:46:18.001+08:00 [INFO] 用户 1 接收出牌消息1: <nil>
2026-05-13T00:46:18.003+08:00 [INFO] 用户 1 接收出牌消息2: {0 [] 0}
2026-05-13T00:46:18.996+08:00 [INFO] 
1的回合 (当前手牌数: 12)

2026-05-13T00:46:18.996+08:00 [INFO] 上一手牌，牌型: 4, 牌是：♣J,♣10,♣5,♣4,♣3

2026-05-13T00:46:18.997+08:00 [INFO] 请选择要出的牌 (输入牌的序号，用逗号分隔，0表示不出): 
2026-05-13T00:46:18.998+08:00 [INFO] 用户 1 接收出牌消息1: <nil>
2026-05-13T00:46:18.998+08:00 [INFO] 用户 1 接收出牌消息2: {0 [] 0}
2026-05-13T00:46:19.039+08:00 [INFO] 用户 1 接收消息: {"type":"heartbeat","data":"ping"}（类型: 1）
2026-05-13T00:46:19.041+08:00 [INFO] 用户 1 发送消息: {"type":"heartbeat","data":"pong","from":"1"}
2026-05-13T00:46:19.131+08:00 [INFO] heartbeatCheck: 92.579ms
2026-05-13T00:46:19.996+08:00 [INFO] 
1的回合 (当前手牌数: 12)

2026-05-13T00:46:19.997+08:00 [INFO] 上一手牌，牌型: 4, 牌是：♣J,♣10,♣5,♣4,♣3

2026-05-13T00:46:19.998+08:00 [INFO] 请选择要出的牌 (输入牌的序号，用逗号分隔，0表示不出): 
2026-05-13T00:46:19.998+08:00 [INFO] 用户 1 接收出牌消息1: <nil>
2026-05-13T00:46:20.000+08:00 [INFO] 用户 1 接收出牌消息2: {0 [] 0}
2026-05-13T00:46:20.996+08:00 [INFO] 
1的回合 (当前手牌数: 12)

2026-05-13T00:46:20.998+08:00 [INFO] 上一手牌，牌型: 4, 牌是：♣J,♣10,♣5,♣4,♣3

2026-05-13T00:46:21.000+08:00 [INFO] 请选择要出的牌 (输入牌的序号，用逗号分隔，0表示不出): 
2026-05-13T00:46:21.000+08:00 [INFO] 用户 1 接收出牌消息1: <nil>
2026-05-13T00:46:21.004+08:00 [INFO] 用户 1 接收出牌消息2: {0 [] 0}
2026-05-13T00:46:21.996+08:00 [INFO] 
1的回合 (当前手牌数: 12)

2026-05-13T00:46:21.996+08:00 [INFO] 上一手牌，牌型: 4, 牌是：♣J,♣10,♣5,♣4,♣3

2026-05-13T00:46:21.998+08:00 [INFO] 请选择要出的牌 (输入牌的序号，用逗号分隔，0表示不出): 
2026-05-13T00:46:21.998+08:00 [INFO] 用户 1 接收出牌消息1: <nil>
2026-05-13T00:46:21.999+08:00 [INFO] 用户 1 接收出牌消息2: {0 [] 0}
2026-05-13T00:46:22.996+08:00 [INFO] 
1的回合 (当前手牌数: 12)

2026-05-13T00:46:22.997+08:00 [INFO] 上一手牌，牌型: 4, 牌是：♣J,♣10,♣5,♣4,♣3

2026-05-13T00:46:22.998+08:00 [INFO] 请选择要出的牌 (输入牌的序号，用逗号分隔，0表示不出): 
2026-05-13T00:46:22.998+08:00 [INFO] 用户 1 接收出牌消息1: <nil>
2026-05-13T00:46:22.999+08:00 [INFO] 用户 1 接收出牌消息2: {0 [] 0}
2026-05-13T00:46:23.999+08:00 [INFO] 
1的回合 (当前手牌数: 12)

2026-05-13T00:46:24.003+08:00 [INFO] 上一手牌，牌型: 4, 牌是：♣J,♣10,♣5,♣4,♣3

2026-05-13T00:46:24.004+08:00 [INFO] 请选择要出的牌 (输入牌的序号，用逗号分隔，0表示不出): 
2026-05-13T00:46:24.006+08:00 [INFO] 用户 1 接收出牌消息1: <nil>
2026-05-13T00:46:24.006+08:00 [INFO] 用户 1 接收出牌消息2: {0 [] 0}
2026-05-13T00:46:24.132+08:00 [INFO] heartbeatCheck: 5.0926776s
2026-05-13T00:46:24.997+08:00 [INFO] 
1的回合 (当前手牌数: 12)

2026-05-13T00:46:24.997+08:00 [INFO] 上一手牌，牌型: 4, 牌是：♣J,♣10,♣5,♣4,♣3

2026-05-13T00:46:24.999+08:00 [INFO] 请选择要出的牌 (输入牌的序号，用逗号分隔，0表示不出): 
2026-05-13T00:46:25.001+08:00 [INFO] 用户 1 接收出牌消息1: <nil>
2026-05-13T00:46:25.002+08:00 [INFO] 用户 1 接收出牌消息2: {0 [] 0}
2026-05-13T00:46:25.996+08:00 [INFO] 
1的回合 (当前手牌数: 12)

2026-05-13T00:46:25.996+08:00 [INFO] 上一手牌，牌型: 4, 牌是：♣J,♣10,♣5,♣4,♣3

2026-05-13T00:46:25.997+08:00 [INFO] 请选择要出的牌 (输入牌的序号，用逗号分隔，0表示不出): 
2026-05-13T00:46:25.997+08:00 [INFO] 用户 1 接收出牌消息1: <nil>
2026-05-13T00:46:25.998+08:00 [INFO] 用户 1 接收出牌消息2: {0 [] 0}
2026-05-13T00:46:26.996+08:00 [INFO] 
1的回合 (当前手牌数: 12)

2026-05-13T00:46:26.997+08:00 [INFO] 上一手牌，牌型: 4, 牌是：♣J,♣10,♣5,♣4,♣3

2026-05-13T00:46:26.998+08:00 [INFO] 请选择要出的牌 (输入牌的序号，用逗号分隔，0表示不出): 
2026-05-13T00:46:26.999+08:00 [INFO] 用户 1 接收出牌消息1: <nil>
2026-05-13T00:46:27.000+08:00 [INFO] 用户 1 接收出牌消息2: {0 [] 0}
2026-05-13T00:46:27.997+08:00 [INFO] 
1的回合 (当前手牌数: 12)

2026-05-13T00:46:27.999+08:00 [INFO] 上一手牌，牌型: 4, 牌是：♣J,♣10,♣5,♣4,♣3

2026-05-13T00:46:28.000+08:00 [INFO] 请选择要出的牌 (输入牌的序号，用逗号分隔，0表示不出): 
2026-05-13T00:46:28.002+08:00 [INFO] 用户 1 接收出牌消息1: <nil>
2026-05-13T00:46:28.003+08:00 [INFO] 用户 1 接收出牌消息2: {0 [] 0}
2026-05-13T00:46:28.997+08:00 [INFO] 
1的回合 (当前手牌数: 12)

2026-05-13T00:46:28.998+08:00 [INFO] 上一手牌，牌型: 4, 牌是：♣J,♣10,♣5,♣4,♣3

2026-05-13T00:46:28.999+08:00 [INFO] 请选择要出的牌 (输入牌的序号，用逗号分隔，0表示不出): 
2026-05-13T00:46:28.999+08:00 [INFO] 用户 1 接收出牌消息1: <nil>
2026-05-13T00:46:28.999+08:00 [INFO] 用户 1 接收出牌消息2: {0 [] 0}
2026-05-13T00:46:29.049+08:00 [INFO] 用户 1 接收消息: {"type":"heartbeat","data":"ping"}（类型: 1）
2026-05-13T00:46:29.052+08:00 [INFO] 用户 1 发送消息: {"type":"heartbeat","data":"pong","from":"1"}
2026-05-13T00:46:29.132+08:00 [INFO] heartbeatCheck: 82.5917ms
2026-05-13T00:46:29.996+08:00 [INFO] 
1的回合 (当前手牌数: 12)

2026-05-13T00:46:29.997+08:00 [INFO] 上一手牌，牌型: 4, 牌是：♣J,♣10,♣5,♣4,♣3

2026-05-13T00:46:29.998+08:00 [INFO] 请选择要出的牌 (输入牌的序号，用逗号分隔，0表示不出): 
2026-05-13T00:46:29.998+08:00 [INFO] 用户 1 接收出牌消息1: <nil>
2026-05-13T00:46:29.999+08:00 [INFO] 用户 1 接收出牌消息2: {0 [] 0}
2026-05-13T00:46:30.000+08:00 [INFO] 1不出

2026-05-13T00:46:30.002+08:00 [INFO] ♦A,♣7,♠10,♦6,♠J,♣Q,♣K,♥Q,♣2,♠4,♠7,♥5
2026-05-13T00:46:30.003+08:00 [INFO] 用户 1 发送消息: {"type":"pass","data":"{\"pid\":0,\"cardIds\":[],\"card_type\":0,\"cards_num\":12,\"code\":0,\"current\":1,\"mustPid\":3,\"outCardTimeout\":30}","from":""}
2026-05-13T00:46:30.996+08:00 [INFO] 
边美倩的回合 (当前手牌数: 11)

2026-05-13T00:46:30.998+08:00 [INFO] 上一手牌，牌型: 4, 牌是：♣J,♣10,♣5,♣4,♣3

2026-05-13T00:46:31.000+08:00 [INFO] 请选择要出的牌 (输入牌的序号，用逗号分隔，0表示不出): 
2026-05-13T00:46:32.080+08:00 [INFO] 
边美倩的回合 (当前手牌数: 11)

2026-05-13T00:46:32.083+08:00 [INFO] 上一手牌，牌型: 4, 牌是：♣J,♣10,♣5,♣4,♣3

2026-05-13T00:46:32.084+08:00 [INFO] 请选择要出的牌 (输入牌的序号，用逗号分隔，0表示不出): 
2026-05-13T00:46:32.997+08:00 [INFO] 
边美倩的回合 (当前手牌数: 11)

2026-05-13T00:46:32.997+08:00 [INFO] 上一手牌，牌型: 4, 牌是：♣J,♣10,♣5,♣4,♣3

2026-05-13T00:46:32.998+08:00 [INFO] 请选择要出的牌 (输入牌的序号，用逗号分隔，0表示不出): 
2026-05-13T00:46:32.999+08:00 [INFO] 边美倩出了: ♣A,♥A,♠A,♦K,♥K (5)

2026-05-13T00:46:33.001+08:00 [INFO] 用户 1 发送消息: {"type":"outCard","data":"{\"pid\":1,\"cardIds\":[46,47,48,41,43],\"card_type\":5,\"cards_num\":6,\"code\":0,\"current\":2,\"mustPid\":1,\"outCardTimeout\":30}","from":""}
2026-05-13T00:46:33.997+08:00 [INFO] 
邢梓晨的回合 (当前手牌数: 10)

2026-05-13T00:46:33.998+08:00 [INFO] 上一手牌，牌型: 5, 牌是：♣A,♥A,♠A,♦K,♥K

2026-05-13T00:46:33.999+08:00 [INFO] 请选择要出的牌 (输入牌的序号，用逗号分隔，0表示不出): 
2026-05-13T00:46:34.131+08:00 [INFO] heartbeatCheck: 5.0823352s
2026-05-13T00:46:34.997+08:00 [INFO] 
邢梓晨的回合 (当前手牌数: 10)

2026-05-13T00:46:34.997+08:00 [INFO] 上一手牌，牌型: 5, 牌是：♣A,♥A,♠A,♦K,♥K

2026-05-13T00:46:34.998+08:00 [INFO] 请选择要出的牌 (输入牌的序号，用逗号分隔，0表示不出): 
2026-05-13T00:46:35.996+08:00 [INFO] 
邢梓晨的回合 (当前手牌数: 10)

2026-05-13T00:46:35.998+08:00 [INFO] 上一手牌，牌型: 5, 牌是：♣A,♥A,♠A,♦K,♥K

2026-05-13T00:46:35.999+08:00 [INFO] 请选择要出的牌 (输入牌的序号，用逗号分隔，0表示不出): 
2026-05-13T00:46:36.000+08:00 [INFO] 邢梓晨不出

2026-05-13T00:46:36.008+08:00 [INFO] 用户 1 发送消息: {"type":"pass","data":"{\"pid\":2,\"cardIds\":null,\"card_type\":0,\"cards_num\":10,\"code\":0,\"current\":3,\"mustPid\":1,\"outCardTimeout\":30}","from":""}
2026-05-13T00:46:36.996+08:00 [INFO] 
晁嘉澍的回合 (当前手牌数: 5)

2026-05-13T00:46:36.996+08:00 [INFO] 上一手牌，牌型: 5, 牌是：♣A,♥A,♠A,♦K,♥K

2026-05-13T00:46:36.998+08:00 [INFO] 请选择要出的牌 (输入牌的序号，用逗号分隔，0表示不出): 
2026-05-13T00:46:37.996+08:00 [INFO] 
晁嘉澍的回合 (当前手牌数: 5)

2026-05-13T00:46:37.997+08:00 [INFO] 上一手牌，牌型: 5, 牌是：♣A,♥A,♠A,♦K,♥K

2026-05-13T00:46:37.998+08:00 [INFO] 请选择要出的牌 (输入牌的序号，用逗号分隔，0表示不出): 
2026-05-13T00:46:37.999+08:00 [INFO] 晁嘉澍不出

2026-05-13T00:46:37.999+08:00 [INFO] 正在订阅 Channel: player:play:card:1，当前玩家: 1
2026-05-13T00:46:38.003+08:00 [INFO] 成功订阅 Channel: player:play:card:1
2026-05-13T00:46:38.004+08:00 [INFO] 用户 1 发送消息: {"type":"pass","data":"{\"pid\":3,\"cardIds\":null,\"card_type\":0,\"cards_num\":5,\"code\":0,\"current\":0,\"mustPid\":1,\"outCardTimeout\":30}","from":""}
2026-05-13T00:46:38.997+08:00 [INFO] 
1的回合 (当前手牌数: 12)

2026-05-13T00:46:38.998+08:00 [INFO] 上一手牌，牌型: 5, 牌是：♣A,♥A,♠A,♦K,♥K

2026-05-13T00:46:39.001+08:00 [INFO] 请选择要出的牌 (输入牌的序号，用逗号分隔，0表示不出): 
2026-05-13T00:46:39.004+08:00 [INFO] 用户 1 接收出牌消息1: <nil>
2026-05-13T00:46:39.006+08:00 [INFO] 用户 1 接收出牌消息2: {0 [] 0}
2026-05-13T00:46:39.131+08:00 [INFO] heartbeatCheck: 10.0821922s
2026-05-13T00:46:39.996+08:00 [INFO] 
1的回合 (当前手牌数: 12)

2026-05-13T00:46:39.997+08:00 [INFO] 上一手牌，牌型: 5, 牌是：♣A,♥A,♠A,♦K,♥K

2026-05-13T00:46:39.997+08:00 [INFO] 请选择要出的牌 (输入牌的序号，用逗号分隔，0表示不出): 
2026-05-13T00:46:39.998+08:00 [INFO] 用户 1 接收出牌消息1: <nil>
2026-05-13T00:46:39.999+08:00 [INFO] 用户 1 接收出牌消息2: {0 [] 0}
2026-05-13T00:46:40.997+08:00 [INFO] 
1的回合 (当前手牌数: 12)

2026-05-13T00:46:41.000+08:00 [INFO] 上一手牌，牌型: 5, 牌是：♣A,♥A,♠A,♦K,♥K

2026-05-13T00:46:41.001+08:00 [INFO] 请选择要出的牌 (输入牌的序号，用逗号分隔，0表示不出): 
2026-05-13T00:46:41.002+08:00 [INFO] 用户 1 接收出牌消息1: <nil>
2026-05-13T00:46:41.004+08:00 [INFO] 用户 1 接收出牌消息2: {0 [] 0}
2026-05-13T00:46:41.996+08:00 [INFO] 
1的回合 (当前手牌数: 12)

2026-05-13T00:46:41.997+08:00 [INFO] 上一手牌，牌型: 5, 牌是：♣A,♥A,♠A,♦K,♥K

2026-05-13T00:46:41.998+08:00 [INFO] 请选择要出的牌 (输入牌的序号，用逗号分隔，0表示不出): 
2026-05-13T00:46:41.999+08:00 [INFO] 用户 1 接收出牌消息1: <nil>
2026-05-13T00:46:41.999+08:00 [INFO] 用户 1 接收出牌消息2: {0 [] 0}
2026-05-13T00:46:42.996+08:00 [INFO] 
1的回合 (当前手牌数: 12)

2026-05-13T00:46:42.997+08:00 [INFO] 上一手牌，牌型: 5, 牌是：♣A,♥A,♠A,♦K,♥K

2026-05-13T00:46:42.998+08:00 [INFO] 请选择要出的牌 (输入牌的序号，用逗号分隔，0表示不出): 
2026-05-13T00:46:42.998+08:00 [INFO] 用户 1 接收出牌消息1: <nil>
2026-05-13T00:46:42.999+08:00 [INFO] 用户 1 接收出牌消息2: {0 [] 0}
2026-05-13T00:46:43.997+08:00 [INFO] 
1的回合 (当前手牌数: 12)

2026-05-13T00:46:43.998+08:00 [INFO] 上一手牌，牌型: 5, 牌是：♣A,♥A,♠A,♦K,♥K

2026-05-13T00:46:44.005+08:00 [INFO] 请选择要出的牌 (输入牌的序号，用逗号分隔，0表示不出): 
2026-05-13T00:46:44.006+08:00 [INFO] 用户 1 接收出牌消息1: <nil>
2026-05-13T00:46:44.007+08:00 [INFO] 用户 1 接收出牌消息2: {0 [] 0}
2026-05-13T00:46:44.131+08:00 [INFO] heartbeatCheck: 15.0820651s
2026-05-13T00:46:44.996+08:00 [INFO] 
1的回合 (当前手牌数: 12)

2026-05-13T00:46:44.997+08:00 [INFO] 上一手牌，牌型: 5, 牌是：♣A,♥A,♠A,♦K,♥K

2026-05-13T00:46:44.998+08:00 [INFO] 请选择要出的牌 (输入牌的序号，用逗号分隔，0表示不出): 
2026-05-13T00:46:44.999+08:00 [INFO] 用户 1 接收出牌消息1: <nil>
2026-05-13T00:46:44.999+08:00 [INFO] 用户 1 接收出牌消息2: {0 [] 0}
2026-05-13T00:46:45.996+08:00 [INFO] 
1的回合 (当前手牌数: 12)

2026-05-13T00:46:45.998+08:00 [INFO] 上一手牌，牌型: 5, 牌是：♣A,♥A,♠A,♦K,♥K

2026-05-13T00:46:45.999+08:00 [INFO] 请选择要出的牌 (输入牌的序号，用逗号分隔，0表示不出): 
2026-05-13T00:46:46.000+08:00 [INFO] 用户 1 接收出牌消息1: <nil>
2026-05-13T00:46:46.002+08:00 [INFO] 用户 1 接收出牌消息2: {0 [] 0}
2026-05-13T00:46:46.997+08:00 [INFO] 
1的回合 (当前手牌数: 12)

2026-05-13T00:46:46.997+08:00 [INFO] 上一手牌，牌型: 5, 牌是：♣A,♥A,♠A,♦K,♥K

2026-05-13T00:46:46.998+08:00 [INFO] 请选择要出的牌 (输入牌的序号，用逗号分隔，0表示不出): 
2026-05-13T00:46:46.999+08:00 [INFO] 用户 1 接收出牌消息1: <nil>
2026-05-13T00:46:47.002+08:00 [INFO] 用户 1 接收出牌消息2: {0 [] 0}
2026-05-13T00:46:47.996+08:00 [INFO] 
1的回合 (当前手牌数: 12)

2026-05-13T00:46:47.998+08:00 [INFO] 上一手牌，牌型: 5, 牌是：♣A,♥A,♠A,♦K,♥K

2026-05-13T00:46:47.999+08:00 [INFO] 请选择要出的牌 (输入牌的序号，用逗号分隔，0表示不出): 
2026-05-13T00:46:47.999+08:00 [INFO] 用户 1 接收出牌消息1: <nil>
2026-05-13T00:46:48.000+08:00 [INFO] 用户 1 接收出牌消息2: {0 [] 0}
2026-05-13T00:46:48.019+08:00 [INFO] 用户 1 接收消息: {"type":"heartbeat","data":"ping"}（类型: 1）
2026-05-13T00:46:48.020+08:00 [INFO] 用户 1 发送消息: {"type":"heartbeat","data":"pong","from":"1"}
2026-05-13T00:46:48.996+08:00 [INFO] 
1的回合 (当前手牌数: 12)

2026-05-13T00:46:48.997+08:00 [INFO] 上一手牌，牌型: 5, 牌是：♣A,♥A,♠A,♦K,♥K

2026-05-13T00:46:48.997+08:00 [INFO] 请选择要出的牌 (输入牌的序号，用逗号分隔，0表示不出): 
2026-05-13T00:46:48.998+08:00 [INFO] 用户 1 接收出牌消息1: <nil>
2026-05-13T00:46:49.000+08:00 [INFO] 用户 1 接收出牌消息2: {0 [] 0}
2026-05-13T00:46:49.132+08:00 [INFO] heartbeatCheck: 1.1129405s
2026-05-13T00:46:49.997+08:00 [INFO] 
1的回合 (当前手牌数: 12)

2026-05-13T00:46:49.998+08:00 [INFO] 上一手牌，牌型: 5, 牌是：♣A,♥A,♠A,♦K,♥K

2026-05-13T00:46:49.999+08:00 [INFO] 请选择要出的牌 (输入牌的序号，用逗号分隔，0表示不出): 
2026-05-13T00:46:50.001+08:00 [INFO] 用户 1 接收出牌消息1: <nil>
2026-05-13T00:46:50.003+08:00 [INFO] 用户 1 接收出牌消息2: {0 [] 0}
2026-05-13T00:46:50.997+08:00 [INFO] 
1的回合 (当前手牌数: 12)

2026-05-13T00:46:51.000+08:00 [INFO] 上一手牌，牌型: 5, 牌是：♣A,♥A,♠A,♦K,♥K

2026-05-13T00:46:51.002+08:00 [INFO] 请选择要出的牌 (输入牌的序号，用逗号分隔，0表示不出): 
2026-05-13T00:46:51.003+08:00 [INFO] 用户 1 接收出牌消息1: <nil>
2026-05-13T00:46:51.006+08:00 [INFO] 用户 1 接收出牌消息2: {0 [] 0}
2026-05-13T00:46:51.997+08:00 [INFO] 
1的回合 (当前手牌数: 12)

2026-05-13T00:46:51.998+08:00 [INFO] 上一手牌，牌型: 5, 牌是：♣A,♥A,♠A,♦K,♥K

2026-05-13T00:46:51.998+08:00 [INFO] 请选择要出的牌 (输入牌的序号，用逗号分隔，0表示不出): 
2026-05-13T00:46:51.999+08:00 [INFO] 用户 1 接收出牌消息1: <nil>
2026-05-13T00:46:51.999+08:00 [INFO] 用户 1 接收出牌消息2: {0 [] 0}
2026-05-13T00:46:52.996+08:00 [INFO] 
1的回合 (当前手牌数: 12)

2026-05-13T00:46:52.997+08:00 [INFO] 上一手牌，牌型: 5, 牌是：♣A,♥A,♠A,♦K,♥K

2026-05-13T00:46:52.997+08:00 [INFO] 请选择要出的牌 (输入牌的序号，用逗号分隔，0表示不出): 
2026-05-13T00:46:53.000+08:00 [INFO] 用户 1 接收出牌消息1: <nil>
2026-05-13T00:46:53.000+08:00 [INFO] 用户 1 接收出牌消息2: {0 [] 0}
2026-05-13T00:46:53.996+08:00 [INFO] 
1的回合 (当前手牌数: 12)

2026-05-13T00:46:53.997+08:00 [INFO] 上一手牌，牌型: 5, 牌是：♣A,♥A,♠A,♦K,♥K

2026-05-13T00:46:53.999+08:00 [INFO] 请选择要出的牌 (输入牌的序号，用逗号分隔，0表示不出): 
2026-05-13T00:46:54.001+08:00 [INFO] 用户 1 接收出牌消息1: <nil>
2026-05-13T00:46:54.005+08:00 [INFO] 用户 1 接收出牌消息2: {0 [] 0}
2026-05-13T00:46:54.132+08:00 [INFO] heartbeatCheck: 6.1131279s
2026-05-13T00:46:54.997+08:00 [INFO] 
1的回合 (当前手牌数: 12)

2026-05-13T00:46:54.999+08:00 [INFO] 上一手牌，牌型: 5, 牌是：♣A,♥A,♠A,♦K,♥K

2026-05-13T00:46:55.000+08:00 [INFO] 请选择要出的牌 (输入牌的序号，用逗号分隔，0表示不出): 
2026-05-13T00:46:55.001+08:00 [INFO] 用户 1 接收出牌消息1: <nil>
2026-05-13T00:46:55.004+08:00 [INFO] 用户 1 接收出牌消息2: {0 [] 0}
2026-05-13T00:46:55.996+08:00 [INFO] 
1的回合 (当前手牌数: 12)

2026-05-13T00:46:55.997+08:00 [INFO] 上一手牌，牌型: 5, 牌是：♣A,♥A,♠A,♦K,♥K

2026-05-13T00:46:55.998+08:00 [INFO] 请选择要出的牌 (输入牌的序号，用逗号分隔，0表示不出): 
2026-05-13T00:46:55.998+08:00 [INFO] 用户 1 接收出牌消息1: <nil>
2026-05-13T00:46:55.999+08:00 [INFO] 用户 1 接收出牌消息2: {0 [] 0}
2026-05-13T00:46:56.996+08:00 [INFO] 
1的回合 (当前手牌数: 12)

2026-05-13T00:46:56.997+08:00 [INFO] 上一手牌，牌型: 5, 牌是：♣A,♥A,♠A,♦K,♥K

2026-05-13T00:46:56.999+08:00 [INFO] 请选择要出的牌 (输入牌的序号，用逗号分隔，0表示不出): 
2026-05-13T00:46:57.000+08:00 [INFO] 用户 1 接收出牌消息1: <nil>
2026-05-13T00:46:57.005+08:00 [INFO] 用户 1 接收出牌消息2: {0 [] 0}
2026-05-13T00:46:57.996+08:00 [INFO] 
1的回合 (当前手牌数: 12)

2026-05-13T00:46:57.996+08:00 [INFO] 上一手牌，牌型: 5, 牌是：♣A,♥A,♠A,♦K,♥K

2026-05-13T00:46:58.000+08:00 [INFO] 请选择要出的牌 (输入牌的序号，用逗号分隔，0表示不出): 
2026-05-13T00:46:58.001+08:00 [INFO] 用户 1 接收出牌消息1: <nil>
2026-05-13T00:46:58.001+08:00 [INFO] 用户 1 接收出牌消息2: {0 [] 0}
2026-05-13T00:46:58.029+08:00 [INFO] 用户 1 接收消息: {"type":"heartbeat","data":"ping"}（类型: 1）
2026-05-13T00:46:58.031+08:00 [INFO] 用户 1 发送消息: {"type":"heartbeat","data":"pong","from":"1"}
2026-05-13T00:46:58.996+08:00 [INFO] 
1的回合 (当前手牌数: 12)

2026-05-13T00:46:59.004+08:00 [INFO] 上一手牌，牌型: 5, 牌是：♣A,♥A,♠A,♦K,♥K

2026-05-13T00:46:59.008+08:00 [INFO] 请选择要出的牌 (输入牌的序号，用逗号分隔，0表示不出): 
2026-05-13T00:46:59.013+08:00 [INFO] 用户 1 接收出牌消息1: <nil>
2026-05-13T00:46:59.015+08:00 [INFO] 用户 1 接收出牌消息2: {0 [] 0}
2026-05-13T00:46:59.131+08:00 [INFO] heartbeatCheck: 1.1022064s
2026-05-13T00:46:59.996+08:00 [INFO] 
1的回合 (当前手牌数: 12)

2026-05-13T00:46:59.997+08:00 [INFO] 上一手牌，牌型: 5, 牌是：♣A,♥A,♠A,♦K,♥K

2026-05-13T00:46:59.998+08:00 [INFO] 请选择要出的牌 (输入牌的序号，用逗号分隔，0表示不出): 
2026-05-13T00:46:59.999+08:00 [INFO] 用户 1 接收出牌消息1: <nil>
2026-05-13T00:47:00.002+08:00 [INFO] 用户 1 接收出牌消息2: {0 [] 0}
2026-05-13T00:47:00.996+08:00 [INFO] 
1的回合 (当前手牌数: 12)

2026-05-13T00:47:00.998+08:00 [INFO] 上一手牌，牌型: 5, 牌是：♣A,♥A,♠A,♦K,♥K

2026-05-13T00:47:00.998+08:00 [INFO] 请选择要出的牌 (输入牌的序号，用逗号分隔，0表示不出): 
2026-05-13T00:47:00.999+08:00 [INFO] 用户 1 接收出牌消息1: <nil>
2026-05-13T00:47:00.999+08:00 [INFO] 用户 1 接收出牌消息2: {0 [] 0}
2026-05-13T00:47:01.997+08:00 [INFO] 
1的回合 (当前手牌数: 12)

2026-05-13T00:47:02.001+08:00 [INFO] 上一手牌，牌型: 5, 牌是：♣A,♥A,♠A,♦K,♥K

2026-05-13T00:47:02.002+08:00 [INFO] 请选择要出的牌 (输入牌的序号，用逗号分隔，0表示不出): 
2026-05-13T00:47:02.003+08:00 [INFO] 用户 1 接收出牌消息1: <nil>
2026-05-13T00:47:02.004+08:00 [INFO] 用户 1 接收出牌消息2: {0 [] 0}
2026-05-13T00:47:02.996+08:00 [INFO] 
1的回合 (当前手牌数: 12)

2026-05-13T00:47:02.997+08:00 [INFO] 上一手牌，牌型: 5, 牌是：♣A,♥A,♠A,♦K,♥K

2026-05-13T00:47:02.997+08:00 [INFO] 请选择要出的牌 (输入牌的序号，用逗号分隔，0表示不出): 
2026-05-13T00:47:02.998+08:00 [INFO] 用户 1 接收出牌消息1: <nil>
2026-05-13T00:47:02.999+08:00 [INFO] 用户 1 接收出牌消息2: {0 [] 0}
2026-05-13T00:47:03.996+08:00 [INFO] 
1的回合 (当前手牌数: 12)

2026-05-13T00:47:03.997+08:00 [INFO] 上一手牌，牌型: 5, 牌是：♣A,♥A,♠A,♦K,♥K

2026-05-13T00:47:03.997+08:00 [INFO] 请选择要出的牌 (输入牌的序号，用逗号分隔，0表示不出): 
2026-05-13T00:47:03.999+08:00 [INFO] 用户 1 接收出牌消息1: <nil>
2026-05-13T00:47:03.999+08:00 [INFO] 用户 1 接收出牌消息2: {0 [] 0}
2026-05-13T00:47:04.131+08:00 [INFO] heartbeatCheck: 6.1021856s
2026-05-13T00:47:04.997+08:00 [INFO] 
1的回合 (当前手牌数: 12)

2026-05-13T00:47:04.997+08:00 [INFO] 上一手牌，牌型: 5, 牌是：♣A,♥A,♠A,♦K,♥K

2026-05-13T00:47:04.998+08:00 [INFO] 请选择要出的牌 (输入牌的序号，用逗号分隔，0表示不出): 
2026-05-13T00:47:04.999+08:00 [INFO] 用户 1 接收出牌消息1: <nil>
2026-05-13T00:47:04.999+08:00 [INFO] 用户 1 接收出牌消息2: {0 [] 0}
2026-05-13T00:47:05.997+08:00 [INFO] 
1的回合 (当前手牌数: 12)

2026-05-13T00:47:05.999+08:00 [INFO] 上一手牌，牌型: 5, 牌是：♣A,♥A,♠A,♦K,♥K

2026-05-13T00:47:05.999+08:00 [INFO] 请选择要出的牌 (输入牌的序号，用逗号分隔，0表示不出): 
2026-05-13T00:47:06.000+08:00 [INFO] 用户 1 接收出牌消息1: <nil>
2026-05-13T00:47:06.000+08:00 [INFO] 用户 1 接收出牌消息2: {0 [] 0}
2026-05-13T00:47:06.315+08:00 [INFO] 用户 1 连接已关闭，读循环退出
2026-05-13T00:47:06.316+08:00 [INFO] 用户 1 关闭连接，原因: 读循环退出
2026-05-13T00:47:06.319+08:00 [INFO] 用户 1 心跳检测被取消: context canceled
2026-05-13T00:47:06.341+08:00 [INFO] 用户 1 心跳检测退出
2026-05-13T00:47:06.996+08:00 [INFO] 
1的回合 (当前手牌数: 12)

2026-05-13T00:47:07.001+08:00 [INFO] 上一手牌，牌型: 5, 牌是：♣A,♥A,♠A,♦K,♥K

2026-05-13T00:47:07.002+08:00 [INFO] 请选择要出的牌 (输入牌的序号，用逗号分隔，0表示不出): 
2026-05-13T00:47:07.003+08:00 [INFO] 用户 1 接收出牌消息1: <nil>
2026-05-13T00:47:07.003+08:00 [INFO] 用户 1 接收出牌消息2: {0 [] 0}
2026-05-13T00:47:07.996+08:00 [INFO] 
1的回合 (当前手牌数: 12)

2026-05-13T00:47:07.997+08:00 [INFO] 上一手牌，牌型: 5, 牌是：♣A,♥A,♠A,♦K,♥K

2026-05-13T00:47:07.998+08:00 [INFO] 请选择要出的牌 (输入牌的序号，用逗号分隔，0表示不出): 
2026-05-13T00:47:07.998+08:00 [INFO] 用户 1 接收出牌消息1: <nil>
2026-05-13T00:47:07.999+08:00 [INFO] 用户 1 接收出牌消息2: {0 [] 0}
2026-05-13T00:47:08.997+08:00 [INFO] 
1的回合 (当前手牌数: 12)

2026-05-13T00:47:08.997+08:00 [INFO] 上一手牌，牌型: 5, 牌是：♣A,♥A,♠A,♦K,♥K

2026-05-13T00:47:09.000+08:00 [INFO] 请选择要出的牌 (输入牌的序号，用逗号分隔，0表示不出): 
2026-05-13T00:47:09.001+08:00 [INFO] 用户 1 接收出牌消息1: <nil>
2026-05-13T00:47:09.003+08:00 [INFO] 用户 1 接收出牌消息2: {0 [] 0}
2026-05-13T00:47:09.011+08:00 [INFO] 1不出

2026-05-13T00:47:09.012+08:00 [INFO] ♦A,♣7,♠10,♦6,♠J,♣Q,♣K,♥Q,♣2,♠4,♠7,♥5
2026-05-13T00:47:09.018+08:00 [INFO] 用户 1 连接已关闭，跳过消息发送
2026-05-13T00:47:09.018+08:00 [INFO] 用户 1 writeLoop退出
2026-05-13T00:47:09.997+08:00 [INFO] 
边美倩的回合 (当前手牌数: 6)

2026-05-13T00:47:09.997+08:00 [INFO] 上一手牌，牌型: 0, 牌是：不出

2026-05-13T00:47:09.997+08:00 [INFO] 请选择要出的牌 (输入牌的序号，用逗号分隔，0表示不出): 
2026-05-13T00:47:10.489+08:00 [INFO] {2c46335b4edfae183d9c2a0a98e2ed92} 用户 1 连接成功
2026-05-13T00:47:10.498+08:00 [INFO] heartbeatCheck: 2562047h47m16.854775807s
2026-05-13T00:47:10.516+08:00 [INFO] 用户 1 接收消息: {"type":"getInfo","data":"","name":""}（类型: 1）
2026-05-13T00:47:10.551+08:00 [INFO] 用户 1 发送消息: {"type":"getInfo","data":"{\"roomId\":\"QHXDUV\",\"players\":[{\"ID\":0,\"Name\":\"1\",\"RoomID\":\"QHXDUV\",\"Type\":0,\"CardNum\":12,\"Point\":916,\"UserId\":\"1\",\"RoomType\":1},{\"ID\":1,\"Name\":\"边美倩\",\"RoomID\":\"QHXDUV\",\"Type\":1,\"CardNum\":6,\"Point\":0,\"UserId\":\"\",\"RoomType\":1},{\"ID\":2,\"Name\":\"邢梓晨\",\"RoomID\":\"QHXDUV\",\"Type\":1,\"CardNum\":10,\"Point\":0,\"UserId\":\"\",\"RoomType\":1},{\"ID\":3,\"Name\":\"晁嘉澍\",\"RoomID\":\"QHXDUV\",\"Type\":1,\"CardNum\":5,\"Point\":0,\"UserId\":\"\",\"RoomType\":1}],\"cards\":[45,18,32,13,36,38,42,39,50,8,20,11],\"current\":1,\"playerPoint\":916,\"outCardTimeout\":30,\"remainOutCardTimeout\":30,\"cardsNum\":[{\"id\":1,\"cardNum\":6},{\"id\":2,\"cardNum\":10},{\"id\":3,\"cardNum\":5}],\"isPlaying\":true,\"outCards\":[],\"mustPid\":1,\"lastPid\":0,\"status\":1,\"type\":1}","from":"1"}
2026-05-13T00:47:10.997+08:00 [INFO] 
边美倩的回合 (当前手牌数: 6)

2026-05-13T00:47:10.998+08:00 [INFO] 上一手牌，牌型: 0, 牌是：不出

2026-05-13T00:47:10.999+08:00 [INFO] 请选择要出的牌 (输入牌的序号，用逗号分隔，0表示不出): 
2026-05-13T00:47:11.996+08:00 [INFO] 
边美倩的回合 (当前手牌数: 6)

2026-05-13T00:47:11.997+08:00 [INFO] 上一手牌，牌型: 0, 牌是：不出

2026-05-13T00:47:12.003+08:00 [INFO] 请选择要出的牌 (输入牌的序号，用逗号分隔，0表示不出): 
2026-05-13T00:47:12.004+08:00 [INFO] 边美倩出了: ♦2,♦Q,♦J,♦8,♦5 (4)

2026-05-13T00:47:12.005+08:00 [INFO] 用户 1 发送消息: {"type":"outCard","data":"{\"pid\":1,\"cardIds\":[49,37,33,21,9],\"card_type\":4,\"cards_num\":1,\"code\":0,\"current\":2,\"mustPid\":1,\"outCardTimeout\":30}","from":""}
2026-05-13T00:47:12.997+08:00 [INFO] 
邢梓晨的回合 (当前手牌数: 10)

2026-05-13T00:47:12.997+08:00 [INFO] 上一手牌，牌型: 4, 牌是：♦2,♦Q,♦J,♦8,♦5

2026-05-13T00:47:12.998+08:00 [INFO] 请选择要出的牌 (输入牌的序号，用逗号分隔，0表示不出): 
2026-05-13T00:47:13.997+08:00 [INFO] 
邢梓晨的回合 (当前手牌数: 10)

2026-05-13T00:47:13.998+08:00 [INFO] 上一手牌，牌型: 4, 牌是：♦2,♦Q,♦J,♦8,♦5

2026-05-13T00:47:13.998+08:00 [INFO] 请选择要出的牌 (输入牌的序号，用逗号分隔，0表示不出): 
2026-05-13T00:47:14.000+08:00 [INFO] 邢梓晨出了: ♦9,♣9,♠9,♦7,♥7 (5)

2026-05-13T00:47:14.001+08:00 [INFO] 用户 1 发送消息: {"type":"outCard","data":"{\"pid\":2,\"cardIds\":[25,26,28,17,19],\"card_type\":5,\"cards_num\":5,\"code\":0,\"current\":3,\"mustPid\":2,\"outCardTimeout\":30}","from":""}
2026-05-13T00:47:14.997+08:00 [INFO] 
晁嘉澍的回合 (当前手牌数: 5)

2026-05-13T00:47:14.997+08:00 [INFO] 上一手牌，牌型: 5, 牌是：♦9,♣9,♠9,♦7,♥7

2026-05-13T00:47:14.998+08:00 [INFO] 请选择要出的牌 (输入牌的序号，用逗号分隔，0表示不出): 
2026-05-13T00:47:15.498+08:00 [INFO] heartbeatCheck: 4.9823758s
2026-05-13T00:47:15.997+08:00 [INFO] 
晁嘉澍的回合 (当前手牌数: 5)

2026-05-13T00:47:15.999+08:00 [INFO] 上一手牌，牌型: 5, 牌是：♦9,♣9,♠9,♦7,♥7

2026-05-13T00:47:16.000+08:00 [INFO] 请选择要出的牌 (输入牌的序号，用逗号分隔，0表示不出): 
2026-05-13T00:47:16.000+08:00 [INFO] 晁嘉澍不出

2026-05-13T00:47:16.001+08:00 [INFO] 正在订阅 Channel: player:play:card:1，当前玩家: 1
2026-05-13T00:47:16.004+08:00 [INFO] 成功订阅 Channel: player:play:card:1
2026-05-13T00:47:16.005+08:00 [INFO] 用户 1 发送消息: {"type":"pass","data":"{\"pid\":3,\"cardIds\":null,\"card_type\":0,\"cards_num\":5,\"code\":0,\"current\":0,\"mustPid\":2,\"outCardTimeout\":30}","from":""}
2026-05-13T00:47:16.997+08:00 [INFO] 
1的回合 (当前手牌数: 12)

2026-05-13T00:47:16.997+08:00 [INFO] 上一手牌，牌型: 5, 牌是：♦9,♣9,♠9,♦7,♥7

2026-05-13T00:47:16.997+08:00 [INFO] 请选择要出的牌 (输入牌的序号，用逗号分隔，0表示不出): 
2026-05-13T00:47:17.003+08:00 [INFO] 用户 1 接收出牌消息1: <nil>
2026-05-13T00:47:17.003+08:00 [INFO] 用户 1 接收出牌消息2: {0 [] 0}
2026-05-13T00:47:17.996+08:00 [INFO] 
1的回合 (当前手牌数: 12)

2026-05-13T00:47:17.996+08:00 [INFO] 上一手牌，牌型: 5, 牌是：♦9,♣9,♠9,♦7,♥7

2026-05-13T00:47:17.997+08:00 [INFO] 请选择要出的牌 (输入牌的序号，用逗号分隔，0表示不出): 
2026-05-13T00:47:17.998+08:00 [INFO] 用户 1 接收出牌消息1: <nil>
2026-05-13T00:47:17.998+08:00 [INFO] 用户 1 接收出牌消息2: {0 [] 0}
2026-05-13T00:47:18.996+08:00 [INFO] 
1的回合 (当前手牌数: 12)

2026-05-13T00:47:18.998+08:00 [INFO] 上一手牌，牌型: 5, 牌是：♦9,♣9,♠9,♦7,♥7

2026-05-13T00:47:18.998+08:00 [INFO] 请选择要出的牌 (输入牌的序号，用逗号分隔，0表示不出): 
2026-05-13T00:47:19.000+08:00 [INFO] 用户 1 接收出牌消息1: <nil>
2026-05-13T00:47:19.000+08:00 [INFO] 用户 1 接收出牌消息2: {0 [] 0}
2026-05-13T00:47:19.997+08:00 [INFO] 
1的回合 (当前手牌数: 12)

2026-05-13T00:47:19.997+08:00 [INFO] 上一手牌，牌型: 5, 牌是：♦9,♣9,♠9,♦7,♥7

2026-05-13T00:47:19.998+08:00 [INFO] 请选择要出的牌 (输入牌的序号，用逗号分隔，0表示不出): 
2026-05-13T00:47:19.998+08:00 [INFO] 用户 1 接收出牌消息1: <nil>
2026-05-13T00:47:19.999+08:00 [INFO] 用户 1 接收出牌消息2: {0 [] 0}
2026-05-13T00:47:20.498+08:00 [INFO] heartbeatCheck: 9.9826256s
2026-05-13T00:47:20.997+08:00 [INFO] 
1的回合 (当前手牌数: 12)

2026-05-13T00:47:21.000+08:00 [INFO] 上一手牌，牌型: 5, 牌是：♦9,♣9,♠9,♦7,♥7

2026-05-13T00:47:21.001+08:00 [INFO] 请选择要出的牌 (输入牌的序号，用逗号分隔，0表示不出): 
2026-05-13T00:47:21.001+08:00 [INFO] 用户 1 接收出牌消息1: <nil>
2026-05-13T00:47:21.002+08:00 [INFO] 用户 1 接收出牌消息2: {0 [] 0}
2026-05-13T00:47:21.997+08:00 [INFO] 
1的回合 (当前手牌数: 12)

2026-05-13T00:47:21.997+08:00 [INFO] 上一手牌，牌型: 5, 牌是：♦9,♣9,♠9,♦7,♥7

2026-05-13T00:47:21.998+08:00 [INFO] 请选择要出的牌 (输入牌的序号，用逗号分隔，0表示不出): 
2026-05-13T00:47:22.002+08:00 [INFO] 用户 1 接收出牌消息1: <nil>
2026-05-13T00:47:22.004+08:00 [INFO] 用户 1 接收出牌消息2: {0 [] 0}
2026-05-13T00:47:22.996+08:00 [INFO] 
1的回合 (当前手牌数: 12)

2026-05-13T00:47:22.997+08:00 [INFO] 上一手牌，牌型: 5, 牌是：♦9,♣9,♠9,♦7,♥7

2026-05-13T00:47:22.998+08:00 [INFO] 请选择要出的牌 (输入牌的序号，用逗号分隔，0表示不出): 
2026-05-13T00:47:22.999+08:00 [INFO] 用户 1 接收出牌消息1: <nil>
2026-05-13T00:47:23.000+08:00 [INFO] 用户 1 接收出牌消息2: {0 [] 0}
2026-05-13T00:47:23.997+08:00 [INFO] 
1的回合 (当前手牌数: 12)

2026-05-13T00:47:23.998+08:00 [INFO] 上一手牌，牌型: 5, 牌是：♦9,♣9,♠9,♦7,♥7

2026-05-13T00:47:23.998+08:00 [INFO] 请选择要出的牌 (输入牌的序号，用逗号分隔，0表示不出): 
2026-05-13T00:47:23.999+08:00 [INFO] 用户 1 接收出牌消息1: <nil>
2026-05-13T00:47:23.999+08:00 [INFO] 用户 1 接收出牌消息2: {0 [] 0}
2026-05-13T00:47:24.997+08:00 [INFO] 
1的回合 (当前手牌数: 12)

2026-05-13T00:47:24.997+08:00 [INFO] 上一手牌，牌型: 5, 牌是：♦9,♣9,♠9,♦7,♥7

2026-05-13T00:47:24.999+08:00 [INFO] 请选择要出的牌 (输入牌的序号，用逗号分隔，0表示不出): 
2026-05-13T00:47:25.000+08:00 [INFO] 用户 1 接收出牌消息1: <nil>
2026-05-13T00:47:25.000+08:00 [INFO] 用户 1 接收出牌消息2: {0 [] 0}
2026-05-13T00:47:25.498+08:00 [INFO] heartbeatCheck: 14.9823705s
2026-05-13T00:47:25.996+08:00 [INFO] 
1的回合 (当前手牌数: 12)

2026-05-13T00:47:25.997+08:00 [INFO] 上一手牌，牌型: 5, 牌是：♦9,♣9,♠9,♦7,♥7

2026-05-13T00:47:25.999+08:00 [INFO] 请选择要出的牌 (输入牌的序号，用逗号分隔，0表示不出): 
2026-05-13T00:47:26.000+08:00 [INFO] 用户 1 接收出牌消息1: <nil>
2026-05-13T00:47:26.000+08:00 [INFO] 用户 1 接收出牌消息2: {0 [] 0}
2026-05-13T00:47:26.998+08:00 [INFO] 
1的回合 (当前手牌数: 12)

2026-05-13T00:47:27.003+08:00 [INFO] 上一手牌，牌型: 5, 牌是：♦9,♣9,♠9,♦7,♥7

2026-05-13T00:47:27.005+08:00 [INFO] 请选择要出的牌 (输入牌的序号，用逗号分隔，0表示不出): 
2026-05-13T00:47:27.006+08:00 [INFO] 用户 1 接收出牌消息1: <nil>
2026-05-13T00:47:27.008+08:00 [INFO] 用户 1 接收出牌消息2: {0 [] 0}
2026-05-13T00:47:27.997+08:00 [INFO] 
1的回合 (当前手牌数: 12)

2026-05-13T00:47:27.997+08:00 [INFO] 上一手牌，牌型: 5, 牌是：♦9,♣9,♠9,♦7,♥7

2026-05-13T00:47:27.998+08:00 [INFO] 请选择要出的牌 (输入牌的序号，用逗号分隔，0表示不出): 
2026-05-13T00:47:28.000+08:00 [INFO] 用户 1 接收出牌消息1: <nil>
2026-05-13T00:47:28.000+08:00 [INFO] 用户 1 接收出牌消息2: {0 [] 0}
2026-05-13T00:47:28.996+08:00 [INFO] 
1的回合 (当前手牌数: 12)

2026-05-13T00:47:28.997+08:00 [INFO] 上一手牌，牌型: 5, 牌是：♦9,♣9,♠9,♦7,♥7

2026-05-13T00:47:28.997+08:00 [INFO] 请选择要出的牌 (输入牌的序号，用逗号分隔，0表示不出): 
2026-05-13T00:47:28.998+08:00 [INFO] 用户 1 接收出牌消息1: <nil>
2026-05-13T00:47:28.998+08:00 [INFO] 用户 1 接收出牌消息2: {0 [] 0}
2026-05-13T00:47:29.997+08:00 [INFO] 
1的回合 (当前手牌数: 12)

2026-05-13T00:47:29.997+08:00 [INFO] 上一手牌，牌型: 5, 牌是：♦9,♣9,♠9,♦7,♥7

2026-05-13T00:47:29.998+08:00 [INFO] 请选择要出的牌 (输入牌的序号，用逗号分隔，0表示不出): 
2026-05-13T00:47:29.999+08:00 [INFO] 用户 1 接收出牌消息1: <nil>
2026-05-13T00:47:30.000+08:00 [INFO] 用户 1 接收出牌消息2: {0 [] 0}
2026-05-13T00:47:30.497+08:00 [INFO] heartbeatCheck: 19.9818172s
2026-05-13T00:47:30.997+08:00 [INFO] 
1的回合 (当前手牌数: 12)

2026-05-13T00:47:30.999+08:00 [INFO] 上一手牌，牌型: 5, 牌是：♦9,♣9,♠9,♦7,♥7

2026-05-13T00:47:31.001+08:00 [INFO] 请选择要出的牌 (输入牌的序号，用逗号分隔，0表示不出): 
2026-05-13T00:47:31.003+08:00 [INFO] 用户 1 接收出牌消息1: <nil>
2026-05-13T00:47:31.005+08:00 [INFO] 用户 1 接收出牌消息2: {0 [] 0}
2026-05-13T00:47:31.996+08:00 [INFO] 
1的回合 (当前手牌数: 12)

2026-05-13T00:47:31.998+08:00 [INFO] 上一手牌，牌型: 5, 牌是：♦9,♣9,♠9,♦7,♥7

2026-05-13T00:47:31.998+08:00 [INFO] 请选择要出的牌 (输入牌的序号，用逗号分隔，0表示不出): 
2026-05-13T00:47:32.000+08:00 [INFO] 用户 1 接收出牌消息1: <nil>
2026-05-13T00:47:32.005+08:00 [INFO] 用户 1 接收出牌消息2: {0 [] 0}
2026-05-13T00:47:32.997+08:00 [INFO] 
1的回合 (当前手牌数: 12)

2026-05-13T00:47:32.998+08:00 [INFO] 上一手牌，牌型: 5, 牌是：♦9,♣9,♠9,♦7,♥7

2026-05-13T00:47:32.999+08:00 [INFO] 请选择要出的牌 (输入牌的序号，用逗号分隔，0表示不出): 
2026-05-13T00:47:33.003+08:00 [INFO] 用户 1 接收出牌消息1: <nil>
2026-05-13T00:47:33.007+08:00 [INFO] 用户 1 接收出牌消息2: {0 [] 0}
2026-05-13T00:47:33.996+08:00 [INFO] 
1的回合 (当前手牌数: 12)

2026-05-13T00:47:33.996+08:00 [INFO] 上一手牌，牌型: 5, 牌是：♦9,♣9,♠9,♦7,♥7

2026-05-13T00:47:33.997+08:00 [INFO] 请选择要出的牌 (输入牌的序号，用逗号分隔，0表示不出): 
2026-05-13T00:47:33.998+08:00 [INFO] 用户 1 接收出牌消息1: <nil>
2026-05-13T00:47:33.999+08:00 [INFO] 用户 1 接收出牌消息2: {0 [] 0}
2026-05-13T00:47:34.997+08:00 [INFO] 
1的回合 (当前手牌数: 12)

2026-05-13T00:47:34.998+08:00 [INFO] 上一手牌，牌型: 5, 牌是：♦9,♣9,♠9,♦7,♥7

2026-05-13T00:47:34.998+08:00 [INFO] 请选择要出的牌 (输入牌的序号，用逗号分隔，0表示不出): 
2026-05-13T00:47:34.998+08:00 [INFO] 用户 1 接收出牌消息1: <nil>
2026-05-13T00:47:34.999+08:00 [INFO] 用户 1 接收出牌消息2: {0 [] 0}
2026-05-13T00:47:35.498+08:00 [INFO] heartbeatCheck: 24.9823063s
2026-05-13T00:47:35.997+08:00 [INFO] 
1的回合 (当前手牌数: 12)

2026-05-13T00:47:35.997+08:00 [INFO] 上一手牌，牌型: 5, 牌是：♦9,♣9,♠9,♦7,♥7

2026-05-13T00:47:35.998+08:00 [INFO] 请选择要出的牌 (输入牌的序号，用逗号分隔，0表示不出): 
2026-05-13T00:47:35.999+08:00 [INFO] 用户 1 接收出牌消息1: <nil>
2026-05-13T00:47:35.999+08:00 [INFO] 用户 1 接收出牌消息2: {0 [] 0}
2026-05-13T00:47:36.996+08:00 [INFO] 
1的回合 (当前手牌数: 12)

2026-05-13T00:47:36.997+08:00 [INFO] 上一手牌，牌型: 5, 牌是：♦9,♣9,♠9,♦7,♥7

2026-05-13T00:47:36.997+08:00 [INFO] 请选择要出的牌 (输入牌的序号，用逗号分隔，0表示不出): 
2026-05-13T00:47:36.998+08:00 [INFO] 用户 1 接收出牌消息1: <nil>
2026-05-13T00:47:36.999+08:00 [INFO] 用户 1 接收出牌消息2: {0 [] 0}
2026-05-13T00:47:37.997+08:00 [INFO] 
1的回合 (当前手牌数: 12)

2026-05-13T00:47:37.997+08:00 [INFO] 上一手牌，牌型: 5, 牌是：♦9,♣9,♠9,♦7,♥7

2026-05-13T00:47:37.998+08:00 [INFO] 请选择要出的牌 (输入牌的序号，用逗号分隔，0表示不出): 
2026-05-13T00:47:37.999+08:00 [INFO] 用户 1 接收出牌消息1: <nil>
2026-05-13T00:47:38.000+08:00 [INFO] 用户 1 接收出牌消息2: {0 [] 0}
2026-05-13T00:47:38.996+08:00 [INFO] 
1的回合 (当前手牌数: 12)

2026-05-13T00:47:38.997+08:00 [INFO] 上一手牌，牌型: 5, 牌是：♦9,♣9,♠9,♦7,♥7

2026-05-13T00:47:38.998+08:00 [INFO] 请选择要出的牌 (输入牌的序号，用逗号分隔，0表示不出): 
2026-05-13T00:47:38.998+08:00 [INFO] 用户 1 接收出牌消息1: <nil>
2026-05-13T00:47:38.999+08:00 [INFO] 用户 1 接收出牌消息2: {0 [] 0}
2026-05-13T00:47:40.001+08:00 [INFO] 
1的回合 (当前手牌数: 12)

2026-05-13T00:47:40.003+08:00 [INFO] 上一手牌，牌型: 5, 牌是：♦9,♣9,♠9,♦7,♥7

2026-05-13T00:47:40.003+08:00 [INFO] 请选择要出的牌 (输入牌的序号，用逗号分隔，0表示不出): 
2026-05-13T00:47:40.004+08:00 [INFO] 用户 1 接收出牌消息1: <nil>
2026-05-13T00:47:40.005+08:00 [INFO] 用户 1 接收出牌消息2: {0 [] 0}
2026-05-13T00:47:40.499+08:00 [INFO] heartbeatCheck: 29.9838023s
2026-05-13T00:47:40.996+08:00 [INFO] 
1的回合 (当前手牌数: 12)

2026-05-13T00:47:40.996+08:00 [INFO] 上一手牌，牌型: 5, 牌是：♦9,♣9,♠9,♦7,♥7

2026-05-13T00:47:40.997+08:00 [INFO] 请选择要出的牌 (输入牌的序号，用逗号分隔，0表示不出): 
2026-05-13T00:47:40.998+08:00 [INFO] 用户 1 接收出牌消息1: <nil>
2026-05-13T00:47:40.998+08:00 [INFO] 用户 1 接收出牌消息2: {0 [] 0}
2026-05-13T00:47:41.996+08:00 [INFO] 
1的回合 (当前手牌数: 12)

2026-05-13T00:47:41.997+08:00 [INFO] 上一手牌，牌型: 5, 牌是：♦9,♣9,♠9,♦7,♥7

2026-05-13T00:47:41.998+08:00 [INFO] 请选择要出的牌 (输入牌的序号，用逗号分隔，0表示不出): 
2026-05-13T00:47:42.000+08:00 [INFO] 用户 1 接收出牌消息1: <nil>
2026-05-13T00:47:42.001+08:00 [INFO] 用户 1 接收出牌消息2: {0 [] 0}
2026-05-13T00:47:42.997+08:00 [INFO] 
1的回合 (当前手牌数: 12)

2026-05-13T00:47:42.997+08:00 [INFO] 上一手牌，牌型: 5, 牌是：♦9,♣9,♠9,♦7,♥7

2026-05-13T00:47:42.998+08:00 [INFO] 请选择要出的牌 (输入牌的序号，用逗号分隔，0表示不出): 
2026-05-13T00:47:42.999+08:00 [INFO] 用户 1 接收出牌消息1: <nil>
2026-05-13T00:47:42.999+08:00 [INFO] 用户 1 接收出牌消息2: {0 [] 0}
2026-05-13T00:47:43.996+08:00 [INFO] 
1的回合 (当前手牌数: 12)

2026-05-13T00:47:43.997+08:00 [INFO] 上一手牌，牌型: 5, 牌是：♦9,♣9,♠9,♦7,♥7

2026-05-13T00:47:43.997+08:00 [INFO] 请选择要出的牌 (输入牌的序号，用逗号分隔，0表示不出): 
2026-05-13T00:47:43.998+08:00 [INFO] 用户 1 接收出牌消息1: <nil>
2026-05-13T00:47:43.999+08:00 [INFO] 用户 1 接收出牌消息2: {0 [] 0}
2026-05-13T00:47:44.996+08:00 [INFO] 
1的回合 (当前手牌数: 12)

2026-05-13T00:47:44.999+08:00 [INFO] 上一手牌，牌型: 5, 牌是：♦9,♣9,♠9,♦7,♥7

2026-05-13T00:47:45.000+08:00 [INFO] 请选择要出的牌 (输入牌的序号，用逗号分隔，0表示不出): 
2026-05-13T00:47:45.002+08:00 [INFO] 用户 1 接收出牌消息1: <nil>
2026-05-13T00:47:45.003+08:00 [INFO] 用户 1 接收出牌消息2: {0 [] 0}
2026-05-13T00:47:45.498+08:00 [INFO] heartbeatCheck: 34.98195s
2026-05-13T00:47:45.996+08:00 [INFO] 
1的回合 (当前手牌数: 12)

2026-05-13T00:47:45.997+08:00 [INFO] 上一手牌，牌型: 5, 牌是：♦9,♣9,♠9,♦7,♥7

2026-05-13T00:47:45.998+08:00 [INFO] 请选择要出的牌 (输入牌的序号，用逗号分隔，0表示不出): 
2026-05-13T00:47:45.998+08:00 [INFO] 用户 1 接收出牌消息1: <nil>
2026-05-13T00:47:45.999+08:00 [INFO] 用户 1 接收出牌消息2: {0 [] 0}
2026-05-13T00:47:46.018+08:00 [INFO] 用户 1 接收消息: {"type":"heartbeat","data":"ping"}（类型: 1）
2026-05-13T00:47:46.019+08:00 [INFO] 用户 1 发送消息: {"type":"heartbeat","data":"pong","from":"1"}
2026-05-13T00:47:46.997+08:00 [INFO] 
1的回合 (当前手牌数: 12)

2026-05-13T00:47:46.997+08:00 [INFO] 上一手牌，牌型: 5, 牌是：♦9,♣9,♠9,♦7,♥7

2026-05-13T00:47:46.998+08:00 [INFO] 请选择要出的牌 (输入牌的序号，用逗号分隔，0表示不出): 
2026-05-13T00:47:46.999+08:00 [INFO] 用户 1 接收出牌消息1: <nil>
2026-05-13T00:47:46.999+08:00 [INFO] 用户 1 接收出牌消息2: {0 [] 0}
2026-05-13T00:47:47.000+08:00 [INFO] 1不出

2026-05-13T00:47:47.000+08:00 [INFO] ♦A,♣7,♠10,♦6,♠J,♣Q,♣K,♥Q,♣2,♠4,♠7,♥5
2026-05-13T00:47:47.001+08:00 [INFO] 用户 1 发送消息: {"type":"pass","data":"{\"pid\":0,\"cardIds\":[],\"card_type\":0,\"cards_num\":12,\"code\":0,\"current\":1,\"mustPid\":2,\"outCardTimeout\":30}","from":""}
2026-05-13T00:47:47.997+08:00 [INFO] 
边美倩的回合 (当前手牌数: 1)

2026-05-13T00:47:47.997+08:00 [INFO] 上一手牌，牌型: 5, 牌是：♦9,♣9,♠9,♦7,♥7

2026-05-13T00:47:47.998+08:00 [INFO] 请选择要出的牌 (输入牌的序号，用逗号分隔，0表示不出): 
2026-05-13T00:47:48.997+08:00 [INFO] 
边美倩的回合 (当前手牌数: 1)

2026-05-13T00:47:48.997+08:00 [INFO] 上一手牌，牌型: 5, 牌是：♦9,♣9,♠9,♦7,♥7

2026-05-13T00:47:48.999+08:00 [INFO] 请选择要出的牌 (输入牌的序号，用逗号分隔，0表示不出): 
2026-05-13T00:47:49.000+08:00 [INFO] 边美倩不出

2026-05-13T00:47:49.001+08:00 [INFO] 用户 1 发送消息: {"type":"pass","data":"{\"pid\":1,\"cardIds\":null,\"card_type\":0,\"cards_num\":1,\"code\":0,\"current\":2,\"mustPid\":2,\"outCardTimeout\":30}","from":""}
2026-05-13T00:47:49.996+08:00 [INFO] 
邢梓晨的回合 (当前手牌数: 5)

2026-05-13T00:47:49.996+08:00 [INFO] 上一手牌，牌型: 0, 牌是：不出

2026-05-13T00:47:49.999+08:00 [INFO] 请选择要出的牌 (输入牌的序号，用逗号分隔，0表示不出): 
2026-05-13T00:47:50.498+08:00 [INFO] heartbeatCheck: 4.4799802s
2026-05-13T00:47:50.996+08:00 [INFO] 
邢梓晨的回合 (当前手牌数: 5)

2026-05-13T00:47:50.997+08:00 [INFO] 上一手牌，牌型: 0, 牌是：不出

2026-05-13T00:47:50.999+08:00 [INFO] 请选择要出的牌 (输入牌的序号，用逗号分隔，0表示不出): 
2026-05-13T00:47:51.996+08:00 [INFO] 
邢梓晨的回合 (当前手牌数: 5)

2026-05-13T00:47:51.996+08:00 [INFO] 上一手牌，牌型: 0, 牌是：不出

2026-05-13T00:47:51.998+08:00 [INFO] 请选择要出的牌 (输入牌的序号，用逗号分隔，0表示不出): 
2026-05-13T00:47:52.001+08:00 [INFO] 邢梓晨出了: ♠5 (1)

2026-05-13T00:47:52.004+08:00 [INFO] 用户 1 发送消息: {"type":"outCard","data":"{\"pid\":2,\"cardIds\":[12],\"card_type\":1,\"cards_num\":4,\"code\":0,\"current\":3,\"mustPid\":2,\"outCardTimeout\":30}","from":""}
2026-05-13T00:47:52.996+08:00 [INFO] 
晁嘉澍的回合 (当前手牌数: 5)

2026-05-13T00:47:52.997+08:00 [INFO] 上一手牌，牌型: 1, 牌是：♠5

2026-05-13T00:47:53.000+08:00 [INFO] 请选择要出的牌 (输入牌的序号，用逗号分隔，0表示不出): 
2026-05-13T00:47:53.997+08:00 [INFO] 
晁嘉澍的回合 (当前手牌数: 5)

2026-05-13T00:47:53.998+08:00 [INFO] 上一手牌，牌型: 1, 牌是：♠5

2026-05-13T00:47:54.000+08:00 [INFO] 请选择要出的牌 (输入牌的序号，用逗号分隔，0表示不出): 
2026-05-13T00:47:54.997+08:00 [INFO] 
晁嘉澍的回合 (当前手牌数: 5)

2026-05-13T00:47:54.997+08:00 [INFO] 上一手牌，牌型: 1, 牌是：♠5

2026-05-13T00:47:55.000+08:00 [INFO] 请选择要出的牌 (输入牌的序号，用逗号分隔，0表示不出): 
2026-05-13T00:47:55.000+08:00 [INFO] 晁嘉澍出了: ♥8 (1)

2026-05-13T00:47:55.001+08:00 [INFO] 正在订阅 Channel: player:play:card:1，当前玩家: 1
2026-05-13T00:47:55.005+08:00 [INFO] 成功订阅 Channel: player:play:card:1
2026-05-13T00:47:55.007+08:00 [INFO] 用户 1 发送消息: {"type":"outCard","data":"{\"pid\":3,\"cardIds\":[23],\"card_type\":1,\"cards_num\":4,\"code\":0,\"current\":0,\"mustPid\":3,\"outCardTimeout\":30}","from":""}
2026-05-13T00:47:55.502+08:00 [INFO] heartbeatCheck: 9.4832516s
2026-05-13T00:47:55.996+08:00 [INFO] 
1的回合 (当前手牌数: 12)

2026-05-13T00:47:55.997+08:00 [INFO] 上一手牌，牌型: 1, 牌是：♥8

2026-05-13T00:47:55.997+08:00 [INFO] 请选择要出的牌 (输入牌的序号，用逗号分隔，0表示不出): 
2026-05-13T00:47:55.998+08:00 [INFO] 用户 1 接收出牌消息1: <nil>
2026-05-13T00:47:55.998+08:00 [INFO] 用户 1 接收出牌消息2: {0 [] 0}
2026-05-13T00:47:56.996+08:00 [INFO] 
1的回合 (当前手牌数: 12)

2026-05-13T00:47:56.998+08:00 [INFO] 上一手牌，牌型: 1, 牌是：♥8

2026-05-13T00:47:56.999+08:00 [INFO] 请选择要出的牌 (输入牌的序号，用逗号分隔，0表示不出): 
2026-05-13T00:47:57.001+08:00 [INFO] 用户 1 接收出牌消息1: <nil>
2026-05-13T00:47:57.002+08:00 [INFO] 用户 1 接收出牌消息2: {0 [] 0}
2026-05-13T00:47:57.997+08:00 [INFO] 
1的回合 (当前手牌数: 12)

2026-05-13T00:47:57.998+08:00 [INFO] 上一手牌，牌型: 1, 牌是：♥8

2026-05-13T00:47:57.999+08:00 [INFO] 请选择要出的牌 (输入牌的序号，用逗号分隔，0表示不出): 
2026-05-13T00:47:58.000+08:00 [INFO] 用户 1 接收出牌消息1: <nil>
2026-05-13T00:47:58.001+08:00 [INFO] 用户 1 接收出牌消息2: {0 [] 0}
2026-05-13T00:47:58.996+08:00 [INFO] 
1的回合 (当前手牌数: 12)

2026-05-13T00:47:58.996+08:00 [INFO] 上一手牌，牌型: 1, 牌是：♥8

2026-05-13T00:47:58.997+08:00 [INFO] 请选择要出的牌 (输入牌的序号，用逗号分隔，0表示不出): 
2026-05-13T00:47:58.998+08:00 [INFO] 用户 1 接收出牌消息1: <nil>
2026-05-13T00:47:58.999+08:00 [INFO] 用户 1 接收出牌消息2: {0 [] 0}
2026-05-13T00:47:59.996+08:00 [INFO] 
1的回合 (当前手牌数: 12)

2026-05-13T00:47:59.997+08:00 [INFO] 上一手牌，牌型: 1, 牌是：♥8

2026-05-13T00:47:59.998+08:00 [INFO] 请选择要出的牌 (输入牌的序号，用逗号分隔，0表示不出): 
2026-05-13T00:47:59.998+08:00 [INFO] 用户 1 接收出牌消息1: <nil>
2026-05-13T00:47:59.999+08:00 [INFO] 用户 1 接收出牌消息2: {0 [] 0}
2026-05-13T00:48:00.498+08:00 [INFO] heartbeatCheck: 14.4799638s
2026-05-13T00:48:00.997+08:00 [INFO] 
1的回合 (当前手牌数: 12)

2026-05-13T00:48:00.998+08:00 [INFO] 上一手牌，牌型: 1, 牌是：♥8

2026-05-13T00:48:01.000+08:00 [INFO] 请选择要出的牌 (输入牌的序号，用逗号分隔，0表示不出): 
2026-05-13T00:48:01.002+08:00 [INFO] 用户 1 接收出牌消息1: <nil>
2026-05-13T00:48:01.003+08:00 [INFO] 用户 1 接收出牌消息2: {0 [] 0}
2026-05-13T00:48:01.996+08:00 [INFO] 
1的回合 (当前手牌数: 12)

2026-05-13T00:48:01.997+08:00 [INFO] 上一手牌，牌型: 1, 牌是：♥8

2026-05-13T00:48:01.998+08:00 [INFO] 请选择要出的牌 (输入牌的序号，用逗号分隔，0表示不出): 
2026-05-13T00:48:01.999+08:00 [INFO] 用户 1 接收出牌消息1: <nil>
2026-05-13T00:48:02.000+08:00 [INFO] 用户 1 接收出牌消息2: {0 [] 0}
2026-05-13T00:48:02.997+08:00 [INFO] 
1的回合 (当前手牌数: 12)

2026-05-13T00:48:02.997+08:00 [INFO] 上一手牌，牌型: 1, 牌是：♥8

2026-05-13T00:48:02.998+08:00 [INFO] 请选择要出的牌 (输入牌的序号，用逗号分隔，0表示不出): 
2026-05-13T00:48:02.999+08:00 [INFO] 用户 1 接收出牌消息1: <nil>
2026-05-13T00:48:02.999+08:00 [INFO] 用户 1 接收出牌消息2: {0 [] 0}
2026-05-13T00:48:03.996+08:00 [INFO] 
1的回合 (当前手牌数: 12)

2026-05-13T00:48:03.998+08:00 [INFO] 上一手牌，牌型: 1, 牌是：♥8

2026-05-13T00:48:03.999+08:00 [INFO] 请选择要出的牌 (输入牌的序号，用逗号分隔，0表示不出): 
2026-05-13T00:48:04.000+08:00 [INFO] 用户 1 接收出牌消息1: <nil>
2026-05-13T00:48:04.000+08:00 [INFO] 用户 1 接收出牌消息2: {0 [] 0}
2026-05-13T00:48:04.997+08:00 [INFO] 
1的回合 (当前手牌数: 12)

2026-05-13T00:48:04.997+08:00 [INFO] 上一手牌，牌型: 1, 牌是：♥8

2026-05-13T00:48:04.998+08:00 [INFO] 请选择要出的牌 (输入牌的序号，用逗号分隔，0表示不出): 
2026-05-13T00:48:04.999+08:00 [INFO] 用户 1 接收出牌消息1: <nil>
2026-05-13T00:48:05.002+08:00 [INFO] 用户 1 接收出牌消息2: {0 [] 0}
2026-05-13T00:48:05.498+08:00 [INFO] heartbeatCheck: 19.4802458s
2026-05-13T00:48:05.996+08:00 [INFO] 
1的回合 (当前手牌数: 12)

2026-05-13T00:48:05.997+08:00 [INFO] 上一手牌，牌型: 1, 牌是：♥8

2026-05-13T00:48:05.998+08:00 [INFO] 请选择要出的牌 (输入牌的序号，用逗号分隔，0表示不出): 
2026-05-13T00:48:05.998+08:00 [INFO] 用户 1 接收出牌消息1: <nil>
2026-05-13T00:48:05.999+08:00 [INFO] 用户 1 接收出牌消息2: {0 [] 0}
2026-05-13T00:48:06.997+08:00 [INFO] 
1的回合 (当前手牌数: 12)

2026-05-13T00:48:06.998+08:00 [INFO] 上一手牌，牌型: 1, 牌是：♥8

2026-05-13T00:48:07.000+08:00 [INFO] 请选择要出的牌 (输入牌的序号，用逗号分隔，0表示不出): 
2026-05-13T00:48:07.001+08:00 [INFO] 用户 1 接收出牌消息1: <nil>
2026-05-13T00:48:07.002+08:00 [INFO] 用户 1 接收出牌消息2: {0 [] 0}
2026-05-13T00:48:07.998+08:00 [INFO] 
1的回合 (当前手牌数: 12)

2026-05-13T00:48:08.000+08:00 [INFO] 上一手牌，牌型: 1, 牌是：♥8

2026-05-13T00:48:08.001+08:00 [INFO] 请选择要出的牌 (输入牌的序号，用逗号分隔，0表示不出): 
2026-05-13T00:48:08.003+08:00 [INFO] 用户 1 接收出牌消息1: <nil>
2026-05-13T00:48:08.004+08:00 [INFO] 用户 1 接收出牌消息2: {0 [] 0}
2026-05-13T00:48:08.997+08:00 [INFO] 
1的回合 (当前手牌数: 12)

2026-05-13T00:48:09.002+08:00 [INFO] 上一手牌，牌型: 1, 牌是：♥8

2026-05-13T00:48:09.003+08:00 [INFO] 请选择要出的牌 (输入牌的序号，用逗号分隔，0表示不出): 
2026-05-13T00:48:09.004+08:00 [INFO] 用户 1 接收出牌消息1: <nil>
2026-05-13T00:48:09.006+08:00 [INFO] 用户 1 接收出牌消息2: {0 [] 0}
2026-05-13T00:48:09.997+08:00 [INFO] 
1的回合 (当前手牌数: 12)

2026-05-13T00:48:09.997+08:00 [INFO] 上一手牌，牌型: 1, 牌是：♥8

2026-05-13T00:48:09.998+08:00 [INFO] 请选择要出的牌 (输入牌的序号，用逗号分隔，0表示不出): 
2026-05-13T00:48:09.998+08:00 [INFO] 用户 1 接收出牌消息1: <nil>
2026-05-13T00:48:09.999+08:00 [INFO] 用户 1 接收出牌消息2: {0 [] 0}
2026-05-13T00:48:10.498+08:00 [INFO] heartbeatCheck: 24.4802821s
2026-05-13T00:48:10.997+08:00 [INFO] 
1的回合 (当前手牌数: 12)

2026-05-13T00:48:10.997+08:00 [INFO] 上一手牌，牌型: 1, 牌是：♥8

2026-05-13T00:48:10.998+08:00 [INFO] 请选择要出的牌 (输入牌的序号，用逗号分隔，0表示不出): 
2026-05-13T00:48:10.999+08:00 [INFO] 用户 1 接收出牌消息1: <nil>
2026-05-13T00:48:10.999+08:00 [INFO] 用户 1 接收出牌消息2: {0 [] 0}
2026-05-13T00:48:11.996+08:00 [INFO] 
1的回合 (当前手牌数: 12)

2026-05-13T00:48:11.997+08:00 [INFO] 上一手牌，牌型: 1, 牌是：♥8

2026-05-13T00:48:11.998+08:00 [INFO] 请选择要出的牌 (输入牌的序号，用逗号分隔，0表示不出): 
2026-05-13T00:48:11.998+08:00 [INFO] 用户 1 接收出牌消息1: <nil>
2026-05-13T00:48:11.999+08:00 [INFO] 用户 1 接收出牌消息2: {0 [] 0}
2026-05-13T00:48:13.014+08:00 [INFO] 
1的回合 (当前手牌数: 12)

2026-05-13T00:48:13.017+08:00 [INFO] 上一手牌，牌型: 1, 牌是：♥8

2026-05-13T00:48:13.017+08:00 [INFO] 请选择要出的牌 (输入牌的序号，用逗号分隔，0表示不出): 
2026-05-13T00:48:13.018+08:00 [INFO] 用户 1 接收出牌消息1: <nil>
2026-05-13T00:48:13.023+08:00 [INFO] 用户 1 接收出牌消息2: {0 [] 0}
2026-05-13T00:48:13.996+08:00 [INFO] 
1的回合 (当前手牌数: 12)

2026-05-13T00:48:13.997+08:00 [INFO] 上一手牌，牌型: 1, 牌是：♥8

2026-05-13T00:48:14.001+08:00 [INFO] 请选择要出的牌 (输入牌的序号，用逗号分隔，0表示不出): 
2026-05-13T00:48:14.003+08:00 [INFO] 用户 1 接收出牌消息1: <nil>
2026-05-13T00:48:14.004+08:00 [INFO] 用户 1 接收出牌消息2: {0 [] 0}
2026-05-13T00:48:14.997+08:00 [INFO] 
1的回合 (当前手牌数: 12)

2026-05-13T00:48:14.998+08:00 [INFO] 上一手牌，牌型: 1, 牌是：♥8

2026-05-13T00:48:14.998+08:00 [INFO] 请选择要出的牌 (输入牌的序号，用逗号分隔，0表示不出): 
2026-05-13T00:48:15.000+08:00 [INFO] 用户 1 接收出牌消息1: <nil>
2026-05-13T00:48:15.000+08:00 [INFO] 用户 1 接收出牌消息2: {0 [] 0}
2026-05-13T00:48:15.498+08:00 [INFO] heartbeatCheck: 29.4803479s
2026-05-13T00:48:15.997+08:00 [INFO] 
1的回合 (当前手牌数: 12)

2026-05-13T00:48:15.997+08:00 [INFO] 上一手牌，牌型: 1, 牌是：♥8

2026-05-13T00:48:15.998+08:00 [INFO] 请选择要出的牌 (输入牌的序号，用逗号分隔，0表示不出): 
2026-05-13T00:48:15.998+08:00 [INFO] 用户 1 接收出牌消息1: <nil>
2026-05-13T00:48:15.999+08:00 [INFO] 用户 1 接收出牌消息2: {0 [] 0}
2026-05-13T00:48:16.997+08:00 [INFO] 
1的回合 (当前手牌数: 12)

2026-05-13T00:48:16.999+08:00 [INFO] 上一手牌，牌型: 1, 牌是：♥8

2026-05-13T00:48:17.000+08:00 [INFO] 请选择要出的牌 (输入牌的序号，用逗号分隔，0表示不出): 
2026-05-13T00:48:17.001+08:00 [INFO] 用户 1 接收出牌消息1: <nil>
2026-05-13T00:48:17.002+08:00 [INFO] 用户 1 接收出牌消息2: {0 [] 0}
2026-05-13T00:48:17.999+08:00 [INFO] 
1的回合 (当前手牌数: 12)

2026-05-13T00:48:18.001+08:00 [INFO] 上一手牌，牌型: 1, 牌是：♥8

2026-05-13T00:48:18.002+08:00 [INFO] 请选择要出的牌 (输入牌的序号，用逗号分隔，0表示不出): 
2026-05-13T00:48:18.002+08:00 [INFO] 用户 1 接收出牌消息1: <nil>
2026-05-13T00:48:18.003+08:00 [INFO] 用户 1 接收出牌消息2: {0 [] 0}
2026-05-13T00:48:18.996+08:00 [INFO] 
1的回合 (当前手牌数: 12)

2026-05-13T00:48:18.997+08:00 [INFO] 上一手牌，牌型: 1, 牌是：♥8

2026-05-13T00:48:18.997+08:00 [INFO] 请选择要出的牌 (输入牌的序号，用逗号分隔，0表示不出): 
2026-05-13T00:48:18.998+08:00 [INFO] 用户 1 接收出牌消息1: <nil>
2026-05-13T00:48:19.005+08:00 [INFO] 用户 1 接收出牌消息2: {0 [] 0}
2026-05-13T00:48:19.996+08:00 [INFO] 
1的回合 (当前手牌数: 12)

2026-05-13T00:48:19.998+08:00 [INFO] 上一手牌，牌型: 1, 牌是：♥8

2026-05-13T00:48:19.999+08:00 [INFO] 请选择要出的牌 (输入牌的序号，用逗号分隔，0表示不出): 
2026-05-13T00:48:20.000+08:00 [INFO] 用户 1 接收出牌消息1: <nil>
2026-05-13T00:48:20.000+08:00 [INFO] 用户 1 接收出牌消息2: {0 [] 0}
2026-05-13T00:48:20.498+08:00 [INFO] heartbeatCheck: 34.4803735s
2026-05-13T00:48:20.996+08:00 [INFO] 
1的回合 (当前手牌数: 12)

2026-05-13T00:48:20.997+08:00 [INFO] 上一手牌，牌型: 1, 牌是：♥8

2026-05-13T00:48:20.998+08:00 [INFO] 请选择要出的牌 (输入牌的序号，用逗号分隔，0表示不出): 
2026-05-13T00:48:20.999+08:00 [INFO] 用户 1 接收出牌消息1: <nil>
2026-05-13T00:48:21.000+08:00 [INFO] 用户 1 接收出牌消息2: {0 [] 0}
2026-05-13T00:48:21.997+08:00 [INFO] 
1的回合 (当前手牌数: 12)

2026-05-13T00:48:21.997+08:00 [INFO] 上一手牌，牌型: 1, 牌是：♥8

2026-05-13T00:48:21.997+08:00 [INFO] 请选择要出的牌 (输入牌的序号，用逗号分隔，0表示不出): 
2026-05-13T00:48:21.997+08:00 [INFO] 用户 1 接收出牌消息1: <nil>
2026-05-13T00:48:21.998+08:00 [INFO] 用户 1 接收出牌消息2: {0 [] 0}
2026-05-13T00:48:22.996+08:00 [INFO] 
1的回合 (当前手牌数: 12)

2026-05-13T00:48:22.999+08:00 [INFO] 上一手牌，牌型: 1, 牌是：♥8

2026-05-13T00:48:23.000+08:00 [INFO] 请选择要出的牌 (输入牌的序号，用逗号分隔，0表示不出): 
2026-05-13T00:48:23.001+08:00 [INFO] 用户 1 接收出牌消息1: <nil>
2026-05-13T00:48:23.002+08:00 [INFO] 用户 1 接收出牌消息2: {0 [] 0}
2026-05-13T00:48:23.997+08:00 [INFO] 
1的回合 (当前手牌数: 12)

2026-05-13T00:48:23.997+08:00 [INFO] 上一手牌，牌型: 1, 牌是：♥8

2026-05-13T00:48:23.999+08:00 [INFO] 请选择要出的牌 (输入牌的序号，用逗号分隔，0表示不出): 
2026-05-13T00:48:24.000+08:00 [INFO] 用户 1 接收出牌消息1: <nil>
2026-05-13T00:48:24.001+08:00 [INFO] 用户 1 接收出牌消息2: {0 [] 0}
2026-05-13T00:48:24.997+08:00 [INFO] 
1的回合 (当前手牌数: 12)

2026-05-13T00:48:24.998+08:00 [INFO] 上一手牌，牌型: 1, 牌是：♥8

2026-05-13T00:48:24.999+08:00 [INFO] 请选择要出的牌 (输入牌的序号，用逗号分隔，0表示不出): 
2026-05-13T00:48:25.000+08:00 [INFO] 用户 1 接收出牌消息1: <nil>
2026-05-13T00:48:25.001+08:00 [INFO] 用户 1 接收出牌消息2: {0 [] 0}
2026-05-13T00:48:25.002+08:00 [INFO] 1不出

2026-05-13T00:48:25.004+08:00 [INFO] ♦A,♣7,♠10,♦6,♠J,♣Q,♣K,♥Q,♣2,♠4,♠7,♥5
2026-05-13T00:48:25.007+08:00 [INFO] 用户 1 发送消息: {"type":"pass","data":"{\"pid\":0,\"cardIds\":[],\"card_type\":0,\"cards_num\":12,\"code\":0,\"current\":1,\"mustPid\":3,\"outCardTimeout\":30}","from":""}
2026-05-13T00:48:25.498+08:00 [INFO] heartbeatCheck: 39.4800442s
2026-05-13T00:48:25.997+08:00 [INFO] 
边美倩的回合 (当前手牌数: 1)

2026-05-13T00:48:25.998+08:00 [INFO] 上一手牌，牌型: 1, 牌是：♥8

2026-05-13T00:48:25.999+08:00 [INFO] 请选择要出的牌 (输入牌的序号，用逗号分隔，0表示不出): 
2026-05-13T00:48:26.997+08:00 [INFO] 
边美倩的回合 (当前手牌数: 1)

2026-05-13T00:48:26.997+08:00 [INFO] 上一手牌，牌型: 1, 牌是：♥8

2026-05-13T00:48:26.998+08:00 [INFO] 请选择要出的牌 (输入牌的序号，用逗号分隔，0表示不出): 
2026-05-13T00:48:27.996+08:00 [INFO] 
边美倩的回合 (当前手牌数: 1)

2026-05-13T00:48:27.997+08:00 [INFO] 上一手牌，牌型: 1, 牌是：♥8

2026-05-13T00:48:27.997+08:00 [INFO] 请选择要出的牌 (输入牌的序号，用逗号分隔，0表示不出): 
2026-05-13T00:48:28.996+08:00 [INFO] 
边美倩的回合 (当前手牌数: 1)

2026-05-13T00:48:29.000+08:00 [INFO] 上一手牌，牌型: 1, 牌是：♥8

2026-05-13T00:48:29.004+08:00 [INFO] 请选择要出的牌 (输入牌的序号，用逗号分隔，0表示不出): 
2026-05-13T00:48:29.006+08:00 [INFO] 边美倩出了: ♥10 (1)

2026-05-13T00:48:29.010+08:00 [INFO] 用户 1 发送消息: {"type":"outCard","data":"{\"pid\":1,\"cardIds\":[31],\"card_type\":1,\"cards_num\":0,\"code\":0,\"current\":2,\"mustPid\":1,\"outCardTimeout\":30}","from":""}
2026-05-13T00:48:29.997+08:00 [INFO] 
游戏结束！恭喜边美倩！获胜

2026-05-13T00:48:29.997+08:00 [INFO] 游戏每个用户结算信息：0, -12, 902, 1

2026-05-13T00:48:29.999+08:00 [INFO] 用户 1 发送消息: {"type":"over","data":"[{\"winName\":\"1\",\"winner\":0,\"point\":902,\"win\":-12}]","from":""}
2026-05-13T00:48:29.999+08:00 [INFO] ♦A,♣7,♠10,♦6,♠J,♣Q,♣K,♥Q,♣2,♠4,♠7,♥5
2026-05-13T00:48:30.002+08:00 [INFO] 执行结算异步任务: Id:3  UserName:"1"  Point:902
2026-05-13T00:48:30.003+08:00 [DEBU] Watch key "/service/default/default/user/latest/"
2026-05-13T00:48:30.010+08:00 [DEBU] client conn updated with addresses [{"Addr":"172.20.10.3:9020","ServerName":"user","Attributes":{"protocol":"grpc","RawService":"\u003c0xc000f018f0\u003e"},"BalancerAttributes":null,"Metadata":null}]
2026-05-13T00:48:30.016+08:00 [DEBU] client conn updated with addresses [{"Addr":"172.20.10.3:9020","ServerName":"user","Attributes":{"protocol":"grpc","RawService":"\u003c0xc000dcc840\u003e"},"BalancerAttributes":null,"Metadata":null}]
2026-05-13T00:48:30.498+08:00 [INFO] heartbeatCheck: 44.4802544s
2026-05-13T00:48:35.498+08:00 [INFO] heartbeatCheck: 49.4807618s
2026-05-13T00:48:40.498+08:00 [INFO] heartbeatCheck: 54.4805219s
2026-05-13T00:48:45.497+08:00 [INFO] heartbeatCheck: 59.4798938s
2026-05-13T00:48:50.498+08:00 [INFO] heartbeatCheck: 1m4.4800788s
2026-05-13T00:48:50.499+08:00 [INFO] 用户 1 心跳超时（60秒），断开连接
2026-05-13T00:48:50.501+08:00 [INFO] 用户 1 关闭连接，原因: 心跳超时
2026-05-13T00:48:50.503+08:00 [INFO] 用户 1 心跳检测退出
2026-05-13T00:48:50.503+08:00 [INFO] 用户 1 连接已关闭，读循环退出
2026-05-13T00:48:50.509+08:00 [INFO] 用户 1 连接已关闭，跳过重复关闭
2026-05-13T00:48:55.524+08:00 [INFO] {081db2cf66dfae185b9c2a0a78e28471} 用户 1 连接成功
2026-05-13T00:48:55.527+08:00 [INFO] heartbeatCheck: 2562047h47m16.854775807s
2026-05-13T00:48:55.528+08:00 [INFO] 用户 1 接收消息: {"type":"getInfo","data":"","name":""}（类型: 1）
2026-05-13T00:48:55.540+08:00 [INFO] 用户 1 连接已关闭，跳过消息发送
2026-05-13T00:48:55.542+08:00 [INFO] 用户 1 writeLoop退出
2026-05-13T00:48:55.546+08:00 [INFO] 用户 1 发送消息: {"type":"getInfo","data":"{\"roomId\":\"QHXDUV\",\"players\":[{\"ID\":0,\"Name\":\"1\",\"RoomID\":\"QHXDUV\",\"Type\":0,\"CardNum\":12,\"Point\":916,\"UserId\":\"1\",\"RoomType\":1},{\"ID\":1,\"Name\":\"边美倩\",\"RoomID\":\"QHXDUV\",\"Type\":1,\"CardNum\":0,\"Point\":0,\"UserId\":\"\",\"RoomType\":1},{\"ID\":2,\"Name\":\"邢梓晨\",\"RoomID\":\"QHXDUV\",\"Type\":1,\"CardNum\":4,\"Point\":0,\"UserId\":\"\",\"RoomType\":1},{\"ID\":3,\"Name\":\"晁嘉澍\",\"RoomID\":\"QHXDUV\",\"Type\":1,\"CardNum\":4,\"Point\":0,\"UserId\":\"\",\"RoomType\":1}],\"cards\":[45,18,32,13,36,38,42,39,50,8,20,11],\"current\":2,\"playerPoint\":916,\"outCardTimeout\":30,\"remainOutCardTimeout\":30,\"cardsNum\":[{\"id\":1,\"cardNum\":0},{\"id\":2,\"cardNum\":4},{\"id\":3,\"cardNum\":4}],\"isPlaying\":true,\"outCards\":[31],\"mustPid\":1,\"lastPid\":1,\"status\":1,\"type\":1}","from":"1"}
2026-05-13T00:49:00.527+08:00 [INFO] heartbeatCheck: 4.9989056s
2026-05-13T00:49:05.526+08:00 [INFO] heartbeatCheck: 9.9980159s
2026-05-13T00:49:10.526+08:00 [INFO] heartbeatCheck: 14.9981607s
2026-05-13T00:49:15.526+08:00 [INFO] heartbeatCheck: 19.998356s
2026-05-13T00:49:20.526+08:00 [INFO] heartbeatCheck: 24.9980745s
2026-05-13T00:49:25.526+08:00 [INFO] heartbeatCheck: 29.9981961s
2026-05-13T00:49:25.566+08:00 [INFO] 用户 1 接收消息: {"type":"heartbeat","data":"ping"}（类型: 1）
2026-05-13T00:49:25.568+08:00 [INFO] 用户 1 发送消息: {"type":"heartbeat","data":"pong","from":"1"}
2026-05-13T00:49:30.526+08:00 [INFO] heartbeatCheck: 4.9608885s
2026-05-13T00:49:35.526+08:00 [INFO] heartbeatCheck: 9.9610001s
2026-05-13T00:49:40.526+08:00 [INFO] heartbeatCheck: 14.9610604s
2026-05-13T00:49:45.527+08:00 [INFO] heartbeatCheck: 19.9613669s
2026-05-13T00:49:50.527+08:00 [INFO] heartbeatCheck: 24.9616056s
2026-05-13T00:49:55.527+08:00 [INFO] heartbeatCheck: 29.9615411s
2026-05-13T00:49:55.576+08:00 [INFO] 用户 1 接收消息: {"type":"heartbeat","data":"ping"}（类型: 1）
2026-05-13T00:49:55.587+08:00 [INFO] 用户 1 发送消息: {"type":"heartbeat","data":"pong","from":"1"}
2026-05-13T00:50:00.527+08:00 [INFO] heartbeatCheck: 4.9505432s
2026-05-13T00:50:05.526+08:00 [INFO] heartbeatCheck: 9.9499174s
2026-05-13T00:50:10.526+08:00 [INFO] heartbeatCheck: 14.950164s
2026-05-13T00:50:15.526+08:00 [INFO] heartbeatCheck: 19.9499501s
2026-05-13T00:50:20.526+08:00 [INFO] heartbeatCheck: 24.9497433s
2026-05-13T00:50:25.580+08:00 [INFO] heartbeatCheck: 30.0036998s
2026-05-13T00:50:25.633+08:00 [INFO] 用户 1 接收消息: {"type":"heartbeat","data":"ping"}（类型: 1）
2026-05-13T00:50:25.635+08:00 [INFO] 用户 1 发送消息: {"type":"heartbeat","data":"pong","from":"1"}
2026-05-13T00:50:30.527+08:00 [INFO] heartbeatCheck: 4.8932884s
2026-05-13T00:50:35.526+08:00 [INFO] heartbeatCheck: 9.8926372s
2026-05-13T00:50:40.527+08:00 [INFO] heartbeatCheck: 14.8932486s
2026-05-13T00:50:45.526+08:00 [INFO] heartbeatCheck: 19.8927798s
2026-05-13T00:51:05.138+08:00 [DEBU] etcd put success with key "/service/default/default/game_user/latest/172.20.10.3:9010", value "{"protocol":"grpc"}", lease "7587894790532690304"
2026-05-13T00:51:05.171+08:00 [DEBU] etcd put success with key "/service/default/default/game_user.svc/latest/172.20.10.3:8010", value "{"insecure":true,"protocol":"http"}", lease "7587894790532690307"
2026-05-13T00:51:23.159+08:00 [INFO] {8c971d2f89dfae1824d1b57c09dd43d7} 用户 1 连接成功
2026-05-13T00:51:23.166+08:00 [INFO] heartbeatCheck: 2562047h47m16.854775807s
2026-05-13T00:51:23.181+08:00 [INFO] 用户 1 接收消息: {"type":"getInfo","data":"","name":""}（类型: 1）
2026-05-13T00:51:23.198+08:00 [INFO] 用户 1 发送消息: {"type":"getInfo","data":"{\"roomId\":\"QHXDUV\",\"players\":[{\"ID\":0,\"Name\":\"1\",\"RoomID\":\"QHXDUV\",\"Type\":0,\"CardNum\":12,\"Point\":916,\"UserId\":\"1\",\"RoomType\":1},{\"ID\":1,\"Name\":\"边美倩\",\"RoomID\":\"QHXDUV\",\"Type\":1,\"CardNum\":0,\"Point\":0,\"UserId\":\"\",\"RoomType\":1},{\"ID\":2,\"Name\":\"邢梓晨\",\"RoomID\":\"QHXDUV\",\"Type\":1,\"CardNum\":4,\"Point\":0,\"UserId\":\"\",\"RoomType\":1},{\"ID\":3,\"Name\":\"晁嘉澍\",\"RoomID\":\"QHXDUV\",\"Type\":1,\"CardNum\":4,\"Point\":0,\"UserId\":\"\",\"RoomType\":1}],\"cards\":[45,18,32,13,36,38,42,39,50,8,20,11],\"current\":2,\"playerPoint\":916,\"outCardTimeout\":30,\"remainOutCardTimeout\":30,\"cardsNum\":[{\"id\":1,\"cardNum\":0},{\"id\":2,\"cardNum\":4},{\"id\":3,\"cardNum\":4}],\"isPlaying\":true,\"outCards\":[31],\"mustPid\":1,\"lastPid\":1,\"status\":1,\"type\":1}","from":"1"}
2026-05-13T00:51:23.277+08:00 [INFO] 用户 1 接收消息: {"type":"getInfo","data":"","name":""}（类型: 1）
2026-05-13T00:51:23.289+08:00 [INFO] 用户 1 发送消息: {"type":"getInfo","data":"{\"roomId\":\"QHXDUV\",\"players\":[{\"ID\":0,\"Name\":\"1\",\"RoomID\":\"QHXDUV\",\"Type\":0,\"CardNum\":12,\"Point\":916,\"UserId\":\"1\",\"RoomType\":1},{\"ID\":1,\"Name\":\"边美倩\",\"RoomID\":\"QHXDUV\",\"Type\":1,\"CardNum\":0,\"Point\":0,\"UserId\":\"\",\"RoomType\":1},{\"ID\":2,\"Name\":\"邢梓晨\",\"RoomID\":\"QHXDUV\",\"Type\":1,\"CardNum\":4,\"Point\":0,\"UserId\":\"\",\"RoomType\":1},{\"ID\":3,\"Name\":\"晁嘉澍\",\"RoomID\":\"QHXDUV\",\"Type\":1,\"CardNum\":4,\"Point\":0,\"UserId\":\"\",\"RoomType\":1}],\"cards\":[45,18,32,13,36,38,42,39,50,8,20,11],\"current\":2,\"playerPoint\":916,\"outCardTimeout\":30,\"remainOutCardTimeout\":30,\"cardsNum\":[{\"id\":1,\"cardNum\":0},{\"id\":2,\"cardNum\":4},{\"id\":3,\"cardNum\":4}],\"isPlaying\":true,\"outCards\":[31],\"mustPid\":1,\"lastPid\":1,\"status\":1,\"type\":1}","from":"1"}
2026-05-13T00:51:28.167+08:00 [INFO] heartbeatCheck: 4.8902491s
2026-05-13T00:51:33.166+08:00 [INFO] heartbeatCheck: 9.8890356s
2026-05-13T00:51:33.302+08:00 [INFO] 用户 1 接收消息: {"type":"heartbeat","data":"ping"}（类型: 1）
2026-05-13T00:51:33.303+08:00 [INFO] 用户 1 发送消息: {"type":"heartbeat","data":"pong","from":"1"}
2026-05-13T00:51:36.217+08:00 [INFO] 用户 1 连接已关闭，读循环退出
2026-05-13T00:51:36.217+08:00 [INFO] 用户 1 关闭连接，原因: 读循环退出
2026-05-13T00:51:36.218+08:00 [INFO] 用户 1 心跳检测被取消: context canceled
2026-05-13T00:51:36.220+08:00 [INFO] 用户 1 心跳检测退出
2026-05-13T00:52:27.254+08:00 [INFO] {981dcc1b98dfae182dd1b57c9f245216} 用户 1 连接成功
2026-05-13T00:52:27.259+08:00 [INFO] heartbeatCheck: 2562047h47m16.854775807s
2026-05-13T00:52:27.274+08:00 [INFO] 用户 1 接收消息: {"type":"getInfo","data":"","name":""}（类型: 1）
2026-05-13T00:52:27.336+08:00 [INFO] 用户 1 发送消息: {"type":"getInfo","data":"{\"roomId\":\"QHXDUV\",\"players\":[{\"ID\":0,\"Name\":\"1\",\"RoomID\":\"QHXDUV\",\"Type\":0,\"CardNum\":12,\"Point\":916,\"UserId\":\"1\",\"RoomType\":1},{\"ID\":1,\"Name\":\"边美倩\",\"RoomID\":\"QHXDUV\",\"Type\":1,\"CardNum\":0,\"Point\":0,\"UserId\":\"\",\"RoomType\":1},{\"ID\":2,\"Name\":\"邢梓晨\",\"RoomID\":\"QHXDUV\",\"Type\":1,\"CardNum\":4,\"Point\":0,\"UserId\":\"\",\"RoomType\":1},{\"ID\":3,\"Name\":\"晁嘉澍\",\"RoomID\":\"QHXDUV\",\"Type\":1,\"CardNum\":4,\"Point\":0,\"UserId\":\"\",\"RoomType\":1}],\"cards\":[45,18,32,13,36,38,42,39,50,8,20,11],\"current\":2,\"playerPoint\":916,\"outCardTimeout\":30,\"remainOutCardTimeout\":30,\"cardsNum\":[{\"id\":1,\"cardNum\":0},{\"id\":2,\"cardNum\":4},{\"id\":3,\"cardNum\":4}],\"isPlaying\":false,\"outCards\":[31],\"mustPid\":1,\"lastPid\":1,\"status\":1,\"type\":1}","from":"1"}
2026-05-13T00:52:27.344+08:00 [INFO] 用户 1 连接已关闭，跳过消息发送
2026-05-13T00:52:27.346+08:00 [INFO] 用户 1 writeLoop退出
2026-05-13T00:52:32.259+08:00 [INFO] heartbeatCheck: 4.9852065s
2026-05-13T00:52:37.259+08:00 [INFO] heartbeatCheck: 9.9852765s
2026-05-13T00:52:37.349+08:00 [INFO] 用户 1 接收消息: {"type":"heartbeat","data":"ping"}（类型: 1）
2026-05-13T00:52:37.350+08:00 [INFO] 用户 1 发送消息: {"type":"heartbeat","data":"pong","from":"1"}
2026-05-13T00:52:42.260+08:00 [INFO] heartbeatCheck: 4.911139s
2026-05-13T00:52:47.259+08:00 [INFO] heartbeatCheck: 9.9105515s
2026-05-13T00:52:47.358+08:00 [INFO] 用户 1 接收消息: {"type":"heartbeat","data":"ping"}（类型: 1）
2026-05-13T00:52:47.359+08:00 [INFO] 用户 1 发送消息: {"type":"heartbeat","data":"pong","from":"1"}
2026-05-13T00:52:52.259+08:00 [INFO] heartbeatCheck: 4.9005643s
2026-05-13T00:52:57.259+08:00 [INFO] heartbeatCheck: 9.9004766s
2026-05-13T00:52:57.377+08:00 [INFO] 用户 1 接收消息: {"type":"heartbeat","data":"ping"}（类型: 1）
2026-05-13T00:52:57.381+08:00 [INFO] 用户 1 发送消息: {"type":"heartbeat","data":"pong","from":"1"}
2026-05-13T00:53:02.260+08:00 [INFO] heartbeatCheck: 4.8829189s
2026-05-13T00:53:07.259+08:00 [INFO] heartbeatCheck: 9.8821657s
2026-05-13T00:53:07.392+08:00 [INFO] 用户 1 接收消息: {"type":"heartbeat","data":"ping"}（类型: 1）
2026-05-13T00:53:07.395+08:00 [INFO] 用户 1 发送消息: {"type":"heartbeat","data":"pong","from":"1"}
2026-05-13T00:53:12.259+08:00 [INFO] heartbeatCheck: 4.8670629s
2026-05-13T00:53:17.259+08:00 [INFO] heartbeatCheck: 9.8671836s
2026-05-13T00:53:17.413+08:00 [INFO] 用户 1 接收消息: {"type":"heartbeat","data":"ping"}（类型: 1）
2026-05-13T00:53:17.415+08:00 [INFO] 用户 1 发送消息: {"type":"heartbeat","data":"pong","from":"1"}
2026-05-13T00:53:22.260+08:00 [INFO] heartbeatCheck: 4.8479595s
2026-05-13T00:53:27.259+08:00 [INFO] heartbeatCheck: 9.8468696s
2026-05-13T00:53:27.444+08:00 [INFO] 用户 1 接收消息: {"type":"heartbeat","data":"ping"}（类型: 1）
2026-05-13T00:53:27.445+08:00 [INFO] 用户 1 发送消息: {"type":"heartbeat","data":"pong","from":"1"}
2026-05-13T00:53:32.259+08:00 [INFO] heartbeatCheck: 4.8153352s
2026-05-13T00:53:37.259+08:00 [INFO] heartbeatCheck: 9.814743s
2026-05-13T00:53:38.169+08:00 [INFO] 用户 1 接收消息: {"type":"heartbeat","data":"ping"}（类型: 1）
2026-05-13T00:53:38.170+08:00 [INFO] 用户 1 发送消息: {"type":"heartbeat","data":"pong","from":"1"}
2026-05-13T00:53:42.259+08:00 [INFO] heartbeatCheck: 4.0907137s
2026-05-13T00:53:47.259+08:00 [INFO] heartbeatCheck: 9.0904345s
2026-05-13T00:53:49.158+08:00 [INFO] 用户 1 接收消息: {"type":"heartbeat","data":"ping"}（类型: 1）
2026-05-13T00:53:49.159+08:00 [INFO] 用户 1 发送消息: {"type":"heartbeat","data":"pong","from":"1"}
2026-05-13T00:53:52.259+08:00 [INFO] heartbeatCheck: 3.1010383s
2026-05-13T00:53:57.259+08:00 [INFO] heartbeatCheck: 8.1013779s
2026-05-13T00:54:00.170+08:00 [INFO] 用户 1 接收消息: {"type":"heartbeat","data":"ping"}（类型: 1）
2026-05-13T00:54:00.173+08:00 [INFO] 用户 1 发送消息: {"type":"heartbeat","data":"pong","from":"1"}
2026-05-13T00:54:02.259+08:00 [INFO] heartbeatCheck: 2.0895874s
2026-05-13T00:54:07.274+08:00 [INFO] heartbeatCheck: 7.1042288s
2026-05-13T00:54:11.255+08:00 [INFO] 用户 1 接收消息: {"type":"heartbeat","data":"ping"}（类型: 1）
2026-05-13T00:54:11.257+08:00 [INFO] 用户 1 发送消息: {"type":"heartbeat","data":"pong","from":"1"}
2026-05-13T00:54:12.259+08:00 [INFO] heartbeatCheck: 1.0040033s
2026-05-13T00:54:17.259+08:00 [INFO] heartbeatCheck: 6.0045101s
2026-05-13T00:54:22.213+08:00 [INFO] 用户 1 接收消息: {"type":"heartbeat","data":"ping"}（类型: 1）
2026-05-13T00:54:22.214+08:00 [INFO] 用户 1 发送消息: {"type":"heartbeat","data":"pong","from":"1"}
2026-05-13T00:54:22.264+08:00 [INFO] heartbeatCheck: 51.2041ms
2026-05-13T00:54:27.260+08:00 [INFO] heartbeatCheck: 5.0475945s
2026-05-13T00:54:30.792+08:00 [INFO] 用户 1 接收消息: {"type":"initRoom","data":"","name":""}（类型: 1）
2026-05-13T00:54:30.911+08:00 [INFO] 执行日志异步任务: RoomID:"8L9DSN" Type:1 UserID:"1" Point:902 Action:"initRoom"
2026-05-13T00:54:30.912+08:00 [DEBU] Watch key "/service/default/default/log-service/latest/"
2026-05-13T00:54:30.919+08:00 [INFO] 用户 1 发送消息: {"type":"initRoom","data":"[{\"ID\":0,\"Name\":\"1\",\"RoomID\":\"8L9DSN\",\"Type\":0,\"CardNum\":13,\"Point\":902,\"UserId\":\"1\",\"RoomType\":1},{\"ID\":1,\"Name\":\"曹翠安\",\"RoomID\":\"8L9DSN\",\"Type\":1,\"CardNum\":13,\"Point\":0,\"UserId\":\"\",\"RoomType\":1},{\"ID\":2,\"Name\":\"薄钰轩\",\"RoomID\":\"8L9DSN\",\"Type\":1,\"CardNum\":13,\"Point\":0,\"UserId\":\"\",\"RoomType\":1}]","from":"1"}
2026-05-13T00:54:30.946+08:00 [INFO] 用户 1 开始延迟添加AI到房间 8L9DSN
2026-05-13T00:54:32.263+08:00 [INFO] heartbeatCheck: 1.4717027s
2026-05-13T00:54:32.974+08:00 [INFO] 用户 1 发送消息: {"type":"initRoom","data":"[{\"ID\":0,\"Name\":\"1\",\"RoomID\":\"8L9DSN\",\"Type\":0,\"CardNum\":13,\"Point\":902,\"UserId\":\"1\",\"RoomType\":1},{\"ID\":1,\"Name\":\"曹翠安\",\"RoomID\":\"8L9DSN\",\"Type\":1,\"CardNum\":13,\"Point\":0,\"UserId\":\"\",\"RoomType\":1},{\"ID\":2,\"Name\":\"薄钰轩\",\"RoomID\":\"8L9DSN\",\"Type\":1,\"CardNum\":13,\"Point\":0,\"UserId\":\"\",\"RoomType\":1},{\"ID\":3,\"Name\":\"谭运晟\",\"RoomID\":\"8L9DSN\",\"Type\":1,\"CardNum\":13,\"Point\":0,\"UserId\":\"\",\"RoomType\":1}]","from":"1"}
2026-05-13T00:54:37.263+08:00 [INFO] heartbeatCheck: 6.4714264s
2026-05-13T00:54:42.259+08:00 [INFO] heartbeatCheck: 11.4674087s
2026-05-13T00:54:42.983+08:00 [INFO] 用户 1 接收消息: {"type":"heartbeat","data":"ping"}（类型: 1）
2026-05-13T00:54:42.988+08:00 [INFO] 用户 1 发送消息: {"type":"heartbeat","data":"pong","from":"1"}
2026-05-13T00:54:47.269+08:00 [INFO] heartbeatCheck: 4.2858306s
2026-05-13T00:54:47.472+08:00 [INFO] 用户 1 接收消息: {"type":"leaveRoom","data":"","name":""}（类型: 1）
2026-05-13T00:54:47.599+08:00 [INFO] 用户 1 接收消息: {"type":"getInfo","data":"","name":""}（类型: 1）
2026-05-13T00:54:47.606+08:00 [ERRO] unexpected end of JSON input 
Stack:
1.  game_user/internal/controller/enter.(*Client).handleGetInfo
    D:/gowork/max2/max2/app/game_user/internal/controller/enter/enter_v1_enter.go:717
2.  game_user/internal/controller/enter.(*Client).readLoop
    D:/gowork/max2/max2/app/game_user/internal/controller/enter/enter_v1_enter.go:196

2026-05-13T00:54:47.607+08:00 [ERRO] 用户 1 房间  不存在 
Stack:
1.  game_user/internal/controller/enter.(*Client).handleGetInfo
    D:/gowork/max2/max2/app/game_user/internal/controller/enter/enter_v1_enter.go:729
2.  game_user/internal/controller/enter.(*Client).readLoop
    D:/gowork/max2/max2/app/game_user/internal/controller/enter/enter_v1_enter.go:196

2026-05-13T00:54:52.259+08:00 [INFO] heartbeatCheck: 4.6605909s
2026-05-13T00:54:52.995+08:00 [INFO] 用户 1 接收消息: {"type":"heartbeat","data":"ping"}（类型: 1）
2026-05-13T00:54:52.996+08:00 [INFO] 用户 1 发送消息: {"type":"heartbeat","data":"pong","from":"1"}
2026-05-13T00:54:57.259+08:00 [INFO] heartbeatCheck: 4.2646601s
2026-05-13T00:55:02.259+08:00 [INFO] heartbeatCheck: 9.2644361s
2026-05-13T00:55:03.011+08:00 [INFO] 用户 1 接收消息: {"type":"heartbeat","data":"ping"}（类型: 1）
2026-05-13T00:55:03.014+08:00 [INFO] 用户 1 发送消息: {"type":"heartbeat","data":"pong","from":"1"}
2026-05-13T00:55:07.259+08:00 [INFO] heartbeatCheck: 4.2481916s
2026-05-13T00:55:10.830+08:00 [INFO] 用户 1 接收消息: {"type":"initRoom","data":"","name":""}（类型: 1）
2026-05-13T00:55:15.621+08:00 [INFO] heartbeatCheck: 4.7904394s
2026-05-13T00:55:15.623+08:00 [INFO] 用户 1 接收消息: {"type":"heartbeat","data":"ping"}（类型: 1）
2026-05-13T00:55:15.624+08:00 [INFO] 用户 1 发送消息: {"type":"initRoom","data":"[{\"ID\":0,\"Name\":\"1\",\"RoomID\":\"9DWERD\",\"Type\":0,\"CardNum\":13,\"Point\":902,\"UserId\":\"1\",\"RoomType\":1}]","from":"1"}
2026-05-13T00:55:15.623+08:00 [INFO] 用户 1 开始延迟添加AI到房间 9DWERD
2026-05-13T00:55:15.625+08:00 [INFO] 用户 1 发送消息: {"type":"heartbeat","data":"pong","from":"1"}
2026-05-13T00:55:17.259+08:00 [INFO] heartbeatCheck: 1.6360801s
2026-05-13T00:55:17.628+08:00 [INFO] 用户 1 发送消息: {"type":"initRoom","data":"[{\"ID\":0,\"Name\":\"1\",\"RoomID\":\"9DWERD\",\"Type\":0,\"CardNum\":13,\"Point\":902,\"UserId\":\"1\",\"RoomType\":1},{\"ID\":1,\"Name\":\"薛秋荷\",\"RoomID\":\"9DWERD\",\"Type\":1,\"CardNum\":13,\"Point\":0,\"UserId\":\"\",\"RoomType\":1},{\"ID\":2,\"Name\":\"阴辰钊\",\"RoomID\":\"9DWERD\",\"Type\":1,\"CardNum\":13,\"Point\":0,\"UserId\":\"\",\"RoomType\":1},{\"ID\":3,\"Name\":\"龙昊然\",\"RoomID\":\"9DWERD\",\"Type\":1,\"CardNum\":13,\"Point\":0,\"UserId\":\"\",\"RoomType\":1}]","from":"1"}
2026-05-13T00:55:22.259+08:00 [INFO] heartbeatCheck: 6.6364452s
2026-05-13T00:55:27.259+08:00 [INFO] heartbeatCheck: 11.6359349s
2026-05-13T00:55:27.644+08:00 [INFO] 用户 1 接收消息: {"type":"heartbeat","data":"ping"}（类型: 1）
2026-05-13T00:55:27.646+08:00 [INFO] 用户 1 发送消息: {"type":"heartbeat","data":"pong","from":"1"}
2026-05-13T00:55:32.259+08:00 [INFO] heartbeatCheck: 4.6147322s
2026-05-13T00:55:37.260+08:00 [INFO] heartbeatCheck: 9.6153718s
2026-05-13T00:55:37.652+08:00 [INFO] 用户 1 接收消息: {"type":"heartbeat","data":"ping"}（类型: 1）
2026-05-13T00:55:37.654+08:00 [INFO] 用户 1 发送消息: {"type":"heartbeat","data":"pong","from":"1"}
2026-05-13T00:55:42.260+08:00 [INFO] heartbeatCheck: 4.60775s
2026-05-13T00:55:42.995+08:00 [INFO] 用户 1 接收消息: {"type":"leaveRoom","data":"","name":""}（类型: 1）
2026-05-13T00:56:16.324+08:00 [INFO] 用户 1 接收消息: {"type":"getInfo","data":"","name":""}（类型: 1）
2026-05-13T00:56:16.326+08:00 [WARN] keepalive exit, lease id: 7587894790532690304, retry register
2026-05-13T00:56:16.327+08:00 [WARN] keepalive exit, lease id: 7587894790532690307, retry register
2026-05-13T00:56:16.328+08:00 [INFO] heartbeatCheck: 2.4934ms
2026-05-13T00:56:16.342+08:00 [ERRO] unexpected end of JSON input 
Stack:
1.  game_user/internal/controller/enter.(*Client).handleGetInfo
    D:/gowork/max2/max2/app/game_user/internal/controller/enter/enter_v1_enter.go:717
2.  game_user/internal/controller/enter.(*Client).readLoop
    D:/gowork/max2/max2/app/game_user/internal/controller/enter/enter_v1_enter.go:196

2026-05-13T00:56:16.344+08:00 [ERRO] 用户 1 房间  不存在 
Stack:
1.  game_user/internal/controller/enter.(*Client).handleGetInfo
    D:/gowork/max2/max2/app/game_user/internal/controller/enter/enter_v1_enter.go:729
2.  game_user/internal/controller/enter.(*Client).readLoop
    D:/gowork/max2/max2/app/game_user/internal/controller/enter/enter_v1_enter.go:196

2026-05-13T00:56:16.346+08:00 [INFO] 用户 1 接收消息: {"type":"heartbeat","data":"ping"}（类型: 1）
2026-05-13T00:56:16.350+08:00 [INFO] 用户 1 接收消息: {"type":"heartbeat","data":"ping"}（类型: 1）
2026-05-13T00:56:16.350+08:00 [INFO] 用户 1 发送消息: {"type":"heartbeat","data":"pong","from":"1"}
2026-05-13T00:56:16.354+08:00 [INFO] 用户 1 接收消息: {"type":"heartbeat","data":"ping"}（类型: 1）
2026-05-13T00:56:16.354+08:00 [INFO] 用户 1 发送消息: {"type":"heartbeat","data":"pong","from":"1"}
2026-05-13T00:56:16.355+08:00 [INFO] 用户 1 发送消息: {"type":"heartbeat","data":"pong","from":"1"}
2026-05-13T00:56:16.356+08:00 [DEBU] etcd put success with key "/service/default/default/game_user.svc/latest/172.20.10.3:8010", value "{"insecure":true,"protocol":"http"}", lease "7587894790532690315"
2026-05-13T00:56:16.357+08:00 [DEBU] etcd put success with key "/service/default/default/game_user/latest/172.20.10.3:9010", value "{"protocol":"grpc"}", lease "7587894790532690317"
2026-05-13T00:56:17.259+08:00 [INFO] heartbeatCheck: 905.0124ms
2026-05-13T00:56:22.259+08:00 [INFO] heartbeatCheck: 5.905047s
2026-05-13T00:56:27.169+08:00 [INFO] 用户 1 接收消息: {"type":"heartbeat","data":"ping"}（类型: 1）
2026-05-13T00:56:27.172+08:00 [INFO] 用户 1 发送消息: {"type":"heartbeat","data":"pong","from":"1"}
2026-05-13T00:56:27.259+08:00 [INFO] heartbeatCheck: 90.1074ms
2026-05-13T00:56:32.259+08:00 [INFO] heartbeatCheck: 5.0902885s
2026-05-13T00:56:37.260+08:00 [INFO] heartbeatCheck: 10.0908522s
2026-05-13T00:56:38.160+08:00 [INFO] 用户 1 接收消息: {"type":"heartbeat","data":"ping"}（类型: 1）
2026-05-13T00:56:38.164+08:00 [INFO] 用户 1 发送消息: {"type":"heartbeat","data":"pong","from":"1"}
2026-05-13T00:56:42.260+08:00 [INFO] heartbeatCheck: 4.1005985s
2026-05-13T00:56:47.259+08:00 [INFO] heartbeatCheck: 9.099919s
2026-05-13T00:56:49.162+08:00 [INFO] 用户 1 接收消息: {"type":"heartbeat","data":"ping"}（类型: 1）
2026-05-13T00:56:49.164+08:00 [INFO] 用户 1 发送消息: {"type":"heartbeat","data":"pong","from":"1"}
2026-05-13T00:56:52.259+08:00 [INFO] heartbeatCheck: 3.0969918s
2026-05-13T00:56:57.271+08:00 [INFO] heartbeatCheck: 8.1086541s
2026-05-13T00:57:02.271+08:00 [INFO] heartbeatCheck: 13.1089875s
2026-05-13T00:57:03.460+08:00 [INFO] 用户 1 接收消息: {"type":"heartbeat","data":"ping"}（类型: 1）
2026-05-13T00:57:03.461+08:00 [INFO] 用户 1 发送消息: {"type":"heartbeat","data":"pong","from":"1"}
2026-05-13T00:57:07.260+08:00 [INFO] heartbeatCheck: 3.8001039s
2026-05-13T00:57:12.271+08:00 [INFO] heartbeatCheck: 8.8110831s
2026-05-13T00:57:14.204+08:00 [INFO] 用户 1 接收消息: {"type":"heartbeat","data":"ping"}（类型: 1）
2026-05-13T00:57:14.205+08:00 [INFO] 用户 1 发送消息: {"type":"heartbeat","data":"pong","from":"1"}
2026-05-13T00:57:17.259+08:00 [INFO] heartbeatCheck: 3.0547412s
2026-05-13T00:57:22.259+08:00 [INFO] heartbeatCheck: 8.0545995s
2026-05-13T00:57:25.158+08:00 [INFO] 用户 1 接收消息: {"type":"heartbeat","data":"ping"}（类型: 1）
2026-05-13T00:57:25.160+08:00 [INFO] 用户 1 发送消息: {"type":"heartbeat","data":"pong","from":"1"}
2026-05-13T00:57:27.259+08:00 [INFO] heartbeatCheck: 2.1012886s
2026-05-13T00:57:32.260+08:00 [INFO] heartbeatCheck: 7.1018852s
2026-05-13T00:57:36.165+08:00 [INFO] 用户 1 接收消息: {"type":"heartbeat","data":"ping"}（类型: 1）
2026-05-13T00:57:36.167+08:00 [INFO] 用户 1 发送消息: {"type":"heartbeat","data":"pong","from":"1"}
2026-05-13T00:57:37.261+08:00 [INFO] heartbeatCheck: 1.0960527s
2026-05-13T00:57:42.259+08:00 [INFO] heartbeatCheck: 6.0943596s
2026-05-13T00:57:47.166+08:00 [INFO] 用户 1 接收消息: {"type":"heartbeat","data":"ping"}（类型: 1）
2026-05-13T00:57:47.173+08:00 [INFO] 用户 1 发送消息: {"type":"heartbeat","data":"pong","from":"1"}
2026-05-13T00:57:47.259+08:00 [INFO] heartbeatCheck: 92.5917ms
2026-05-13T00:57:52.259+08:00 [INFO] heartbeatCheck: 5.0924202s
2026-05-13T00:57:57.259+08:00 [INFO] heartbeatCheck: 10.0930641s
2026-05-13T00:57:58.159+08:00 [INFO] 用户 1 接收消息: {"type":"heartbeat","data":"ping"}（类型: 1）
2026-05-13T00:57:58.160+08:00 [INFO] 用户 1 发送消息: {"type":"heartbeat","data":"pong","from":"1"}
2026-05-13T00:58:02.259+08:00 [INFO] heartbeatCheck: 4.100852s
2026-05-13T00:58:07.259+08:00 [INFO] heartbeatCheck: 9.1007665s
2026-05-13T00:58:09.166+08:00 [INFO] 用户 1 接收消息: {"type":"heartbeat","data":"ping"}（类型: 1）
2026-05-13T00:58:09.166+08:00 [INFO] 用户 1 发送消息: {"type":"heartbeat","data":"pong","from":"1"}
2026-05-13T00:58:12.260+08:00 [INFO] heartbeatCheck: 3.0938906s
2026-05-13T00:58:17.259+08:00 [INFO] heartbeatCheck: 8.0935012s
2026-05-13T00:58:20.161+08:00 [INFO] 用户 1 接收消息: {"type":"heartbeat","data":"ping"}（类型: 1）
2026-05-13T00:58:20.163+08:00 [INFO] 用户 1 发送消息: {"type":"heartbeat","data":"pong","from":"1"}
2026-05-13T00:58:22.259+08:00 [INFO] heartbeatCheck: 2.09806s
2026-05-13T00:58:37.056+08:00 [DEBU] etcd put success with key "/service/default/default/game_user/latest/172.20.10.3:9010", value "{"protocol":"grpc"}", lease "7587894790532690323"
2026-05-13T00:58:37.083+08:00 [DEBU] etcd put success with key "/service/default/default/game_user.svc/latest/172.20.10.3:8010", value "{"insecure":true,"protocol":"http"}", lease "7587894790532690326"
2026-05-13T00:58:37.353+08:00 [INFO] {34f12a47eedfae18dc2f2272015ba818} 用户 1 连接成功
2026-05-13T00:58:37.355+08:00 [INFO] heartbeatCheck: 2562047h47m16.854775807s
2026-05-13T00:58:37.360+08:00 [INFO] 用户 1 接收消息: {"type":"getInfo","data":"","name":""}（类型: 1）
2026-05-13T00:58:37.361+08:00 [ERRO] unexpected end of JSON input 
Stack:
1.  game_user/internal/controller/enter.(*Client).handleGetInfo
    D:/gowork/max2/max2/app/game_user/internal/controller/enter/enter_v1_enter.go:717
2.  game_user/internal/controller/enter.(*Client).readLoop
    D:/gowork/max2/max2/app/game_user/internal/controller/enter/enter_v1_enter.go:196

2026-05-13T00:58:37.363+08:00 [ERRO] 用户 1 房间  不存在 
Stack:
1.  game_user/internal/controller/enter.(*Client).handleGetInfo
    D:/gowork/max2/max2/app/game_user/internal/controller/enter/enter_v1_enter.go:729
2.  game_user/internal/controller/enter.(*Client).readLoop
    D:/gowork/max2/max2/app/game_user/internal/controller/enter/enter_v1_enter.go:196

2026-05-13T00:58:37.364+08:00 [INFO] 用户 1 接收消息: {"type":"getInfo","data":"","name":""}（类型: 1）
2026-05-13T00:58:37.365+08:00 [ERRO] unexpected end of JSON input 
Stack:
1.  game_user/internal/controller/enter.(*Client).handleGetInfo
    D:/gowork/max2/max2/app/game_user/internal/controller/enter/enter_v1_enter.go:717
2.  game_user/internal/controller/enter.(*Client).readLoop
    D:/gowork/max2/max2/app/game_user/internal/controller/enter/enter_v1_enter.go:196

2026-05-13T00:58:37.366+08:00 [ERRO] 用户 1 房间  不存在 
Stack:
1.  game_user/internal/controller/enter.(*Client).handleGetInfo
    D:/gowork/max2/max2/app/game_user/internal/controller/enter/enter_v1_enter.go:729
2.  game_user/internal/controller/enter.(*Client).readLoop
    D:/gowork/max2/max2/app/game_user/internal/controller/enter/enter_v1_enter.go:196

2026-05-13T00:58:37.367+08:00 [INFO] 用户 1 接收消息: {"type":"getInfo","data":"","name":""}（类型: 1）
2026-05-13T00:58:37.369+08:00 [ERRO] unexpected end of JSON input 
Stack:
1.  game_user/internal/controller/enter.(*Client).handleGetInfo
    D:/gowork/max2/max2/app/game_user/internal/controller/enter/enter_v1_enter.go:717
2.  game_user/internal/controller/enter.(*Client).readLoop
    D:/gowork/max2/max2/app/game_user/internal/controller/enter/enter_v1_enter.go:196

2026-05-13T00:58:37.371+08:00 [ERRO] 用户 1 房间  不存在 
Stack:
1.  game_user/internal/controller/enter.(*Client).handleGetInfo
    D:/gowork/max2/max2/app/game_user/internal/controller/enter/enter_v1_enter.go:729
2.  game_user/internal/controller/enter.(*Client).readLoop
    D:/gowork/max2/max2/app/game_user/internal/controller/enter/enter_v1_enter.go:196

2026-05-13T00:58:37.372+08:00 [INFO] 用户 1 接收消息: {"type":"getInfo","data":"","name":""}（类型: 1）
2026-05-13T00:58:37.375+08:00 [ERRO] unexpected end of JSON input 
Stack:
1.  game_user/internal/controller/enter.(*Client).handleGetInfo
    D:/gowork/max2/max2/app/game_user/internal/controller/enter/enter_v1_enter.go:717
2.  game_user/internal/controller/enter.(*Client).readLoop
    D:/gowork/max2/max2/app/game_user/internal/controller/enter/enter_v1_enter.go:196

2026-05-13T00:58:37.378+08:00 [ERRO] 用户 1 房间  不存在 
Stack:
1.  game_user/internal/controller/enter.(*Client).handleGetInfo
    D:/gowork/max2/max2/app/game_user/internal/controller/enter/enter_v1_enter.go:729
2.  game_user/internal/controller/enter.(*Client).readLoop
    D:/gowork/max2/max2/app/game_user/internal/controller/enter/enter_v1_enter.go:196

2026-05-13T00:58:37.379+08:00 [INFO] 用户 1 接收消息: {"type":"getInfo","data":"","name":""}（类型: 1）
2026-05-13T00:58:37.381+08:00 [ERRO] unexpected end of JSON input 
Stack:
1.  game_user/internal/controller/enter.(*Client).handleGetInfo
    D:/gowork/max2/max2/app/game_user/internal/controller/enter/enter_v1_enter.go:717
2.  game_user/internal/controller/enter.(*Client).readLoop
    D:/gowork/max2/max2/app/game_user/internal/controller/enter/enter_v1_enter.go:196

2026-05-13T00:58:37.382+08:00 [ERRO] 用户 1 房间  不存在 
Stack:
1.  game_user/internal/controller/enter.(*Client).handleGetInfo
    D:/gowork/max2/max2/app/game_user/internal/controller/enter/enter_v1_enter.go:729
2.  game_user/internal/controller/enter.(*Client).readLoop
    D:/gowork/max2/max2/app/game_user/internal/controller/enter/enter_v1_enter.go:196

2026-05-13T00:58:42.355+08:00 [INFO] heartbeatCheck: 4.9765275s
2026-05-13T00:58:42.678+08:00 [INFO] 用户 1 连接已关闭，读循环退出
2026-05-13T00:58:42.681+08:00 [INFO] 用户 1 关闭连接，原因: 读循环退出
2026-05-13T00:58:42.682+08:00 [INFO] 用户 1 心跳检测被取消: context canceled
2026-05-13T00:58:42.683+08:00 [INFO] 用户 1 心跳检测退出
2026-05-13T00:59:10.729+08:00 [INFO] {0cfbd50cf6dfae18e82f2272d871f4c4} 用户 1 连接成功
2026-05-13T00:59:10.736+08:00 [INFO] heartbeatCheck: 2562047h47m16.854775807s
2026-05-13T00:59:10.773+08:00 [INFO] 用户 1 接收消息: {"type":"getInfo","data":"","name":""}（类型: 1）
2026-05-13T00:59:10.805+08:00 [ERRO] unexpected end of JSON input 
Stack:
1.  game_user/internal/controller/enter.(*Client).handleGetInfo
    D:/gowork/max2/max2/app/game_user/internal/controller/enter/enter_v1_enter.go:717
2.  game_user/internal/controller/enter.(*Client).readLoop
    D:/gowork/max2/max2/app/game_user/internal/controller/enter/enter_v1_enter.go:196

2026-05-13T00:59:10.829+08:00 [ERRO] 用户 1 房间  不存在 
Stack:
1.  game_user/internal/controller/enter.(*Client).handleGetInfo
    D:/gowork/max2/max2/app/game_user/internal/controller/enter/enter_v1_enter.go:729
2.  game_user/internal/controller/enter.(*Client).readLoop
    D:/gowork/max2/max2/app/game_user/internal/controller/enter/enter_v1_enter.go:196

2026-05-13T00:59:12.172+08:00 [INFO] 用户 1 接收消息: {"type":"initRoom","data":"","name":""}（类型: 1）
2026-05-13T00:59:12.180+08:00 [ERRO] unexpected end of JSON input 
Stack:
1.  game_user/internal/controller/enter.(*Client).clearRoom
    D:/gowork/max2/max2/app/game_user/internal/controller/enter/enter_v1_enter.go:1010
2.  game_user/internal/controller/enter.(*Client).handleInitRoom
    D:/gowork/max2/max2/app/game_user/internal/controller/enter/enter_v1_enter.go:214
3.  game_user/internal/controller/enter.(*Client).readLoop
    D:/gowork/max2/max2/app/game_user/internal/controller/enter/enter_v1_enter.go:184

2026-05-13T00:59:12.193+08:00 [ERRO] 用户 1 房间  不存在 
Stack:
1.  game_user/internal/controller/enter.(*Client).clearRoom
    D:/gowork/max2/max2/app/game_user/internal/controller/enter/enter_v1_enter.go:1015
2.  game_user/internal/controller/enter.(*Client).handleInitRoom
    D:/gowork/max2/max2/app/game_user/internal/controller/enter/enter_v1_enter.go:214
3.  game_user/internal/controller/enter.(*Client).readLoop
    D:/gowork/max2/max2/app/game_user/internal/controller/enter/enter_v1_enter.go:184

2026-05-13T00:59:12.237+08:00 [INFO] 执行日志异步任务: RoomID:"PDQQTQ"  Type:1  UserID:"1"  Point:902  Action:"initRoom"
2026-05-13T00:59:12.245+08:00 [DEBU] Watch key "/service/default/default/log-service/latest/"
2026-05-13T00:59:12.248+08:00 [INFO] 用户 1 发送消息: {"type":"initRoom","data":"[{\"ID\":0,\"Name\":\"1\",\"RoomID\":\"PDQQTQ\",\"Type\":0,\"CardNum\":13,\"Point\":902,\"UserId\":\"1\",\"RoomType\":1},{\"ID\":1,\"Name\":\"鲁景天\",\"RoomID\":\"PDQQTQ\",\"Type\":1,\"CardNum\":13,\"Point\":0,\"UserId\":\"\",\"RoomType\":1},{\"ID\":2,\"Name\":\"关映冬\",\"RoomID\":\"PDQQTQ\",\"Type\":1,\"CardNum\":13,\"Point\":0,\"UserId\":\"\",\"RoomType\":1},{\"ID\":3,\"Name\":\"柴寒安\",\"RoomID\":\"PDQQTQ\",\"Type\":1,\"CardNum\":13,\"Point\":0,\"UserId\":\"\",\"RoomType\":1}]","from":"1"}
2026-05-13T00:59:12.261+08:00 [INFO] 用户 1 连接已关闭，跳过消息发送
2026-05-13T00:59:12.267+08:00 [INFO] 用户 1 writeLoop退出
2026-05-13T00:59:15.737+08:00 [INFO] heartbeatCheck: 3.5651307s
2026-05-13T00:59:20.737+08:00 [INFO] heartbeatCheck: 8.5650781s
2026-05-13T00:59:22.260+08:00 [INFO] 用户 1 接收消息: {"type":"heartbeat","data":"ping"}（类型: 1）
2026-05-13T00:59:22.263+08:00 [INFO] 用户 1 发送消息: {"type":"heartbeat","data":"pong","from":"1"}
2026-05-13T00:59:24.907+08:00 [INFO] 用户 1 接收消息: {"type":"leaveRoom","data":"","name":""}（类型: 1）
2026-05-13T00:59:24.912+08:00 [ERRO] unexpected end of JSON input 
Stack:
1.  game_user/internal/controller/enter.(*Client).clearRoom
    D:/gowork/max2/max2/app/game_user/internal/controller/enter/enter_v1_enter.go:1010
2.  game_user/internal/controller/enter.(*Client).handleLeaveRoom
    D:/gowork/max2/max2/app/game_user/internal/controller/enter/enter_v1_enter.go:572
3.  game_user/internal/controller/enter.(*Client).readLoop
    D:/gowork/max2/max2/app/game_user/internal/controller/enter/enter_v1_enter.go:190

2026-05-13T00:59:24.914+08:00 [ERRO] 用户 1 房间  不存在 
Stack:
1.  game_user/internal/controller/enter.(*Client).clearRoom
    D:/gowork/max2/max2/app/game_user/internal/controller/enter/enter_v1_enter.go:1015
2.  game_user/internal/controller/enter.(*Client).handleLeaveRoom
    D:/gowork/max2/max2/app/game_user/internal/controller/enter/enter_v1_enter.go:572
3.  game_user/internal/controller/enter.(*Client).readLoop
    D:/gowork/max2/max2/app/game_user/internal/controller/enter/enter_v1_enter.go:190

2026-05-13T00:59:24.916+08:00 [INFO] 用户 1 接收消息: {"type":"getInfo","data":"","name":""}（类型: 1）
2026-05-13T00:59:24.925+08:00 [ERRO] unexpected end of JSON input 
Stack:
1.  game_user/internal/controller/enter.(*Client).handleGetInfo
    D:/gowork/max2/max2/app/game_user/internal/controller/enter/enter_v1_enter.go:717
2.  game_user/internal/controller/enter.(*Client).readLoop
    D:/gowork/max2/max2/app/game_user/internal/controller/enter/enter_v1_enter.go:196

2026-05-13T00:59:24.927+08:00 [ERRO] 用户 1 房间  不存在 
Stack:
1.  game_user/internal/controller/enter.(*Client).handleGetInfo
    D:/gowork/max2/max2/app/game_user/internal/controller/enter/enter_v1_enter.go:729
2.  game_user/internal/controller/enter.(*Client).readLoop
    D:/gowork/max2/max2/app/game_user/internal/controller/enter/enter_v1_enter.go:196

2026-05-13T00:59:25.736+08:00 [INFO] heartbeatCheck: 819.5699ms
2026-05-13T00:59:30.737+08:00 [INFO] heartbeatCheck: 5.8204392s
2026-05-13T00:59:32.267+08:00 [INFO] 用户 1 接收消息: {"type":"heartbeat","data":"ping"}（类型: 1）
2026-05-13T00:59:32.268+08:00 [INFO] 用户 1 发送消息: {"type":"heartbeat","data":"pong","from":"1"}
2026-05-13T00:59:35.452+08:00 [INFO] 用户 1 接收消息: {"type":"initRoom","data":"","name":""}（类型: 1）
2026-05-13T00:59:35.458+08:00 [ERRO] unexpected end of JSON input 
Stack:
1.  game_user/internal/controller/enter.(*Client).clearRoom
    D:/gowork/max2/max2/app/game_user/internal/controller/enter/enter_v1_enter.go:1010
2.  game_user/internal/controller/enter.(*Client).handleInitRoom
    D:/gowork/max2/max2/app/game_user/internal/controller/enter/enter_v1_enter.go:214
3.  game_user/internal/controller/enter.(*Client).readLoop
    D:/gowork/max2/max2/app/game_user/internal/controller/enter/enter_v1_enter.go:184

2026-05-13T00:59:35.460+08:00 [ERRO] 用户 1 房间  不存在 
Stack:
1.  game_user/internal/controller/enter.(*Client).clearRoom
    D:/gowork/max2/max2/app/game_user/internal/controller/enter/enter_v1_enter.go:1015
2.  game_user/internal/controller/enter.(*Client).handleInitRoom
    D:/gowork/max2/max2/app/game_user/internal/controller/enter/enter_v1_enter.go:214
3.  game_user/internal/controller/enter.(*Client).readLoop
    D:/gowork/max2/max2/app/game_user/internal/controller/enter/enter_v1_enter.go:184

2026-05-13T00:59:35.468+08:00 [INFO] 用户 1 发送消息: {"type":"initRoom","data":"[{\"ID\":0,\"Name\":\"1\",\"RoomID\":\"L967UN\",\"Type\":0,\"CardNum\":13,\"Point\":902,\"UserId\":\"1\",\"RoomType\":1},{\"ID\":1,\"Name\":\"施又亦\",\"RoomID\":\"L967UN\",\"Type\":1,\"CardNum\":13,\"Point\":0,\"UserId\":\"\",\"RoomType\":1},{\"ID\":2,\"Name\":\"牛浩波\",\"RoomID\":\"L967UN\",\"Type\":1,\"CardNum\":13,\"Point\":0,\"UserId\":\"\",\"RoomType\":1},{\"ID\":3,\"Name\":\"狄语梦\",\"RoomID\":\"L967UN\",\"Type\":1,\"CardNum\":13,\"Point\":0,\"UserId\":\"\",\"RoomType\":1}]","from":"1"}
2026-05-13T00:59:35.737+08:00 [INFO] heartbeatCheck: 284.3999ms
2026-05-13T00:59:40.736+08:00 [INFO] heartbeatCheck: 5.2837659s
2026-05-13T00:59:45.494+08:00 [INFO] 用户 1 接收消息: {"type":"heartbeat","data":"ping"}（类型: 1）
2026-05-13T00:59:45.495+08:00 [INFO] 用户 1 发送消息: {"type":"heartbeat","data":"pong","from":"1"}
2026-05-13T00:59:45.736+08:00 [INFO] heartbeatCheck: 242.5916ms
2026-05-13T00:59:50.736+08:00 [INFO] heartbeatCheck: 5.242296s
2026-05-13T00:59:55.502+08:00 [INFO] 用户 1 接收消息: {"type":"heartbeat","data":"ping"}（类型: 1）
2026-05-13T00:59:55.504+08:00 [INFO] 用户 1 发送消息: {"type":"heartbeat","data":"pong","from":"1"}
2026-05-13T00:59:55.736+08:00 [INFO] heartbeatCheck: 233.7602ms
2026-05-13T01:00:00.739+08:00 [INFO] heartbeatCheck: 5.2367234s
2026-05-13T01:00:05.518+08:00 [INFO] 用户 1 接收消息: {"type":"heartbeat","data":"ping"}（类型: 1）
2026-05-13T01:00:05.519+08:00 [INFO] 用户 1 发送消息: {"type":"heartbeat","data":"pong","from":"1"}
2026-05-13T01:00:05.736+08:00 [INFO] heartbeatCheck: 218.29ms
2026-05-13T01:00:10.736+08:00 [INFO] heartbeatCheck: 5.2184302s
2026-05-13T01:00:15.525+08:00 [INFO] 用户 1 接收消息: {"type":"heartbeat","data":"ping"}（类型: 1）
2026-05-13T01:00:15.532+08:00 [INFO] 用户 1 发送消息: {"type":"heartbeat","data":"pong","from":"1"}
2026-05-13T01:00:15.736+08:00 [INFO] heartbeatCheck: 211.153ms
2026-05-13T01:00:18.542+08:00 [INFO] 用户 1 接收消息: {"type":"leaveRoom","data":"","name":""}（类型: 1）
2026-05-13T01:00:18.635+08:00 [ERRO] unexpected end of JSON input 
Stack:
1.  game_user/internal/controller/enter.(*Client).clearRoom
    D:/gowork/max2/max2/app/game_user/internal/controller/enter/enter_v1_enter.go:1010
2.  game_user/internal/controller/enter.(*Client).handleLeaveRoom
    D:/gowork/max2/max2/app/game_user/internal/controller/enter/enter_v1_enter.go:572
3.  game_user/internal/controller/enter.(*Client).readLoop
    D:/gowork/max2/max2/app/game_user/internal/controller/enter/enter_v1_enter.go:190

2026-05-13T01:00:18.643+08:00 [ERRO] 用户 1 房间  不存在 
Stack:
1.  game_user/internal/controller/enter.(*Client).clearRoom
    D:/gowork/max2/max2/app/game_user/internal/controller/enter/enter_v1_enter.go:1015
2.  game_user/internal/controller/enter.(*Client).handleLeaveRoom
    D:/gowork/max2/max2/app/game_user/internal/controller/enter/enter_v1_enter.go:572
3.  game_user/internal/controller/enter.(*Client).readLoop
    D:/gowork/max2/max2/app/game_user/internal/controller/enter/enter_v1_enter.go:190

2026-05-13T01:00:18.643+08:00 [INFO] 用户 1 接收消息: {"type":"getInfo","data":"","name":""}（类型: 1）
2026-05-13T01:00:18.646+08:00 [ERRO] unexpected end of JSON input 
Stack:
1.  game_user/internal/controller/enter.(*Client).handleGetInfo
    D:/gowork/max2/max2/app/game_user/internal/controller/enter/enter_v1_enter.go:717
2.  game_user/internal/controller/enter.(*Client).readLoop
    D:/gowork/max2/max2/app/game_user/internal/controller/enter/enter_v1_enter.go:196

2026-05-13T01:00:18.650+08:00 [ERRO] 用户 1 房间  不存在 
Stack:
1.  game_user/internal/controller/enter.(*Client).handleGetInfo
    D:/gowork/max2/max2/app/game_user/internal/controller/enter/enter_v1_enter.go:729
2.  game_user/internal/controller/enter.(*Client).readLoop
    D:/gowork/max2/max2/app/game_user/internal/controller/enter/enter_v1_enter.go:196

2026-05-13T01:00:20.477+08:00 [INFO] 用户 1 接收消息: {"type":"initRoom","data":"","name":""}（类型: 1）
2026-05-13T01:00:20.484+08:00 [ERRO] unexpected end of JSON input 
Stack:
1.  game_user/internal/controller/enter.(*Client).clearRoom
    D:/gowork/max2/max2/app/game_user/internal/controller/enter/enter_v1_enter.go:1010
2.  game_user/internal/controller/enter.(*Client).handleInitRoom
    D:/gowork/max2/max2/app/game_user/internal/controller/enter/enter_v1_enter.go:214
3.  game_user/internal/controller/enter.(*Client).readLoop
    D:/gowork/max2/max2/app/game_user/internal/controller/enter/enter_v1_enter.go:184

2026-05-13T01:00:20.489+08:00 [ERRO] 用户 1 房间  不存在 
Stack:
1.  game_user/internal/controller/enter.(*Client).clearRoom
    D:/gowork/max2/max2/app/game_user/internal/controller/enter/enter_v1_enter.go:1015
2.  game_user/internal/controller/enter.(*Client).handleInitRoom
    D:/gowork/max2/max2/app/game_user/internal/controller/enter/enter_v1_enter.go:214
3.  game_user/internal/controller/enter.(*Client).readLoop
    D:/gowork/max2/max2/app/game_user/internal/controller/enter/enter_v1_enter.go:184

2026-05-13T01:00:20.502+08:00 [INFO] 用户 1 开始延迟添加AI到房间 Y3OUBF
2026-05-13T01:00:20.506+08:00 [INFO] 用户 1 发送消息: {"type":"initRoom","data":"[{\"ID\":0,\"Name\":\"1\",\"RoomID\":\"Y3OUBF\",\"Type\":0,\"CardNum\":13,\"Point\":902,\"UserId\":\"1\",\"RoomType\":1}]","from":"1"}
2026-05-13T01:00:20.737+08:00 [INFO] heartbeatCheck: 260.3489ms
2026-05-13T01:00:22.506+08:00 [INFO] 用户 1 发送消息: {"type":"initRoom","data":"[{\"ID\":0,\"Name\":\"1\",\"RoomID\":\"Y3OUBF\",\"Type\":0,\"CardNum\":13,\"Point\":902,\"UserId\":\"1\",\"RoomType\":1},{\"ID\":1,\"Name\":\"董思菱\",\"RoomID\":\"Y3OUBF\",\"Type\":1,\"CardNum\":13,\"Point\":0,\"UserId\":\"\",\"RoomType\":1},{\"ID\":2,\"Name\":\"万梦蕊\",\"RoomID\":\"Y3OUBF\",\"Type\":1,\"CardNum\":13,\"Point\":0,\"UserId\":\"\",\"RoomType\":1},{\"ID\":3,\"Name\":\"钱维运\",\"RoomID\":\"Y3OUBF\",\"Type\":1,\"CardNum\":13,\"Point\":0,\"UserId\":\"\",\"RoomType\":1}]","from":"1"}
2026-05-13T01:00:25.742+08:00 [INFO] heartbeatCheck: 5.2656114s
2026-05-13T01:00:30.737+08:00 [INFO] heartbeatCheck: 10.2604114s
2026-05-13T01:00:31.313+08:00 [INFO] 用户 1 接收消息: {"type":"leaveRoom","data":"","name":""}（类型: 1）
2026-05-13T01:00:39.429+08:00 [INFO] heartbeatCheck: 8.1163836s
2026-05-13T01:00:39.430+08:00 [WARN] keepalive exit, lease id: 7587894790532690326, retry register
2026-05-13T01:00:39.434+08:00 [WARN] keepalive exit, lease id: 7587894790532690323, retry register
2026-05-13T01:00:39.435+08:00 [ERRO] unexpected end of JSON input 
Stack:
1.  game_user/internal/controller/enter.(*Client).clearRoom
    D:/gowork/max2/max2/app/game_user/internal/controller/enter/enter_v1_enter.go:1010
2.  game_user/internal/controller/enter.(*Client).handleLeaveRoom
    D:/gowork/max2/max2/app/game_user/internal/controller/enter/enter_v1_enter.go:572
3.  game_user/internal/controller/enter.(*Client).readLoop
    D:/gowork/max2/max2/app/game_user/internal/controller/enter/enter_v1_enter.go:190

2026-05-13T01:01:12.221+08:00 [INFO] heartbeatCheck: 40.9087291s
2026-05-13T01:01:12.222+08:00 [ERRO] 用户 1 房间  不存在 
Stack:
1.  game_user/internal/controller/enter.(*Client).clearRoom
    D:/gowork/max2/max2/app/game_user/internal/controller/enter/enter_v1_enter.go:1015
2.  game_user/internal/controller/enter.(*Client).handleLeaveRoom
    D:/gowork/max2/max2/app/game_user/internal/controller/enter/enter_v1_enter.go:572
3.  game_user/internal/controller/enter.(*Client).readLoop
    D:/gowork/max2/max2/app/game_user/internal/controller/enter/enter_v1_enter.go:190

2026-05-13T01:01:12.223+08:00 [INFO] 用户 1 接收消息: {"type":"getInfo","data":"","name":""}（类型: 1）
2026-05-13T01:01:12.224+08:00 [ERRO] keepalive retry register failed, will retry in 1s: etcd grant failed with keepalive ttl "10s": context deadline exceeded
1. etcd grant failed with keepalive ttl "10s"
2. context deadline exceeded

2026-05-13T01:01:12.223+08:00 [ERRO] unexpected end of JSON input 
Stack:
1.  game_user/internal/controller/enter.(*Client).handleGetInfo
    D:/gowork/max2/max2/app/game_user/internal/controller/enter/enter_v1_enter.go:717
2.  game_user/internal/controller/enter.(*Client).readLoop
    D:/gowork/max2/max2/app/game_user/internal/controller/enter/enter_v1_enter.go:196

2026-05-13T01:01:12.225+08:00 [ERRO] keepalive retry register failed, will retry in 1s: etcd put failed with key "/service/default/default/game_user.svc/latest/172.20.10.3:8010", value "{"insecure":true,"protocol":"http"}", lease "7587894790532690333": context deadline exceeded
1. etcd put failed with key "/service/default/default/game_user.svc/latest/172.20.10.3:8010", value "{"insecure":true,"protocol":"http"}", lease "7587894790532690333"
2. context deadline exceeded

2026-05-13T01:01:12.225+08:00 [ERRO] 用户 1 房间  不存在 
Stack:
1.  game_user/internal/controller/enter.(*Client).handleGetInfo
    D:/gowork/max2/max2/app/game_user/internal/controller/enter/enter_v1_enter.go:729
2.  game_user/internal/controller/enter.(*Client).readLoop
    D:/gowork/max2/max2/app/game_user/internal/controller/enter/enter_v1_enter.go:196

2026-05-13T01:01:12.227+08:00 [INFO] 用户 1 接收消息: {"type":"heartbeat","data":"ping"}（类型: 1）
2026-05-13T01:01:12.228+08:00 [INFO] 用户 1 接收消息: {"type":"initRoom","data":"","name":""}（类型: 1）
2026-05-13T01:01:12.229+08:00 [INFO] 用户 1 发送消息: {"type":"heartbeat","data":"pong","from":"1"}
2026-05-13T01:01:12.229+08:00 [ERRO] unexpected end of JSON input 
Stack:
1.  game_user/internal/controller/enter.(*Client).clearRoom
    D:/gowork/max2/max2/app/game_user/internal/controller/enter/enter_v1_enter.go:1010
2.  game_user/internal/controller/enter.(*Client).handleInitRoom
    D:/gowork/max2/max2/app/game_user/internal/controller/enter/enter_v1_enter.go:214
3.  game_user/internal/controller/enter.(*Client).readLoop
    D:/gowork/max2/max2/app/game_user/internal/controller/enter/enter_v1_enter.go:184

2026-05-13T01:01:12.233+08:00 [ERRO] 用户 1 房间  不存在 
Stack:
1.  game_user/internal/controller/enter.(*Client).clearRoom
    D:/gowork/max2/max2/app/game_user/internal/controller/enter/enter_v1_enter.go:1015
2.  game_user/internal/controller/enter.(*Client).handleInitRoom
    D:/gowork/max2/max2/app/game_user/internal/controller/enter/enter_v1_enter.go:214
3.  game_user/internal/controller/enter.(*Client).readLoop
    D:/gowork/max2/max2/app/game_user/internal/controller/enter/enter_v1_enter.go:184

2026-05-13T01:01:12.235+08:00 [INFO] 用户 1 开始延迟添加AI到房间 WO0KS5
2026-05-13T01:01:12.235+08:00 [INFO] 用户 1 发送消息: {"type":"initRoom","data":"[{\"ID\":0,\"Name\":\"1\",\"RoomID\":\"WO0KS5\",\"Type\":0,\"CardNum\":13,\"Point\":902,\"UserId\":\"1\",\"RoomType\":1},{\"ID\":1,\"Name\":\"戚雪松\",\"RoomID\":\"WO0KS5\",\"Type\":1,\"CardNum\":13,\"Point\":0,\"UserId\":\"\",\"RoomType\":1}]","from":"1"}
2026-05-13T01:01:12.235+08:00 [INFO] 用户 1 接收消息: {"type":"heartbeat","data":"ping"}（类型: 1）
2026-05-13T01:01:12.237+08:00 [INFO] 用户 1 接收消息: {"type":"heartbeat","data":"ping"}（类型: 1）
2026-05-13T01:01:12.238+08:00 [INFO] 用户 1 发送消息: {"type":"heartbeat","data":"pong","from":"1"}
2026-05-13T01:01:12.239+08:00 [INFO] 用户 1 接收消息: {"type":"heartbeat","data":"ping"}（类型: 1）
2026-05-13T01:01:12.240+08:00 [INFO] 用户 1 发送消息: {"type":"heartbeat","data":"pong","from":"1"}
2026-05-13T01:01:12.241+08:00 [INFO] 用户 1 发送消息: {"type":"heartbeat","data":"pong","from":"1"}
2026-05-13T01:01:13.231+08:00 [DEBU] etcd put success with key "/service/default/default/game_user/latest/172.20.10.3:9010", value "{"protocol":"grpc"}", lease "7587894790532690340"
2026-05-13T01:01:13.233+08:00 [DEBU] etcd put success with key "/service/default/default/game_user.svc/latest/172.20.10.3:8010", value "{"insecure":true,"protocol":"http"}", lease "7587894790532690342"
2026-05-13T01:01:14.238+08:00 [INFO] 用户 1 发送消息: {"type":"initRoom","data":"[{\"ID\":0,\"Name\":\"1\",\"RoomID\":\"WO0KS5\",\"Type\":0,\"CardNum\":13,\"Point\":902,\"UserId\":\"1\",\"RoomType\":1},{\"ID\":1,\"Name\":\"戚雪松\",\"RoomID\":\"WO0KS5\",\"Type\":1,\"CardNum\":13,\"Point\":0,\"UserId\":\"\",\"RoomType\":1},{\"ID\":2,\"Name\":\"刁鸿博\",\"RoomID\":\"WO0KS5\",\"Type\":1,\"CardNum\":13,\"Point\":0,\"UserId\":\"\",\"RoomType\":1},{\"ID\":3,\"Name\":\"蓝碧萱\",\"RoomID\":\"WO0KS5\",\"Type\":1,\"CardNum\":13,\"Point\":0,\"UserId\":\"\",\"RoomType\":1}]","from":"1"}
2026-05-13T01:01:15.736+08:00 [INFO] heartbeatCheck: 3.4973233s
2026-05-13T01:01:20.736+08:00 [INFO] heartbeatCheck: 8.4977751s
2026-05-13T01:01:24.245+08:00 [INFO] 用户 1 接收消息: {"type":"heartbeat","data":"ping"}（类型: 1）
2026-05-13T01:01:24.248+08:00 [INFO] 用户 1 发送消息: {"type":"heartbeat","data":"pong","from":"1"}
2026-05-13T01:01:25.736+08:00 [INFO] heartbeatCheck: 1.4905809s
2026-05-13T01:01:30.736+08:00 [INFO] heartbeatCheck: 6.490652s
2026-05-13T01:01:34.263+08:00 [INFO] 用户 1 接收消息: {"type":"heartbeat","data":"ping"}（类型: 1）
2026-05-13T01:01:34.264+08:00 [INFO] 用户 1 发送消息: {"type":"heartbeat","data":"pong","from":"1"}
2026-05-13T01:01:35.737+08:00 [INFO] heartbeatCheck: 1.4737884s
2026-05-13T01:01:40.736+08:00 [INFO] heartbeatCheck: 6.4728291s
2026-05-13T01:01:44.278+08:00 [INFO] 用户 1 接收消息: {"type":"heartbeat","data":"ping"}（类型: 1）
2026-05-13T01:01:44.282+08:00 [INFO] 用户 1 发送消息: {"type":"heartbeat","data":"pong","from":"1"}
2026-05-13T01:01:45.736+08:00 [INFO] heartbeatCheck: 1.4579841s
2026-05-13T01:01:50.736+08:00 [INFO] heartbeatCheck: 6.4579393s
2026-05-13T01:01:54.289+08:00 [INFO] 用户 1 接收消息: {"type":"heartbeat","data":"ping"}（类型: 1）
2026-05-13T01:01:54.296+08:00 [INFO] 用户 1 发送消息: {"type":"heartbeat","data":"pong","from":"1"}
2026-05-13T01:01:55.736+08:00 [INFO] heartbeatCheck: 1.4471585s
2026-05-13T01:02:00.736+08:00 [INFO] heartbeatCheck: 6.4471122s
2026-05-13T01:02:04.298+08:00 [INFO] 用户 1 接收消息: {"type":"heartbeat","data":"ping"}（类型: 1）
2026-05-13T01:02:04.299+08:00 [INFO] 用户 1 发送消息: {"type":"heartbeat","data":"pong","from":"1"}
2026-05-13T01:02:05.736+08:00 [INFO] heartbeatCheck: 1.4374759s
2026-05-13T01:02:10.736+08:00 [INFO] heartbeatCheck: 6.4375305s
2026-05-13T01:02:14.304+08:00 [INFO] 用户 1 接收消息: {"type":"heartbeat","data":"ping"}（类型: 1）
2026-05-13T01:02:14.305+08:00 [INFO] 用户 1 发送消息: {"type":"heartbeat","data":"pong","from":"1"}
2026-05-13T01:02:15.736+08:00 [INFO] heartbeatCheck: 1.4325892s
2026-05-13T01:02:20.736+08:00 [INFO] heartbeatCheck: 6.4321119s
2026-05-13T01:02:24.317+08:00 [INFO] 用户 1 接收消息: {"type":"heartbeat","data":"ping"}（类型: 1）
2026-05-13T01:02:24.321+08:00 [INFO] 用户 1 发送消息: {"type":"heartbeat","data":"pong","from":"1"}
2026-05-13T01:02:24.404+08:00 [INFO] 用户 1 接收消息: {"type":"leaveRoom","data":"","name":""}（类型: 1）
2026-05-13T01:02:24.415+08:00 [ERRO] unexpected end of JSON input 
Stack:
1.  game_user/internal/controller/enter.(*Client).clearRoom
    D:/gowork/max2/max2/app/game_user/internal/controller/enter/enter_v1_enter.go:1010
2.  game_user/internal/controller/enter.(*Client).handleLeaveRoom
    D:/gowork/max2/max2/app/game_user/internal/controller/enter/enter_v1_enter.go:572
3.  game_user/internal/controller/enter.(*Client).readLoop
    D:/gowork/max2/max2/app/game_user/internal/controller/enter/enter_v1_enter.go:190

2026-05-13T01:02:24.490+08:00 [ERRO] 用户 1 房间  不存在 
Stack:
1.  game_user/internal/controller/enter.(*Client).clearRoom
    D:/gowork/max2/max2/app/game_user/internal/controller/enter/enter_v1_enter.go:1015
2.  game_user/internal/controller/enter.(*Client).handleLeaveRoom
    D:/gowork/max2/max2/app/game_user/internal/controller/enter/enter_v1_enter.go:572
3.  game_user/internal/controller/enter.(*Client).readLoop
    D:/gowork/max2/max2/app/game_user/internal/controller/enter/enter_v1_enter.go:190

2026-05-13T01:02:24.507+08:00 [INFO] 用户 1 接收消息: {"type":"getInfo","data":"","name":""}（类型: 1）
2026-05-13T01:02:24.512+08:00 [ERRO] unexpected end of JSON input 
Stack:
1.  game_user/internal/controller/enter.(*Client).handleGetInfo
    D:/gowork/max2/max2/app/game_user/internal/controller/enter/enter_v1_enter.go:717
2.  game_user/internal/controller/enter.(*Client).readLoop
    D:/gowork/max2/max2/app/game_user/internal/controller/enter/enter_v1_enter.go:196

2026-05-13T01:02:24.553+08:00 [ERRO] 用户 1 房间  不存在 
Stack:
1.  game_user/internal/controller/enter.(*Client).handleGetInfo
    D:/gowork/max2/max2/app/game_user/internal/controller/enter/enter_v1_enter.go:729
2.  game_user/internal/controller/enter.(*Client).readLoop
    D:/gowork/max2/max2/app/game_user/internal/controller/enter/enter_v1_enter.go:196

2026-05-13T01:02:25.737+08:00 [INFO] heartbeatCheck: 1.2294252s
2026-05-13T01:02:30.736+08:00 [INFO] heartbeatCheck: 6.2290023s
2026-05-13T01:02:34.346+08:00 [INFO] 用户 1 接收消息: {"type":"heartbeat","data":"ping"}（类型: 1）
2026-05-13T01:02:34.347+08:00 [INFO] 用户 1 发送消息: {"type":"heartbeat","data":"pong","from":"1"}
2026-05-13T01:02:35.737+08:00 [INFO] heartbeatCheck: 1.3916223s
2026-05-13T01:02:40.736+08:00 [INFO] heartbeatCheck: 6.3904715s
2026-05-13T01:02:44.357+08:00 [INFO] 用户 1 接收消息: {"type":"heartbeat","data":"ping"}（类型: 1）
2026-05-13T01:02:44.359+08:00 [INFO] 用户 1 发送消息: {"type":"heartbeat","data":"pong","from":"1"}
2026-05-13T01:02:45.737+08:00 [INFO] heartbeatCheck: 1.3791267s
2026-05-13T01:02:50.736+08:00 [INFO] heartbeatCheck: 6.3785583s
2026-05-13T01:02:54.366+08:00 [INFO] 用户 1 接收消息: {"type":"heartbeat","data":"ping"}（类型: 1）
2026-05-13T01:02:54.370+08:00 [INFO] 用户 1 发送消息: {"type":"heartbeat","data":"pong","from":"1"}
2026-05-13T01:02:55.737+08:00 [INFO] heartbeatCheck: 1.3710558s
2026-05-13T01:03:00.737+08:00 [INFO] heartbeatCheck: 6.3710931s
2026-05-13T01:03:04.379+08:00 [INFO] 用户 1 接收消息: {"type":"heartbeat","data":"ping"}（类型: 1）
2026-05-13T01:03:04.381+08:00 [INFO] 用户 1 发送消息: {"type":"heartbeat","data":"pong","from":"1"}
2026-05-13T01:03:05.736+08:00 [INFO] heartbeatCheck: 1.3578059s
2026-05-13T01:03:10.737+08:00 [INFO] heartbeatCheck: 6.3583882s
2026-05-13T01:03:15.161+08:00 [INFO] 用户 1 接收消息: {"type":"heartbeat","data":"ping"}（类型: 1）
2026-05-13T01:03:15.164+08:00 [INFO] 用户 1 发送消息: {"type":"heartbeat","data":"pong","from":"1"}
2026-05-13T01:03:15.736+08:00 [INFO] heartbeatCheck: 576.3455ms
2026-05-13T01:03:20.736+08:00 [INFO] heartbeatCheck: 5.5762107s
2026-05-13T01:03:25.736+08:00 [INFO] heartbeatCheck: 10.5762053s
2026-05-13T01:03:26.159+08:00 [INFO] 用户 1 接收消息: {"type":"heartbeat","data":"ping"}（类型: 1）
2026-05-13T01:03:26.167+08:00 [INFO] 用户 1 发送消息: {"type":"heartbeat","data":"pong","from":"1"}
2026-05-13T01:03:30.736+08:00 [INFO] heartbeatCheck: 4.577223s
2026-05-13T01:03:35.736+08:00 [INFO] heartbeatCheck: 9.5772619s
2026-05-13T01:03:37.169+08:00 [INFO] 用户 1 接收消息: {"type":"heartbeat","data":"ping"}（类型: 1）
2026-05-13T01:03:37.172+08:00 [INFO] 用户 1 发送消息: {"type":"heartbeat","data":"pong","from":"1"}
2026-05-13T01:03:40.736+08:00 [INFO] heartbeatCheck: 3.567488s
2026-05-13T01:03:45.736+08:00 [INFO] heartbeatCheck: 8.5675133s
2026-05-13T01:03:48.166+08:00 [INFO] 用户 1 接收消息: {"type":"heartbeat","data":"ping"}（类型: 1）
2026-05-13T01:03:48.168+08:00 [INFO] 用户 1 发送消息: {"type":"heartbeat","data":"pong","from":"1"}
2026-05-13T01:03:50.737+08:00 [INFO] heartbeatCheck: 2.5709254s
2026-05-13T01:03:55.736+08:00 [INFO] heartbeatCheck: 7.5706482s
2026-05-13T01:03:59.171+08:00 [INFO] 用户 1 接收消息: {"type":"heartbeat","data":"ping"}（类型: 1）
2026-05-13T01:03:59.173+08:00 [INFO] 用户 1 发送消息: {"type":"heartbeat","data":"pong","from":"1"}
2026-05-13T01:04:00.736+08:00 [INFO] heartbeatCheck: 1.5650608s
2026-05-13T01:04:05.737+08:00 [INFO] heartbeatCheck: 6.5654189s
2026-05-13T01:04:10.160+08:00 [INFO] 用户 1 接收消息: {"type":"heartbeat","data":"ping"}（类型: 1）
2026-05-13T01:04:10.162+08:00 [INFO] 用户 1 发送消息: {"type":"heartbeat","data":"pong","from":"1"}
2026-05-13T01:04:10.737+08:00 [INFO] heartbeatCheck: 576.2996ms
2026-05-13T01:04:15.736+08:00 [INFO] heartbeatCheck: 5.5759039s
2026-05-13T01:04:20.736+08:00 [INFO] heartbeatCheck: 10.5757897s
2026-05-13T01:04:21.160+08:00 [INFO] 用户 1 接收消息: {"type":"heartbeat","data":"ping"}（类型: 1）
2026-05-13T01:04:21.163+08:00 [INFO] 用户 1 发送消息: {"type":"heartbeat","data":"pong","from":"1"}
2026-05-13T01:04:25.736+08:00 [INFO] heartbeatCheck: 4.5763033s
2026-05-13T01:04:30.736+08:00 [INFO] heartbeatCheck: 9.5765537s
2026-05-13T01:04:32.169+08:00 [INFO] 用户 1 接收消息: {"type":"heartbeat","data":"ping"}（类型: 1）
2026-05-13T01:04:32.172+08:00 [INFO] 用户 1 发送消息: {"type":"heartbeat","data":"pong","from":"1"}
2026-05-13T01:04:35.736+08:00 [INFO] heartbeatCheck: 3.566938s
2026-05-13T01:04:40.736+08:00 [INFO] heartbeatCheck: 8.5665967s
2026-05-13T01:04:43.158+08:00 [INFO] 用户 1 接收消息: {"type":"heartbeat","data":"ping"}（类型: 1）
2026-05-13T01:04:43.161+08:00 [INFO] 用户 1 发送消息: {"type":"heartbeat","data":"pong","from":"1"}
2026-05-13T01:04:45.737+08:00 [INFO] heartbeatCheck: 2.5783669s
2026-05-13T01:04:50.736+08:00 [INFO] heartbeatCheck: 7.5778259s
2026-05-13T01:04:54.169+08:00 [INFO] 用户 1 接收消息: {"type":"heartbeat","data":"ping"}（类型: 1）
2026-05-13T01:04:54.171+08:00 [INFO] 用户 1 发送消息: {"type":"heartbeat","data":"pong","from":"1"}
2026-05-13T01:04:55.736+08:00 [INFO] heartbeatCheck: 1.5674878s
2026-05-13T01:05:00.737+08:00 [INFO] heartbeatCheck: 6.5682149s
2026-05-13T01:05:05.163+08:00 [INFO] 用户 1 接收消息: {"type":"heartbeat","data":"ping"}（类型: 1）
2026-05-13T01:05:05.172+08:00 [INFO] 用户 1 发送消息: {"type":"heartbeat","data":"pong","from":"1"}
2026-05-13T01:05:05.736+08:00 [INFO] heartbeatCheck: 572.9006ms
2026-05-13T01:05:10.737+08:00 [INFO] heartbeatCheck: 5.5735638s
2026-05-13T01:05:15.737+08:00 [INFO] heartbeatCheck: 10.5740715s
2026-05-13T01:05:16.170+08:00 [INFO] 用户 1 接收消息: {"type":"heartbeat","data":"ping"}（类型: 1）
2026-05-13T01:05:16.174+08:00 [INFO] 用户 1 发送消息: {"type":"heartbeat","data":"pong","from":"1"}
2026-05-13T01:05:20.736+08:00 [INFO] heartbeatCheck: 4.5660525s
2026-05-13T01:05:25.736+08:00 [INFO] heartbeatCheck: 9.5656771s
2026-05-13T01:05:27.163+08:00 [INFO] 用户 1 接收消息: {"type":"heartbeat","data":"ping"}（类型: 1）
2026-05-13T01:05:27.165+08:00 [INFO] 用户 1 发送消息: {"type":"heartbeat","data":"pong","from":"1"}
2026-05-13T01:05:30.736+08:00 [INFO] heartbeatCheck: 3.5733104s
2026-05-13T01:05:35.736+08:00 [INFO] heartbeatCheck: 8.5737673s
2026-05-13T01:05:38.162+08:00 [INFO] 用户 1 接收消息: {"type":"heartbeat","data":"ping"}（类型: 1）
2026-05-13T01:05:38.164+08:00 [INFO] 用户 1 发送消息: {"type":"heartbeat","data":"pong","from":"1"}
2026-05-13T01:05:40.736+08:00 [INFO] heartbeatCheck: 2.5747069s
2026-05-13T01:05:45.736+08:00 [INFO] heartbeatCheck: 7.5747695s
2026-05-13T01:05:49.158+08:00 [INFO] 用户 1 接收消息: {"type":"heartbeat","data":"ping"}（类型: 1）
2026-05-13T01:05:49.161+08:00 [INFO] 用户 1 发送消息: {"type":"heartbeat","data":"pong","from":"1"}
2026-05-13T01:05:50.737+08:00 [INFO] heartbeatCheck: 1.5783551s
2026-05-13T01:05:55.736+08:00 [INFO] heartbeatCheck: 6.577755s
2026-05-13T01:06:00.168+08:00 [INFO] 用户 1 接收消息: {"type":"heartbeat","data":"ping"}（类型: 1）
2026-05-13T01:06:00.169+08:00 [INFO] 用户 1 发送消息: {"type":"heartbeat","data":"pong","from":"1"}
2026-05-13T01:06:00.736+08:00 [INFO] heartbeatCheck: 568.633ms
2026-05-13T01:06:05.736+08:00 [INFO] heartbeatCheck: 5.5685434s
2026-05-13T01:06:10.736+08:00 [INFO] heartbeatCheck: 10.5688461s
2026-05-13T01:06:11.170+08:00 [INFO] 用户 1 接收消息: {"type":"heartbeat","data":"ping"}（类型: 1）
2026-05-13T01:06:11.173+08:00 [INFO] 用户 1 发送消息: {"type":"heartbeat","data":"pong","from":"1"}
2026-05-13T01:06:15.736+08:00 [INFO] heartbeatCheck: 4.565906s
2026-05-13T01:06:20.736+08:00 [INFO] heartbeatCheck: 9.5659046s
2026-05-13T01:06:22.175+08:00 [INFO] 用户 1 接收消息: {"type":"heartbeat","data":"ping"}（类型: 1）
2026-05-13T01:06:22.177+08:00 [INFO] 用户 1 发送消息: {"type":"heartbeat","data":"pong","from":"1"}
2026-05-13T01:06:25.737+08:00 [INFO] heartbeatCheck: 3.561829s
2026-05-13T01:06:30.736+08:00 [INFO] heartbeatCheck: 8.5612991s
2026-05-13T01:06:33.161+08:00 [INFO] 用户 1 接收消息: {"type":"heartbeat","data":"ping"}（类型: 1）
2026-05-13T01:06:33.164+08:00 [INFO] 用户 1 发送消息: {"type":"heartbeat","data":"pong","from":"1"}
2026-05-13T01:06:35.736+08:00 [INFO] heartbeatCheck: 2.5752643s
2026-05-13T01:06:40.736+08:00 [INFO] heartbeatCheck: 7.5749912s
2026-05-13T01:06:44.168+08:00 [INFO] 用户 1 接收消息: {"type":"heartbeat","data":"ping"}（类型: 1）
2026-05-13T01:06:44.177+08:00 [INFO] 用户 1 发送消息: {"type":"heartbeat","data":"pong","from":"1"}
2026-05-13T01:06:45.737+08:00 [INFO] heartbeatCheck: 1.5690471s
2026-05-13T01:06:50.736+08:00 [INFO] heartbeatCheck: 6.5686376s
2026-05-13T01:06:55.157+08:00 [INFO] 用户 1 接收消息: {"type":"heartbeat","data":"ping"}（类型: 1）
2026-05-13T01:06:55.160+08:00 [INFO] 用户 1 发送消息: {"type":"heartbeat","data":"pong","from":"1"}
2026-05-13T01:06:55.736+08:00 [INFO] heartbeatCheck: 580.0252ms
2026-05-13T01:07:00.736+08:00 [INFO] heartbeatCheck: 5.5801023s
2026-05-13T01:07:05.736+08:00 [INFO] heartbeatCheck: 10.5801653s
2026-05-13T01:07:06.156+08:00 [INFO] 用户 1 接收消息: {"type":"heartbeat","data":"ping"}（类型: 1）
2026-05-13T01:07:06.159+08:00 [INFO] 用户 1 发送消息: {"type":"heartbeat","data":"pong","from":"1"}
2026-05-13T01:07:10.736+08:00 [INFO] heartbeatCheck: 4.5811785s
2026-05-13T01:07:15.737+08:00 [INFO] heartbeatCheck: 9.5819772s
2026-05-13T01:07:17.158+08:00 [INFO] 用户 1 接收消息: {"type":"heartbeat","data":"ping"}（类型: 1）
2026-05-13T01:07:17.161+08:00 [INFO] 用户 1 发送消息: {"type":"heartbeat","data":"pong","from":"1"}
2026-05-13T01:07:20.736+08:00 [INFO] heartbeatCheck: 3.5781986s
2026-05-13T01:07:25.736+08:00 [INFO] heartbeatCheck: 8.5784504s
2026-05-13T01:07:28.158+08:00 [INFO] 用户 1 接收消息: {"type":"heartbeat","data":"ping"}（类型: 1）
2026-05-13T01:07:28.161+08:00 [INFO] 用户 1 发送消息: {"type":"heartbeat","data":"pong","from":"1"}
2026-05-13T01:07:30.736+08:00 [INFO] heartbeatCheck: 2.5786152s
2026-05-13T01:07:35.736+08:00 [INFO] heartbeatCheck: 7.578472s
2026-05-13T01:07:39.165+08:00 [INFO] 用户 1 接收消息: {"type":"heartbeat","data":"ping"}（类型: 1）
2026-05-13T01:07:39.167+08:00 [INFO] 用户 1 发送消息: {"type":"heartbeat","data":"pong","from":"1"}
2026-05-13T01:07:40.736+08:00 [INFO] heartbeatCheck: 1.57078s
2026-05-13T01:07:45.737+08:00 [INFO] heartbeatCheck: 6.5715545s
2026-05-13T01:07:50.164+08:00 [INFO] 用户 1 接收消息: {"type":"heartbeat","data":"ping"}（类型: 1）
2026-05-13T01:07:50.166+08:00 [INFO] 用户 1 发送消息: {"type":"heartbeat","data":"pong","from":"1"}
2026-05-13T01:07:50.736+08:00 [INFO] heartbeatCheck: 572.3559ms
2026-05-13T01:07:55.736+08:00 [INFO] heartbeatCheck: 5.5720685s
2026-05-13T01:08:00.737+08:00 [INFO] heartbeatCheck: 10.5729063s
2026-05-13T01:08:01.166+08:00 [INFO] 用户 1 接收消息: {"type":"heartbeat","data":"ping"}（类型: 1）
2026-05-13T01:08:01.168+08:00 [INFO] 用户 1 发送消息: {"type":"heartbeat","data":"pong","from":"1"}
2026-05-13T01:08:05.736+08:00 [INFO] heartbeatCheck: 4.5700593s
2026-05-13T01:08:10.736+08:00 [INFO] heartbeatCheck: 9.569759s
2026-05-13T01:08:12.158+08:00 [INFO] 用户 1 接收消息: {"type":"heartbeat","data":"ping"}（类型: 1）
2026-05-13T01:08:12.161+08:00 [INFO] 用户 1 发送消息: {"type":"heartbeat","data":"pong","from":"1"}
2026-05-13T01:08:15.737+08:00 [INFO] heartbeatCheck: 3.5790345s
2026-05-13T01:08:20.736+08:00 [INFO] heartbeatCheck: 8.5788558s
2026-05-13T01:08:23.163+08:00 [INFO] 用户 1 接收消息: {"type":"heartbeat","data":"ping"}（类型: 1）
2026-05-13T01:08:23.166+08:00 [INFO] 用户 1 发送消息: {"type":"heartbeat","data":"pong","from":"1"}
2026-05-13T01:08:25.738+08:00 [INFO] heartbeatCheck: 2.5754693s
2026-05-13T01:08:30.737+08:00 [INFO] heartbeatCheck: 7.5741893s
2026-05-13T01:08:34.163+08:00 [INFO] 用户 1 接收消息: {"type":"heartbeat","data":"ping"}（类型: 1）
2026-05-13T01:08:34.167+08:00 [INFO] 用户 1 发送消息: {"type":"heartbeat","data":"pong","from":"1"}
2026-05-13T01:08:35.736+08:00 [INFO] heartbeatCheck: 1.5735573s
2026-05-13T01:08:40.736+08:00 [INFO] heartbeatCheck: 6.573709s
2026-05-13T01:08:45.162+08:00 [INFO] 用户 1 接收消息: {"type":"heartbeat","data":"ping"}（类型: 1）
2026-05-13T01:08:45.165+08:00 [INFO] 用户 1 发送消息: {"type":"heartbeat","data":"pong","from":"1"}
2026-05-13T01:08:45.737+08:00 [INFO] heartbeatCheck: 574.9897ms
2026-05-13T01:08:50.736+08:00 [INFO] heartbeatCheck: 5.5743982s
2026-05-13T01:08:55.736+08:00 [INFO] heartbeatCheck: 10.5741948s
2026-05-13T01:08:56.160+08:00 [INFO] 用户 1 接收消息: {"type":"heartbeat","data":"ping"}（类型: 1）
2026-05-13T01:08:56.161+08:00 [INFO] 用户 1 发送消息: {"type":"heartbeat","data":"pong","from":"1"}
2026-05-13T01:09:00.736+08:00 [INFO] heartbeatCheck: 4.5760853s
2026-05-13T01:09:05.736+08:00 [INFO] heartbeatCheck: 9.5760779s
2026-05-13T01:09:07.171+08:00 [INFO] 用户 1 接收消息: {"type":"heartbeat","data":"ping"}（类型: 1）
2026-05-13T01:09:07.174+08:00 [INFO] 用户 1 发送消息: {"type":"heartbeat","data":"pong","from":"1"}
2026-05-13T01:09:10.736+08:00 [INFO] heartbeatCheck: 3.5653667s
2026-05-13T01:09:15.737+08:00 [INFO] heartbeatCheck: 8.5658956s
2026-05-13T01:09:18.160+08:00 [INFO] 用户 1 接收消息: {"type":"heartbeat","data":"ping"}（类型: 1）
2026-05-13T01:09:18.163+08:00 [INFO] 用户 1 发送消息: {"type":"heartbeat","data":"pong","from":"1"}
2026-05-13T01:09:20.736+08:00 [INFO] heartbeatCheck: 2.5758024s
2026-05-13T01:09:25.736+08:00 [INFO] heartbeatCheck: 7.5756477s
2026-05-13T01:09:29.877+08:00 [INFO] 用户 1 接收消息: {"type":"heartbeat","data":"ping"}（类型: 1）
2026-05-13T01:09:29.878+08:00 [INFO] 用户 1 发送消息: {"type":"heartbeat","data":"pong","from":"1"}
2026-05-13T01:09:30.742+08:00 [INFO] heartbeatCheck: 865.3571ms
2026-05-13T01:09:35.736+08:00 [INFO] heartbeatCheck: 5.8593568s
2026-05-13T01:09:40.172+08:00 [INFO] 用户 1 接收消息: {"type":"heartbeat","data":"ping"}（类型: 1）
2026-05-13T01:09:40.174+08:00 [INFO] 用户 1 发送消息: {"type":"heartbeat","data":"pong","from":"1"}
2026-05-13T01:09:40.736+08:00 [INFO] heartbeatCheck: 565.1197ms
2026-05-13T01:09:45.736+08:00 [INFO] heartbeatCheck: 5.5652005s
2026-05-13T01:09:50.736+08:00 [INFO] heartbeatCheck: 10.5650779s
2026-05-13T01:09:51.163+08:00 [INFO] 用户 1 接收消息: {"type":"heartbeat","data":"ping"}（类型: 1）
2026-05-13T01:09:51.166+08:00 [INFO] 用户 1 发送消息: {"type":"heartbeat","data":"pong","from":"1"}
2026-05-13T01:09:55.737+08:00 [INFO] heartbeatCheck: 4.5732271s
2026-05-13T01:10:00.736+08:00 [INFO] heartbeatCheck: 9.5731245s
2026-05-13T01:10:02.163+08:00 [INFO] 用户 1 接收消息: {"type":"heartbeat","data":"ping"}（类型: 1）
2026-05-13T01:10:02.172+08:00 [INFO] 用户 1 发送消息: {"type":"heartbeat","data":"pong","from":"1"}
2026-05-13T01:10:05.736+08:00 [INFO] heartbeatCheck: 3.5737136s
2026-05-13T01:10:10.737+08:00 [INFO] heartbeatCheck: 8.5742589s
2026-05-13T01:10:13.158+08:00 [INFO] 用户 1 接收消息: {"type":"heartbeat","data":"ping"}（类型: 1）
2026-05-13T01:10:13.160+08:00 [INFO] 用户 1 发送消息: {"type":"heartbeat","data":"pong","from":"1"}
2026-05-13T01:10:15.736+08:00 [INFO] heartbeatCheck: 2.578423s
2026-05-13T01:10:20.736+08:00 [INFO] heartbeatCheck: 7.5781017s
2026-05-13T01:10:24.170+08:00 [INFO] 用户 1 接收消息: {"type":"heartbeat","data":"ping"}（类型: 1）
2026-05-13T01:10:24.172+08:00 [INFO] 用户 1 发送消息: {"type":"heartbeat","data":"pong","from":"1"}
2026-05-13T01:10:25.736+08:00 [INFO] heartbeatCheck: 1.5665445s
2026-05-13T01:10:30.736+08:00 [INFO] heartbeatCheck: 6.5662807s
2026-05-13T01:10:35.161+08:00 [INFO] 用户 1 接收消息: {"type":"heartbeat","data":"ping"}（类型: 1）
2026-05-13T01:10:35.163+08:00 [INFO] 用户 1 发送消息: {"type":"heartbeat","data":"pong","from":"1"}
2026-05-13T01:10:35.736+08:00 [INFO] heartbeatCheck: 575.7046ms
2026-05-13T01:10:40.736+08:00 [INFO] heartbeatCheck: 5.5756777s
2026-05-13T01:10:45.736+08:00 [INFO] heartbeatCheck: 10.5754975s
2026-05-13T01:10:46.162+08:00 [INFO] 用户 1 接收消息: {"type":"heartbeat","data":"ping"}（类型: 1）
2026-05-13T01:10:46.165+08:00 [INFO] 用户 1 发送消息: {"type":"heartbeat","data":"pong","from":"1"}
2026-05-13T01:10:50.736+08:00 [INFO] heartbeatCheck: 4.5750268s
2026-05-13T01:10:55.736+08:00 [INFO] heartbeatCheck: 9.5750603s
2026-05-13T01:10:57.159+08:00 [INFO] 用户 1 接收消息: {"type":"heartbeat","data":"ping"}（类型: 1）
2026-05-13T01:10:57.162+08:00 [INFO] 用户 1 发送消息: {"type":"heartbeat","data":"pong","from":"1"}
2026-05-13T01:11:00.736+08:00 [INFO] heartbeatCheck: 3.5769113s
2026-05-13T01:11:05.736+08:00 [INFO] heartbeatCheck: 8.5772075s
2026-05-13T01:11:08.171+08:00 [INFO] 用户 1 接收消息: {"type":"heartbeat","data":"ping"}（类型: 1）
2026-05-13T01:11:08.174+08:00 [INFO] 用户 1 发送消息: {"type":"heartbeat","data":"pong","from":"1"}
2026-05-13T01:11:10.736+08:00 [INFO] heartbeatCheck: 2.5654378s
2026-05-13T01:11:15.736+08:00 [INFO] heartbeatCheck: 7.5656571s
2026-05-13T01:11:19.167+08:00 [INFO] 用户 1 接收消息: {"type":"heartbeat","data":"ping"}（类型: 1）
2026-05-13T01:11:19.170+08:00 [INFO] 用户 1 发送消息: {"type":"heartbeat","data":"pong","from":"1"}
2026-05-13T01:11:20.736+08:00 [INFO] heartbeatCheck: 1.5693094s
2026-05-13T01:11:25.736+08:00 [INFO] heartbeatCheck: 6.5695976s
2026-05-13T01:11:30.167+08:00 [INFO] 用户 1 接收消息: {"type":"heartbeat","data":"ping"}（类型: 1）
2026-05-13T01:11:30.172+08:00 [INFO] 用户 1 发送消息: {"type":"heartbeat","data":"pong","from":"1"}
2026-05-13T01:11:30.737+08:00 [INFO] heartbeatCheck: 569.429ms
2026-05-13T01:11:35.736+08:00 [INFO] heartbeatCheck: 5.569221s
2026-05-13T01:11:40.736+08:00 [INFO] heartbeatCheck: 10.5689602s
2026-05-13T01:11:41.162+08:00 [INFO] 用户 1 接收消息: {"type":"heartbeat","data":"ping"}（类型: 1）
2026-05-13T01:11:41.170+08:00 [INFO] 用户 1 发送消息: {"type":"heartbeat","data":"pong","from":"1"}
2026-05-13T01:11:45.737+08:00 [INFO] heartbeatCheck: 4.5749289s
2026-05-13T01:11:50.736+08:00 [INFO] heartbeatCheck: 9.5744167s
2026-05-13T01:11:52.158+08:00 [INFO] 用户 1 接收消息: {"type":"heartbeat","data":"ping"}（类型: 1）
2026-05-13T01:11:52.159+08:00 [INFO] 用户 1 发送消息: {"type":"heartbeat","data":"pong","from":"1"}
2026-05-13T01:11:55.737+08:00 [INFO] heartbeatCheck: 3.5791236s
2026-05-13T01:12:00.736+08:00 [INFO] heartbeatCheck: 8.578566s
2026-05-13T01:12:03.161+08:00 [INFO] 用户 1 接收消息: {"type":"heartbeat","data":"ping"}（类型: 1）
2026-05-13T01:12:03.164+08:00 [INFO] 用户 1 发送消息: {"type":"heartbeat","data":"pong","from":"1"}
2026-05-13T01:12:05.737+08:00 [INFO] heartbeatCheck: 2.5764395s
2026-05-13T01:12:10.736+08:00 [INFO] heartbeatCheck: 7.5757226s
2026-05-13T01:12:14.168+08:00 [INFO] 用户 1 接收消息: {"type":"heartbeat","data":"ping"}（类型: 1）
2026-05-13T01:12:14.171+08:00 [INFO] 用户 1 发送消息: {"type":"heartbeat","data":"pong","from":"1"}
2026-05-13T01:12:15.736+08:00 [INFO] heartbeatCheck: 1.5684647s
2026-05-13T01:12:20.736+08:00 [INFO] heartbeatCheck: 6.5682868s
2026-05-13T01:12:25.167+08:00 [INFO] 用户 1 接收消息: {"type":"heartbeat","data":"ping"}（类型: 1）
2026-05-13T01:12:25.170+08:00 [INFO] 用户 1 发送消息: {"type":"heartbeat","data":"pong","from":"1"}
2026-05-13T01:12:25.736+08:00 [INFO] heartbeatCheck: 569.3895ms
2026-05-13T01:12:30.736+08:00 [INFO] heartbeatCheck: 5.5694544s
2026-05-13T01:12:35.736+08:00 [INFO] heartbeatCheck: 10.5695589s
2026-05-13T01:12:36.173+08:00 [INFO] 用户 1 接收消息: {"type":"heartbeat","data":"ping"}（类型: 1）
2026-05-13T01:12:36.176+08:00 [INFO] 用户 1 发送消息: {"type":"heartbeat","data":"pong","from":"1"}
2026-05-13T01:12:40.736+08:00 [INFO] heartbeatCheck: 4.5633703s
2026-05-13T01:12:45.736+08:00 [INFO] heartbeatCheck: 9.5632139s
2026-05-13T01:12:47.161+08:00 [INFO] 用户 1 接收消息: {"type":"heartbeat","data":"ping"}（类型: 1）
2026-05-13T01:12:47.165+08:00 [INFO] 用户 1 发送消息: {"type":"heartbeat","data":"pong","from":"1"}
2026-05-13T01:12:50.736+08:00 [INFO] heartbeatCheck: 3.5756638s
2026-05-13T01:12:55.736+08:00 [INFO] heartbeatCheck: 8.5760093s
2026-05-13T01:12:58.169+08:00 [INFO] 用户 1 接收消息: {"type":"heartbeat","data":"ping"}（类型: 1）
2026-05-13T01:12:58.172+08:00 [INFO] 用户 1 发送消息: {"type":"heartbeat","data":"pong","from":"1"}
2026-05-13T01:13:00.736+08:00 [INFO] heartbeatCheck: 2.5671913s
2026-05-13T01:13:05.736+08:00 [INFO] heartbeatCheck: 7.5671103s
2026-05-13T01:13:09.169+08:00 [INFO] 用户 1 接收消息: {"type":"heartbeat","data":"ping"}（类型: 1）
2026-05-13T01:13:09.171+08:00 [INFO] 用户 1 发送消息: {"type":"heartbeat","data":"pong","from":"1"}
2026-05-13T01:13:10.736+08:00 [INFO] heartbeatCheck: 1.5673983s
2026-05-13T01:13:15.739+08:00 [INFO] heartbeatCheck: 6.5706019s
2026-05-13T01:13:20.158+08:00 [INFO] 用户 1 接收消息: {"type":"heartbeat","data":"ping"}（类型: 1）
2026-05-13T01:13:20.166+08:00 [INFO] 用户 1 发送消息: {"type":"heartbeat","data":"pong","from":"1"}
2026-05-13T01:13:20.736+08:00 [INFO] heartbeatCheck: 578.0012ms
2026-05-13T01:13:25.736+08:00 [INFO] heartbeatCheck: 5.5778726s
2026-05-13T01:13:30.736+08:00 [INFO] heartbeatCheck: 10.5777853s
2026-05-13T01:13:31.185+08:00 [INFO] 用户 1 接收消息: {"type":"heartbeat","data":"ping"}（类型: 1）
2026-05-13T01:13:31.187+08:00 [INFO] 用户 1 发送消息: {"type":"heartbeat","data":"pong","from":"1"}
2026-05-13T01:13:35.736+08:00 [INFO] heartbeatCheck: 4.5513376s
2026-05-13T01:13:40.737+08:00 [INFO] heartbeatCheck: 9.5517564s
2026-05-13T01:13:42.170+08:00 [INFO] 用户 1 接收消息: {"type":"heartbeat","data":"ping"}（类型: 1）
2026-05-13T01:13:42.171+08:00 [INFO] 用户 1 发送消息: {"type":"heartbeat","data":"pong","from":"1"}
2026-05-13T01:13:45.736+08:00 [INFO] heartbeatCheck: 3.5660302s
2026-05-13T01:13:50.736+08:00 [INFO] heartbeatCheck: 8.5662912s
2026-05-13T01:13:53.159+08:00 [INFO] 用户 1 接收消息: {"type":"heartbeat","data":"ping"}（类型: 1）
2026-05-13T01:13:53.162+08:00 [INFO] 用户 1 发送消息: {"type":"heartbeat","data":"pong","from":"1"}
2026-05-13T01:13:55.737+08:00 [INFO] heartbeatCheck: 2.577968s
2026-05-13T01:14:00.736+08:00 [INFO] heartbeatCheck: 7.5774951s
2026-05-13T01:14:04.166+08:00 [INFO] 用户 1 接收消息: {"type":"heartbeat","data":"ping"}（类型: 1）
2026-05-13T01:14:04.168+08:00 [INFO] 用户 1 发送消息: {"type":"heartbeat","data":"pong","from":"1"}
2026-05-13T01:14:05.736+08:00 [INFO] heartbeatCheck: 1.5707046s
2026-05-13T01:14:10.736+08:00 [INFO] heartbeatCheck: 6.5706961s
2026-05-13T01:14:15.163+08:00 [INFO] 用户 1 接收消息: {"type":"heartbeat","data":"ping"}（类型: 1）
2026-05-13T01:14:15.166+08:00 [INFO] 用户 1 发送消息: {"type":"heartbeat","data":"pong","from":"1"}
2026-05-13T01:14:15.737+08:00 [INFO] heartbeatCheck: 573.9695ms
2026-05-13T01:14:20.736+08:00 [INFO] heartbeatCheck: 5.5733571s
2026-05-13T01:14:25.736+08:00 [INFO] heartbeatCheck: 10.5731564s
2026-05-13T01:14:26.161+08:00 [INFO] 用户 1 接收消息: {"type":"heartbeat","data":"ping"}（类型: 1）
2026-05-13T01:14:26.162+08:00 [INFO] 用户 1 发送消息: {"type":"heartbeat","data":"pong","from":"1"}
2026-05-13T01:14:30.737+08:00 [INFO] heartbeatCheck: 4.5756451s
2026-05-13T01:14:35.736+08:00 [INFO] heartbeatCheck: 9.5748628s
2026-05-13T01:14:37.159+08:00 [INFO] 用户 1 接收消息: {"type":"heartbeat","data":"ping"}（类型: 1）
2026-05-13T01:14:37.162+08:00 [INFO] 用户 1 发送消息: {"type":"heartbeat","data":"pong","from":"1"}
2026-05-13T01:14:40.736+08:00 [INFO] heartbeatCheck: 3.5766457s
2026-05-13T01:14:45.736+08:00 [INFO] heartbeatCheck: 8.5765828s
2026-05-13T01:14:48.165+08:00 [INFO] 用户 1 接收消息: {"type":"heartbeat","data":"ping"}（类型: 1）
2026-05-13T01:14:48.168+08:00 [INFO] 用户 1 发送消息: {"type":"heartbeat","data":"pong","from":"1"}
2026-05-13T01:14:50.736+08:00 [INFO] heartbeatCheck: 2.5714609s
2026-05-13T01:14:55.736+08:00 [INFO] heartbeatCheck: 7.5714252s
2026-05-13T01:14:59.159+08:00 [INFO] 用户 1 接收消息: {"type":"heartbeat","data":"ping"}（类型: 1）
2026-05-13T01:14:59.167+08:00 [INFO] 用户 1 发送消息: {"type":"heartbeat","data":"pong","from":"1"}
2026-05-13T01:15:00.736+08:00 [INFO] heartbeatCheck: 1.5773658s
2026-05-13T01:15:05.736+08:00 [INFO] heartbeatCheck: 6.5774532s
2026-05-13T01:15:10.169+08:00 [INFO] 用户 1 接收消息: {"type":"heartbeat","data":"ping"}（类型: 1）
2026-05-13T01:15:10.171+08:00 [INFO] 用户 1 发送消息: {"type":"heartbeat","data":"pong","from":"1"}
2026-05-13T01:15:10.736+08:00 [INFO] heartbeatCheck: 567.3795ms
2026-05-13T01:15:15.736+08:00 [INFO] heartbeatCheck: 5.5676221s
2026-05-13T01:15:20.736+08:00 [INFO] heartbeatCheck: 10.5677612s
2026-05-13T01:15:21.159+08:00 [INFO] 用户 1 接收消息: {"type":"heartbeat","data":"ping"}（类型: 1）
2026-05-13T01:15:21.162+08:00 [INFO] 用户 1 发送消息: {"type":"heartbeat","data":"pong","from":"1"}
2026-05-13T01:15:25.736+08:00 [INFO] heartbeatCheck: 4.576905s
2026-05-13T01:15:30.736+08:00 [INFO] heartbeatCheck: 9.5769901s
2026-05-13T01:15:32.166+08:00 [INFO] 用户 1 接收消息: {"type":"heartbeat","data":"ping"}（类型: 1）
2026-05-13T01:15:32.169+08:00 [INFO] 用户 1 发送消息: {"type":"heartbeat","data":"pong","from":"1"}
2026-05-13T01:15:35.737+08:00 [INFO] heartbeatCheck: 3.5706109s
2026-05-13T01:15:40.736+08:00 [INFO] heartbeatCheck: 8.5698187s
2026-05-13T01:15:43.170+08:00 [INFO] 用户 1 接收消息: {"type":"heartbeat","data":"ping"}（类型: 1）
2026-05-13T01:15:43.173+08:00 [INFO] 用户 1 发送消息: {"type":"heartbeat","data":"pong","from":"1"}
2026-05-13T01:15:45.736+08:00 [INFO] heartbeatCheck: 2.5657723s
2026-05-13T01:15:50.736+08:00 [INFO] heartbeatCheck: 7.5659203s
2026-05-13T01:15:54.157+08:00 [INFO] 用户 1 接收消息: {"type":"heartbeat","data":"ping"}（类型: 1）
2026-05-13T01:15:54.160+08:00 [INFO] 用户 1 发送消息: {"type":"heartbeat","data":"pong","from":"1"}
2026-05-13T01:15:55.736+08:00 [INFO] heartbeatCheck: 1.5795718s
2026-05-13T01:16:00.736+08:00 [INFO] heartbeatCheck: 6.5794447s
2026-05-13T01:16:05.158+08:00 [INFO] 用户 1 接收消息: {"type":"heartbeat","data":"ping"}（类型: 1）
2026-05-13T01:16:05.160+08:00 [INFO] 用户 1 发送消息: {"type":"heartbeat","data":"pong","from":"1"}
2026-05-13T01:16:05.737+08:00 [INFO] heartbeatCheck: 579.034ms
2026-05-13T01:16:10.736+08:00 [INFO] heartbeatCheck: 5.578986s
2026-05-13T01:16:15.736+08:00 [INFO] heartbeatCheck: 10.5788013s
2026-05-13T01:16:16.171+08:00 [INFO] 用户 1 接收消息: {"type":"heartbeat","data":"ping"}（类型: 1）
2026-05-13T01:16:16.174+08:00 [INFO] 用户 1 发送消息: {"type":"heartbeat","data":"pong","from":"1"}
2026-05-13T01:16:20.736+08:00 [INFO] heartbeatCheck: 4.5665362s
2026-05-13T01:16:25.736+08:00 [INFO] heartbeatCheck: 9.5663005s
2026-05-13T01:16:27.164+08:00 [INFO] 用户 1 接收消息: {"type":"heartbeat","data":"ping"}（类型: 1）
2026-05-13T01:16:27.167+08:00 [INFO] 用户 1 发送消息: {"type":"heartbeat","data":"pong","from":"1"}
2026-05-13T01:16:30.736+08:00 [INFO] heartbeatCheck: 3.571808s
2026-05-13T01:16:35.736+08:00 [INFO] heartbeatCheck: 8.5718568s
2026-05-13T01:16:38.163+08:00 [INFO] 用户 1 接收消息: {"type":"heartbeat","data":"ping"}（类型: 1）
2026-05-13T01:16:38.170+08:00 [INFO] 用户 1 发送消息: {"type":"heartbeat","data":"pong","from":"1"}
2026-05-13T01:16:40.736+08:00 [INFO] heartbeatCheck: 2.5730232s
2026-05-13T01:16:45.736+08:00 [INFO] heartbeatCheck: 7.5732331s
2026-05-13T01:16:49.160+08:00 [INFO] 用户 1 接收消息: {"type":"heartbeat","data":"ping"}（类型: 1）
2026-05-13T01:16:49.163+08:00 [INFO] 用户 1 发送消息: {"type":"heartbeat","data":"pong","from":"1"}
2026-05-13T01:16:50.737+08:00 [INFO] heartbeatCheck: 1.5776105s
2026-05-13T01:16:55.737+08:00 [INFO] heartbeatCheck: 6.5770597s
2026-05-13T01:17:00.158+08:00 [INFO] 用户 1 接收消息: {"type":"heartbeat","data":"ping"}（类型: 1）
2026-05-13T01:17:00.161+08:00 [INFO] 用户 1 发送消息: {"type":"heartbeat","data":"pong","from":"1"}
2026-05-13T01:17:00.736+08:00 [INFO] heartbeatCheck: 578.2325ms
2026-05-13T01:17:05.736+08:00 [INFO] heartbeatCheck: 5.5783923s
2026-05-13T01:17:10.736+08:00 [INFO] heartbeatCheck: 10.5783038s
2026-05-13T01:17:11.168+08:00 [INFO] 用户 1 接收消息: {"type":"heartbeat","data":"ping"}（类型: 1）
2026-05-13T01:17:11.171+08:00 [INFO] 用户 1 发送消息: {"type":"heartbeat","data":"pong","from":"1"}
2026-05-13T01:17:15.736+08:00 [INFO] heartbeatCheck: 4.5681303s
2026-05-13T01:17:20.736+08:00 [INFO] heartbeatCheck: 9.5681909s
2026-05-13T01:17:22.170+08:00 [INFO] 用户 1 接收消息: {"type":"heartbeat","data":"ping"}（类型: 1）
2026-05-13T01:17:22.173+08:00 [INFO] 用户 1 发送消息: {"type":"heartbeat","data":"pong","from":"1"}
2026-05-13T01:17:25.736+08:00 [INFO] heartbeatCheck: 3.5662902s
2026-05-13T01:17:30.736+08:00 [INFO] heartbeatCheck: 8.5662235s
2026-05-13T01:17:33.157+08:00 [INFO] 用户 1 接收消息: {"type":"heartbeat","data":"ping"}（类型: 1）
2026-05-13T01:17:33.160+08:00 [INFO] 用户 1 发送消息: {"type":"heartbeat","data":"pong","from":"1"}
2026-05-13T01:17:35.736+08:00 [INFO] heartbeatCheck: 2.57976s
2026-05-13T01:17:40.737+08:00 [INFO] heartbeatCheck: 7.580102s
2026-05-13T01:17:44.162+08:00 [INFO] 用户 1 接收消息: {"type":"heartbeat","data":"ping"}（类型: 1）
2026-05-13T01:17:44.165+08:00 [INFO] 用户 1 发送消息: {"type":"heartbeat","data":"pong","from":"1"}
2026-05-13T01:17:45.736+08:00 [INFO] heartbeatCheck: 1.5749576s
2026-05-13T01:17:50.737+08:00 [INFO] heartbeatCheck: 6.5750064s
2026-05-13T01:17:55.161+08:00 [INFO] 用户 1 接收消息: {"type":"heartbeat","data":"ping"}（类型: 1）
2026-05-13T01:17:55.164+08:00 [INFO] 用户 1 发送消息: {"type":"heartbeat","data":"pong","from":"1"}
2026-05-13T01:17:55.737+08:00 [INFO] heartbeatCheck: 576.2777ms
2026-05-13T01:18:00.736+08:00 [INFO] heartbeatCheck: 5.5759125s
2026-05-13T01:18:05.736+08:00 [INFO] heartbeatCheck: 10.5759422s
2026-05-13T01:18:06.171+08:00 [INFO] 用户 1 接收消息: {"type":"heartbeat","data":"ping"}（类型: 1）
2026-05-13T01:18:06.172+08:00 [INFO] 用户 1 发送消息: {"type":"heartbeat","data":"pong","from":"1"}
2026-05-13T01:18:10.736+08:00 [INFO] heartbeatCheck: 4.5649642s
2026-05-13T01:18:15.736+08:00 [INFO] heartbeatCheck: 9.5650664s
2026-05-13T01:18:17.171+08:00 [INFO] 用户 1 接收消息: {"type":"heartbeat","data":"ping"}（类型: 1）
2026-05-13T01:18:17.178+08:00 [INFO] 用户 1 发送消息: {"type":"heartbeat","data":"pong","from":"1"}
2026-05-13T01:18:20.737+08:00 [INFO] heartbeatCheck: 3.5664337s
2026-05-13T01:18:25.736+08:00 [INFO] heartbeatCheck: 8.5661308s
2026-05-13T01:18:28.169+08:00 [INFO] 用户 1 接收消息: {"type":"heartbeat","data":"ping"}（类型: 1）
2026-05-13T01:18:28.173+08:00 [INFO] 用户 1 发送消息: {"type":"heartbeat","data":"pong","from":"1"}
2026-05-13T01:18:30.736+08:00 [INFO] heartbeatCheck: 2.5669246s
2026-05-13T01:18:35.736+08:00 [INFO] heartbeatCheck: 7.5670364s
2026-05-13T01:18:39.170+08:00 [INFO] 用户 1 接收消息: {"type":"heartbeat","data":"ping"}（类型: 1）
2026-05-13T01:18:39.174+08:00 [INFO] 用户 1 发送消息: {"type":"heartbeat","data":"pong","from":"1"}
2026-05-13T01:18:40.737+08:00 [INFO] heartbeatCheck: 1.5673118s
2026-05-13T01:18:45.736+08:00 [INFO] heartbeatCheck: 6.5663801s
2026-05-13T01:18:50.166+08:00 [INFO] 用户 1 接收消息: {"type":"heartbeat","data":"ping"}（类型: 1）
2026-05-13T01:18:50.169+08:00 [INFO] 用户 1 发送消息: {"type":"heartbeat","data":"pong","from":"1"}
2026-05-13T01:18:50.736+08:00 [INFO] heartbeatCheck: 570.627ms
2026-05-13T01:18:55.736+08:00 [INFO] heartbeatCheck: 5.5705537s
2026-05-13T01:19:00.736+08:00 [INFO] heartbeatCheck: 10.5707302s
2026-05-13T01:19:01.157+08:00 [INFO] 用户 1 接收消息: {"type":"heartbeat","data":"ping"}（类型: 1）
2026-05-13T01:19:01.158+08:00 [INFO] 用户 1 发送消息: {"type":"heartbeat","data":"pong","from":"1"}
2026-05-13T01:19:05.736+08:00 [INFO] heartbeatCheck: 4.5788558s
2026-05-13T01:19:10.737+08:00 [INFO] heartbeatCheck: 9.5797704s
2026-05-13T01:19:12.168+08:00 [INFO] 用户 1 接收消息: {"type":"heartbeat","data":"ping"}（类型: 1）
2026-05-13T01:19:12.171+08:00 [INFO] 用户 1 发送消息: {"type":"heartbeat","data":"pong","from":"1"}
2026-05-13T01:19:15.736+08:00 [INFO] heartbeatCheck: 3.5684501s
2026-05-13T01:19:20.736+08:00 [INFO] heartbeatCheck: 8.5685443s
2026-05-13T01:19:23.159+08:00 [INFO] 用户 1 接收消息: {"type":"heartbeat","data":"ping"}（类型: 1）
2026-05-13T01:19:23.162+08:00 [INFO] 用户 1 发送消息: {"type":"heartbeat","data":"pong","from":"1"}
2026-05-13T01:19:25.736+08:00 [INFO] heartbeatCheck: 2.5771817s
2026-05-13T01:19:30.736+08:00 [INFO] heartbeatCheck: 7.5772538s
2026-05-13T01:19:34.170+08:00 [INFO] 用户 1 接收消息: {"type":"heartbeat","data":"ping"}（类型: 1）
2026-05-13T01:19:34.173+08:00 [INFO] 用户 1 发送消息: {"type":"heartbeat","data":"pong","from":"1"}
2026-05-13T01:19:35.737+08:00 [INFO] heartbeatCheck: 1.5663398s
2026-05-13T01:19:40.736+08:00 [INFO] heartbeatCheck: 6.5655806s
2026-05-13T01:19:45.163+08:00 [INFO] 用户 1 接收消息: {"type":"heartbeat","data":"ping"}（类型: 1）
2026-05-13T01:19:45.166+08:00 [INFO] 用户 1 发送消息: {"type":"heartbeat","data":"pong","from":"1"}
2026-05-13T01:19:45.736+08:00 [INFO] heartbeatCheck: 573.2401ms
2026-05-13T01:19:50.736+08:00 [INFO] heartbeatCheck: 5.5730279s
2026-05-13T01:19:55.737+08:00 [INFO] heartbeatCheck: 10.5735197s
2026-05-13T01:19:56.171+08:00 [INFO] 用户 1 接收消息: {"type":"heartbeat","data":"ping"}（类型: 1）
2026-05-13T01:19:56.179+08:00 [INFO] 用户 1 发送消息: {"type":"heartbeat","data":"pong","from":"1"}
2026-05-13T01:20:00.736+08:00 [INFO] heartbeatCheck: 4.5645199s
2026-05-13T01:20:05.736+08:00 [INFO] heartbeatCheck: 9.5650198s
2026-05-13T01:20:07.172+08:00 [INFO] 用户 1 接收消息: {"type":"heartbeat","data":"ping"}（类型: 1）
2026-05-13T01:20:07.174+08:00 [INFO] 用户 1 发送消息: {"type":"heartbeat","data":"pong","from":"1"}
2026-05-13T01:20:10.736+08:00 [INFO] heartbeatCheck: 3.5652821s
2026-05-13T01:20:15.736+08:00 [INFO] heartbeatCheck: 8.5653512s
2026-05-13T01:20:18.158+08:00 [INFO] 用户 1 接收消息: {"type":"heartbeat","data":"ping"}（类型: 1）
2026-05-13T01:20:18.159+08:00 [INFO] 用户 1 发送消息: {"type":"heartbeat","data":"pong","from":"1"}
2026-05-13T01:20:20.736+08:00 [INFO] heartbeatCheck: 2.5783464s
2026-05-13T01:20:25.737+08:00 [INFO] heartbeatCheck: 7.5788313s
2026-05-13T01:20:29.164+08:00 [INFO] 用户 1 接收消息: {"type":"heartbeat","data":"ping"}（类型: 1）
2026-05-13T01:20:29.167+08:00 [INFO] 用户 1 发送消息: {"type":"heartbeat","data":"pong","from":"1"}
2026-05-13T01:20:30.737+08:00 [INFO] heartbeatCheck: 1.5724568s
2026-05-13T01:20:35.737+08:00 [INFO] heartbeatCheck: 6.5723576s
2026-05-13T01:20:40.158+08:00 [INFO] 用户 1 接收消息: {"type":"heartbeat","data":"ping"}（类型: 1）
2026-05-13T01:20:40.161+08:00 [INFO] 用户 1 发送消息: {"type":"heartbeat","data":"pong","from":"1"}
2026-05-13T01:20:40.736+08:00 [INFO] heartbeatCheck: 577.9035ms
2026-05-13T01:20:45.736+08:00 [INFO] heartbeatCheck: 5.577766s
2026-05-13T01:20:50.736+08:00 [INFO] heartbeatCheck: 10.5778171s
2026-05-13T01:20:51.171+08:00 [INFO] 用户 1 接收消息: {"type":"heartbeat","data":"ping"}（类型: 1）
2026-05-13T01:20:51.174+08:00 [INFO] 用户 1 发送消息: {"type":"heartbeat","data":"pong","from":"1"}
2026-05-13T01:20:55.737+08:00 [INFO] heartbeatCheck: 4.5661277s
2026-05-13T01:21:00.737+08:00 [INFO] heartbeatCheck: 9.5659747s
2026-05-13T01:21:02.163+08:00 [INFO] 用户 1 接收消息: {"type":"heartbeat","data":"ping"}（类型: 1）
2026-05-13T01:21:02.166+08:00 [INFO] 用户 1 发送消息: {"type":"heartbeat","data":"pong","from":"1"}
2026-05-13T01:21:05.736+08:00 [INFO] heartbeatCheck: 3.5730254s
2026-05-13T01:21:10.736+08:00 [INFO] heartbeatCheck: 8.5728408s
2026-05-13T01:21:13.158+08:00 [INFO] 用户 1 接收消息: {"type":"heartbeat","data":"ping"}（类型: 1）
2026-05-13T01:21:13.161+08:00 [INFO] 用户 1 发送消息: {"type":"heartbeat","data":"pong","from":"1"}
2026-05-13T01:21:15.736+08:00 [INFO] heartbeatCheck: 2.5781589s
2026-05-13T01:21:20.736+08:00 [INFO] heartbeatCheck: 7.5782664s
2026-05-13T01:21:24.158+08:00 [INFO] 用户 1 接收消息: {"type":"heartbeat","data":"ping"}（类型: 1）
2026-05-13T01:21:24.159+08:00 [INFO] 用户 1 发送消息: {"type":"heartbeat","data":"pong","from":"1"}
2026-05-13T01:21:25.736+08:00 [INFO] heartbeatCheck: 1.5789058s
2026-05-13T01:21:30.736+08:00 [INFO] heartbeatCheck: 6.5787963s
2026-05-13T01:21:35.167+08:00 [INFO] 用户 1 接收消息: {"type":"heartbeat","data":"ping"}（类型: 1）
2026-05-13T01:21:35.175+08:00 [INFO] 用户 1 发送消息: {"type":"heartbeat","data":"pong","from":"1"}
2026-05-13T01:21:35.736+08:00 [INFO] heartbeatCheck: 569.1904ms
2026-05-13T01:21:40.736+08:00 [INFO] heartbeatCheck: 5.569328s
2026-05-13T01:21:45.736+08:00 [INFO] heartbeatCheck: 10.5691558s
2026-05-13T01:21:46.168+08:00 [INFO] 用户 1 接收消息: {"type":"heartbeat","data":"ping"}（类型: 1）
2026-05-13T01:21:46.172+08:00 [INFO] 用户 1 发送消息: {"type":"heartbeat","data":"pong","from":"1"}
2026-05-13T01:21:50.736+08:00 [INFO] heartbeatCheck: 4.5681979s
2026-05-13T01:21:55.736+08:00 [INFO] heartbeatCheck: 9.5682864s
2026-05-13T01:21:57.164+08:00 [INFO] 用户 1 接收消息: {"type":"heartbeat","data":"ping"}（类型: 1）
2026-05-13T01:21:57.167+08:00 [INFO] 用户 1 发送消息: {"type":"heartbeat","data":"pong","from":"1"}
2026-05-13T01:22:00.737+08:00 [INFO] heartbeatCheck: 3.5724432s
2026-05-13T01:22:05.736+08:00 [INFO] heartbeatCheck: 8.5718729s
2026-05-13T01:22:08.168+08:00 [INFO] 用户 1 接收消息: {"type":"heartbeat","data":"ping"}（类型: 1）
2026-05-13T01:22:08.171+08:00 [INFO] 用户 1 发送消息: {"type":"heartbeat","data":"pong","from":"1"}
2026-05-13T01:22:10.736+08:00 [INFO] heartbeatCheck: 2.5681062s
2026-05-13T01:22:15.736+08:00 [INFO] heartbeatCheck: 7.5681315s
2026-05-13T01:22:19.168+08:00 [INFO] 用户 1 接收消息: {"type":"heartbeat","data":"ping"}（类型: 1）
2026-05-13T01:22:19.171+08:00 [INFO] 用户 1 发送消息: {"type":"heartbeat","data":"pong","from":"1"}
2026-05-13T01:22:20.736+08:00 [INFO] heartbeatCheck: 1.5677175s
2026-05-13T01:22:25.736+08:00 [INFO] heartbeatCheck: 6.5678397s
2026-05-13T01:22:30.159+08:00 [INFO] 用户 1 接收消息: {"type":"heartbeat","data":"ping"}（类型: 1）
2026-05-13T01:22:30.162+08:00 [INFO] 用户 1 发送消息: {"type":"heartbeat","data":"pong","from":"1"}
2026-05-13T01:22:30.736+08:00 [INFO] heartbeatCheck: 576.8795ms
2026-05-13T01:22:35.737+08:00 [INFO] heartbeatCheck: 5.5775393s
2026-05-13T01:22:40.736+08:00 [INFO] heartbeatCheck: 10.5769193s
2026-05-13T01:22:41.164+08:00 [INFO] 用户 1 接收消息: {"type":"heartbeat","data":"ping"}（类型: 1）
2026-05-13T01:22:41.167+08:00 [INFO] 用户 1 发送消息: {"type":"heartbeat","data":"pong","from":"1"}
2026-05-13T01:22:45.736+08:00 [INFO] heartbeatCheck: 4.5737711s
2026-05-13T01:22:50.736+08:00 [INFO] heartbeatCheck: 9.5736126s
2026-05-13T01:22:52.164+08:00 [INFO] 用户 1 接收消息: {"type":"heartbeat","data":"ping"}（类型: 1）
2026-05-13T01:22:52.168+08:00 [INFO] 用户 1 发送消息: {"type":"heartbeat","data":"pong","from":"1"}
2026-05-13T01:22:55.736+08:00 [INFO] heartbeatCheck: 3.5719535s
2026-05-13T01:23:00.737+08:00 [INFO] heartbeatCheck: 8.5724351s
2026-05-13T01:23:03.167+08:00 [INFO] 用户 1 接收消息: {"type":"heartbeat","data":"ping"}（类型: 1）
2026-05-13T01:23:03.169+08:00 [INFO] 用户 1 发送消息: {"type":"heartbeat","data":"pong","from":"1"}
2026-05-13T01:23:05.736+08:00 [INFO] heartbeatCheck: 2.5694728s
2026-05-13T01:23:10.737+08:00 [INFO] heartbeatCheck: 7.5700723s
2026-05-13T01:23:14.170+08:00 [INFO] 用户 1 接收消息: {"type":"heartbeat","data":"ping"}（类型: 1）
2026-05-13T01:23:14.178+08:00 [INFO] 用户 1 发送消息: {"type":"heartbeat","data":"pong","from":"1"}
2026-05-13T01:23:15.736+08:00 [INFO] heartbeatCheck: 1.5661668s
2026-05-13T01:23:20.737+08:00 [INFO] heartbeatCheck: 6.5668425s
2026-05-13T01:23:25.172+08:00 [INFO] 用户 1 接收消息: {"type":"heartbeat","data":"ping"}（类型: 1）
2026-05-13T01:23:25.175+08:00 [INFO] 用户 1 发送消息: {"type":"heartbeat","data":"pong","from":"1"}
2026-05-13T01:23:25.737+08:00 [INFO] heartbeatCheck: 564.7017ms
2026-05-13T01:23:30.736+08:00 [INFO] heartbeatCheck: 5.5641828s
2026-05-13T01:23:35.736+08:00 [INFO] heartbeatCheck: 10.5643334s
2026-05-13T01:23:36.157+08:00 [INFO] 用户 1 接收消息: {"type":"heartbeat","data":"ping"}（类型: 1）
2026-05-13T01:23:36.160+08:00 [INFO] 用户 1 发送消息: {"type":"heartbeat","data":"pong","from":"1"}
2026-05-13T01:23:40.736+08:00 [INFO] heartbeatCheck: 4.5794753s
2026-05-13T01:23:45.736+08:00 [INFO] heartbeatCheck: 9.579425s
2026-05-13T01:23:47.168+08:00 [INFO] 用户 1 接收消息: {"type":"heartbeat","data":"ping"}（类型: 1）
2026-05-13T01:23:47.171+08:00 [INFO] 用户 1 发送消息: {"type":"heartbeat","data":"pong","from":"1"}
2026-05-13T01:23:50.737+08:00 [INFO] heartbeatCheck: 3.5693292s
2026-05-13T01:23:55.737+08:00 [INFO] heartbeatCheck: 8.5693541s
2026-05-13T01:23:58.165+08:00 [INFO] 用户 1 接收消息: {"type":"heartbeat","data":"ping"}（类型: 1）
2026-05-13T01:23:58.167+08:00 [INFO] 用户 1 发送消息: {"type":"heartbeat","data":"pong","from":"1"}
2026-05-13T01:24:00.736+08:00 [INFO] heartbeatCheck: 2.5714605s
2026-05-13T01:24:05.737+08:00 [INFO] heartbeatCheck: 7.5716795s
2026-05-13T01:24:09.169+08:00 [INFO] 用户 1 接收消息: {"type":"heartbeat","data":"ping"}（类型: 1）
2026-05-13T01:24:09.172+08:00 [INFO] 用户 1 发送消息: {"type":"heartbeat","data":"pong","from":"1"}
2026-05-13T01:24:10.736+08:00 [INFO] heartbeatCheck: 1.5676008s
2026-05-13T01:24:15.736+08:00 [INFO] heartbeatCheck: 6.5675865s
2026-05-13T01:24:20.159+08:00 [INFO] 用户 1 接收消息: {"type":"heartbeat","data":"ping"}（类型: 1）
2026-05-13T01:24:20.162+08:00 [INFO] 用户 1 发送消息: {"type":"heartbeat","data":"pong","from":"1"}
2026-05-13T01:24:20.736+08:00 [INFO] heartbeatCheck: 577.2725ms
2026-05-13T01:24:25.736+08:00 [INFO] heartbeatCheck: 5.5772459s
2026-05-13T01:24:30.736+08:00 [INFO] heartbeatCheck: 10.5770751s
2026-05-13T01:24:31.160+08:00 [INFO] 用户 1 接收消息: {"type":"heartbeat","data":"ping"}（类型: 1）
2026-05-13T01:24:31.163+08:00 [INFO] 用户 1 发送消息: {"type":"heartbeat","data":"pong","from":"1"}
2026-05-13T01:24:35.737+08:00 [INFO] heartbeatCheck: 4.576528s
2026-05-13T01:24:40.736+08:00 [INFO] heartbeatCheck: 9.5761665s
2026-05-13T01:24:42.166+08:00 [INFO] 用户 1 接收消息: {"type":"heartbeat","data":"ping"}（类型: 1）
2026-05-13T01:24:42.168+08:00 [INFO] 用户 1 发送消息: {"type":"heartbeat","data":"pong","from":"1"}
2026-05-13T01:24:45.736+08:00 [INFO] heartbeatCheck: 3.5705312s
2026-05-13T01:24:50.736+08:00 [INFO] heartbeatCheck: 8.5705799s
2026-05-13T01:24:53.159+08:00 [INFO] 用户 1 接收消息: {"type":"heartbeat","data":"ping"}（类型: 1）
2026-05-13T01:24:53.166+08:00 [INFO] 用户 1 发送消息: {"type":"heartbeat","data":"pong","from":"1"}
2026-05-13T01:24:55.737+08:00 [INFO] heartbeatCheck: 2.5782903s
2026-05-13T01:25:00.736+08:00 [INFO] heartbeatCheck: 7.5772533s
2026-05-13T01:25:04.159+08:00 [INFO] 用户 1 接收消息: {"type":"heartbeat","data":"ping"}（类型: 1）
2026-05-13T01:25:04.161+08:00 [INFO] 用户 1 发送消息: {"type":"heartbeat","data":"pong","from":"1"}
2026-05-13T01:25:05.737+08:00 [INFO] heartbeatCheck: 1.5787608s
2026-05-13T01:25:10.736+08:00 [INFO] heartbeatCheck: 6.5780861s
2026-05-13T01:25:15.167+08:00 [INFO] 用户 1 接收消息: {"type":"heartbeat","data":"ping"}（类型: 1）
2026-05-13T01:25:15.170+08:00 [INFO] 用户 1 发送消息: {"type":"heartbeat","data":"pong","from":"1"}
2026-05-13T01:25:15.736+08:00 [INFO] heartbeatCheck: 569.1979ms
2026-05-13T01:25:20.736+08:00 [INFO] heartbeatCheck: 5.5691426s
2026-05-13T01:25:25.736+08:00 [INFO] heartbeatCheck: 10.5690911s
2026-05-13T01:25:26.158+08:00 [INFO] 用户 1 接收消息: {"type":"heartbeat","data":"ping"}（类型: 1）
2026-05-13T01:25:26.162+08:00 [INFO] 用户 1 发送消息: {"type":"heartbeat","data":"pong","from":"1"}
2026-05-13T01:25:30.736+08:00 [INFO] heartbeatCheck: 4.5781955s
2026-05-13T01:25:35.737+08:00 [INFO] heartbeatCheck: 9.5787866s
2026-05-13T01:25:37.171+08:00 [INFO] 用户 1 接收消息: {"type":"heartbeat","data":"ping"}（类型: 1）
2026-05-13T01:25:37.174+08:00 [INFO] 用户 1 发送消息: {"type":"heartbeat","data":"pong","from":"1"}
2026-05-13T01:25:40.737+08:00 [INFO] heartbeatCheck: 3.5653113s
2026-05-13T01:25:45.736+08:00 [INFO] heartbeatCheck: 8.5648249s
2026-05-13T01:25:48.162+08:00 [INFO] 用户 1 接收消息: {"type":"heartbeat","data":"ping"}（类型: 1）
2026-05-13T01:25:48.163+08:00 [INFO] 用户 1 发送消息: {"type":"heartbeat","data":"pong","from":"1"}
2026-05-13T01:25:50.737+08:00 [INFO] heartbeatCheck: 2.5750473s
2026-05-13T01:25:55.737+08:00 [INFO] heartbeatCheck: 7.575181s
2026-05-13T01:25:59.162+08:00 [INFO] 用户 1 接收消息: {"type":"heartbeat","data":"ping"}（类型: 1）
2026-05-13T01:25:59.166+08:00 [INFO] 用户 1 发送消息: {"type":"heartbeat","data":"pong","from":"1"}
2026-05-13T01:26:00.737+08:00 [INFO] heartbeatCheck: 1.5745179s
2026-05-13T01:26:05.737+08:00 [INFO] heartbeatCheck: 6.5744777s
2026-05-13T01:26:10.168+08:00 [INFO] 用户 1 接收消息: {"type":"heartbeat","data":"ping"}（类型: 1）
2026-05-13T01:26:10.171+08:00 [INFO] 用户 1 发送消息: {"type":"heartbeat","data":"pong","from":"1"}
2026-05-13T01:26:10.736+08:00 [INFO] heartbeatCheck: 568.5815ms
2026-05-13T01:26:15.736+08:00 [INFO] heartbeatCheck: 5.568761s
2026-05-13T01:26:20.737+08:00 [INFO] heartbeatCheck: 10.5690193s
2026-05-13T01:26:21.172+08:00 [INFO] 用户 1 接收消息: {"type":"heartbeat","data":"ping"}（类型: 1）
2026-05-13T01:26:21.174+08:00 [INFO] 用户 1 发送消息: {"type":"heartbeat","data":"pong","from":"1"}
2026-05-13T01:26:25.736+08:00 [INFO] heartbeatCheck: 4.5643835s
2026-05-13T01:26:30.737+08:00 [INFO] heartbeatCheck: 9.565499s
2026-05-13T01:26:32.163+08:00 [INFO] 用户 1 接收消息: {"type":"heartbeat","data":"ping"}（类型: 1）
2026-05-13T01:26:32.166+08:00 [INFO] 用户 1 发送消息: {"type":"heartbeat","data":"pong","from":"1"}
2026-05-13T01:26:35.736+08:00 [INFO] heartbeatCheck: 3.5732756s
2026-05-13T01:26:40.736+08:00 [INFO] heartbeatCheck: 8.5733078s
2026-05-13T01:26:43.165+08:00 [INFO] 用户 1 接收消息: {"type":"heartbeat","data":"ping"}（类型: 1）
2026-05-13T01:26:43.168+08:00 [INFO] 用户 1 发送消息: {"type":"heartbeat","data":"pong","from":"1"}
2026-05-13T01:26:45.736+08:00 [INFO] heartbeatCheck: 2.5712727s
2026-05-13T01:26:50.737+08:00 [INFO] heartbeatCheck: 7.5720004s
2026-05-13T01:26:54.169+08:00 [INFO] 用户 1 接收消息: {"type":"heartbeat","data":"ping"}（类型: 1）
2026-05-13T01:26:54.172+08:00 [INFO] 用户 1 发送消息: {"type":"heartbeat","data":"pong","from":"1"}
2026-05-13T01:26:55.736+08:00 [INFO] heartbeatCheck: 1.5672094s
2026-05-13T01:27:00.737+08:00 [INFO] heartbeatCheck: 6.5680057s
2026-05-13T01:27:05.169+08:00 [INFO] 用户 1 接收消息: {"type":"heartbeat","data":"ping"}（类型: 1）
2026-05-13T01:27:05.172+08:00 [INFO] 用户 1 发送消息: {"type":"heartbeat","data":"pong","from":"1"}
2026-05-13T01:27:05.736+08:00 [INFO] heartbeatCheck: 567.036ms
2026-05-13T01:27:10.736+08:00 [INFO] heartbeatCheck: 5.5669748s
2026-05-13T01:27:15.736+08:00 [INFO] heartbeatCheck: 10.5670798s
2026-05-13T01:27:16.157+08:00 [INFO] 用户 1 接收消息: {"type":"heartbeat","data":"ping"}（类型: 1）
2026-05-13T01:27:16.160+08:00 [INFO] 用户 1 发送消息: {"type":"heartbeat","data":"pong","from":"1"}
2026-05-13T01:27:20.737+08:00 [INFO] heartbeatCheck: 4.5798673s
2026-05-13T01:27:25.737+08:00 [INFO] heartbeatCheck: 9.5798605s
2026-05-13T01:27:27.161+08:00 [INFO] 用户 1 接收消息: {"type":"heartbeat","data":"ping"}（类型: 1）
2026-05-13T01:27:27.166+08:00 [INFO] 用户 1 发送消息: {"type":"heartbeat","data":"pong","from":"1"}
2026-05-13T01:27:30.737+08:00 [INFO] heartbeatCheck: 3.5761775s
2026-05-13T01:27:35.736+08:00 [INFO] heartbeatCheck: 8.5753268s
2026-05-13T01:27:38.171+08:00 [INFO] 用户 1 接收消息: {"type":"heartbeat","data":"ping"}（类型: 1）
2026-05-13T01:27:38.175+08:00 [INFO] 用户 1 发送消息: {"type":"heartbeat","data":"pong","from":"1"}
2026-05-13T01:27:40.736+08:00 [INFO] heartbeatCheck: 2.5656361s
2026-05-13T01:27:45.736+08:00 [INFO] heartbeatCheck: 7.5657777s
2026-05-13T01:27:49.166+08:00 [INFO] 用户 1 接收消息: {"type":"heartbeat","data":"ping"}（类型: 1）
2026-05-13T01:27:49.169+08:00 [INFO] 用户 1 发送消息: {"type":"heartbeat","data":"pong","from":"1"}
2026-05-13T01:27:50.736+08:00 [INFO] heartbeatCheck: 1.5701698s
2026-05-13T01:27:55.736+08:00 [INFO] heartbeatCheck: 6.5700252s
2026-05-13T01:28:00.171+08:00 [INFO] 用户 1 接收消息: {"type":"heartbeat","data":"ping"}（类型: 1）
2026-05-13T01:28:00.173+08:00 [INFO] 用户 1 发送消息: {"type":"heartbeat","data":"pong","from":"1"}
2026-05-13T01:28:00.736+08:00 [INFO] heartbeatCheck: 565.6088ms
2026-05-13T01:28:05.737+08:00 [INFO] heartbeatCheck: 5.5662897s
2026-05-13T01:28:10.736+08:00 [INFO] heartbeatCheck: 10.5656021s
2026-05-13T01:28:11.169+08:00 [INFO] 用户 1 接收消息: {"type":"heartbeat","data":"ping"}（类型: 1）
2026-05-13T01:28:11.176+08:00 [INFO] 用户 1 发送消息: {"type":"heartbeat","data":"pong","from":"1"}
2026-05-13T01:28:15.736+08:00 [INFO] heartbeatCheck: 4.5671252s
2026-05-13T01:28:20.736+08:00 [INFO] heartbeatCheck: 9.5672243s
2026-05-13T01:28:22.159+08:00 [INFO] 用户 1 接收消息: {"type":"heartbeat","data":"ping"}（类型: 1）
2026-05-13T01:28:22.162+08:00 [INFO] 用户 1 发送消息: {"type":"heartbeat","data":"pong","from":"1"}
2026-05-13T01:28:25.736+08:00 [INFO] heartbeatCheck: 3.5773361s
2026-05-13T01:28:30.737+08:00 [INFO] heartbeatCheck: 8.5778379s
2026-05-13T01:28:33.164+08:00 [INFO] 用户 1 接收消息: {"type":"heartbeat","data":"ping"}（类型: 1）
2026-05-13T01:28:33.167+08:00 [INFO] 用户 1 发送消息: {"type":"heartbeat","data":"pong","from":"1"}
2026-05-13T01:28:35.736+08:00 [INFO] heartbeatCheck: 2.5720235s
2026-05-13T01:28:40.736+08:00 [INFO] heartbeatCheck: 7.571962s
2026-05-13T01:28:44.168+08:00 [INFO] 用户 1 接收消息: {"type":"heartbeat","data":"ping"}（类型: 1）
2026-05-13T01:28:44.171+08:00 [INFO] 用户 1 发送消息: {"type":"heartbeat","data":"pong","from":"1"}
2026-05-13T01:28:45.736+08:00 [INFO] heartbeatCheck: 1.5683472s
2026-05-13T01:28:50.736+08:00 [INFO] heartbeatCheck: 6.5684374s
2026-05-13T01:28:55.156+08:00 [INFO] 用户 1 接收消息: {"type":"heartbeat","data":"ping"}（类型: 1）
2026-05-13T01:28:55.159+08:00 [INFO] 用户 1 发送消息: {"type":"heartbeat","data":"pong","from":"1"}
2026-05-13T01:28:55.736+08:00 [INFO] heartbeatCheck: 579.7287ms
2026-05-13T01:29:00.736+08:00 [INFO] heartbeatCheck: 5.5799725s
2026-05-13T01:29:05.736+08:00 [INFO] heartbeatCheck: 10.5799654s
2026-05-13T01:29:06.168+08:00 [INFO] 用户 1 接收消息: {"type":"heartbeat","data":"ping"}（类型: 1）
2026-05-13T01:29:06.171+08:00 [INFO] 用户 1 发送消息: {"type":"heartbeat","data":"pong","from":"1"}
2026-05-13T01:29:10.736+08:00 [INFO] heartbeatCheck: 4.5684292s
2026-05-13T01:29:15.737+08:00 [INFO] heartbeatCheck: 9.5690246s
2026-05-13T01:29:17.160+08:00 [INFO] 用户 1 接收消息: {"type":"heartbeat","data":"ping"}（类型: 1）
2026-05-13T01:29:17.163+08:00 [INFO] 用户 1 发送消息: {"type":"heartbeat","data":"pong","from":"1"}
2026-05-13T01:29:20.736+08:00 [INFO] heartbeatCheck: 3.5768451s
2026-05-13T01:29:25.737+08:00 [INFO] heartbeatCheck: 8.5771989s
2026-05-13T01:29:28.164+08:00 [INFO] 用户 1 接收消息: {"type":"heartbeat","data":"ping"}（类型: 1）
2026-05-13T01:29:28.167+08:00 [INFO] 用户 1 发送消息: {"type":"heartbeat","data":"pong","from":"1"}
2026-05-13T01:29:30.737+08:00 [INFO] heartbeatCheck: 2.5727964s
2026-05-13T01:29:35.737+08:00 [INFO] heartbeatCheck: 7.5725728s
2026-05-13T01:29:39.162+08:00 [INFO] 用户 1 接收消息: {"type":"heartbeat","data":"ping"}（类型: 1）
2026-05-13T01:29:39.166+08:00 [INFO] 用户 1 发送消息: {"type":"heartbeat","data":"pong","from":"1"}
2026-05-13T01:29:40.736+08:00 [INFO] heartbeatCheck: 1.5745168s
2026-05-13T01:29:45.736+08:00 [INFO] heartbeatCheck: 6.5745827s
2026-05-13T01:29:50.164+08:00 [INFO] 用户 1 接收消息: {"type":"heartbeat","data":"ping"}（类型: 1）
2026-05-13T01:29:50.168+08:00 [INFO] 用户 1 发送消息: {"type":"heartbeat","data":"pong","from":"1"}
2026-05-13T01:29:50.737+08:00 [INFO] heartbeatCheck: 572.2012ms
2026-05-13T01:29:55.736+08:00 [INFO] heartbeatCheck: 5.5718742s
2026-05-13T01:30:00.737+08:00 [INFO] heartbeatCheck: 10.5731011s
2026-05-13T01:30:01.169+08:00 [INFO] 用户 1 接收消息: {"type":"heartbeat","data":"ping"}（类型: 1）
2026-05-13T01:30:01.171+08:00 [INFO] 用户 1 发送消息: {"type":"heartbeat","data":"pong","from":"1"}
2026-05-13T01:30:05.737+08:00 [INFO] heartbeatCheck: 4.5678041s
2026-05-13T01:30:10.736+08:00 [INFO] heartbeatCheck: 9.5669061s
2026-05-13T01:30:12.157+08:00 [INFO] 用户 1 接收消息: {"type":"heartbeat","data":"ping"}（类型: 1）
2026-05-13T01:30:12.160+08:00 [INFO] 用户 1 发送消息: {"type":"heartbeat","data":"pong","from":"1"}
2026-05-13T01:30:15.736+08:00 [INFO] heartbeatCheck: 3.5791816s
2026-05-13T01:30:20.736+08:00 [INFO] heartbeatCheck: 8.5789127s
2026-05-13T01:30:23.165+08:00 [INFO] 用户 1 接收消息: {"type":"heartbeat","data":"ping"}（类型: 1）
2026-05-13T01:30:23.168+08:00 [INFO] 用户 1 发送消息: {"type":"heartbeat","data":"pong","from":"1"}
2026-05-13T01:30:25.736+08:00 [INFO] heartbeatCheck: 2.5706631s
2026-05-13T01:30:30.736+08:00 [INFO] heartbeatCheck: 7.5710069s
2026-05-13T01:30:34.166+08:00 [INFO] 用户 1 接收消息: {"type":"heartbeat","data":"ping"}（类型: 1）
2026-05-13T01:30:34.169+08:00 [INFO] 用户 1 发送消息: {"type":"heartbeat","data":"pong","from":"1"}
2026-05-13T01:30:35.736+08:00 [INFO] heartbeatCheck: 1.5702545s
2026-05-13T01:30:40.736+08:00 [INFO] heartbeatCheck: 6.5705928s
2026-05-13T01:30:45.159+08:00 [INFO] 用户 1 接收消息: {"type":"heartbeat","data":"ping"}（类型: 1）
2026-05-13T01:30:45.162+08:00 [INFO] 用户 1 发送消息: {"type":"heartbeat","data":"pong","from":"1"}
2026-05-13T01:30:45.736+08:00 [INFO] heartbeatCheck: 577.1712ms
2026-05-13T01:30:50.737+08:00 [INFO] heartbeatCheck: 5.5775112s
2026-05-13T01:30:55.737+08:00 [INFO] heartbeatCheck: 10.5779711s
2026-05-13T01:30:56.169+08:00 [INFO] 用户 1 接收消息: {"type":"heartbeat","data":"ping"}（类型: 1）
2026-05-13T01:30:56.172+08:00 [INFO] 用户 1 发送消息: {"type":"heartbeat","data":"pong","from":"1"}
2026-05-13T01:31:00.736+08:00 [INFO] heartbeatCheck: 4.5668204s
2026-05-13T01:31:05.736+08:00 [INFO] heartbeatCheck: 9.5668167s
2026-05-13T01:31:07.166+08:00 [INFO] 用户 1 接收消息: {"type":"heartbeat","data":"ping"}（类型: 1）
2026-05-13T01:31:07.169+08:00 [INFO] 用户 1 发送消息: {"type":"heartbeat","data":"pong","from":"1"}
2026-05-13T01:31:10.736+08:00 [INFO] heartbeatCheck: 3.5704317s
2026-05-13T01:31:15.736+08:00 [INFO] heartbeatCheck: 8.5704227s
2026-05-13T01:31:18.168+08:00 [INFO] 用户 1 接收消息: {"type":"heartbeat","data":"ping"}（类型: 1）
2026-05-13T01:31:18.171+08:00 [INFO] 用户 1 发送消息: {"type":"heartbeat","data":"pong","from":"1"}
2026-05-13T01:31:20.736+08:00 [INFO] heartbeatCheck: 2.5684166s
2026-05-13T01:31:25.736+08:00 [INFO] heartbeatCheck: 7.5682606s
2026-05-13T01:31:29.171+08:00 [INFO] 用户 1 接收消息: {"type":"heartbeat","data":"ping"}（类型: 1）
2026-05-13T01:31:29.178+08:00 [INFO] 用户 1 发送消息: {"type":"heartbeat","data":"pong","from":"1"}
2026-05-13T01:31:30.736+08:00 [INFO] heartbeatCheck: 1.5655033s
2026-05-13T01:31:35.737+08:00 [INFO] heartbeatCheck: 6.5659656s
2026-05-13T01:31:40.164+08:00 [INFO] 用户 1 接收消息: {"type":"heartbeat","data":"ping"}（类型: 1）
2026-05-13T01:31:40.167+08:00 [INFO] 用户 1 发送消息: {"type":"heartbeat","data":"pong","from":"1"}
2026-05-13T01:31:40.737+08:00 [INFO] heartbeatCheck: 572.5286ms
2026-05-13T01:31:45.737+08:00 [INFO] heartbeatCheck: 5.5726457s
2026-05-13T01:31:50.736+08:00 [INFO] heartbeatCheck: 10.5723889s
2026-05-13T01:31:51.158+08:00 [INFO] 用户 1 接收消息: {"type":"heartbeat","data":"ping"}（类型: 1）
2026-05-13T01:31:51.161+08:00 [INFO] 用户 1 发送消息: {"type":"heartbeat","data":"pong","from":"1"}
2026-05-13T01:31:55.736+08:00 [INFO] heartbeatCheck: 4.5788553s
2026-05-13T01:32:00.737+08:00 [INFO] heartbeatCheck: 9.5793037s
2026-05-13T01:32:02.161+08:00 [INFO] 用户 1 接收消息: {"type":"heartbeat","data":"ping"}（类型: 1）
2026-05-13T01:32:02.164+08:00 [INFO] 用户 1 发送消息: {"type":"heartbeat","data":"pong","from":"1"}
2026-05-13T01:32:05.736+08:00 [INFO] heartbeatCheck: 3.5751751s
2026-05-13T01:32:10.736+08:00 [INFO] heartbeatCheck: 8.5752582s
2026-05-13T01:32:13.165+08:00 [INFO] 用户 1 接收消息: {"type":"heartbeat","data":"ping"}（类型: 1）
2026-05-13T01:32:13.167+08:00 [INFO] 用户 1 发送消息: {"type":"heartbeat","data":"pong","from":"1"}
2026-05-13T01:32:15.736+08:00 [INFO] heartbeatCheck: 2.5729536s
2026-05-13T01:32:20.736+08:00 [INFO] heartbeatCheck: 7.572888s
2026-05-13T01:32:24.171+08:00 [INFO] 用户 1 接收消息: {"type":"heartbeat","data":"ping"}（类型: 1）
2026-05-13T01:32:24.174+08:00 [INFO] 用户 1 发送消息: {"type":"heartbeat","data":"pong","from":"1"}
2026-05-13T01:32:25.736+08:00 [INFO] heartbeatCheck: 1.5651412s
2026-05-13T01:32:30.736+08:00 [INFO] heartbeatCheck: 6.5650868s
2026-05-13T01:32:35.167+08:00 [INFO] 用户 1 接收消息: {"type":"heartbeat","data":"ping"}（类型: 1）
2026-05-13T01:32:35.170+08:00 [INFO] 用户 1 发送消息: {"type":"heartbeat","data":"pong","from":"1"}
2026-05-13T01:32:35.736+08:00 [INFO] heartbeatCheck: 569.3364ms
2026-05-13T01:32:40.736+08:00 [INFO] heartbeatCheck: 5.5691983s
2026-05-13T01:32:45.736+08:00 [INFO] heartbeatCheck: 10.5692728s
2026-05-13T01:32:46.170+08:00 [INFO] 用户 1 接收消息: {"type":"heartbeat","data":"ping"}（类型: 1）
2026-05-13T01:32:46.173+08:00 [INFO] 用户 1 发送消息: {"type":"heartbeat","data":"pong","from":"1"}
2026-05-13T01:32:50.738+08:00 [INFO] heartbeatCheck: 4.5675761s
2026-05-13T01:32:55.737+08:00 [INFO] heartbeatCheck: 9.566683s
2026-05-13T01:32:57.172+08:00 [INFO] 用户 1 接收消息: {"type":"heartbeat","data":"ping"}（类型: 1）
2026-05-13T01:32:57.174+08:00 [INFO] 用户 1 发送消息: {"type":"heartbeat","data":"pong","from":"1"}
2026-05-13T01:33:00.737+08:00 [INFO] heartbeatCheck: 3.5647705s
2026-05-13T01:33:05.737+08:00 [INFO] heartbeatCheck: 8.5647379s
2026-05-13T01:33:08.160+08:00 [INFO] 用户 1 接收消息: {"type":"heartbeat","data":"ping"}（类型: 1）
2026-05-13T01:33:08.169+08:00 [INFO] 用户 1 发送消息: {"type":"heartbeat","data":"pong","from":"1"}
2026-05-13T01:33:10.736+08:00 [INFO] heartbeatCheck: 2.5765112s
2026-05-13T01:33:15.738+08:00 [INFO] heartbeatCheck: 7.578185s
2026-05-13T01:33:19.163+08:00 [INFO] 用户 1 接收消息: {"type":"heartbeat","data":"ping"}（类型: 1）
2026-05-13T01:33:19.167+08:00 [INFO] 用户 1 发送消息: {"type":"heartbeat","data":"pong","from":"1"}
2026-05-13T01:33:20.736+08:00 [INFO] heartbeatCheck: 1.5731779s
2026-05-13T01:33:25.737+08:00 [INFO] heartbeatCheck: 6.5741942s
2026-05-13T01:33:30.170+08:00 [INFO] 用户 1 接收消息: {"type":"heartbeat","data":"ping"}（类型: 1）
2026-05-13T01:33:30.172+08:00 [INFO] 用户 1 发送消息: {"type":"heartbeat","data":"pong","from":"1"}
2026-05-13T01:33:30.737+08:00 [INFO] heartbeatCheck: 567.1761ms
2026-05-13T01:33:35.737+08:00 [INFO] heartbeatCheck: 5.5672748s
2026-05-13T01:33:40.736+08:00 [INFO] heartbeatCheck: 10.5665848s
2026-05-13T01:33:41.165+08:00 [INFO] 用户 1 接收消息: {"type":"heartbeat","data":"ping"}（类型: 1）
2026-05-13T01:33:41.168+08:00 [INFO] 用户 1 发送消息: {"type":"heartbeat","data":"pong","from":"1"}
2026-05-13T01:33:45.736+08:00 [INFO] heartbeatCheck: 4.5707335s
2026-05-13T01:33:50.736+08:00 [INFO] heartbeatCheck: 9.5706429s
2026-05-13T01:33:52.169+08:00 [INFO] 用户 1 接收消息: {"type":"heartbeat","data":"ping"}（类型: 1）
2026-05-13T01:33:52.172+08:00 [INFO] 用户 1 发送消息: {"type":"heartbeat","data":"pong","from":"1"}
2026-05-13T01:33:55.736+08:00 [INFO] heartbeatCheck: 3.5672383s
2026-05-13T01:34:00.736+08:00 [INFO] heartbeatCheck: 8.5674253s
2026-05-13T01:34:03.169+08:00 [INFO] 用户 1 接收消息: {"type":"heartbeat","data":"ping"}（类型: 1）
2026-05-13T01:34:03.170+08:00 [INFO] 用户 1 发送消息: {"type":"heartbeat","data":"pong","from":"1"}
2026-05-13T01:34:05.737+08:00 [INFO] heartbeatCheck: 2.5679485s
2026-05-13T01:34:10.737+08:00 [INFO] heartbeatCheck: 7.5682454s
2026-05-13T01:34:14.162+08:00 [INFO] 用户 1 接收消息: {"type":"heartbeat","data":"ping"}（类型: 1）
2026-05-13T01:34:14.166+08:00 [INFO] 用户 1 发送消息: {"type":"heartbeat","data":"pong","from":"1"}
2026-05-13T01:34:15.736+08:00 [INFO] heartbeatCheck: 1.5738575s
2026-05-13T01:34:20.736+08:00 [INFO] heartbeatCheck: 6.5735539s
2026-05-13T01:34:25.163+08:00 [INFO] 用户 1 接收消息: {"type":"heartbeat","data":"ping"}（类型: 1）
2026-05-13T01:34:25.166+08:00 [INFO] 用户 1 发送消息: {"type":"heartbeat","data":"pong","from":"1"}
2026-05-13T01:34:25.737+08:00 [INFO] heartbeatCheck: 573.2735ms
2026-05-13T01:34:30.736+08:00 [INFO] heartbeatCheck: 5.5728052s
2026-05-13T01:34:35.737+08:00 [INFO] heartbeatCheck: 10.5734368s
2026-05-13T01:34:36.158+08:00 [INFO] 用户 1 接收消息: {"type":"heartbeat","data":"ping"}（类型: 1）
2026-05-13T01:34:36.161+08:00 [INFO] 用户 1 发送消息: {"type":"heartbeat","data":"pong","from":"1"}
2026-05-13T01:34:40.736+08:00 [INFO] heartbeatCheck: 4.5781185s
2026-05-13T01:34:45.736+08:00 [INFO] heartbeatCheck: 9.5781894s
2026-05-13T01:34:47.158+08:00 [INFO] 用户 1 接收消息: {"type":"heartbeat","data":"ping"}（类型: 1）
2026-05-13T01:34:47.166+08:00 [INFO] 用户 1 发送消息: {"type":"heartbeat","data":"pong","from":"1"}
2026-05-13T01:34:50.736+08:00 [INFO] heartbeatCheck: 3.5784611s
2026-05-13T01:34:55.736+08:00 [INFO] heartbeatCheck: 8.578375s
2026-05-13T01:34:58.171+08:00 [INFO] 用户 1 接收消息: {"type":"heartbeat","data":"ping"}（类型: 1）
2026-05-13T01:34:58.174+08:00 [INFO] 用户 1 发送消息: {"type":"heartbeat","data":"pong","from":"1"}
2026-05-13T01:35:00.737+08:00 [INFO] heartbeatCheck: 2.5657388s
2026-05-13T01:35:05.736+08:00 [INFO] heartbeatCheck: 7.5650365s
2026-05-13T01:35:09.161+08:00 [INFO] 用户 1 接收消息: {"type":"heartbeat","data":"ping"}（类型: 1）
2026-05-13T01:35:09.164+08:00 [INFO] 用户 1 发送消息: {"type":"heartbeat","data":"pong","from":"1"}
2026-05-13T01:35:10.736+08:00 [INFO] heartbeatCheck: 1.5752298s
2026-05-13T01:35:15.737+08:00 [INFO] heartbeatCheck: 6.575553s
2026-05-13T01:35:20.163+08:00 [INFO] 用户 1 接收消息: {"type":"heartbeat","data":"ping"}（类型: 1）
2026-05-13T01:35:20.166+08:00 [INFO] 用户 1 发送消息: {"type":"heartbeat","data":"pong","from":"1"}
2026-05-13T01:35:20.736+08:00 [INFO] heartbeatCheck: 573.8545ms
2026-05-13T01:35:25.736+08:00 [INFO] heartbeatCheck: 5.573726s
2026-05-13T01:35:30.737+08:00 [INFO] heartbeatCheck: 10.5741328s
2026-05-13T01:35:31.169+08:00 [INFO] 用户 1 接收消息: {"type":"heartbeat","data":"ping"}（类型: 1）
2026-05-13T01:35:31.172+08:00 [INFO] 用户 1 发送消息: {"type":"heartbeat","data":"pong","from":"1"}
2026-05-13T01:35:35.736+08:00 [INFO] heartbeatCheck: 4.5681246s
2026-05-13T01:35:40.736+08:00 [INFO] heartbeatCheck: 9.5681542s
2026-05-13T01:35:42.169+08:00 [INFO] 用户 1 接收消息: {"type":"heartbeat","data":"ping"}（类型: 1）
2026-05-13T01:35:42.172+08:00 [INFO] 用户 1 发送消息: {"type":"heartbeat","data":"pong","from":"1"}
2026-05-13T01:35:45.736+08:00 [INFO] heartbeatCheck: 3.566868s
2026-05-13T01:35:50.736+08:00 [INFO] heartbeatCheck: 8.5670972s
2026-05-13T01:35:53.166+08:00 [INFO] 用户 1 接收消息: {"type":"heartbeat","data":"ping"}（类型: 1）
2026-05-13T01:35:53.169+08:00 [INFO] 用户 1 发送消息: {"type":"heartbeat","data":"pong","from":"1"}
2026-05-13T01:35:55.737+08:00 [INFO] heartbeatCheck: 2.5704681s
2026-05-13T01:36:00.736+08:00 [INFO] heartbeatCheck: 7.5701985s
2026-05-13T01:36:04.167+08:00 [INFO] 用户 1 接收消息: {"type":"heartbeat","data":"ping"}（类型: 1）
2026-05-13T01:36:04.169+08:00 [INFO] 用户 1 发送消息: {"type":"heartbeat","data":"pong","from":"1"}
2026-05-13T01:36:05.737+08:00 [INFO] heartbeatCheck: 1.569455s
2026-05-13T01:36:10.736+08:00 [INFO] heartbeatCheck: 6.5689085s
2026-05-13T01:36:15.164+08:00 [INFO] 用户 1 接收消息: {"type":"heartbeat","data":"ping"}（类型: 1）
2026-05-13T01:36:15.167+08:00 [INFO] 用户 1 发送消息: {"type":"heartbeat","data":"pong","from":"1"}
2026-05-13T01:36:15.736+08:00 [INFO] heartbeatCheck: 572.4456ms
2026-05-13T01:36:20.736+08:00 [INFO] heartbeatCheck: 5.572469s
2026-05-13T01:36:25.736+08:00 [INFO] heartbeatCheck: 10.572311s
2026-05-13T01:36:26.162+08:00 [INFO] 用户 1 接收消息: {"type":"heartbeat","data":"ping"}（类型: 1）
2026-05-13T01:36:26.170+08:00 [INFO] 用户 1 发送消息: {"type":"heartbeat","data":"pong","from":"1"}
2026-05-13T01:36:30.736+08:00 [INFO] heartbeatCheck: 4.5739566s
2026-05-13T01:36:35.736+08:00 [INFO] heartbeatCheck: 9.573996s
2026-05-13T01:36:37.169+08:00 [INFO] 用户 1 接收消息: {"type":"heartbeat","data":"ping"}（类型: 1）
2026-05-13T01:36:37.173+08:00 [INFO] 用户 1 发送消息: {"type":"heartbeat","data":"pong","from":"1"}
2026-05-13T01:36:40.736+08:00 [INFO] heartbeatCheck: 3.566784s
2026-05-13T01:36:45.736+08:00 [INFO] heartbeatCheck: 8.5668414s
2026-05-13T01:36:48.158+08:00 [INFO] 用户 1 接收消息: {"type":"heartbeat","data":"ping"}（类型: 1）
2026-05-13T01:36:48.161+08:00 [INFO] 用户 1 发送消息: {"type":"heartbeat","data":"pong","from":"1"}
2026-05-13T01:36:50.736+08:00 [INFO] heartbeatCheck: 2.5786784s
2026-05-13T01:36:55.736+08:00 [INFO] heartbeatCheck: 7.5786898s
2026-05-13T01:36:59.174+08:00 [INFO] 用户 1 接收消息: {"type":"heartbeat","data":"ping"}（类型: 1）
2026-05-13T01:36:59.177+08:00 [INFO] 用户 1 发送消息: {"type":"heartbeat","data":"pong","from":"1"}
2026-05-13T01:37:00.736+08:00 [INFO] heartbeatCheck: 1.56261s
2026-05-13T01:37:05.736+08:00 [INFO] heartbeatCheck: 6.5623853s
2026-05-13T01:37:10.169+08:00 [INFO] 用户 1 接收消息: {"type":"heartbeat","data":"ping"}（类型: 1）
2026-05-13T01:37:10.172+08:00 [INFO] 用户 1 发送消息: {"type":"heartbeat","data":"pong","from":"1"}
2026-05-13T01:37:10.737+08:00 [INFO] heartbeatCheck: 568.716ms
2026-05-13T01:37:15.736+08:00 [INFO] heartbeatCheck: 5.5681071s
2026-05-13T01:37:20.737+08:00 [INFO] heartbeatCheck: 10.5686235s
2026-05-13T01:37:21.163+08:00 [INFO] 用户 1 接收消息: {"type":"heartbeat","data":"ping"}（类型: 1）
2026-05-13T01:37:21.166+08:00 [INFO] 用户 1 发送消息: {"type":"heartbeat","data":"pong","from":"1"}
2026-05-13T01:37:25.736+08:00 [INFO] heartbeatCheck: 4.5735869s
2026-05-13T01:37:30.737+08:00 [INFO] heartbeatCheck: 9.5743968s
2026-05-13T01:37:32.162+08:00 [INFO] 用户 1 接收消息: {"type":"heartbeat","data":"ping"}（类型: 1）
2026-05-13T01:37:32.164+08:00 [INFO] 用户 1 发送消息: {"type":"heartbeat","data":"pong","from":"1"}
2026-05-13T01:37:35.736+08:00 [INFO] heartbeatCheck: 3.57459s
2026-05-13T01:37:40.736+08:00 [INFO] heartbeatCheck: 8.5744833s
2026-05-13T01:37:43.166+08:00 [INFO] 用户 1 接收消息: {"type":"heartbeat","data":"ping"}（类型: 1）
2026-05-13T01:37:43.169+08:00 [INFO] 用户 1 发送消息: {"type":"heartbeat","data":"pong","from":"1"}
2026-05-13T01:37:45.737+08:00 [INFO] heartbeatCheck: 2.5710528s
2026-05-13T01:37:50.736+08:00 [INFO] heartbeatCheck: 7.5704716s
2026-05-13T01:37:54.169+08:00 [INFO] 用户 1 接收消息: {"type":"heartbeat","data":"ping"}（类型: 1）
2026-05-13T01:37:54.172+08:00 [INFO] 用户 1 发送消息: {"type":"heartbeat","data":"pong","from":"1"}
2026-05-13T01:37:55.736+08:00 [INFO] heartbeatCheck: 1.5672637s
2026-05-13T01:38:00.736+08:00 [INFO] heartbeatCheck: 6.5672608s
2026-05-13T01:38:05.168+08:00 [INFO] 用户 1 接收消息: {"type":"heartbeat","data":"ping"}（类型: 1）
2026-05-13T01:38:05.176+08:00 [INFO] 用户 1 发送消息: {"type":"heartbeat","data":"pong","from":"1"}
2026-05-13T01:38:05.736+08:00 [INFO] heartbeatCheck: 568.6316ms
2026-05-13T01:38:10.737+08:00 [INFO] heartbeatCheck: 5.5691576s
2026-05-13T01:38:15.736+08:00 [INFO] heartbeatCheck: 10.5687874s
2026-05-13T01:38:16.166+08:00 [INFO] 用户 1 接收消息: {"type":"heartbeat","data":"ping"}（类型: 1）
2026-05-13T01:38:16.169+08:00 [INFO] 用户 1 发送消息: {"type":"heartbeat","data":"pong","from":"1"}
2026-05-13T01:38:20.737+08:00 [INFO] heartbeatCheck: 4.5701188s
2026-05-13T01:38:25.736+08:00 [INFO] heartbeatCheck: 9.5695757s
2026-05-13T01:38:27.158+08:00 [INFO] 用户 1 接收消息: {"type":"heartbeat","data":"ping"}（类型: 1）
2026-05-13T01:38:27.162+08:00 [INFO] 用户 1 发送消息: {"type":"heartbeat","data":"pong","from":"1"}
2026-05-13T01:38:30.736+08:00 [INFO] heartbeatCheck: 3.5782205s
2026-05-13T01:38:35.736+08:00 [INFO] heartbeatCheck: 8.5780748s
2026-05-13T01:38:38.166+08:00 [INFO] 用户 1 接收消息: {"type":"heartbeat","data":"ping"}（类型: 1）
2026-05-13T01:38:38.169+08:00 [INFO] 用户 1 发送消息: {"type":"heartbeat","data":"pong","from":"1"}
2026-05-13T01:38:40.737+08:00 [INFO] heartbeatCheck: 2.571221s
2026-05-13T01:38:45.737+08:00 [INFO] heartbeatCheck: 7.5707439s
2026-05-13T01:38:49.158+08:00 [INFO] 用户 1 接收消息: {"type":"heartbeat","data":"ping"}（类型: 1）
2026-05-13T01:38:49.161+08:00 [INFO] 用户 1 发送消息: {"type":"heartbeat","data":"pong","from":"1"}
2026-05-13T01:38:50.737+08:00 [INFO] heartbeatCheck: 1.5783834s
2026-05-13T01:38:55.736+08:00 [INFO] heartbeatCheck: 6.5775774s
2026-05-13T01:39:00.169+08:00 [INFO] 用户 1 接收消息: {"type":"heartbeat","data":"ping"}（类型: 1）
2026-05-13T01:39:00.172+08:00 [INFO] 用户 1 发送消息: {"type":"heartbeat","data":"pong","from":"1"}
2026-05-13T01:39:00.736+08:00 [INFO] heartbeatCheck: 567.5269ms
2026-05-13T01:39:05.736+08:00 [INFO] heartbeatCheck: 5.5674151s
2026-05-13T01:39:10.736+08:00 [INFO] heartbeatCheck: 10.5673928s
2026-05-13T01:39:11.166+08:00 [INFO] 用户 1 接收消息: {"type":"heartbeat","data":"ping"}（类型: 1）
2026-05-13T01:39:11.169+08:00 [INFO] 用户 1 发送消息: {"type":"heartbeat","data":"pong","from":"1"}
2026-05-13T01:39:15.736+08:00 [INFO] heartbeatCheck: 4.5706078s
2026-05-13T01:39:20.737+08:00 [INFO] heartbeatCheck: 9.5714029s
2026-05-13T01:39:22.157+08:00 [INFO] 用户 1 接收消息: {"type":"heartbeat","data":"ping"}（类型: 1）
2026-05-13T01:39:22.160+08:00 [INFO] 用户 1 发送消息: {"type":"heartbeat","data":"pong","from":"1"}
2026-05-13T01:39:25.736+08:00 [INFO] heartbeatCheck: 3.5801171s
2026-05-13T01:39:30.736+08:00 [INFO] heartbeatCheck: 8.5802423s
2026-05-13T01:39:33.158+08:00 [INFO] 用户 1 接收消息: {"type":"heartbeat","data":"ping"}（类型: 1）
2026-05-13T01:39:33.161+08:00 [INFO] 用户 1 发送消息: {"type":"heartbeat","data":"pong","from":"1"}
2026-05-13T01:39:35.736+08:00 [INFO] heartbeatCheck: 2.57824s
2026-05-13T01:39:40.737+08:00 [INFO] heartbeatCheck: 7.5786912s
2026-05-13T01:39:44.171+08:00 [INFO] 用户 1 接收消息: {"type":"heartbeat","data":"ping"}（类型: 1）
2026-05-13T01:39:44.178+08:00 [INFO] 用户 1 发送消息: {"type":"heartbeat","data":"pong","from":"1"}
2026-05-13T01:39:45.737+08:00 [INFO] heartbeatCheck: 1.5668706s
2026-05-13T01:39:50.736+08:00 [INFO] heartbeatCheck: 6.5667274s
2026-05-13T01:39:55.170+08:00 [INFO] 用户 1 接收消息: {"type":"heartbeat","data":"ping"}（类型: 1）
2026-05-13T01:39:55.173+08:00 [INFO] 用户 1 发送消息: {"type":"heartbeat","data":"pong","from":"1"}
2026-05-13T01:39:55.736+08:00 [INFO] heartbeatCheck: 566.1262ms
2026-05-13T01:40:00.736+08:00 [INFO] heartbeatCheck: 5.566095s
2026-05-13T01:40:05.737+08:00 [INFO] heartbeatCheck: 10.5666837s
2026-05-13T01:40:06.159+08:00 [INFO] 用户 1 接收消息: {"type":"heartbeat","data":"ping"}（类型: 1）
2026-05-13T01:40:06.161+08:00 [INFO] 用户 1 发送消息: {"type":"heartbeat","data":"pong","from":"1"}
2026-05-13T01:40:10.736+08:00 [INFO] heartbeatCheck: 4.5776683s
2026-05-13T01:40:15.737+08:00 [INFO] heartbeatCheck: 9.5781049s
2026-05-13T01:40:17.167+08:00 [INFO] 用户 1 接收消息: {"type":"heartbeat","data":"ping"}（类型: 1）
2026-05-13T01:40:17.169+08:00 [INFO] 用户 1 发送消息: {"type":"heartbeat","data":"pong","from":"1"}
2026-05-13T01:40:20.737+08:00 [INFO] heartbeatCheck: 3.5701923s
2026-05-13T01:40:25.736+08:00 [INFO] heartbeatCheck: 8.5694182s
2026-05-13T01:40:28.156+08:00 [INFO] 用户 1 接收消息: {"type":"heartbeat","data":"ping"}（类型: 1）
2026-05-13T01:40:28.159+08:00 [INFO] 用户 1 发送消息: {"type":"heartbeat","data":"pong","from":"1"}
2026-05-13T01:40:30.736+08:00 [INFO] heartbeatCheck: 2.5800472s
2026-05-13T01:40:35.737+08:00 [INFO] heartbeatCheck: 7.5806916s
2026-05-13T01:40:39.166+08:00 [INFO] 用户 1 接收消息: {"type":"heartbeat","data":"ping"}（类型: 1）
2026-05-13T01:40:39.169+08:00 [INFO] 用户 1 发送消息: {"type":"heartbeat","data":"pong","from":"1"}
2026-05-13T01:40:40.736+08:00 [INFO] heartbeatCheck: 1.5696484s
2026-05-13T01:40:45.737+08:00 [INFO] heartbeatCheck: 6.5706727s
2026-05-13T01:40:50.159+08:00 [INFO] 用户 1 接收消息: {"type":"heartbeat","data":"ping"}（类型: 1）
2026-05-13T01:40:50.162+08:00 [INFO] 用户 1 发送消息: {"type":"heartbeat","data":"pong","from":"1"}
2026-05-13T01:40:50.736+08:00 [INFO] heartbeatCheck: 577.4489ms
2026-05-13T01:40:55.736+08:00 [INFO] heartbeatCheck: 5.5773766s
2026-05-13T01:41:00.736+08:00 [INFO] heartbeatCheck: 10.5774355s
2026-05-13T01:41:01.167+08:00 [INFO] 用户 1 接收消息: {"type":"heartbeat","data":"ping"}（类型: 1）
2026-05-13T01:41:01.169+08:00 [INFO] 用户 1 发送消息: {"type":"heartbeat","data":"pong","from":"1"}
2026-05-13T01:41:05.737+08:00 [INFO] heartbeatCheck: 4.5696516s
2026-05-13T01:41:10.736+08:00 [INFO] heartbeatCheck: 9.56896s
2026-05-13T01:41:12.161+08:00 [INFO] 用户 1 接收消息: {"type":"heartbeat","data":"ping"}（类型: 1）
2026-05-13T01:41:12.164+08:00 [INFO] 用户 1 发送消息: {"type":"heartbeat","data":"pong","from":"1"}
2026-05-13T01:41:15.737+08:00 [INFO] heartbeatCheck: 3.5756556s
2026-05-13T01:41:20.736+08:00 [INFO] heartbeatCheck: 8.5750039s
2026-05-13T01:41:23.162+08:00 [INFO] 用户 1 接收消息: {"type":"heartbeat","data":"ping"}（类型: 1）
2026-05-13T01:41:23.165+08:00 [INFO] 用户 1 发送消息: {"type":"heartbeat","data":"pong","from":"1"}
2026-05-13T01:41:25.736+08:00 [INFO] heartbeatCheck: 2.5745377s
2026-05-13T01:41:30.736+08:00 [INFO] heartbeatCheck: 7.5745259s
2026-05-13T01:41:34.158+08:00 [INFO] 用户 1 接收消息: {"type":"heartbeat","data":"ping"}（类型: 1）
2026-05-13T01:41:34.160+08:00 [INFO] 用户 1 发送消息: {"type":"heartbeat","data":"pong","from":"1"}
2026-05-13T01:41:35.736+08:00 [INFO] heartbeatCheck: 1.5779654s
2026-05-13T01:41:40.736+08:00 [INFO] heartbeatCheck: 6.5780249s
2026-05-13T01:41:45.170+08:00 [INFO] 用户 1 接收消息: {"type":"heartbeat","data":"ping"}（类型: 1）
2026-05-13T01:41:45.173+08:00 [INFO] 用户 1 发送消息: {"type":"heartbeat","data":"pong","from":"1"}
2026-05-13T01:41:45.736+08:00 [INFO] heartbeatCheck: 565.7405ms
2026-05-13T01:41:50.736+08:00 [INFO] heartbeatCheck: 5.5658162s
2026-05-13T01:41:55.737+08:00 [INFO] heartbeatCheck: 10.5663502s
2026-05-13T01:41:56.166+08:00 [INFO] 用户 1 接收消息: {"type":"heartbeat","data":"ping"}（类型: 1）
2026-05-13T01:41:56.169+08:00 [INFO] 用户 1 发送消息: {"type":"heartbeat","data":"pong","from":"1"}
2026-05-13T01:42:00.736+08:00 [INFO] heartbeatCheck: 4.5702048s
2026-05-13T01:42:05.736+08:00 [INFO] heartbeatCheck: 9.569859s
2026-05-13T01:42:07.165+08:00 [INFO] 用户 1 接收消息: {"type":"heartbeat","data":"ping"}（类型: 1）
2026-05-13T01:42:07.169+08:00 [INFO] 用户 1 发送消息: {"type":"heartbeat","data":"pong","from":"1"}
2026-05-13T01:42:10.736+08:00 [INFO] heartbeatCheck: 3.5709419s
2026-05-13T01:42:15.736+08:00 [INFO] heartbeatCheck: 8.5708955s
2026-05-13T01:42:18.162+08:00 [INFO] 用户 1 接收消息: {"type":"heartbeat","data":"ping"}（类型: 1）
2026-05-13T01:42:18.163+08:00 [INFO] 用户 1 发送消息: {"type":"heartbeat","data":"pong","from":"1"}
2026-05-13T01:42:20.736+08:00 [INFO] heartbeatCheck: 2.5750321s
2026-05-13T01:42:25.736+08:00 [INFO] heartbeatCheck: 7.5748401s
2026-05-13T01:42:29.157+08:00 [INFO] 用户 1 接收消息: {"type":"heartbeat","data":"ping"}（类型: 1）
2026-05-13T01:42:29.160+08:00 [INFO] 用户 1 发送消息: {"type":"heartbeat","data":"pong","from":"1"}
2026-05-13T01:42:30.736+08:00 [INFO] heartbeatCheck: 1.5793923s
2026-05-13T01:42:35.736+08:00 [INFO] heartbeatCheck: 6.5791511s
2026-05-13T01:42:40.163+08:00 [INFO] 用户 1 接收消息: {"type":"heartbeat","data":"ping"}（类型: 1）
2026-05-13T01:42:40.166+08:00 [INFO] 用户 1 发送消息: {"type":"heartbeat","data":"pong","from":"1"}
2026-05-13T01:42:40.736+08:00 [INFO] heartbeatCheck: 573.7417ms
2026-05-13T01:42:45.736+08:00 [INFO] heartbeatCheck: 5.5738441s
2026-05-13T01:42:50.737+08:00 [INFO] heartbeatCheck: 10.5742284s
2026-05-13T01:42:51.158+08:00 [INFO] 用户 1 接收消息: {"type":"heartbeat","data":"ping"}（类型: 1）
2026-05-13T01:42:51.161+08:00 [INFO] 用户 1 发送消息: {"type":"heartbeat","data":"pong","from":"1"}
2026-05-13T01:42:55.736+08:00 [INFO] heartbeatCheck: 4.5788872s
2026-05-13T01:43:00.737+08:00 [INFO] heartbeatCheck: 9.5789418s
2026-05-13T01:43:02.169+08:00 [INFO] 用户 1 接收消息: {"type":"heartbeat","data":"ping"}（类型: 1）
2026-05-13T01:43:02.172+08:00 [INFO] 用户 1 发送消息: {"type":"heartbeat","data":"pong","from":"1"}
2026-05-13T01:43:05.736+08:00 [INFO] heartbeatCheck: 3.5667745s
2026-05-13T01:43:10.736+08:00 [INFO] heartbeatCheck: 8.5669844s
2026-05-13T01:43:13.159+08:00 [INFO] 用户 1 接收消息: {"type":"heartbeat","data":"ping"}（类型: 1）
2026-05-13T01:43:13.162+08:00 [INFO] 用户 1 发送消息: {"type":"heartbeat","data":"pong","from":"1"}
2026-05-13T01:43:15.737+08:00 [INFO] heartbeatCheck: 2.5779951s
2026-05-13T01:43:20.736+08:00 [INFO] heartbeatCheck: 7.5774437s
2026-05-13T01:43:24.162+08:00 [INFO] 用户 1 接收消息: {"type":"heartbeat","data":"ping"}（类型: 1）
2026-05-13T01:43:24.165+08:00 [INFO] 用户 1 发送消息: {"type":"heartbeat","data":"pong","from":"1"}
2026-05-13T01:43:25.736+08:00 [INFO] heartbeatCheck: 1.5745539s
2026-05-13T01:43:30.736+08:00 [INFO] heartbeatCheck: 6.5744053s
2026-05-13T01:43:35.164+08:00 [INFO] 用户 1 接收消息: {"type":"heartbeat","data":"ping"}（类型: 1）
2026-05-13T01:43:35.167+08:00 [INFO] 用户 1 发送消息: {"type":"heartbeat","data":"pong","from":"1"}
2026-05-13T01:43:35.737+08:00 [INFO] heartbeatCheck: 572.662ms
2026-05-13T01:43:40.736+08:00 [INFO] heartbeatCheck: 5.5722469s
2026-05-13T01:43:45.737+08:00 [INFO] heartbeatCheck: 10.5724789s
2026-05-13T01:43:46.162+08:00 [INFO] 用户 1 接收消息: {"type":"heartbeat","data":"ping"}（类型: 1）
2026-05-13T01:43:46.165+08:00 [INFO] 用户 1 发送消息: {"type":"heartbeat","data":"pong","from":"1"}
2026-05-13T01:43:50.736+08:00 [INFO] heartbeatCheck: 4.5740134s
2026-05-13T01:43:55.736+08:00 [INFO] heartbeatCheck: 9.5736941s
2026-05-13T01:43:57.172+08:00 [INFO] 用户 1 接收消息: {"type":"heartbeat","data":"ping"}（类型: 1）
2026-05-13T01:43:57.173+08:00 [INFO] 用户 1 发送消息: {"type":"heartbeat","data":"pong","from":"1"}
2026-05-13T01:44:00.737+08:00 [INFO] heartbeatCheck: 3.5645457s
2026-05-13T01:44:05.737+08:00 [INFO] heartbeatCheck: 8.5644173s
2026-05-13T01:44:08.166+08:00 [INFO] 用户 1 接收消息: {"type":"heartbeat","data":"ping"}（类型: 1）
2026-05-13T01:44:08.167+08:00 [INFO] 用户 1 发送消息: {"type":"heartbeat","data":"pong","from":"1"}
2026-05-13T01:44:10.737+08:00 [INFO] heartbeatCheck: 2.5701934s
2026-05-13T01:44:15.737+08:00 [INFO] heartbeatCheck: 7.5703229s
2026-05-13T01:44:19.172+08:00 [INFO] 用户 1 接收消息: {"type":"heartbeat","data":"ping"}（类型: 1）
2026-05-13T01:44:19.175+08:00 [INFO] 用户 1 发送消息: {"type":"heartbeat","data":"pong","from":"1"}
2026-05-13T01:44:20.736+08:00 [INFO] heartbeatCheck: 1.5642481s
2026-05-13T01:44:25.736+08:00 [INFO] heartbeatCheck: 6.5642432s
2026-05-13T01:44:30.168+08:00 [INFO] 用户 1 接收消息: {"type":"heartbeat","data":"ping"}（类型: 1）
2026-05-13T01:44:30.171+08:00 [INFO] 用户 1 发送消息: {"type":"heartbeat","data":"pong","from":"1"}
2026-05-13T01:44:30.736+08:00 [INFO] heartbeatCheck: 568.1508ms
2026-05-13T01:44:35.736+08:00 [INFO] heartbeatCheck: 5.5677606s
2026-05-13T01:44:40.736+08:00 [INFO] heartbeatCheck: 10.5680459s
2026-05-13T01:44:41.163+08:00 [INFO] 用户 1 接收消息: {"type":"heartbeat","data":"ping"}（类型: 1）
2026-05-13T01:44:41.172+08:00 [INFO] 用户 1 发送消息: {"type":"heartbeat","data":"pong","from":"1"}
2026-05-13T01:44:45.736+08:00 [INFO] heartbeatCheck: 4.5736886s
2026-05-13T01:44:50.736+08:00 [INFO] heartbeatCheck: 9.5738377s
2026-05-13T01:44:52.161+08:00 [INFO] 用户 1 接收消息: {"type":"heartbeat","data":"ping"}（类型: 1）
2026-05-13T01:44:52.164+08:00 [INFO] 用户 1 发送消息: {"type":"heartbeat","data":"pong","from":"1"}
2026-05-13T01:44:55.736+08:00 [INFO] heartbeatCheck: 3.5754105s
2026-05-13T01:45:00.736+08:00 [INFO] heartbeatCheck: 8.5755092s
2026-05-13T01:45:03.162+08:00 [INFO] 用户 1 接收消息: {"type":"heartbeat","data":"ping"}（类型: 1）
2026-05-13T01:45:03.164+08:00 [INFO] 用户 1 发送消息: {"type":"heartbeat","data":"pong","from":"1"}
2026-05-13T01:45:05.736+08:00 [INFO] heartbeatCheck: 2.5738732s
2026-05-13T01:45:10.736+08:00 [INFO] heartbeatCheck: 7.5737077s
2026-05-13T01:45:14.166+08:00 [INFO] 用户 1 接收消息: {"type":"heartbeat","data":"ping"}（类型: 1）
2026-05-13T01:45:14.169+08:00 [INFO] 用户 1 发送消息: {"type":"heartbeat","data":"pong","from":"1"}
2026-05-13T01:45:15.736+08:00 [INFO] heartbeatCheck: 1.5702704s
2026-05-13T01:45:20.737+08:00 [INFO] heartbeatCheck: 6.5707419s
2026-05-13T01:45:25.170+08:00 [INFO] 用户 1 接收消息: {"type":"heartbeat","data":"ping"}（类型: 1）
2026-05-13T01:45:25.173+08:00 [INFO] 用户 1 发送消息: {"type":"heartbeat","data":"pong","from":"1"}
2026-05-13T01:45:25.736+08:00 [INFO] heartbeatCheck: 566.258ms
2026-05-13T01:45:30.736+08:00 [INFO] heartbeatCheck: 5.5662922s
2026-05-13T01:45:35.736+08:00 [INFO] heartbeatCheck: 10.5661844s
2026-05-13T01:45:36.162+08:00 [INFO] 用户 1 接收消息: {"type":"heartbeat","data":"ping"}（类型: 1）
2026-05-13T01:45:36.164+08:00 [INFO] 用户 1 发送消息: {"type":"heartbeat","data":"pong","from":"1"}
2026-05-13T01:45:40.736+08:00 [INFO] heartbeatCheck: 4.5750863s
2026-05-13T01:45:45.736+08:00 [INFO] heartbeatCheck: 9.5749723s
2026-05-13T01:45:47.158+08:00 [INFO] 用户 1 接收消息: {"type":"heartbeat","data":"ping"}（类型: 1）
2026-05-13T01:45:47.160+08:00 [INFO] 用户 1 发送消息: {"type":"heartbeat","data":"pong","from":"1"}
2026-05-13T01:45:50.736+08:00 [INFO] heartbeatCheck: 3.5790596s
2026-05-13T01:45:55.736+08:00 [INFO] heartbeatCheck: 8.5790728s
2026-05-13T01:45:58.172+08:00 [INFO] 用户 1 接收消息: {"type":"heartbeat","data":"ping"}（类型: 1）
2026-05-13T01:45:58.175+08:00 [INFO] 用户 1 发送消息: {"type":"heartbeat","data":"pong","from":"1"}
2026-05-13T01:46:00.736+08:00 [INFO] heartbeatCheck: 2.5649877s
2026-05-13T01:46:05.737+08:00 [INFO] heartbeatCheck: 7.5655248s
2026-05-13T01:46:09.164+08:00 [INFO] 用户 1 接收消息: {"type":"heartbeat","data":"ping"}（类型: 1）
2026-05-13T01:46:09.167+08:00 [INFO] 用户 1 发送消息: {"type":"heartbeat","data":"pong","from":"1"}
2026-05-13T01:46:10.736+08:00 [INFO] heartbeatCheck: 1.5727861s
2026-05-13T01:46:15.737+08:00 [INFO] heartbeatCheck: 6.5731098s
2026-05-13T01:46:20.172+08:00 [INFO] 用户 1 接收消息: {"type":"heartbeat","data":"ping"}（类型: 1）
2026-05-13T01:46:20.180+08:00 [INFO] 用户 1 发送消息: {"type":"heartbeat","data":"pong","from":"1"}
2026-05-13T01:46:20.736+08:00 [INFO] heartbeatCheck: 564.6733ms
2026-05-13T01:46:25.737+08:00 [INFO] heartbeatCheck: 5.5652939s
2026-05-13T01:46:30.736+08:00 [INFO] heartbeatCheck: 10.5646719s
2026-05-13T01:46:31.161+08:00 [INFO] 用户 1 接收消息: {"type":"heartbeat","data":"ping"}（类型: 1）
2026-05-13T01:46:31.164+08:00 [INFO] 用户 1 发送消息: {"type":"heartbeat","data":"pong","from":"1"}
2026-05-13T01:46:35.736+08:00 [INFO] heartbeatCheck: 4.5758541s
2026-05-13T01:46:40.736+08:00 [INFO] heartbeatCheck: 9.5753627s
2026-05-13T01:46:42.172+08:00 [INFO] 用户 1 接收消息: {"type":"heartbeat","data":"ping"}（类型: 1）
2026-05-13T01:46:42.174+08:00 [INFO] 用户 1 发送消息: {"type":"heartbeat","data":"pong","from":"1"}
2026-05-13T01:46:45.736+08:00 [INFO] heartbeatCheck: 3.5641406s
2026-05-13T01:46:50.736+08:00 [INFO] heartbeatCheck: 8.5642171s
2026-05-13T01:46:53.172+08:00 [INFO] 用户 1 接收消息: {"type":"heartbeat","data":"ping"}（类型: 1）
2026-05-13T01:46:53.175+08:00 [INFO] 用户 1 发送消息: {"type":"heartbeat","data":"pong","from":"1"}
2026-05-13T01:46:55.736+08:00 [INFO] heartbeatCheck: 2.5644065s
2026-05-13T01:47:00.737+08:00 [INFO] heartbeatCheck: 7.5648493s
2026-05-13T01:47:04.161+08:00 [INFO] 用户 1 接收消息: {"type":"heartbeat","data":"ping"}（类型: 1）
2026-05-13T01:47:04.163+08:00 [INFO] 用户 1 发送消息: {"type":"heartbeat","data":"pong","from":"1"}
2026-05-13T01:47:05.737+08:00 [INFO] heartbeatCheck: 1.5753155s
2026-05-13T01:47:10.736+08:00 [INFO] heartbeatCheck: 6.5750338s
2026-05-13T01:47:15.163+08:00 [INFO] 用户 1 接收消息: {"type":"heartbeat","data":"ping"}（类型: 1）
2026-05-13T01:47:15.166+08:00 [INFO] 用户 1 发送消息: {"type":"heartbeat","data":"pong","from":"1"}
2026-05-13T01:47:15.736+08:00 [INFO] heartbeatCheck: 572.6926ms
2026-05-13T01:47:20.737+08:00 [INFO] heartbeatCheck: 5.5733287s
2026-05-13T01:47:25.737+08:00 [INFO] heartbeatCheck: 10.5734204s
2026-05-13T01:47:26.162+08:00 [INFO] 用户 1 接收消息: {"type":"heartbeat","data":"ping"}（类型: 1）
2026-05-13T01:47:26.165+08:00 [INFO] 用户 1 发送消息: {"type":"heartbeat","data":"pong","from":"1"}
2026-05-13T01:47:30.736+08:00 [INFO] heartbeatCheck: 4.5749238s
2026-05-13T01:47:35.736+08:00 [INFO] heartbeatCheck: 9.5751312s
2026-05-13T01:47:37.162+08:00 [INFO] 用户 1 接收消息: {"type":"heartbeat","data":"ping"}（类型: 1）
2026-05-13T01:47:37.163+08:00 [INFO] 用户 1 发送消息: {"type":"heartbeat","data":"pong","from":"1"}
2026-05-13T01:47:40.736+08:00 [INFO] heartbeatCheck: 3.5748378s
2026-05-13T01:47:45.736+08:00 [INFO] heartbeatCheck: 8.5745135s
2026-05-13T01:47:48.163+08:00 [INFO] 用户 1 接收消息: {"type":"heartbeat","data":"ping"}（类型: 1）
2026-05-13T01:47:48.165+08:00 [INFO] 用户 1 发送消息: {"type":"heartbeat","data":"pong","from":"1"}
2026-05-13T01:47:50.736+08:00 [INFO] heartbeatCheck: 2.5738107s
2026-05-13T01:47:55.737+08:00 [INFO] heartbeatCheck: 7.5740439s
2026-05-13T01:47:59.158+08:00 [INFO] 用户 1 接收消息: {"type":"heartbeat","data":"ping"}（类型: 1）
2026-05-13T01:47:59.169+08:00 [INFO] 用户 1 发送消息: {"type":"heartbeat","data":"pong","from":"1"}
2026-05-13T01:48:00.736+08:00 [INFO] heartbeatCheck: 1.578462s
2026-05-13T01:48:05.736+08:00 [INFO] heartbeatCheck: 6.5783714s
2026-05-13T01:48:10.172+08:00 [INFO] 用户 1 接收消息: {"type":"heartbeat","data":"ping"}（类型: 1）
2026-05-13T01:48:10.175+08:00 [INFO] 用户 1 发送消息: {"type":"heartbeat","data":"pong","from":"1"}
2026-05-13T01:48:10.736+08:00 [INFO] heartbeatCheck: 563.9944ms
2026-05-13T01:48:15.737+08:00 [INFO] heartbeatCheck: 5.5644647s
2026-05-13T01:48:20.736+08:00 [INFO] heartbeatCheck: 10.5638471s
2026-05-13T01:48:21.172+08:00 [INFO] 用户 1 接收消息: {"type":"heartbeat","data":"ping"}（类型: 1）
2026-05-13T01:48:21.174+08:00 [INFO] 用户 1 发送消息: {"type":"heartbeat","data":"pong","from":"1"}
2026-05-13T01:48:25.736+08:00 [INFO] heartbeatCheck: 4.564946s
2026-05-13T01:48:30.737+08:00 [INFO] heartbeatCheck: 9.5656685s
2026-05-13T01:48:32.165+08:00 [INFO] 用户 1 接收消息: {"type":"heartbeat","data":"ping"}（类型: 1）
2026-05-13T01:48:32.166+08:00 [INFO] 用户 1 发送消息: {"type":"heartbeat","data":"pong","from":"1"}
2026-05-13T01:48:35.736+08:00 [INFO] heartbeatCheck: 3.5712568s
2026-05-13T01:48:40.736+08:00 [INFO] heartbeatCheck: 8.5712961s
2026-05-13T01:48:43.158+08:00 [INFO] 用户 1 接收消息: {"type":"heartbeat","data":"ping"}（类型: 1）
2026-05-13T01:48:43.160+08:00 [INFO] 用户 1 发送消息: {"type":"heartbeat","data":"pong","from":"1"}
2026-05-13T01:48:45.736+08:00 [INFO] heartbeatCheck: 2.5785973s
2026-05-13T01:48:50.736+08:00 [INFO] heartbeatCheck: 7.5785988s
2026-05-13T01:48:54.163+08:00 [INFO] 用户 1 接收消息: {"type":"heartbeat","data":"ping"}（类型: 1）
2026-05-13T01:48:54.165+08:00 [INFO] 用户 1 发送消息: {"type":"heartbeat","data":"pong","from":"1"}
2026-05-13T01:48:55.736+08:00 [INFO] heartbeatCheck: 1.5737481s
2026-05-13T01:49:00.736+08:00 [INFO] heartbeatCheck: 6.5737875s
2026-05-13T01:49:05.170+08:00 [INFO] 用户 1 接收消息: {"type":"heartbeat","data":"ping"}（类型: 1）
2026-05-13T01:49:05.172+08:00 [INFO] 用户 1 发送消息: {"type":"heartbeat","data":"pong","from":"1"}
2026-05-13T01:49:05.737+08:00 [INFO] heartbeatCheck: 566.7165ms
2026-05-13T01:49:10.736+08:00 [INFO] heartbeatCheck: 5.5658481s
2026-05-13T01:49:15.736+08:00 [INFO] heartbeatCheck: 10.5659253s
2026-05-13T01:49:16.167+08:00 [INFO] 用户 1 接收消息: {"type":"heartbeat","data":"ping"}（类型: 1）
2026-05-13T01:49:16.170+08:00 [INFO] 用户 1 发送消息: {"type":"heartbeat","data":"pong","from":"1"}
2026-05-13T01:49:20.736+08:00 [INFO] heartbeatCheck: 4.5689413s
2026-05-13T01:49:25.736+08:00 [INFO] heartbeatCheck: 9.5689121s
2026-05-13T01:49:27.163+08:00 [INFO] 用户 1 接收消息: {"type":"heartbeat","data":"ping"}（类型: 1）
2026-05-13T01:49:27.166+08:00 [INFO] 用户 1 发送消息: {"type":"heartbeat","data":"pong","from":"1"}
2026-05-13T01:49:30.736+08:00 [INFO] heartbeatCheck: 3.5732768s
2026-05-13T01:49:35.736+08:00 [INFO] heartbeatCheck: 8.5732487s
2026-05-13T01:49:38.159+08:00 [INFO] 用户 1 接收消息: {"type":"heartbeat","data":"ping"}（类型: 1）
2026-05-13T01:49:38.167+08:00 [INFO] 用户 1 发送消息: {"type":"heartbeat","data":"pong","from":"1"}
2026-05-13T01:49:40.736+08:00 [INFO] heartbeatCheck: 2.5772619s
2026-05-13T01:49:45.736+08:00 [INFO] heartbeatCheck: 7.577552s
2026-05-13T01:49:49.165+08:00 [INFO] 用户 1 接收消息: {"type":"heartbeat","data":"ping"}（类型: 1）
2026-05-13T01:49:49.167+08:00 [INFO] 用户 1 发送消息: {"type":"heartbeat","data":"pong","from":"1"}
2026-05-13T01:49:50.736+08:00 [INFO] heartbeatCheck: 1.5713302s
2026-05-13T01:49:55.737+08:00 [INFO] heartbeatCheck: 6.5719753s
2026-05-13T01:50:00.167+08:00 [INFO] 用户 1 接收消息: {"type":"heartbeat","data":"ping"}（类型: 1）
2026-05-13T01:50:00.170+08:00 [INFO] 用户 1 发送消息: {"type":"heartbeat","data":"pong","from":"1"}
2026-05-13T01:50:00.736+08:00 [INFO] heartbeatCheck: 569.768ms
2026-05-13T01:50:05.737+08:00 [INFO] heartbeatCheck: 5.5700024s
2026-05-13T01:50:10.738+08:00 [INFO] heartbeatCheck: 10.5709823s
2026-05-13T01:50:11.156+08:00 [INFO] 用户 1 接收消息: {"type":"heartbeat","data":"ping"}（类型: 1）
2026-05-13T01:50:11.159+08:00 [INFO] 用户 1 发送消息: {"type":"heartbeat","data":"pong","from":"1"}
2026-05-13T01:50:15.736+08:00 [INFO] heartbeatCheck: 4.5800263s
2026-05-13T01:50:20.736+08:00 [INFO] heartbeatCheck: 9.5802101s
2026-05-13T01:50:22.171+08:00 [INFO] 用户 1 接收消息: {"type":"heartbeat","data":"ping"}（类型: 1）
2026-05-13T01:50:22.174+08:00 [INFO] 用户 1 发送消息: {"type":"heartbeat","data":"pong","from":"1"}
2026-05-13T01:50:25.736+08:00 [INFO] heartbeatCheck: 3.5650099s
2026-05-13T01:50:30.736+08:00 [INFO] heartbeatCheck: 8.5649061s
2026-05-13T01:50:33.162+08:00 [INFO] 用户 1 接收消息: {"type":"heartbeat","data":"ping"}（类型: 1）
2026-05-13T01:50:33.164+08:00 [INFO] 用户 1 发送消息: {"type":"heartbeat","data":"pong","from":"1"}
2026-05-13T01:50:35.736+08:00 [INFO] heartbeatCheck: 2.5744678s
2026-05-13T01:50:40.737+08:00 [INFO] heartbeatCheck: 7.5750991s
2026-05-13T01:50:44.158+08:00 [INFO] 用户 1 接收消息: {"type":"heartbeat","data":"ping"}（类型: 1）
2026-05-13T01:50:44.161+08:00 [INFO] 用户 1 发送消息: {"type":"heartbeat","data":"pong","from":"1"}
2026-05-13T01:50:45.737+08:00 [INFO] heartbeatCheck: 1.5791092s
2026-05-13T01:50:50.736+08:00 [INFO] heartbeatCheck: 6.5784052s
2026-05-13T01:50:55.161+08:00 [INFO] 用户 1 接收消息: {"type":"heartbeat","data":"ping"}（类型: 1）
2026-05-13T01:50:55.162+08:00 [INFO] 用户 1 发送消息: {"type":"heartbeat","data":"pong","from":"1"}
2026-05-13T01:50:55.736+08:00 [INFO] heartbeatCheck: 576.0219ms
2026-05-13T01:51:00.736+08:00 [INFO] heartbeatCheck: 5.5754639s
2026-05-13T01:51:05.736+08:00 [INFO] heartbeatCheck: 10.575604s
2026-05-13T01:51:06.164+08:00 [INFO] 用户 1 接收消息: {"type":"heartbeat","data":"ping"}（类型: 1）
2026-05-13T01:51:06.167+08:00 [INFO] 用户 1 发送消息: {"type":"heartbeat","data":"pong","from":"1"}
2026-05-13T01:51:10.736+08:00 [INFO] heartbeatCheck: 4.5723255s
2026-05-13T01:51:15.736+08:00 [INFO] heartbeatCheck: 9.5719577s
2026-05-13T01:51:17.172+08:00 [INFO] 用户 1 接收消息: {"type":"heartbeat","data":"ping"}（类型: 1）
2026-05-13T01:51:17.180+08:00 [INFO] 用户 1 发送消息: {"type":"heartbeat","data":"pong","from":"1"}
2026-05-13T01:51:20.736+08:00 [INFO] heartbeatCheck: 3.5655349s
2026-05-13T01:51:25.736+08:00 [INFO] heartbeatCheck: 8.565505s
2026-05-13T01:51:28.163+08:00 [INFO] 用户 1 接收消息: {"type":"heartbeat","data":"ping"}（类型: 1）
2026-05-13T01:51:28.166+08:00 [INFO] 用户 1 发送消息: {"type":"heartbeat","data":"pong","from":"1"}
2026-05-13T01:51:30.736+08:00 [INFO] heartbeatCheck: 2.573419s
2026-05-13T01:51:35.736+08:00 [INFO] heartbeatCheck: 7.5734776s
2026-05-13T01:51:39.166+08:00 [INFO] 用户 1 接收消息: {"type":"heartbeat","data":"ping"}（类型: 1）
2026-05-13T01:51:39.169+08:00 [INFO] 用户 1 发送消息: {"type":"heartbeat","data":"pong","from":"1"}
2026-05-13T01:51:40.736+08:00 [INFO] heartbeatCheck: 1.570163s
2026-05-13T01:51:45.736+08:00 [INFO] heartbeatCheck: 6.5701557s
2026-05-13T01:51:50.160+08:00 [INFO] 用户 1 接收消息: {"type":"heartbeat","data":"ping"}（类型: 1）
2026-05-13T01:51:50.163+08:00 [INFO] 用户 1 发送消息: {"type":"heartbeat","data":"pong","from":"1"}
2026-05-13T01:51:50.737+08:00 [INFO] heartbeatCheck: 577.2061ms
2026-05-13T01:51:55.736+08:00 [INFO] heartbeatCheck: 5.5762324s
2026-05-13T01:52:00.737+08:00 [INFO] heartbeatCheck: 10.5772819s
2026-05-13T01:52:01.172+08:00 [INFO] 用户 1 接收消息: {"type":"heartbeat","data":"ping"}（类型: 1）
2026-05-13T01:52:01.175+08:00 [INFO] 用户 1 发送消息: {"type":"heartbeat","data":"pong","from":"1"}
2026-05-13T01:52:05.736+08:00 [INFO] heartbeatCheck: 4.5643104s
2026-05-13T01:52:10.736+08:00 [INFO] heartbeatCheck: 9.5642591s
2026-05-13T01:52:12.158+08:00 [INFO] 用户 1 接收消息: {"type":"heartbeat","data":"ping"}（类型: 1）
2026-05-13T01:52:12.160+08:00 [INFO] 用户 1 发送消息: {"type":"heartbeat","data":"pong","from":"1"}
2026-05-13T01:52:15.736+08:00 [INFO] heartbeatCheck: 3.5784782s
2026-05-13T01:52:20.736+08:00 [INFO] heartbeatCheck: 8.5786894s
2026-05-13T01:52:23.162+08:00 [INFO] 用户 1 接收消息: {"type":"heartbeat","data":"ping"}（类型: 1）
2026-05-13T01:52:23.165+08:00 [INFO] 用户 1 发送消息: {"type":"heartbeat","data":"pong","from":"1"}
2026-05-13T01:52:25.737+08:00 [INFO] heartbeatCheck: 2.5754785s
2026-05-13T01:52:30.737+08:00 [INFO] heartbeatCheck: 7.5756016s
2026-05-13T01:52:34.162+08:00 [INFO] 用户 1 接收消息: {"type":"heartbeat","data":"ping"}（类型: 1）
2026-05-13T01:52:34.163+08:00 [INFO] 用户 1 发送消息: {"type":"heartbeat","data":"pong","from":"1"}
2026-05-13T01:52:35.736+08:00 [INFO] heartbeatCheck: 1.574668s
2026-05-13T01:52:40.737+08:00 [INFO] heartbeatCheck: 6.5753278s
2026-05-13T01:52:45.167+08:00 [INFO] 用户 1 接收消息: {"type":"heartbeat","data":"ping"}（类型: 1）
2026-05-13T01:52:45.170+08:00 [INFO] 用户 1 发送消息: {"type":"heartbeat","data":"pong","from":"1"}
2026-05-13T01:52:45.736+08:00 [INFO] heartbeatCheck: 569.5152ms
2026-05-13T01:52:50.736+08:00 [INFO] heartbeatCheck: 5.5694364s
2026-05-13T01:52:55.737+08:00 [INFO] heartbeatCheck: 10.5701512s
2026-05-13T01:52:56.171+08:00 [INFO] 用户 1 接收消息: {"type":"heartbeat","data":"ping"}（类型: 1）
2026-05-13T01:52:56.179+08:00 [INFO] 用户 1 发送消息: {"type":"heartbeat","data":"pong","from":"1"}
2026-05-13T01:53:00.737+08:00 [INFO] heartbeatCheck: 4.5657081s
2026-05-13T01:53:05.736+08:00 [INFO] heartbeatCheck: 9.5652701s
2026-05-13T01:53:07.162+08:00 [INFO] 用户 1 接收消息: {"type":"heartbeat","data":"ping"}（类型: 1）
2026-05-13T01:53:07.166+08:00 [INFO] 用户 1 发送消息: {"type":"heartbeat","data":"pong","from":"1"}
2026-05-13T01:53:10.737+08:00 [INFO] heartbeatCheck: 3.5746199s
2026-05-13T01:53:15.736+08:00 [INFO] heartbeatCheck: 8.5740182s
2026-05-13T01:53:18.170+08:00 [INFO] 用户 1 接收消息: {"type":"heartbeat","data":"ping"}（类型: 1）
2026-05-13T01:53:18.173+08:00 [INFO] 用户 1 发送消息: {"type":"heartbeat","data":"pong","from":"1"}
2026-05-13T01:53:20.737+08:00 [INFO] heartbeatCheck: 2.5662317s
2026-05-13T01:53:25.736+08:00 [INFO] heartbeatCheck: 7.5659447s
2026-05-13T01:53:29.171+08:00 [INFO] 用户 1 接收消息: {"type":"heartbeat","data":"ping"}（类型: 1）
2026-05-13T01:53:29.173+08:00 [INFO] 用户 1 发送消息: {"type":"heartbeat","data":"pong","from":"1"}
2026-05-13T01:53:30.736+08:00 [INFO] heartbeatCheck: 1.5662042s
2026-05-13T01:53:35.736+08:00 [INFO] heartbeatCheck: 6.5661949s
2026-05-13T01:53:40.159+08:00 [INFO] 用户 1 接收消息: {"type":"heartbeat","data":"ping"}（类型: 1）
2026-05-13T01:53:40.160+08:00 [INFO] 用户 1 发送消息: {"type":"heartbeat","data":"pong","from":"1"}
2026-05-13T01:53:40.736+08:00 [INFO] heartbeatCheck: 577.9028ms
2026-05-13T01:53:45.737+08:00 [INFO] heartbeatCheck: 5.5783758s
2026-05-13T01:53:50.736+08:00 [INFO] heartbeatCheck: 10.5777226s
2026-05-13T01:53:51.171+08:00 [INFO] 用户 1 接收消息: {"type":"heartbeat","data":"ping"}（类型: 1）
2026-05-13T01:53:51.174+08:00 [INFO] 用户 1 发送消息: {"type":"heartbeat","data":"pong","from":"1"}
2026-05-13T01:53:55.736+08:00 [INFO] heartbeatCheck: 4.5646811s
2026-05-13T01:54:00.736+08:00 [INFO] heartbeatCheck: 9.5648014s
2026-05-13T01:54:02.156+08:00 [INFO] 用户 1 接收消息: {"type":"heartbeat","data":"ping"}（类型: 1）
2026-05-13T01:54:02.158+08:00 [INFO] 用户 1 发送消息: {"type":"heartbeat","data":"pong","from":"1"}
2026-05-13T01:54:05.737+08:00 [INFO] heartbeatCheck: 3.5811135s
2026-05-13T01:54:10.736+08:00 [INFO] heartbeatCheck: 8.5804099s
2026-05-13T01:54:13.158+08:00 [INFO] 用户 1 接收消息: {"type":"heartbeat","data":"ping"}（类型: 1）
2026-05-13T01:54:13.160+08:00 [INFO] 用户 1 发送消息: {"type":"heartbeat","data":"pong","from":"1"}
2026-05-13T01:54:15.736+08:00 [INFO] heartbeatCheck: 2.5789181s
2026-05-13T01:54:20.736+08:00 [INFO] heartbeatCheck: 7.5789109s
2026-05-13T01:54:24.172+08:00 [INFO] 用户 1 接收消息: {"type":"heartbeat","data":"ping"}（类型: 1）
2026-05-13T01:54:24.175+08:00 [INFO] 用户 1 发送消息: {"type":"heartbeat","data":"pong","from":"1"}
2026-05-13T01:54:25.737+08:00 [INFO] heartbeatCheck: 1.5653533s
2026-05-13T01:54:30.737+08:00 [INFO] heartbeatCheck: 6.5651382s
2026-05-13T01:54:35.167+08:00 [INFO] 用户 1 接收消息: {"type":"heartbeat","data":"ping"}（类型: 1）
2026-05-13T01:54:35.175+08:00 [INFO] 用户 1 发送消息: {"type":"heartbeat","data":"pong","from":"1"}
2026-05-13T01:54:35.736+08:00 [INFO] heartbeatCheck: 569.4833ms
2026-05-13T01:54:40.736+08:00 [INFO] heartbeatCheck: 5.5693785s
2026-05-13T01:54:45.737+08:00 [INFO] heartbeatCheck: 10.5704634s
2026-05-13T01:54:46.171+08:00 [INFO] 用户 1 接收消息: {"type":"heartbeat","data":"ping"}（类型: 1）
2026-05-13T01:54:46.174+08:00 [INFO] 用户 1 发送消息: {"type":"heartbeat","data":"pong","from":"1"}
2026-05-13T01:54:50.736+08:00 [INFO] heartbeatCheck: 4.5649061s
2026-05-13T01:54:55.737+08:00 [INFO] heartbeatCheck: 9.5657671s
2026-05-13T01:54:57.168+08:00 [INFO] 用户 1 接收消息: {"type":"heartbeat","data":"ping"}（类型: 1）
2026-05-13T01:54:57.171+08:00 [INFO] 用户 1 发送消息: {"type":"heartbeat","data":"pong","from":"1"}
2026-05-13T01:55:00.737+08:00 [INFO] heartbeatCheck: 3.5685887s
2026-05-13T01:55:05.737+08:00 [INFO] heartbeatCheck: 8.5682756s
2026-05-13T01:55:08.167+08:00 [INFO] 用户 1 接收消息: {"type":"heartbeat","data":"ping"}（类型: 1）
2026-05-13T01:55:08.170+08:00 [INFO] 用户 1 发送消息: {"type":"heartbeat","data":"pong","from":"1"}
2026-05-13T01:55:10.736+08:00 [INFO] heartbeatCheck: 2.56952s
2026-05-13T01:55:15.736+08:00 [INFO] heartbeatCheck: 7.5695316s
2026-05-13T01:55:19.163+08:00 [INFO] 用户 1 接收消息: {"type":"heartbeat","data":"ping"}（类型: 1）
2026-05-13T01:55:19.167+08:00 [INFO] 用户 1 发送消息: {"type":"heartbeat","data":"pong","from":"1"}
2026-05-13T01:55:20.736+08:00 [INFO] heartbeatCheck: 1.5736455s
2026-05-13T01:55:25.736+08:00 [INFO] heartbeatCheck: 6.5735464s
2026-05-13T01:55:30.165+08:00 [INFO] 用户 1 接收消息: {"type":"heartbeat","data":"ping"}（类型: 1）
2026-05-13T01:55:30.168+08:00 [INFO] 用户 1 发送消息: {"type":"heartbeat","data":"pong","from":"1"}
2026-05-13T01:55:30.736+08:00 [INFO] heartbeatCheck: 571.7744ms
2026-05-13T01:55:35.736+08:00 [INFO] heartbeatCheck: 5.5717076s
2026-05-13T01:55:40.737+08:00 [INFO] heartbeatCheck: 10.572368s
2026-05-13T01:55:41.164+08:00 [INFO] 用户 1 接收消息: {"type":"heartbeat","data":"ping"}（类型: 1）
2026-05-13T01:55:41.166+08:00 [INFO] 用户 1 发送消息: {"type":"heartbeat","data":"pong","from":"1"}
2026-05-13T01:55:45.736+08:00 [INFO] heartbeatCheck: 4.5722296s
2026-05-13T01:55:50.736+08:00 [INFO] heartbeatCheck: 9.5720523s
2026-05-13T01:55:52.169+08:00 [INFO] 用户 1 接收消息: {"type":"heartbeat","data":"ping"}（类型: 1）
2026-05-13T01:55:52.171+08:00 [INFO] 用户 1 发送消息: {"type":"heartbeat","data":"pong","from":"1"}
2026-05-13T01:55:55.736+08:00 [INFO] heartbeatCheck: 3.5673684s
2026-05-13T01:56:00.737+08:00 [INFO] heartbeatCheck: 8.5678201s
2026-05-13T01:56:03.169+08:00 [INFO] 用户 1 接收消息: {"type":"heartbeat","data":"ping"}（类型: 1）
2026-05-13T01:56:03.172+08:00 [INFO] 用户 1 发送消息: {"type":"heartbeat","data":"pong","from":"1"}
2026-05-13T01:56:05.737+08:00 [INFO] heartbeatCheck: 2.5672579s
2026-05-13T01:56:10.736+08:00 [INFO] heartbeatCheck: 7.5669912s
2026-05-13T01:56:14.164+08:00 [INFO] 用户 1 接收消息: {"type":"heartbeat","data":"ping"}（类型: 1）
2026-05-13T01:56:14.172+08:00 [INFO] 用户 1 发送消息: {"type":"heartbeat","data":"pong","from":"1"}
2026-05-13T01:56:15.737+08:00 [INFO] heartbeatCheck: 1.572833s
2026-05-13T01:56:20.736+08:00 [INFO] heartbeatCheck: 6.5722932s
2026-05-13T01:56:25.171+08:00 [INFO] 用户 1 接收消息: {"type":"heartbeat","data":"ping"}（类型: 1）
2026-05-13T01:56:25.173+08:00 [INFO] 用户 1 发送消息: {"type":"heartbeat","data":"pong","from":"1"}
2026-05-13T01:56:25.736+08:00 [INFO] heartbeatCheck: 565.4241ms
2026-05-13T01:56:30.736+08:00 [INFO] heartbeatCheck: 5.5654085s
2026-05-13T01:56:35.736+08:00 [INFO] heartbeatCheck: 10.5657796s
2026-05-13T01:56:36.166+08:00 [INFO] 用户 1 接收消息: {"type":"heartbeat","data":"ping"}（类型: 1）
2026-05-13T01:56:36.168+08:00 [INFO] 用户 1 发送消息: {"type":"heartbeat","data":"pong","from":"1"}
2026-05-13T01:56:40.736+08:00 [INFO] heartbeatCheck: 4.5713503s
2026-05-13T01:56:45.737+08:00 [INFO] heartbeatCheck: 9.5720762s
2026-05-13T01:56:47.166+08:00 [INFO] 用户 1 接收消息: {"type":"heartbeat","data":"ping"}（类型: 1）
2026-05-13T01:56:47.168+08:00 [INFO] 用户 1 发送消息: {"type":"heartbeat","data":"pong","from":"1"}
2026-05-13T01:56:50.737+08:00 [INFO] heartbeatCheck: 3.5710589s
2026-05-13T01:56:55.736+08:00 [INFO] heartbeatCheck: 8.5702391s
2026-05-13T01:56:58.164+08:00 [INFO] 用户 1 接收消息: {"type":"heartbeat","data":"ping"}（类型: 1）
2026-05-13T01:56:58.167+08:00 [INFO] 用户 1 发送消息: {"type":"heartbeat","data":"pong","from":"1"}
2026-05-13T01:57:00.736+08:00 [INFO] heartbeatCheck: 2.5737076s
2026-05-13T01:57:05.736+08:00 [INFO] heartbeatCheck: 7.5736679s
2026-05-13T01:57:09.166+08:00 [INFO] 用户 1 接收消息: {"type":"heartbeat","data":"ping"}（类型: 1）
2026-05-13T01:57:09.169+08:00 [INFO] 用户 1 发送消息: {"type":"heartbeat","data":"pong","from":"1"}
2026-05-13T01:57:10.736+08:00 [INFO] heartbeatCheck: 1.5697575s
2026-05-13T01:57:15.736+08:00 [INFO] heartbeatCheck: 6.5698467s
2026-05-13T01:57:20.161+08:00 [INFO] 用户 1 接收消息: {"type":"heartbeat","data":"ping"}（类型: 1）
2026-05-13T01:57:20.163+08:00 [INFO] 用户 1 发送消息: {"type":"heartbeat","data":"pong","from":"1"}
2026-05-13T01:57:20.736+08:00 [INFO] heartbeatCheck: 575.6121ms
2026-05-13T01:57:25.736+08:00 [INFO] heartbeatCheck: 5.5755707s
2026-05-13T01:57:30.736+08:00 [INFO] heartbeatCheck: 10.575684s
2026-05-13T01:57:31.171+08:00 [INFO] 用户 1 接收消息: {"type":"heartbeat","data":"ping"}（类型: 1）
2026-05-13T01:57:31.173+08:00 [INFO] 用户 1 发送消息: {"type":"heartbeat","data":"pong","from":"1"}
2026-05-13T01:57:35.736+08:00 [INFO] heartbeatCheck: 4.5659325s
2026-05-13T01:57:40.736+08:00 [INFO] heartbeatCheck: 9.5660614s
2026-05-13T01:57:42.162+08:00 [INFO] 用户 1 接收消息: {"type":"heartbeat","data":"ping"}（类型: 1）
2026-05-13T01:57:42.165+08:00 [INFO] 用户 1 发送消息: {"type":"heartbeat","data":"pong","from":"1"}
2026-05-13T01:57:45.737+08:00 [INFO] heartbeatCheck: 3.5747822s
2026-05-13T01:57:50.736+08:00 [INFO] heartbeatCheck: 8.5742538s
2026-05-13T01:57:53.164+08:00 [INFO] 用户 1 接收消息: {"type":"heartbeat","data":"ping"}（类型: 1）
2026-05-13T01:57:53.173+08:00 [INFO] 用户 1 发送消息: {"type":"heartbeat","data":"pong","from":"1"}
2026-05-13T01:57:55.737+08:00 [INFO] heartbeatCheck: 2.5724111s
2026-05-13T01:58:00.737+08:00 [INFO] heartbeatCheck: 7.572312s
2026-05-13T01:58:04.161+08:00 [INFO] 用户 1 接收消息: {"type":"heartbeat","data":"ping"}（类型: 1）
2026-05-13T01:58:04.162+08:00 [INFO] 用户 1 发送消息: {"type":"heartbeat","data":"pong","from":"1"}
2026-05-13T01:58:05.737+08:00 [INFO] heartbeatCheck: 1.5765541s
2026-05-13T01:58:10.736+08:00 [INFO] heartbeatCheck: 6.5763058s
2026-05-13T01:58:15.160+08:00 [INFO] 用户 1 接收消息: {"type":"heartbeat","data":"ping"}（类型: 1）
2026-05-13T01:58:15.161+08:00 [INFO] 用户 1 发送消息: {"type":"heartbeat","data":"pong","from":"1"}
2026-05-13T01:58:15.736+08:00 [INFO] heartbeatCheck: 576.9556ms
2026-05-13T01:58:20.736+08:00 [INFO] heartbeatCheck: 5.5767164s
2026-05-13T01:58:25.737+08:00 [INFO] heartbeatCheck: 10.577555s
2026-05-13T01:58:26.169+08:00 [INFO] 用户 1 接收消息: {"type":"heartbeat","data":"ping"}（类型: 1）
2026-05-13T01:58:26.172+08:00 [INFO] 用户 1 发送消息: {"type":"heartbeat","data":"pong","from":"1"}
2026-05-13T01:58:30.736+08:00 [INFO] heartbeatCheck: 4.567789s
2026-05-13T01:58:35.736+08:00 [INFO] heartbeatCheck: 9.5675037s
2026-05-13T01:58:37.162+08:00 [INFO] 用户 1 接收消息: {"type":"heartbeat","data":"ping"}（类型: 1）
2026-05-13T01:58:37.165+08:00 [INFO] 用户 1 发送消息: {"type":"heartbeat","data":"pong","from":"1"}
2026-05-13T01:58:40.736+08:00 [INFO] heartbeatCheck: 3.5745066s
2026-05-13T01:58:45.736+08:00 [INFO] heartbeatCheck: 8.5747416s
2026-05-13T01:58:48.170+08:00 [INFO] 用户 1 接收消息: {"type":"heartbeat","data":"ping"}（类型: 1）
2026-05-13T01:58:48.173+08:00 [INFO] 用户 1 发送消息: {"type":"heartbeat","data":"pong","from":"1"}
2026-05-13T01:58:50.736+08:00 [INFO] heartbeatCheck: 2.5656707s
2026-05-13T01:58:55.736+08:00 [INFO] heartbeatCheck: 7.5657314s
2026-05-13T01:58:59.164+08:00 [INFO] 用户 1 接收消息: {"type":"heartbeat","data":"ping"}（类型: 1）
2026-05-13T01:58:59.167+08:00 [INFO] 用户 1 发送消息: {"type":"heartbeat","data":"pong","from":"1"}
2026-05-13T01:59:00.736+08:00 [INFO] heartbeatCheck: 1.5719275s
2026-05-13T01:59:05.736+08:00 [INFO] heartbeatCheck: 6.5718486s
2026-05-13T01:59:10.166+08:00 [INFO] 用户 1 接收消息: {"type":"heartbeat","data":"ping"}（类型: 1）
2026-05-13T01:59:10.169+08:00 [INFO] 用户 1 发送消息: {"type":"heartbeat","data":"pong","from":"1"}
2026-05-13T01:59:10.736+08:00 [INFO] heartbeatCheck: 570.5361ms
2026-05-13T01:59:15.736+08:00 [INFO] heartbeatCheck: 5.5705962s
2026-05-13T01:59:20.736+08:00 [INFO] heartbeatCheck: 10.5705788s
2026-05-13T01:59:21.168+08:00 [INFO] 用户 1 接收消息: {"type":"heartbeat","data":"ping"}（类型: 1）
2026-05-13T01:59:21.171+08:00 [INFO] 用户 1 发送消息: {"type":"heartbeat","data":"pong","from":"1"}
2026-05-13T01:59:25.736+08:00 [INFO] heartbeatCheck: 4.5685527s
2026-05-13T01:59:30.736+08:00 [INFO] heartbeatCheck: 9.5686392s
2026-05-13T01:59:32.162+08:00 [INFO] 用户 1 接收消息: {"type":"heartbeat","data":"ping"}（类型: 1）
2026-05-13T01:59:32.170+08:00 [INFO] 用户 1 发送消息: {"type":"heartbeat","data":"pong","from":"1"}
2026-05-13T01:59:35.736+08:00 [INFO] heartbeatCheck: 3.5755194s
2026-05-13T01:59:40.737+08:00 [INFO] heartbeatCheck: 8.575901s
2026-05-13T01:59:43.166+08:00 [INFO] 用户 1 接收消息: {"type":"heartbeat","data":"ping"}（类型: 1）
2026-05-13T01:59:43.168+08:00 [INFO] 用户 1 发送消息: {"type":"heartbeat","data":"pong","from":"1"}
2026-05-13T01:59:45.736+08:00 [INFO] heartbeatCheck: 2.5708529s
2026-05-13T01:59:50.736+08:00 [INFO] heartbeatCheck: 7.5706526s
2026-05-13T01:59:54.169+08:00 [INFO] 用户 1 接收消息: {"type":"heartbeat","data":"ping"}（类型: 1）
2026-05-13T01:59:54.170+08:00 [INFO] 用户 1 发送消息: {"type":"heartbeat","data":"pong","from":"1"}
2026-05-13T01:59:55.737+08:00 [INFO] heartbeatCheck: 1.5680579s
2026-05-13T02:00:00.736+08:00 [INFO] heartbeatCheck: 6.5671119s
2026-05-13T02:00:05.171+08:00 [INFO] 用户 1 接收消息: {"type":"heartbeat","data":"ping"}（类型: 1）
2026-05-13T02:00:05.172+08:00 [INFO] 用户 1 发送消息: {"type":"heartbeat","data":"pong","from":"1"}
2026-05-13T02:00:05.736+08:00 [INFO] heartbeatCheck: 564.8981ms
2026-05-13T02:00:10.737+08:00 [INFO] heartbeatCheck: 5.5654025s
2026-05-13T02:00:15.737+08:00 [INFO] heartbeatCheck: 10.5653318s
2026-05-13T02:00:16.168+08:00 [INFO] 用户 1 接收消息: {"type":"heartbeat","data":"ping"}（类型: 1）
2026-05-13T02:00:16.172+08:00 [INFO] 用户 1 发送消息: {"type":"heartbeat","data":"pong","from":"1"}
2026-05-13T02:00:20.737+08:00 [INFO] heartbeatCheck: 4.5690226s
2026-05-13T02:00:25.737+08:00 [INFO] heartbeatCheck: 9.5690476s
2026-05-13T02:00:27.164+08:00 [INFO] 用户 1 接收消息: {"type":"heartbeat","data":"ping"}（类型: 1）
2026-05-13T02:00:27.165+08:00 [INFO] 用户 1 发送消息: {"type":"heartbeat","data":"pong","from":"1"}
2026-05-13T02:00:30.737+08:00 [INFO] heartbeatCheck: 3.5729958s
2026-05-13T02:00:35.737+08:00 [INFO] heartbeatCheck: 8.5728784s
2026-05-13T02:00:38.169+08:00 [INFO] 用户 1 接收消息: {"type":"heartbeat","data":"ping"}（类型: 1）
2026-05-13T02:00:38.170+08:00 [INFO] 用户 1 发送消息: {"type":"heartbeat","data":"pong","from":"1"}
2026-05-13T02:00:40.737+08:00 [INFO] heartbeatCheck: 2.5681228s
2026-05-13T02:00:45.737+08:00 [INFO] heartbeatCheck: 7.5679402s
2026-05-13T02:00:49.171+08:00 [INFO] 用户 1 接收消息: {"type":"heartbeat","data":"ping"}（类型: 1）
2026-05-13T02:00:49.172+08:00 [INFO] 用户 1 发送消息: {"type":"heartbeat","data":"pong","from":"1"}
2026-05-13T02:00:50.736+08:00 [INFO] heartbeatCheck: 1.5646748s
2026-05-13T02:00:55.736+08:00 [INFO] heartbeatCheck: 6.5649396s
2026-05-13T02:01:00.167+08:00 [INFO] 用户 1 接收消息: {"type":"heartbeat","data":"ping"}（类型: 1）
2026-05-13T02:01:00.169+08:00 [INFO] 用户 1 发送消息: {"type":"heartbeat","data":"pong","from":"1"}
2026-05-13T02:01:00.736+08:00 [INFO] heartbeatCheck: 569.3062ms
2026-05-13T02:01:05.737+08:00 [INFO] heartbeatCheck: 5.5697788s
2026-05-13T02:01:10.737+08:00 [INFO] heartbeatCheck: 10.5700837s
2026-05-13T02:01:11.168+08:00 [INFO] 用户 1 接收消息: {"type":"heartbeat","data":"ping"}（类型: 1）
2026-05-13T02:01:11.172+08:00 [INFO] 用户 1 发送消息: {"type":"heartbeat","data":"pong","from":"1"}
2026-05-13T02:01:15.736+08:00 [INFO] heartbeatCheck: 4.5699471s
2026-05-13T02:01:20.736+08:00 [INFO] heartbeatCheck: 9.5693885s
2026-05-13T02:01:22.169+08:00 [INFO] 用户 1 接收消息: {"type":"heartbeat","data":"ping"}（类型: 1）
2026-05-13T02:01:22.170+08:00 [INFO] 用户 1 发送消息: {"type":"heartbeat","data":"pong","from":"1"}
2026-05-13T02:01:25.736+08:00 [INFO] heartbeatCheck: 3.5681683s
2026-05-13T02:01:30.737+08:00 [INFO] heartbeatCheck: 8.5689029s
2026-05-13T02:01:33.165+08:00 [INFO] 用户 1 接收消息: {"type":"heartbeat","data":"ping"}（类型: 1）
2026-05-13T02:01:33.167+08:00 [INFO] 用户 1 发送消息: {"type":"heartbeat","data":"pong","from":"1"}
2026-05-13T02:01:35.736+08:00 [INFO] heartbeatCheck: 2.5712153s
2026-05-13T02:01:40.736+08:00 [INFO] heartbeatCheck: 7.5711248s
2026-05-13T02:01:44.158+08:00 [INFO] 用户 1 接收消息: {"type":"heartbeat","data":"ping"}（类型: 1）
2026-05-13T02:01:44.160+08:00 [INFO] 用户 1 发送消息: {"type":"heartbeat","data":"pong","from":"1"}
2026-05-13T02:01:45.736+08:00 [INFO] heartbeatCheck: 1.5781889s
2026-05-13T02:01:50.736+08:00 [INFO] heartbeatCheck: 6.5782893s
2026-05-13T02:01:55.162+08:00 [INFO] 用户 1 接收消息: {"type":"heartbeat","data":"ping"}（类型: 1）
2026-05-13T02:01:55.164+08:00 [INFO] 用户 1 发送消息: {"type":"heartbeat","data":"pong","from":"1"}
2026-05-13T02:01:55.736+08:00 [INFO] heartbeatCheck: 574.7087ms
2026-05-13T02:02:00.736+08:00 [INFO] heartbeatCheck: 5.5743832s
2026-05-13T02:02:05.737+08:00 [INFO] heartbeatCheck: 10.5753113s
2026-05-13T02:02:06.170+08:00 [INFO] 用户 1 接收消息: {"type":"heartbeat","data":"ping"}（类型: 1）
2026-05-13T02:02:06.174+08:00 [INFO] 用户 1 发送消息: {"type":"heartbeat","data":"pong","from":"1"}
2026-05-13T02:02:10.737+08:00 [INFO] heartbeatCheck: 4.566087s
2026-05-13T02:02:15.736+08:00 [INFO] heartbeatCheck: 9.5658056s
2026-05-13T02:02:17.162+08:00 [INFO] 用户 1 接收消息: {"type":"heartbeat","data":"ping"}（类型: 1）
2026-05-13T02:02:17.163+08:00 [INFO] 用户 1 发送消息: {"type":"heartbeat","data":"pong","from":"1"}
2026-05-13T02:02:20.736+08:00 [INFO] heartbeatCheck: 3.5744963s
2026-05-13T02:02:25.736+08:00 [INFO] heartbeatCheck: 8.5744552s
2026-05-13T02:02:28.160+08:00 [INFO] 用户 1 接收消息: {"type":"heartbeat","data":"ping"}（类型: 1）
2026-05-13T02:02:28.161+08:00 [INFO] 用户 1 发送消息: {"type":"heartbeat","data":"pong","from":"1"}
2026-05-13T02:02:30.736+08:00 [INFO] heartbeatCheck: 2.5757454s
2026-05-13T02:02:35.737+08:00 [INFO] heartbeatCheck: 7.5764916s
2026-05-13T02:02:39.165+08:00 [INFO] 用户 1 接收消息: {"type":"heartbeat","data":"ping"}（类型: 1）
2026-05-13T02:02:39.167+08:00 [INFO] 用户 1 发送消息: {"type":"heartbeat","data":"pong","from":"1"}
2026-05-13T02:02:40.736+08:00 [INFO] heartbeatCheck: 1.5717323s
2026-05-13T02:02:45.737+08:00 [INFO] heartbeatCheck: 6.5719504s
2026-05-13T02:02:50.736+08:00 [INFO] heartbeatCheck: 11.5716465s
2026-05-13T02:02:55.736+08:00 [INFO] heartbeatCheck: 16.5714796s
2026-05-13T02:03:00.736+08:00 [INFO] heartbeatCheck: 21.571523s
2026-05-13T02:03:05.736+08:00 [INFO] heartbeatCheck: 26.5712428s
2026-05-13T02:03:10.736+08:00 [INFO] heartbeatCheck: 31.5714195s
2026-05-13T02:03:15.736+08:00 [INFO] heartbeatCheck: 36.5718132s
2026-05-13T02:03:20.737+08:00 [INFO] heartbeatCheck: 41.571873s
2026-05-13T02:03:25.737+08:00 [INFO] heartbeatCheck: 46.5718695s
2026-05-13T02:03:30.736+08:00 [INFO] heartbeatCheck: 51.5714637s
2026-05-13T02:03:35.736+08:00 [INFO] heartbeatCheck: 56.5714804s
2026-05-13T02:03:40.736+08:00 [INFO] heartbeatCheck: 1m1.5714178s
2026-05-13T02:03:40.738+08:00 [INFO] 用户 1 心跳超时（60秒），断开连接
2026-05-13T02:03:40.739+08:00 [INFO] 用户 1 关闭连接，原因: 心跳超时
2026-05-13T02:03:40.741+08:00 [INFO] 用户 1 连接已关闭，读循环退出
2026-05-13T02:03:40.743+08:00 [INFO] 用户 1 连接已关闭，跳过重复关闭
2026-05-13T02:03:40.742+08:00 [INFO] 用户 1 心跳检测退出
2026-05-13T20:41:14.828+08:00 [DEBU] etcd put success with key "/service/default/default/game_user/latest/169.254.101.231:9010,169.254.177.172:9010,169.254.27.22:9010,169.254.146.227:9010", value "{"protocol":"grpc"}", lease "7587894790532690348"
2026-05-13T20:41:14.876+08:00 [DEBU] etcd put success with key "/service/default/default/game_user.svc/latest/169.254.101.231:8010,169.254.177.172:8010,169.254.27.22:8010,169.254.146.227:8010", value "{"insecure":true,"protocol":"http"}", lease "7587894790532690351"
2026-05-13T20:49:44.404+08:00 [INFO] {acf073faed20af185fe643062a767673} 用户 1 连接成功
2026-05-13T20:49:44.408+08:00 [INFO] heartbeatCheck: 2562047h47m16.854775807s
2026-05-13T20:49:48.830+08:00 [INFO] 用户 1 接收消息: {"type":"getInfo","data":"","name":""}（类型: 1）
2026-05-13T20:49:48.866+08:00 [ERRO] unexpected end of JSON input 
Stack:
1.  game_user/internal/controller/enter.(*Client).handleGetInfo
    D:/gowork/max2/max2/app/game_user/internal/controller/enter/enter_v1_enter.go:717
2.  game_user/internal/controller/enter.(*Client).readLoop
    D:/gowork/max2/max2/app/game_user/internal/controller/enter/enter_v1_enter.go:196

2026-05-13T20:49:48.886+08:00 [ERRO] 用户 1 房间  不存在 
Stack:
1.  game_user/internal/controller/enter.(*Client).handleGetInfo
    D:/gowork/max2/max2/app/game_user/internal/controller/enter/enter_v1_enter.go:729
2.  game_user/internal/controller/enter.(*Client).readLoop
    D:/gowork/max2/max2/app/game_user/internal/controller/enter/enter_v1_enter.go:196

2026-05-13T20:49:48.888+08:00 [INFO] 用户 1 接收消息: {"type":"getInfo","data":"","name":""}（类型: 1）
2026-05-13T20:49:48.890+08:00 [ERRO] unexpected end of JSON input 
Stack:
1.  game_user/internal/controller/enter.(*Client).handleGetInfo
    D:/gowork/max2/max2/app/game_user/internal/controller/enter/enter_v1_enter.go:717
2.  game_user/internal/controller/enter.(*Client).readLoop
    D:/gowork/max2/max2/app/game_user/internal/controller/enter/enter_v1_enter.go:196

2026-05-13T20:49:48.914+08:00 [ERRO] 用户 1 房间  不存在 
Stack:
1.  game_user/internal/controller/enter.(*Client).handleGetInfo
    D:/gowork/max2/max2/app/game_user/internal/controller/enter/enter_v1_enter.go:729
2.  game_user/internal/controller/enter.(*Client).readLoop
    D:/gowork/max2/max2/app/game_user/internal/controller/enter/enter_v1_enter.go:196

2026-05-13T20:49:48.916+08:00 [INFO] 用户 1 接收消息: {"type":"getInfo","data":"","name":""}（类型: 1）
2026-05-13T20:49:48.939+08:00 [ERRO] unexpected end of JSON input 
Stack:
1.  game_user/internal/controller/enter.(*Client).handleGetInfo
    D:/gowork/max2/max2/app/game_user/internal/controller/enter/enter_v1_enter.go:717
2.  game_user/internal/controller/enter.(*Client).readLoop
    D:/gowork/max2/max2/app/game_user/internal/controller/enter/enter_v1_enter.go:196

2026-05-13T20:49:48.984+08:00 [ERRO] 用户 1 房间  不存在 
Stack:
1.  game_user/internal/controller/enter.(*Client).handleGetInfo
    D:/gowork/max2/max2/app/game_user/internal/controller/enter/enter_v1_enter.go:729
2.  game_user/internal/controller/enter.(*Client).readLoop
    D:/gowork/max2/max2/app/game_user/internal/controller/enter/enter_v1_enter.go:196

2026-05-13T20:49:48.985+08:00 [INFO] 用户 1 接收消息: {"type":"getInfo","data":"","name":""}（类型: 1）
2026-05-13T20:49:48.986+08:00 [ERRO] unexpected end of JSON input 
Stack:
1.  game_user/internal/controller/enter.(*Client).handleGetInfo
    D:/gowork/max2/max2/app/game_user/internal/controller/enter/enter_v1_enter.go:717
2.  game_user/internal/controller/enter.(*Client).readLoop
    D:/gowork/max2/max2/app/game_user/internal/controller/enter/enter_v1_enter.go:196

2026-05-13T20:49:48.991+08:00 [ERRO] 用户 1 房间  不存在 
Stack:
1.  game_user/internal/controller/enter.(*Client).handleGetInfo
    D:/gowork/max2/max2/app/game_user/internal/controller/enter/enter_v1_enter.go:729
2.  game_user/internal/controller/enter.(*Client).readLoop
    D:/gowork/max2/max2/app/game_user/internal/controller/enter/enter_v1_enter.go:196

2026-05-13T20:49:48.993+08:00 [INFO] 用户 1 接收消息: {"type":"getInfo","data":"","name":""}（类型: 1）
2026-05-13T20:49:49.006+08:00 [ERRO] unexpected end of JSON input 
Stack:
1.  game_user/internal/controller/enter.(*Client).handleGetInfo
    D:/gowork/max2/max2/app/game_user/internal/controller/enter/enter_v1_enter.go:717
2.  game_user/internal/controller/enter.(*Client).readLoop
    D:/gowork/max2/max2/app/game_user/internal/controller/enter/enter_v1_enter.go:196

2026-05-13T20:49:49.010+08:00 [ERRO] 用户 1 房间  不存在 
Stack:
1.  game_user/internal/controller/enter.(*Client).handleGetInfo
    D:/gowork/max2/max2/app/game_user/internal/controller/enter/enter_v1_enter.go:729
2.  game_user/internal/controller/enter.(*Client).readLoop
    D:/gowork/max2/max2/app/game_user/internal/controller/enter/enter_v1_enter.go:196

2026-05-13T20:49:49.013+08:00 [INFO] 用户 1 接收消息: {"type":"getInfo","data":"","name":""}（类型: 1）
2026-05-13T20:49:49.015+08:00 [ERRO] unexpected end of JSON input 
Stack:
1.  game_user/internal/controller/enter.(*Client).handleGetInfo
    D:/gowork/max2/max2/app/game_user/internal/controller/enter/enter_v1_enter.go:717
2.  game_user/internal/controller/enter.(*Client).readLoop
    D:/gowork/max2/max2/app/game_user/internal/controller/enter/enter_v1_enter.go:196

2026-05-13T20:49:49.022+08:00 [ERRO] 用户 1 房间  不存在 
Stack:
1.  game_user/internal/controller/enter.(*Client).handleGetInfo
    D:/gowork/max2/max2/app/game_user/internal/controller/enter/enter_v1_enter.go:729
2.  game_user/internal/controller/enter.(*Client).readLoop
    D:/gowork/max2/max2/app/game_user/internal/controller/enter/enter_v1_enter.go:196

2026-05-13T20:49:49.023+08:00 [INFO] 用户 1 接收消息: {"type":"getInfo","data":"","name":""}（类型: 1）
2026-05-13T20:49:49.027+08:00 [ERRO] unexpected end of JSON input 
Stack:
1.  game_user/internal/controller/enter.(*Client).handleGetInfo
    D:/gowork/max2/max2/app/game_user/internal/controller/enter/enter_v1_enter.go:717
2.  game_user/internal/controller/enter.(*Client).readLoop
    D:/gowork/max2/max2/app/game_user/internal/controller/enter/enter_v1_enter.go:196

2026-05-13T20:49:49.034+08:00 [ERRO] 用户 1 房间  不存在 
Stack:
1.  game_user/internal/controller/enter.(*Client).handleGetInfo
    D:/gowork/max2/max2/app/game_user/internal/controller/enter/enter_v1_enter.go:729
2.  game_user/internal/controller/enter.(*Client).readLoop
    D:/gowork/max2/max2/app/game_user/internal/controller/enter/enter_v1_enter.go:196

2026-05-13T20:49:49.070+08:00 [INFO] 用户 1 接收消息: {"type":"getInfo","data":"","name":""}（类型: 1）
2026-05-13T20:49:49.084+08:00 [ERRO] unexpected end of JSON input 
Stack:
1.  game_user/internal/controller/enter.(*Client).handleGetInfo
    D:/gowork/max2/max2/app/game_user/internal/controller/enter/enter_v1_enter.go:717
2.  game_user/internal/controller/enter.(*Client).readLoop
    D:/gowork/max2/max2/app/game_user/internal/controller/enter/enter_v1_enter.go:196

2026-05-13T20:49:49.088+08:00 [ERRO] 用户 1 房间  不存在 
Stack:
1.  game_user/internal/controller/enter.(*Client).handleGetInfo
    D:/gowork/max2/max2/app/game_user/internal/controller/enter/enter_v1_enter.go:729
2.  game_user/internal/controller/enter.(*Client).readLoop
    D:/gowork/max2/max2/app/game_user/internal/controller/enter/enter_v1_enter.go:196

2026-05-13T20:49:49.089+08:00 [INFO] 用户 1 接收消息: {"type":"getInfo","data":"","name":""}（类型: 1）
2026-05-13T20:49:49.091+08:00 [ERRO] unexpected end of JSON input 
Stack:
1.  game_user/internal/controller/enter.(*Client).handleGetInfo
    D:/gowork/max2/max2/app/game_user/internal/controller/enter/enter_v1_enter.go:717
2.  game_user/internal/controller/enter.(*Client).readLoop
    D:/gowork/max2/max2/app/game_user/internal/controller/enter/enter_v1_enter.go:196

2026-05-13T20:49:49.094+08:00 [ERRO] 用户 1 房间  不存在 
Stack:
1.  game_user/internal/controller/enter.(*Client).handleGetInfo
    D:/gowork/max2/max2/app/game_user/internal/controller/enter/enter_v1_enter.go:729
2.  game_user/internal/controller/enter.(*Client).readLoop
    D:/gowork/max2/max2/app/game_user/internal/controller/enter/enter_v1_enter.go:196

2026-05-13T20:49:49.479+08:00 [INFO] heartbeatCheck: 389.8718ms
2026-05-13T20:49:54.419+08:00 [INFO] heartbeatCheck: 5.330143s
2026-05-13T20:49:59.410+08:00 [INFO] heartbeatCheck: 10.3209639s
2026-05-13T20:50:04.422+08:00 [INFO] heartbeatCheck: 15.3332033s
2026-05-13T20:50:08.404+08:00 [INFO] 用户 1 接收消息: {"type":"heartbeat","data":"ping"}（类型: 1）
2026-05-13T20:50:08.411+08:00 [INFO] 用户 1 发送消息: {"type":"heartbeat","data":"pong","from":"1"}
2026-05-13T20:50:09.412+08:00 [INFO] heartbeatCheck: 1.0085363s
2026-05-13T20:50:14.425+08:00 [INFO] heartbeatCheck: 6.0210981s
2026-05-13T20:50:19.166+08:00 [INFO] 用户 1 接收消息: {"type":"heartbeat","data":"ping"}（类型: 1）
2026-05-13T20:50:19.169+08:00 [INFO] 用户 1 发送消息: {"type":"heartbeat","data":"pong","from":"1"}
2026-05-13T20:50:19.417+08:00 [INFO] heartbeatCheck: 251.4839ms
2026-05-13T20:50:24.426+08:00 [INFO] heartbeatCheck: 5.2598736s
2026-05-13T20:50:29.435+08:00 [INFO] heartbeatCheck: 10.2696582s
2026-05-13T20:50:30.174+08:00 [INFO] 用户 1 接收消息: {"type":"heartbeat","data":"ping"}（类型: 1）
2026-05-13T20:50:30.176+08:00 [INFO] 用户 1 发送消息: {"type":"heartbeat","data":"pong","from":"1"}
2026-05-13T20:50:34.409+08:00 [INFO] heartbeatCheck: 4.2347647s
2026-05-13T20:50:39.409+08:00 [INFO] heartbeatCheck: 9.2344959s
2026-05-13T20:50:41.169+08:00 [INFO] 用户 1 接收消息: {"type":"heartbeat","data":"ping"}（类型: 1）
2026-05-13T20:50:41.171+08:00 [INFO] 用户 1 发送消息: {"type":"heartbeat","data":"pong","from":"1"}
2026-05-13T20:50:44.409+08:00 [INFO] heartbeatCheck: 3.2398253s
2026-05-13T20:50:49.408+08:00 [INFO] heartbeatCheck: 8.2390683s
2026-05-13T20:50:52.165+08:00 [INFO] 用户 1 接收消息: {"type":"heartbeat","data":"ping"}（类型: 1）
2026-05-13T20:50:52.167+08:00 [INFO] 用户 1 发送消息: {"type":"heartbeat","data":"pong","from":"1"}
2026-05-13T20:50:54.408+08:00 [INFO] heartbeatCheck: 2.2432421s
2026-05-13T20:50:59.412+08:00 [INFO] heartbeatCheck: 7.2471817s
2026-05-13T20:51:03.164+08:00 [INFO] 用户 1 接收消息: {"type":"heartbeat","data":"ping"}（类型: 1）
2026-05-13T20:51:03.166+08:00 [INFO] 用户 1 发送消息: {"type":"heartbeat","data":"pong","from":"1"}
2026-05-13T20:51:04.409+08:00 [INFO] heartbeatCheck: 1.2457743s
2026-05-13T20:51:09.409+08:00 [INFO] heartbeatCheck: 6.2456084s
2026-05-13T20:51:14.162+08:00 [INFO] 用户 1 接收消息: {"type":"heartbeat","data":"ping"}（类型: 1）
2026-05-13T20:51:14.163+08:00 [INFO] 用户 1 发送消息: {"type":"heartbeat","data":"pong","from":"1"}
2026-05-13T20:51:14.420+08:00 [INFO] heartbeatCheck: 257.8557ms
2026-05-13T20:51:19.409+08:00 [INFO] heartbeatCheck: 5.2471388s
2026-05-13T20:51:24.408+08:00 [INFO] heartbeatCheck: 10.2467411s
2026-05-13T20:51:25.163+08:00 [INFO] 用户 1 接收消息: {"type":"heartbeat","data":"ping"}（类型: 1）
2026-05-13T20:51:25.168+08:00 [INFO] 用户 1 发送消息: {"type":"heartbeat","data":"pong","from":"1"}
2026-05-13T20:51:29.408+08:00 [INFO] heartbeatCheck: 4.246431s
2026-05-13T20:51:34.408+08:00 [INFO] heartbeatCheck: 9.2462172s
2026-05-13T20:51:36.163+08:00 [INFO] 用户 1 接收消息: {"type":"heartbeat","data":"ping"}（类型: 1）
2026-05-13T20:51:36.170+08:00 [INFO] 用户 1 发送消息: {"type":"heartbeat","data":"pong","from":"1"}
2026-05-13T20:51:39.408+08:00 [INFO] heartbeatCheck: 3.246357s
2026-05-13T20:51:44.408+08:00 [INFO] heartbeatCheck: 8.2464387s
2026-05-13T20:51:47.159+08:00 [INFO] 用户 1 接收消息: {"type":"heartbeat","data":"ping"}（类型: 1）
2026-05-13T20:51:47.162+08:00 [INFO] 用户 1 发送消息: {"type":"heartbeat","data":"pong","from":"1"}
2026-05-13T20:51:49.408+08:00 [INFO] heartbeatCheck: 2.2494986s
2026-05-13T20:51:54.421+08:00 [INFO] heartbeatCheck: 7.2624554s
2026-05-13T20:51:58.212+08:00 [INFO] 用户 1 接收消息: {"type":"heartbeat","data":"ping"}（类型: 1）
2026-05-13T20:51:58.263+08:00 [INFO] 用户 1 发送消息: {"type":"heartbeat","data":"pong","from":"1"}
2026-05-13T20:51:59.409+08:00 [INFO] heartbeatCheck: 1.1971888s
2026-05-13T20:52:04.408+08:00 [INFO] heartbeatCheck: 6.1963629s
2026-05-13T20:52:09.167+08:00 [INFO] 用户 1 接收消息: {"type":"heartbeat","data":"ping"}（类型: 1）
2026-05-13T20:52:09.169+08:00 [INFO] 用户 1 发送消息: {"type":"heartbeat","data":"pong","from":"1"}
2026-05-13T20:52:09.408+08:00 [INFO] heartbeatCheck: 241.3437ms
2026-05-13T20:52:14.414+08:00 [INFO] heartbeatCheck: 5.2468789s
2026-05-13T20:52:19.409+08:00 [INFO] heartbeatCheck: 10.2416966s
2026-05-13T20:52:20.160+08:00 [INFO] 用户 1 接收消息: {"type":"heartbeat","data":"ping"}（类型: 1）
2026-05-13T20:52:20.162+08:00 [INFO] 用户 1 发送消息: {"type":"heartbeat","data":"pong","from":"1"}
2026-05-13T20:52:24.408+08:00 [INFO] heartbeatCheck: 4.2478748s
2026-05-13T20:52:29.409+08:00 [INFO] heartbeatCheck: 9.248376s
2026-05-13T20:52:31.157+08:00 [INFO] 用户 1 接收消息: {"type":"heartbeat","data":"ping"}（类型: 1）
2026-05-13T20:52:31.159+08:00 [INFO] 用户 1 发送消息: {"type":"heartbeat","data":"pong","from":"1"}
2026-05-13T20:52:34.409+08:00 [INFO] heartbeatCheck: 3.2512688s
2026-05-13T20:52:39.408+08:00 [INFO] heartbeatCheck: 8.2506413s
2026-05-13T20:52:42.167+08:00 [INFO] 用户 1 接收消息: {"type":"heartbeat","data":"ping"}（类型: 1）
2026-05-13T20:52:42.169+08:00 [INFO] 用户 1 发送消息: {"type":"heartbeat","data":"pong","from":"1"}
2026-05-13T20:52:44.408+08:00 [INFO] heartbeatCheck: 2.2420823s
2026-05-13T20:52:49.408+08:00 [INFO] heartbeatCheck: 7.2423277s
2026-05-13T20:52:53.161+08:00 [INFO] 用户 1 接收消息: {"type":"heartbeat","data":"ping"}（类型: 1）
2026-05-13T20:52:53.162+08:00 [INFO] 用户 1 发送消息: {"type":"heartbeat","data":"pong","from":"1"}
2026-05-13T20:52:54.408+08:00 [INFO] heartbeatCheck: 1.2478047s
2026-05-13T20:52:59.408+08:00 [INFO] heartbeatCheck: 6.247767s
2026-05-13T20:53:04.168+08:00 [INFO] 用户 1 接收消息: {"type":"heartbeat","data":"ping"}（类型: 1）
2026-05-13T20:53:04.171+08:00 [INFO] 用户 1 发送消息: {"type":"heartbeat","data":"pong","from":"1"}
2026-05-13T20:53:04.408+08:00 [INFO] heartbeatCheck: 240.4483ms
2026-05-13T20:53:09.408+08:00 [INFO] heartbeatCheck: 5.2405477s
2026-05-13T20:53:14.409+08:00 [INFO] heartbeatCheck: 10.2409408s
2026-05-13T20:53:15.165+08:00 [INFO] 用户 1 接收消息: {"type":"heartbeat","data":"ping"}（类型: 1）
2026-05-13T20:53:15.167+08:00 [INFO] 用户 1 发送消息: {"type":"heartbeat","data":"pong","from":"1"}
2026-05-13T20:53:19.408+08:00 [INFO] heartbeatCheck: 4.2429021s
2026-05-13T20:53:24.409+08:00 [INFO] heartbeatCheck: 9.2437176s
2026-05-13T20:53:26.159+08:00 [INFO] 用户 1 接收消息: {"type":"heartbeat","data":"ping"}（类型: 1）
2026-05-13T20:53:26.161+08:00 [INFO] 用户 1 发送消息: {"type":"heartbeat","data":"pong","from":"1"}
2026-05-13T20:53:29.408+08:00 [INFO] heartbeatCheck: 3.2491474s
2026-05-13T20:53:34.408+08:00 [INFO] heartbeatCheck: 8.2491828s
2026-05-13T20:54:33.784+08:00 [DEBU] etcd put success with key "/service/default/default/game_user/latest/172.20.10.3:9010", value "{"protocol":"grpc"}", lease "7587894790532690356"
2026-05-13T20:54:33.813+08:00 [DEBU] etcd put success with key "/service/default/default/game_user.svc/latest/172.20.10.3:8010", value "{"insecure":true,"protocol":"http"}", lease "7587894790532690359"
2026-05-13T21:16:26.555+08:00 [DEBU] etcd put success with key "/service/default/default/game_user/latest/172.20.10.3:9010", value "{"protocol":"grpc"}", lease "7587894790532690365"
2026-05-13T21:16:26.576+08:00 [DEBU] etcd put success with key "/service/default/default/game_user.svc/latest/172.20.10.3:8010", value "{"insecure":true,"protocol":"http"}", lease "7587894790532690368"
2026-05-13T21:30:28.903+08:00 [DEBU] etcd put success with key "/service/default/default/game_user/latest/172.20.10.3:9010", value "{"protocol":"grpc"}", lease "7587894790532690380"
2026-05-13T21:30:28.940+08:00 [DEBU] etcd put success with key "/service/default/default/game_user.svc/latest/172.20.10.3:8010", value "{"insecure":true,"protocol":"http"}", lease "7587894790532690383"
2026-05-13T21:30:53.718+08:00 [INFO] {3857eded2c23af18b73083628f6c6e8e} 用户 1 连接成功
2026-05-13T21:30:53.774+08:00 [INFO] heartbeatCheck: 358.9µs
2026-05-13T21:30:53.801+08:00 [INFO] 用户 1 接收消息: {"type":"getInfo","data":"","name":""}（类型: 1）
2026-05-13T21:30:53.835+08:00 [ERRO] unexpected end of JSON input 
Stack:
1.  game_user/internal/controller/enter.(*Client).handleGetInfo
    D:/gowork/max2/max2/app/game_user/internal/controller/enter/enter_v1_enter.go:717
2.  game_user/internal/controller/enter.(*Client).readLoop
    D:/gowork/max2/max2/app/game_user/internal/controller/enter/enter_v1_enter.go:196

2026-05-13T21:30:53.843+08:00 [ERRO] 用户 1 房间  不存在 
Stack:
1.  game_user/internal/controller/enter.(*Client).handleGetInfo
    D:/gowork/max2/max2/app/game_user/internal/controller/enter/enter_v1_enter.go:729
2.  game_user/internal/controller/enter.(*Client).readLoop
    D:/gowork/max2/max2/app/game_user/internal/controller/enter/enter_v1_enter.go:196

2026-05-13T21:30:57.353+08:00 [INFO] 用户 1 接收消息: {"type":"initRoom","data":"","name":""}（类型: 1）
2026-05-13T21:30:57.355+08:00 [ERRO] unexpected end of JSON input 
Stack:
1.  game_user/internal/controller/enter.(*Client).clearRoom
    D:/gowork/max2/max2/app/game_user/internal/controller/enter/enter_v1_enter.go:1010
2.  game_user/internal/controller/enter.(*Client).handleInitRoom
    D:/gowork/max2/max2/app/game_user/internal/controller/enter/enter_v1_enter.go:214
3.  game_user/internal/controller/enter.(*Client).readLoop
    D:/gowork/max2/max2/app/game_user/internal/controller/enter/enter_v1_enter.go:184

2026-05-13T21:30:57.390+08:00 [ERRO] 用户 1 房间  不存在 
Stack:
1.  game_user/internal/controller/enter.(*Client).clearRoom
    D:/gowork/max2/max2/app/game_user/internal/controller/enter/enter_v1_enter.go:1015
2.  game_user/internal/controller/enter.(*Client).handleInitRoom
    D:/gowork/max2/max2/app/game_user/internal/controller/enter/enter_v1_enter.go:214
3.  game_user/internal/controller/enter.(*Client).readLoop
    D:/gowork/max2/max2/app/game_user/internal/controller/enter/enter_v1_enter.go:184

2026-05-13T21:30:57.441+08:00 [INFO] 用户 1 发送消息: {"type":"initRoom","data":"[{\"ID\":0,\"Name\":\"1\",\"RoomID\":\"HBWAIR\",\"Type\":0,\"CardNum\":13,\"Point\":902,\"UserId\":\"1\",\"RoomType\":1}]","from":"1"}
2026-05-13T21:30:57.425+08:00 [INFO] 用户 1 开始延迟添加AI到房间 HBWAIR
2026-05-13T21:30:57.548+08:00 [INFO] 执行日志异步任务: RoomID:"HBWAIR" Type:1 UserID:"1" Point:902 Action:"initRoom"
2026-05-13T21:30:57.581+08:00 [DEBU] Watch key "/service/default/default/log-service/latest/"
2026-05-13T21:30:58.778+08:00 [INFO] heartbeatCheck: 1.4250307s
2026-05-13T21:30:59.482+08:00 [INFO] 用户 1 发送消息: {"type":"initRoom","data":"[{\"ID\":0,\"Name\":\"1\",\"RoomID\":\"HBWAIR\",\"Type\":0,\"CardNum\":13,\"Point\":902,\"UserId\":\"1\",\"RoomType\":1},{\"ID\":1,\"Name\":\"逯泽洋\",\"RoomID\":\"HBWAIR\",\"Type\":1,\"CardNum\":13,\"Point\":0,\"UserId\":\"\",\"RoomType\":1},{\"ID\":2,\"Name\":\"黄文轩\",\"RoomID\":\"HBWAIR\",\"Type\":1,\"CardNum\":13,\"Point\":0,\"UserId\":\"\",\"RoomType\":1},{\"ID\":3,\"Name\":\"蓟之玉\",\"RoomID\":\"HBWAIR\",\"Type\":1,\"CardNum\":13,\"Point\":0,\"UserId\":\"\",\"RoomType\":1}]","from":"1"}
2026-05-13T21:31:03.775+08:00 [INFO] heartbeatCheck: 6.4223898s
2026-05-13T21:31:08.776+08:00 [INFO] heartbeatCheck: 11.4231009s
2026-05-13T21:31:09.487+08:00 [INFO] 用户 1 接收消息: {"type":"heartbeat","data":"ping"}（类型: 1）
2026-05-13T21:31:09.489+08:00 [INFO] 用户 1 发送消息: {"type":"heartbeat","data":"pong","from":"1"}
2026-05-13T21:31:13.775+08:00 [INFO] heartbeatCheck: 4.2871279s
2026-05-13T21:31:18.775+08:00 [INFO] heartbeatCheck: 9.2879513s
2026-05-13T21:31:18.960+08:00 [INFO] 用户 1 接收消息: {"type":"leaveRoom","data":"","name":""}（类型: 1）
2026-05-13T21:31:18.982+08:00 [INFO] 用户 1 接收消息: {"type":"getInfo","data":"","name":""}（类型: 1）
2026-05-13T21:31:19.053+08:00 [ERRO] unexpected end of JSON input 
Stack:
1.  game_user/internal/controller/enter.(*Client).handleGetInfo
    D:/gowork/max2/max2/app/game_user/internal/controller/enter/enter_v1_enter.go:717
2.  game_user/internal/controller/enter.(*Client).readLoop
    D:/gowork/max2/max2/app/game_user/internal/controller/enter/enter_v1_enter.go:196

2026-05-13T21:31:19.068+08:00 [ERRO] 用户 1 房间  不存在 
Stack:
1.  game_user/internal/controller/enter.(*Client).handleGetInfo
    D:/gowork/max2/max2/app/game_user/internal/controller/enter/enter_v1_enter.go:729
2.  game_user/internal/controller/enter.(*Client).readLoop
    D:/gowork/max2/max2/app/game_user/internal/controller/enter/enter_v1_enter.go:196

2026-05-13T21:31:19.498+08:00 [INFO] 用户 1 接收消息: {"type":"heartbeat","data":"ping"}（类型: 1）
2026-05-13T21:31:19.499+08:00 [INFO] 用户 1 发送消息: {"type":"heartbeat","data":"pong","from":"1"}
2026-05-13T21:31:23.775+08:00 [INFO] heartbeatCheck: 4.2783392s
2026-05-13T21:31:28.775+08:00 [INFO] heartbeatCheck: 9.2776351s
2026-05-13T21:31:29.514+08:00 [INFO] 用户 1 接收消息: {"type":"heartbeat","data":"ping"}（类型: 1）
2026-05-13T21:31:29.516+08:00 [INFO] 用户 1 发送消息: {"type":"heartbeat","data":"pong","from":"1"}
2026-05-13T21:31:33.775+08:00 [INFO] heartbeatCheck: 4.2607851s
2026-05-13T21:31:38.775+08:00 [INFO] heartbeatCheck: 9.2609677s
2026-05-13T21:31:39.520+08:00 [INFO] 用户 1 接收消息: {"type":"heartbeat","data":"ping"}（类型: 1）
2026-05-13T21:31:39.521+08:00 [INFO] 用户 1 发送消息: {"type":"heartbeat","data":"pong","from":"1"}
2026-05-13T21:31:43.774+08:00 [INFO] heartbeatCheck: 4.254734s
2026-05-13T21:31:48.774+08:00 [INFO] heartbeatCheck: 9.2547024s
2026-05-13T21:31:49.535+08:00 [INFO] 用户 1 接收消息: {"type":"heartbeat","data":"ping"}（类型: 1）
2026-05-13T21:31:49.537+08:00 [INFO] 用户 1 发送消息: {"type":"heartbeat","data":"pong","from":"1"}
2026-05-13T21:31:53.775+08:00 [INFO] heartbeatCheck: 4.2392901s
2026-05-13T21:31:56.792+08:00 [INFO] 用户 1 接收消息: {"type":"initRoom","data":"","name":""}（类型: 1）
2026-05-13T21:31:56.797+08:00 [ERRO] unexpected end of JSON input 
Stack:
1.  game_user/internal/controller/enter.(*Client).clearRoom
    D:/gowork/max2/max2/app/game_user/internal/controller/enter/enter_v1_enter.go:1010
2.  game_user/internal/controller/enter.(*Client).handleInitRoom
    D:/gowork/max2/max2/app/game_user/internal/controller/enter/enter_v1_enter.go:214
3.  game_user/internal/controller/enter.(*Client).readLoop
    D:/gowork/max2/max2/app/game_user/internal/controller/enter/enter_v1_enter.go:184

2026-05-13T21:31:56.800+08:00 [ERRO] 用户 1 房间  不存在 
Stack:
1.  game_user/internal/controller/enter.(*Client).clearRoom
    D:/gowork/max2/max2/app/game_user/internal/controller/enter/enter_v1_enter.go:1015
2.  game_user/internal/controller/enter.(*Client).handleInitRoom
    D:/gowork/max2/max2/app/game_user/internal/controller/enter/enter_v1_enter.go:214
3.  game_user/internal/controller/enter.(*Client).readLoop
    D:/gowork/max2/max2/app/game_user/internal/controller/enter/enter_v1_enter.go:184

2026-05-13T21:31:56.810+08:00 [INFO] 用户 1 开始延迟添加AI到房间 F78HEN
2026-05-13T21:31:56.813+08:00 [INFO] 用户 1 发送消息: {"type":"initRoom","data":"[{\"ID\":0,\"Name\":\"1\",\"RoomID\":\"F78HEN\",\"Type\":0,\"CardNum\":13,\"Point\":902,\"UserId\":\"1\",\"RoomType\":1},{\"ID\":1,\"Name\":\"舄志泽\",\"RoomID\":\"F78HEN\",\"Type\":1,\"CardNum\":13,\"Point\":0,\"UserId\":\"\",\"RoomType\":1}]","from":"1"}
2026-05-13T21:31:58.775+08:00 [INFO] heartbeatCheck: 1.9830359s
2026-05-13T21:31:58.820+08:00 [INFO] 用户 1 发送消息: {"type":"initRoom","data":"[{\"ID\":0,\"Name\":\"1\",\"RoomID\":\"F78HEN\",\"Type\":0,\"CardNum\":13,\"Point\":902,\"UserId\":\"1\",\"RoomType\":1},{\"ID\":1,\"Name\":\"舄志泽\",\"RoomID\":\"F78HEN\",\"Type\":1,\"CardNum\":13,\"Point\":0,\"UserId\":\"\",\"RoomType\":1},{\"ID\":2,\"Name\":\"蒲辰宇\",\"RoomID\":\"F78HEN\",\"Type\":1,\"CardNum\":13,\"Point\":0,\"UserId\":\"\",\"RoomType\":1},{\"ID\":3,\"Name\":\"程星爵\",\"RoomID\":\"F78HEN\",\"Type\":1,\"CardNum\":13,\"Point\":0,\"UserId\":\"\",\"RoomType\":1}]","from":"1"}
2026-05-13T21:32:01.755+08:00 [INFO] 用户 1 接收消息: {"type":"leaveRoom","data":"","name":""}（类型: 1）
2026-05-13T21:32:11.531+08:00 [WARN] keepalive exit, lease id: 7587894790532690383, retry register
2026-05-13T21:32:11.532+08:00 [INFO] 用户 1 接收消息: {"type":"getInfo","data":"","name":""}（类型: 1）
2026-05-13T21:32:11.533+08:00 [WARN] keepalive exit, lease id: 7587894790532690380, retry register
2026-05-13T21:32:11.535+08:00 [INFO] heartbeatCheck: 9.7761505s
2026-05-13T21:32:11.535+08:00 [ERRO] unexpected end of JSON input 
Stack:
1.  game_user/internal/controller/enter.(*Client).handleGetInfo
    D:/gowork/max2/max2/app/game_user/internal/controller/enter/enter_v1_enter.go:717
2.  game_user/internal/controller/enter.(*Client).readLoop
    D:/gowork/max2/max2/app/game_user/internal/controller/enter/enter_v1_enter.go:196

2026-05-13T21:32:11.536+08:00 [ERRO] 用户 1 房间  不存在 
Stack:
1.  game_user/internal/controller/enter.(*Client).handleGetInfo
    D:/gowork/max2/max2/app/game_user/internal/controller/enter/enter_v1_enter.go:729
2.  game_user/internal/controller/enter.(*Client).readLoop
    D:/gowork/max2/max2/app/game_user/internal/controller/enter/enter_v1_enter.go:196

2026-05-13T21:32:11.537+08:00 [INFO] 用户 1 接收消息: {"type":"heartbeat","data":"ping"}（类型: 1）
2026-05-13T21:32:11.539+08:00 [INFO] 用户 1 发送消息: {"type":"heartbeat","data":"pong","from":"1"}
2026-05-13T21:32:11.543+08:00 [DEBU] etcd put success with key "/service/default/default/game_user.svc/latest/172.20.10.3:8010", value "{"insecure":true,"protocol":"http"}", lease "7587894790532690391"
2026-05-13T21:32:11.544+08:00 [DEBU] etcd put success with key "/service/default/default/game_user/latest/172.20.10.3:9010", value "{"protocol":"grpc"}", lease "7587894790532690393"
2026-05-13T21:32:13.775+08:00 [INFO] heartbeatCheck: 2.2380045s
2026-05-13T21:32:18.775+08:00 [INFO] heartbeatCheck: 7.2380537s
2026-05-13T21:32:21.556+08:00 [INFO] 用户 1 接收消息: {"type":"heartbeat","data":"ping"}（类型: 1）
2026-05-13T21:32:21.557+08:00 [INFO] 用户 1 发送消息: {"type":"heartbeat","data":"pong","from":"1"}
2026-05-13T21:32:23.775+08:00 [INFO] heartbeatCheck: 2.219697s
2026-05-13T21:32:28.775+08:00 [INFO] heartbeatCheck: 7.2199616s
2026-05-13T21:32:31.568+08:00 [INFO] 用户 1 接收消息: {"type":"heartbeat","data":"ping"}（类型: 1）
2026-05-13T21:32:31.570+08:00 [INFO] 用户 1 发送消息: {"type":"heartbeat","data":"pong","from":"1"}
2026-05-13T21:32:33.775+08:00 [INFO] heartbeatCheck: 2.2073932s
2026-05-13T21:32:38.775+08:00 [INFO] heartbeatCheck: 7.2067664s
2026-05-13T21:32:40.199+08:00 [INFO] 用户 1 接收消息: {"type":"initRoom","data":"","name":""}（类型: 1）
2026-05-13T21:32:40.200+08:00 [ERRO] unexpected end of JSON input 
Stack:
1.  game_user/internal/controller/enter.(*Client).clearRoom
    D:/gowork/max2/max2/app/game_user/internal/controller/enter/enter_v1_enter.go:1010
2.  game_user/internal/controller/enter.(*Client).handleInitRoom
    D:/gowork/max2/max2/app/game_user/internal/controller/enter/enter_v1_enter.go:214
3.  game_user/internal/controller/enter.(*Client).readLoop
    D:/gowork/max2/max2/app/game_user/internal/controller/enter/enter_v1_enter.go:184

2026-05-13T21:32:40.204+08:00 [ERRO] 用户 1 房间  不存在 
Stack:
1.  game_user/internal/controller/enter.(*Client).clearRoom
    D:/gowork/max2/max2/app/game_user/internal/controller/enter/enter_v1_enter.go:1015
2.  game_user/internal/controller/enter.(*Client).handleInitRoom
    D:/gowork/max2/max2/app/game_user/internal/controller/enter/enter_v1_enter.go:214
3.  game_user/internal/controller/enter.(*Client).readLoop
    D:/gowork/max2/max2/app/game_user/internal/controller/enter/enter_v1_enter.go:184

2026-05-13T21:32:40.212+08:00 [INFO] 用户 1 发送消息: {"type":"initRoom","data":"[{\"ID\":0,\"Name\":\"1\",\"RoomID\":\"NDUH5A\",\"Type\":0,\"CardNum\":13,\"Point\":902,\"UserId\":\"1\",\"RoomType\":1},{\"ID\":1,\"Name\":\"从浩初\",\"RoomID\":\"NDUH5A\",\"Type\":1,\"CardNum\":13,\"Point\":0,\"UserId\":\"\",\"RoomType\":1}]","from":"1"}
2026-05-13T21:32:40.214+08:00 [INFO] 用户 1 开始延迟添加AI到房间 NDUH5A
2026-05-13T21:32:42.221+08:00 [INFO] 用户 1 发送消息: {"type":"initRoom","data":"[{\"ID\":0,\"Name\":\"1\",\"RoomID\":\"NDUH5A\",\"Type\":0,\"CardNum\":13,\"Point\":902,\"UserId\":\"1\",\"RoomType\":1},{\"ID\":1,\"Name\":\"从浩初\",\"RoomID\":\"NDUH5A\",\"Type\":1,\"CardNum\":13,\"Point\":0,\"UserId\":\"\",\"RoomType\":1},{\"ID\":2,\"Name\":\"王笑柳\",\"RoomID\":\"NDUH5A\",\"Type\":1,\"CardNum\":13,\"Point\":0,\"UserId\":\"\",\"RoomType\":1},{\"ID\":3,\"Name\":\"赵书雁\",\"RoomID\":\"NDUH5A\",\"Type\":1,\"CardNum\":13,\"Point\":0,\"UserId\":\"\",\"RoomType\":1}]","from":"1"}
2026-05-13T21:32:43.776+08:00 [INFO] heartbeatCheck: 3.5771389s
2026-05-13T21:32:48.774+08:00 [INFO] heartbeatCheck: 8.5759662s
2026-05-13T21:32:52.242+08:00 [INFO] 用户 1 接收消息: {"type":"heartbeat","data":"ping"}（类型: 1）
2026-05-13T21:32:52.246+08:00 [INFO] 用户 1 发送消息: {"type":"heartbeat","data":"pong","from":"1"}
2026-05-13T21:32:53.775+08:00 [INFO] heartbeatCheck: 1.5333598s
2026-05-13T21:32:58.775+08:00 [INFO] heartbeatCheck: 6.5331804s
2026-05-13T21:33:02.259+08:00 [INFO] 用户 1 接收消息: {"type":"heartbeat","data":"ping"}（类型: 1）
2026-05-13T21:33:02.264+08:00 [INFO] 用户 1 发送消息: {"type":"heartbeat","data":"pong","from":"1"}
2026-05-13T21:33:03.776+08:00 [INFO] heartbeatCheck: 1.5160999s
2026-05-13T21:33:08.775+08:00 [INFO] heartbeatCheck: 6.5152237s
2026-05-13T21:33:12.269+08:00 [INFO] 用户 1 接收消息: {"type":"heartbeat","data":"ping"}（类型: 1）
2026-05-13T21:33:12.271+08:00 [INFO] 用户 1 发送消息: {"type":"heartbeat","data":"pong","from":"1"}
2026-05-13T21:33:13.775+08:00 [INFO] heartbeatCheck: 1.5056811s
2026-05-13T21:33:18.775+08:00 [INFO] heartbeatCheck: 6.5062357s
2026-05-13T21:33:22.281+08:00 [INFO] 用户 1 接收消息: {"type":"heartbeat","data":"ping"}（类型: 1）
2026-05-13T21:33:22.282+08:00 [INFO] 用户 1 发送消息: {"type":"heartbeat","data":"pong","from":"1"}
2026-05-13T21:33:23.775+08:00 [INFO] heartbeatCheck: 1.4942953s
2026-05-13T21:33:28.775+08:00 [INFO] heartbeatCheck: 6.4941118s
2026-05-13T21:33:32.286+08:00 [INFO] 用户 1 接收消息: {"type":"heartbeat","data":"ping"}（类型: 1）
2026-05-13T21:33:32.294+08:00 [INFO] 用户 1 发送消息: {"type":"heartbeat","data":"pong","from":"1"}
2026-05-13T21:33:33.775+08:00 [INFO] heartbeatCheck: 1.4888664s
2026-05-13T21:33:38.775+08:00 [INFO] heartbeatCheck: 6.4890023s
2026-05-13T21:33:42.302+08:00 [INFO] 用户 1 接收消息: {"type":"heartbeat","data":"ping"}（类型: 1）
2026-05-13T21:33:42.306+08:00 [INFO] 用户 1 发送消息: {"type":"heartbeat","data":"pong","from":"1"}
2026-05-13T21:33:43.775+08:00 [INFO] heartbeatCheck: 1.4733914s
2026-05-13T21:33:48.775+08:00 [INFO] heartbeatCheck: 6.4727111s
2026-05-13T21:33:52.319+08:00 [INFO] 用户 1 接收消息: {"type":"heartbeat","data":"ping"}（类型: 1）
2026-05-13T21:33:52.320+08:00 [INFO] 用户 1 发送消息: {"type":"heartbeat","data":"pong","from":"1"}
2026-05-13T21:33:53.774+08:00 [INFO] heartbeatCheck: 1.4559424s
2026-05-13T21:33:58.775+08:00 [INFO] heartbeatCheck: 6.4567253s
2026-05-13T21:34:02.328+08:00 [INFO] 用户 1 接收消息: {"type":"heartbeat","data":"ping"}（类型: 1）
2026-05-13T21:34:02.330+08:00 [INFO] 用户 1 发送消息: {"type":"heartbeat","data":"pong","from":"1"}
2026-05-13T21:34:03.775+08:00 [INFO] heartbeatCheck: 1.4475828s
2026-05-13T21:34:08.774+08:00 [INFO] heartbeatCheck: 6.4469337s
2026-05-13T21:34:12.347+08:00 [INFO] 用户 1 接收消息: {"type":"heartbeat","data":"ping"}（类型: 1）
2026-05-13T21:34:12.348+08:00 [INFO] 用户 1 发送消息: {"type":"heartbeat","data":"pong","from":"1"}
2026-05-13T21:34:13.775+08:00 [INFO] heartbeatCheck: 1.4273546s
2026-05-13T21:34:18.775+08:00 [INFO] heartbeatCheck: 6.4272999s
2026-05-13T21:34:22.357+08:00 [INFO] 用户 1 接收消息: {"type":"heartbeat","data":"ping"}（类型: 1）
2026-05-13T21:34:22.358+08:00 [INFO] 用户 1 发送消息: {"type":"heartbeat","data":"pong","from":"1"}
2026-05-13T21:34:23.775+08:00 [INFO] heartbeatCheck: 1.4182801s
2026-05-13T21:34:28.775+08:00 [INFO] heartbeatCheck: 6.417664s
2026-05-13T21:34:32.368+08:00 [INFO] 用户 1 接收消息: {"type":"heartbeat","data":"ping"}（类型: 1）
2026-05-13T21:34:32.372+08:00 [INFO] 用户 1 发送消息: {"type":"heartbeat","data":"pong","from":"1"}
2026-05-13T21:34:33.774+08:00 [INFO] heartbeatCheck: 1.4070464s
2026-05-13T21:34:38.775+08:00 [INFO] heartbeatCheck: 6.407824s
2026-05-13T21:34:42.387+08:00 [INFO] 用户 1 接收消息: {"type":"heartbeat","data":"ping"}（类型: 1）
2026-05-13T21:34:42.392+08:00 [INFO] 用户 1 发送消息: {"type":"heartbeat","data":"pong","from":"1"}
2026-05-13T21:34:43.775+08:00 [INFO] heartbeatCheck: 1.3870498s
2026-05-13T21:34:48.775+08:00 [INFO] heartbeatCheck: 6.3873393s
2026-05-13T21:34:52.400+08:00 [INFO] 用户 1 接收消息: {"type":"heartbeat","data":"ping"}（类型: 1）
2026-05-13T21:34:52.403+08:00 [INFO] 用户 1 发送消息: {"type":"heartbeat","data":"pong","from":"1"}
2026-05-13T21:34:53.775+08:00 [INFO] heartbeatCheck: 1.3765321s
2026-05-13T21:34:58.775+08:00 [INFO] heartbeatCheck: 6.3756748s
2026-05-13T21:35:02.411+08:00 [INFO] 用户 1 接收消息: {"type":"heartbeat","data":"ping"}（类型: 1）
2026-05-13T21:35:02.416+08:00 [INFO] 用户 1 发送消息: {"type":"heartbeat","data":"pong","from":"1"}
2026-05-13T21:35:03.775+08:00 [INFO] heartbeatCheck: 1.3641721s
2026-05-13T21:35:08.775+08:00 [INFO] heartbeatCheck: 6.3641858s
2026-05-13T21:35:12.426+08:00 [INFO] 用户 1 接收消息: {"type":"heartbeat","data":"ping"}（类型: 1）
2026-05-13T21:35:12.428+08:00 [INFO] 用户 1 发送消息: {"type":"heartbeat","data":"pong","from":"1"}
2026-05-13T21:35:13.775+08:00 [INFO] heartbeatCheck: 1.349828s
2026-05-13T21:35:18.775+08:00 [INFO] heartbeatCheck: 6.3499651s
2026-05-13T21:35:22.441+08:00 [INFO] 用户 1 接收消息: {"type":"heartbeat","data":"ping"}（类型: 1）
2026-05-13T21:35:22.443+08:00 [INFO] 用户 1 发送消息: {"type":"heartbeat","data":"pong","from":"1"}
2026-05-13T21:35:23.775+08:00 [INFO] heartbeatCheck: 1.3347248s
2026-05-13T21:35:28.775+08:00 [INFO] heartbeatCheck: 6.3342804s
2026-05-13T21:35:32.456+08:00 [INFO] 用户 1 接收消息: {"type":"heartbeat","data":"ping"}（类型: 1）
2026-05-13T21:35:32.458+08:00 [INFO] 用户 1 发送消息: {"type":"heartbeat","data":"pong","from":"1"}
2026-05-13T21:35:33.775+08:00 [INFO] heartbeatCheck: 1.3196397s
2026-05-13T21:35:38.775+08:00 [INFO] heartbeatCheck: 6.3197304s
2026-05-13T21:35:42.470+08:00 [INFO] 用户 1 接收消息: {"type":"heartbeat","data":"ping"}（类型: 1）
2026-05-13T21:35:42.478+08:00 [INFO] 用户 1 发送消息: {"type":"heartbeat","data":"pong","from":"1"}
2026-05-13T21:35:43.775+08:00 [INFO] heartbeatCheck: 1.3060906s
2026-05-13T21:35:48.775+08:00 [INFO] heartbeatCheck: 6.306021s
2026-05-13T21:35:52.494+08:00 [INFO] 用户 1 接收消息: {"type":"heartbeat","data":"ping"}（类型: 1）
2026-05-13T21:35:52.497+08:00 [INFO] 用户 1 发送消息: {"type":"heartbeat","data":"pong","from":"1"}
2026-05-13T21:35:53.775+08:00 [INFO] heartbeatCheck: 1.2810106s
2026-05-13T21:35:58.774+08:00 [INFO] heartbeatCheck: 6.2806261s
2026-05-13T21:36:02.512+08:00 [INFO] 用户 1 接收消息: {"type":"heartbeat","data":"ping"}（类型: 1）
2026-05-13T21:36:02.514+08:00 [INFO] 用户 1 发送消息: {"type":"heartbeat","data":"pong","from":"1"}
2026-05-13T21:36:03.775+08:00 [INFO] heartbeatCheck: 1.2635517s
2026-05-13T21:36:08.775+08:00 [INFO] heartbeatCheck: 6.2633981s
2026-05-13T21:36:12.532+08:00 [INFO] 用户 1 接收消息: {"type":"heartbeat","data":"ping"}（类型: 1）
2026-05-13T21:36:12.535+08:00 [INFO] 用户 1 发送消息: {"type":"heartbeat","data":"pong","from":"1"}
2026-05-13T21:36:13.775+08:00 [INFO] heartbeatCheck: 1.243037s
2026-05-13T21:36:18.775+08:00 [INFO] heartbeatCheck: 6.2431807s
2026-05-13T21:36:22.552+08:00 [INFO] 用户 1 接收消息: {"type":"heartbeat","data":"ping"}（类型: 1）
2026-05-13T21:36:22.552+08:00 [INFO] 用户 1 发送消息: {"type":"heartbeat","data":"pong","from":"1"}
2026-05-13T21:36:23.775+08:00 [INFO] heartbeatCheck: 1.2246235s
2026-05-13T21:36:28.775+08:00 [INFO] heartbeatCheck: 6.2239243s
2026-05-13T21:36:32.571+08:00 [INFO] 用户 1 接收消息: {"type":"heartbeat","data":"ping"}（类型: 1）
2026-05-13T21:36:32.576+08:00 [INFO] 用户 1 发送消息: {"type":"heartbeat","data":"pong","from":"1"}
2026-05-13T21:36:33.775+08:00 [INFO] heartbeatCheck: 1.2033857s
2026-05-13T21:36:38.775+08:00 [INFO] heartbeatCheck: 6.203169s
2026-05-13T21:36:42.579+08:00 [INFO] 用户 1 接收消息: {"type":"heartbeat","data":"ping"}（类型: 1）
2026-05-13T21:36:42.581+08:00 [INFO] 用户 1 发送消息: {"type":"heartbeat","data":"pong","from":"1"}
2026-05-13T21:36:43.775+08:00 [INFO] heartbeatCheck: 1.1969824s
2026-05-13T21:36:48.775+08:00 [INFO] heartbeatCheck: 6.1965253s
2026-05-13T21:36:52.596+08:00 [INFO] 用户 1 接收消息: {"type":"heartbeat","data":"ping"}（类型: 1）
2026-05-13T21:36:52.600+08:00 [INFO] 用户 1 发送消息: {"type":"heartbeat","data":"pong","from":"1"}
2026-05-13T21:36:53.775+08:00 [INFO] heartbeatCheck: 1.1788429s
2026-05-13T21:36:58.775+08:00 [INFO] heartbeatCheck: 6.1788715s
2026-05-13T21:37:02.617+08:00 [INFO] 用户 1 接收消息: {"type":"heartbeat","data":"ping"}（类型: 1）
2026-05-13T21:37:02.618+08:00 [INFO] 用户 1 发送消息: {"type":"heartbeat","data":"pong","from":"1"}
2026-05-13T21:37:03.775+08:00 [INFO] heartbeatCheck: 1.1579963s
2026-05-13T21:37:08.775+08:00 [INFO] heartbeatCheck: 6.1580985s
2026-05-13T21:37:12.634+08:00 [INFO] 用户 1 接收消息: {"type":"heartbeat","data":"ping"}（类型: 1）
2026-05-13T21:37:12.645+08:00 [INFO] 用户 1 发送消息: {"type":"heartbeat","data":"pong","from":"1"}
2026-05-13T21:37:13.775+08:00 [INFO] heartbeatCheck: 1.1402751s
2026-05-13T21:37:18.775+08:00 [INFO] heartbeatCheck: 6.1403457s
2026-05-13T21:37:22.655+08:00 [INFO] 用户 1 接收消息: {"type":"heartbeat","data":"ping"}（类型: 1）
2026-05-13T21:37:22.657+08:00 [INFO] 用户 1 发送消息: {"type":"heartbeat","data":"pong","from":"1"}
2026-05-13T21:37:23.775+08:00 [INFO] heartbeatCheck: 1.1202173s
2026-05-13T21:37:28.777+08:00 [INFO] heartbeatCheck: 6.1219763s
2026-05-13T21:37:32.667+08:00 [INFO] 用户 1 接收消息: {"type":"heartbeat","data":"ping"}（类型: 1）
2026-05-13T21:37:32.669+08:00 [INFO] 用户 1 发送消息: {"type":"heartbeat","data":"pong","from":"1"}
2026-05-13T21:37:33.775+08:00 [INFO] heartbeatCheck: 1.1079482s
2026-05-13T21:37:38.776+08:00 [INFO] heartbeatCheck: 6.1092689s
2026-05-13T21:37:42.685+08:00 [INFO] 用户 1 接收消息: {"type":"heartbeat","data":"ping"}（类型: 1）
2026-05-13T21:37:42.688+08:00 [INFO] 用户 1 发送消息: {"type":"heartbeat","data":"pong","from":"1"}
2026-05-13T21:37:43.775+08:00 [INFO] heartbeatCheck: 1.0899045s
2026-05-13T21:37:48.775+08:00 [INFO] heartbeatCheck: 6.0897112s
2026-05-13T21:37:52.698+08:00 [INFO] 用户 1 接收消息: {"type":"heartbeat","data":"ping"}（类型: 1）
2026-05-13T21:37:52.700+08:00 [INFO] 用户 1 发送消息: {"type":"heartbeat","data":"pong","from":"1"}
2026-05-13T21:37:53.776+08:00 [INFO] heartbeatCheck: 1.0777673s
2026-05-13T21:37:58.348+08:00 [INFO] 用户 1 接收消息: {"type":"leaveRoom","data":"","name":""}（类型: 1）
2026-05-13T21:38:07.007+08:00 [WARN] keepalive exit, lease id: 7587894790532690391, retry register
2026-05-13T21:38:07.010+08:00 [INFO] heartbeatCheck: 8.6617887s
2026-05-13T21:38:07.011+08:00 [WARN] keepalive exit, lease id: 7587894790532690393, retry register
2026-05-13T21:38:07.027+08:00 [INFO] 用户 1 接收消息: {"type":"getInfo","data":"","name":""}（类型: 1）
2026-05-13T21:38:07.028+08:00 [ERRO] unexpected end of JSON input 
Stack:
1.  game_user/internal/controller/enter.(*Client).handleGetInfo
    D:/gowork/max2/max2/app/game_user/internal/controller/enter/enter_v1_enter.go:717
2.  game_user/internal/controller/enter.(*Client).readLoop
    D:/gowork/max2/max2/app/game_user/internal/controller/enter/enter_v1_enter.go:196

2026-05-13T21:38:07.030+08:00 [ERRO] 用户 1 房间  不存在 
Stack:
1.  game_user/internal/controller/enter.(*Client).handleGetInfo
    D:/gowork/max2/max2/app/game_user/internal/controller/enter/enter_v1_enter.go:729
2.  game_user/internal/controller/enter.(*Client).readLoop
    D:/gowork/max2/max2/app/game_user/internal/controller/enter/enter_v1_enter.go:196

2026-05-13T21:38:07.031+08:00 [INFO] 用户 1 接收消息: {"type":"heartbeat","data":"ping"}（类型: 1）
2026-05-13T21:38:07.032+08:00 [DEBU] etcd put success with key "/service/default/default/game_user.svc/latest/172.20.10.3:8010", value "{"insecure":true,"protocol":"http"}", lease "7587894790532690399"
2026-05-13T21:38:07.034+08:00 [INFO] 用户 1 发送消息: {"type":"heartbeat","data":"pong","from":"1"}
2026-05-13T21:38:07.036+08:00 [DEBU] etcd put success with key "/service/default/default/game_user/latest/172.20.10.3:9010", value "{"protocol":"grpc"}", lease "7587894790532690401"
2026-05-13T21:38:08.774+08:00 [INFO] heartbeatCheck: 1.743552s
2026-05-13T21:38:13.775+08:00 [INFO] heartbeatCheck: 6.7437557s
2026-05-13T21:38:17.044+08:00 [INFO] 用户 1 接收消息: {"type":"heartbeat","data":"ping"}（类型: 1）
2026-05-13T21:38:17.048+08:00 [INFO] 用户 1 发送消息: {"type":"heartbeat","data":"pong","from":"1"}
2026-05-13T21:38:18.775+08:00 [INFO] heartbeatCheck: 1.7309124s
2026-05-13T21:38:23.775+08:00 [INFO] heartbeatCheck: 6.7312111s
2026-05-13T21:38:27.060+08:00 [INFO] 用户 1 接收消息: {"type":"heartbeat","data":"ping"}（类型: 1）
2026-05-13T21:38:27.061+08:00 [INFO] 用户 1 发送消息: {"type":"heartbeat","data":"pong","from":"1"}
2026-05-13T21:38:28.775+08:00 [INFO] heartbeatCheck: 1.7151456s
2026-05-13T21:38:33.776+08:00 [INFO] heartbeatCheck: 6.7159938s
2026-05-13T21:38:37.230+08:00 [INFO] 用户 1 接收消息: {"type":"heartbeat","data":"ping"}（类型: 1）
2026-05-13T21:38:37.233+08:00 [INFO] 用户 1 发送消息: {"type":"heartbeat","data":"pong","from":"1"}
2026-05-13T21:38:38.782+08:00 [INFO] heartbeatCheck: 1.5517701s
2026-05-13T21:38:43.777+08:00 [INFO] heartbeatCheck: 6.5469385s
2026-05-13T21:38:48.178+08:00 [INFO] 用户 1 接收消息: {"type":"heartbeat","data":"ping"}（类型: 1）
2026-05-13T21:38:48.181+08:00 [INFO] 用户 1 发送消息: {"type":"heartbeat","data":"pong","from":"1"}
2026-05-13T21:38:48.775+08:00 [INFO] heartbeatCheck: 597.0063ms
2026-05-13T21:38:53.776+08:00 [INFO] heartbeatCheck: 5.5981306s
2026-05-13T21:38:58.775+08:00 [INFO] heartbeatCheck: 10.5967278s
2026-05-13T21:39:00.486+08:00 [INFO] 用户 1 接收消息: {"type":"heartbeat","data":"ping"}（类型: 1）
2026-05-13T21:39:00.489+08:00 [INFO] 用户 1 发送消息: {"type":"heartbeat","data":"pong","from":"1"}
2026-05-13T21:39:03.775+08:00 [INFO] heartbeatCheck: 3.2890702s
2026-05-13T21:39:08.776+08:00 [INFO] heartbeatCheck: 8.2895583s
2026-05-13T21:39:13.783+08:00 [INFO] heartbeatCheck: 13.2966992s
2026-05-13T21:39:15.548+08:00 [INFO] 用户 1 接收消息: {"type":"heartbeat","data":"ping"}（类型: 1）
2026-05-13T21:39:15.553+08:00 [INFO] 用户 1 发送消息: {"type":"heartbeat","data":"pong","from":"1"}
2026-05-13T21:39:18.775+08:00 [INFO] heartbeatCheck: 3.2262575s
2026-05-13T21:39:23.775+08:00 [INFO] heartbeatCheck: 8.2264346s
2026-05-13T21:39:26.160+08:00 [INFO] 用户 1 接收消息: {"type":"heartbeat","data":"ping"}（类型: 1）
2026-05-13T21:39:26.163+08:00 [INFO] 用户 1 发送消息: {"type":"heartbeat","data":"pong","from":"1"}
2026-05-13T21:39:28.775+08:00 [INFO] heartbeatCheck: 2.615343s
2026-05-13T21:39:33.776+08:00 [INFO] heartbeatCheck: 7.6157762s
2026-05-13T21:39:37.162+08:00 [INFO] 用户 1 接收消息: {"type":"heartbeat","data":"ping"}（类型: 1）
2026-05-13T21:39:37.169+08:00 [INFO] 用户 1 发送消息: {"type":"heartbeat","data":"pong","from":"1"}
2026-05-13T21:39:38.776+08:00 [INFO] heartbeatCheck: 1.6138888s
2026-05-13T21:39:43.775+08:00 [INFO] heartbeatCheck: 6.6134586s
2026-05-13T21:39:48.166+08:00 [INFO] 用户 1 接收消息: {"type":"heartbeat","data":"ping"}（类型: 1）
2026-05-13T21:39:48.170+08:00 [INFO] 用户 1 发送消息: {"type":"heartbeat","data":"pong","from":"1"}
2026-05-13T21:39:48.775+08:00 [INFO] heartbeatCheck: 608.3001ms
2026-05-13T21:39:53.775+08:00 [INFO] heartbeatCheck: 5.6083161s
2026-05-13T21:39:58.775+08:00 [INFO] heartbeatCheck: 10.6086912s
2026-05-13T21:39:59.165+08:00 [INFO] 用户 1 接收消息: {"type":"heartbeat","data":"ping"}（类型: 1）
2026-05-13T21:39:59.168+08:00 [INFO] 用户 1 发送消息: {"type":"heartbeat","data":"pong","from":"1"}
2026-05-13T21:40:03.775+08:00 [INFO] heartbeatCheck: 4.6090312s
2026-05-13T21:40:08.777+08:00 [INFO] heartbeatCheck: 9.6115286s
2026-05-13T21:40:10.173+08:00 [INFO] 用户 1 接收消息: {"type":"heartbeat","data":"ping"}（类型: 1）
2026-05-13T21:40:10.176+08:00 [INFO] 用户 1 发送消息: {"type":"heartbeat","data":"pong","from":"1"}
2026-05-13T21:40:13.775+08:00 [INFO] heartbeatCheck: 3.6022945s
2026-05-13T21:40:18.775+08:00 [INFO] heartbeatCheck: 8.6025231s
2026-05-13T21:40:21.166+08:00 [INFO] 用户 1 接收消息: {"type":"heartbeat","data":"ping"}（类型: 1）
2026-05-13T21:40:21.169+08:00 [INFO] 用户 1 发送消息: {"type":"heartbeat","data":"pong","from":"1"}
2026-05-13T21:40:23.775+08:00 [INFO] heartbeatCheck: 2.6089054s
2026-05-13T21:40:28.775+08:00 [INFO] heartbeatCheck: 7.6085831s
2026-05-13T21:40:32.160+08:00 [INFO] 用户 1 接收消息: {"type":"heartbeat","data":"ping"}（类型: 1）
2026-05-13T21:40:32.163+08:00 [INFO] 用户 1 发送消息: {"type":"heartbeat","data":"pong","from":"1"}
2026-05-13T21:40:33.775+08:00 [INFO] heartbeatCheck: 1.614968s
2026-05-13T21:40:38.774+08:00 [INFO] heartbeatCheck: 6.6141827s
2026-05-13T21:40:43.167+08:00 [INFO] 用户 1 接收消息: {"type":"heartbeat","data":"ping"}（类型: 1）
2026-05-13T21:40:43.170+08:00 [INFO] 用户 1 发送消息: {"type":"heartbeat","data":"pong","from":"1"}
2026-05-13T21:40:43.774+08:00 [INFO] heartbeatCheck: 608.2014ms
2026-05-13T21:40:48.775+08:00 [INFO] heartbeatCheck: 5.6084857s
2026-05-13T21:40:53.775+08:00 [INFO] heartbeatCheck: 10.6085446s
2026-05-13T21:40:54.158+08:00 [INFO] 用户 1 接收消息: {"type":"heartbeat","data":"ping"}（类型: 1）
2026-05-13T21:40:54.162+08:00 [INFO] 用户 1 发送消息: {"type":"heartbeat","data":"pong","from":"1"}
2026-05-13T21:40:58.775+08:00 [INFO] heartbeatCheck: 4.6164717s
2026-05-13T21:41:03.779+08:00 [INFO] heartbeatCheck: 9.620548s
2026-05-13T21:41:05.170+08:00 [INFO] 用户 1 接收消息: {"type":"heartbeat","data":"ping"}（类型: 1）
2026-05-13T21:41:05.173+08:00 [INFO] 用户 1 发送消息: {"type":"heartbeat","data":"pong","from":"1"}
2026-05-13T21:41:08.775+08:00 [INFO] heartbeatCheck: 3.6048584s
2026-05-13T21:41:13.775+08:00 [INFO] heartbeatCheck: 8.6051255s
2026-05-13T21:41:16.166+08:00 [INFO] 用户 1 接收消息: {"type":"heartbeat","data":"ping"}（类型: 1）
2026-05-13T21:41:16.169+08:00 [INFO] 用户 1 发送消息: {"type":"heartbeat","data":"pong","from":"1"}
2026-05-13T21:41:18.775+08:00 [INFO] heartbeatCheck: 2.6089834s
2026-05-13T21:41:23.775+08:00 [INFO] heartbeatCheck: 7.6090113s
2026-05-13T21:41:27.173+08:00 [INFO] 用户 1 接收消息: {"type":"heartbeat","data":"ping"}（类型: 1）
2026-05-13T21:41:27.177+08:00 [INFO] 用户 1 发送消息: {"type":"heartbeat","data":"pong","from":"1"}
2026-05-13T21:41:28.775+08:00 [INFO] heartbeatCheck: 1.6029743s
2026-05-13T21:41:33.775+08:00 [INFO] heartbeatCheck: 6.6031235s
2026-05-13T21:41:38.165+08:00 [INFO] 用户 1 接收消息: {"type":"heartbeat","data":"ping"}（类型: 1）
2026-05-13T21:41:38.168+08:00 [INFO] 用户 1 发送消息: {"type":"heartbeat","data":"pong","from":"1"}
2026-05-13T21:41:38.775+08:00 [INFO] heartbeatCheck: 609.7673ms
2026-05-13T21:41:43.775+08:00 [INFO] heartbeatCheck: 5.6097084s
2026-05-13T21:41:48.775+08:00 [INFO] heartbeatCheck: 10.6098345s
2026-05-13T21:41:49.162+08:00 [INFO] 用户 1 接收消息: {"type":"heartbeat","data":"ping"}（类型: 1）
2026-05-13T21:41:49.165+08:00 [INFO] 用户 1 发送消息: {"type":"heartbeat","data":"pong","from":"1"}
2026-05-13T21:41:53.775+08:00 [INFO] heartbeatCheck: 4.6125928s
2026-05-13T21:41:58.775+08:00 [INFO] heartbeatCheck: 9.6130573s
2026-05-13T21:42:00.158+08:00 [INFO] 用户 1 接收消息: {"type":"heartbeat","data":"ping"}（类型: 1）
2026-05-13T21:42:00.160+08:00 [INFO] 用户 1 发送消息: {"type":"heartbeat","data":"pong","from":"1"}
2026-05-13T21:42:03.775+08:00 [INFO] heartbeatCheck: 3.6161785s
2026-05-13T21:42:08.775+08:00 [INFO] heartbeatCheck: 8.6161653s
2026-05-13T21:42:11.163+08:00 [INFO] 用户 1 接收消息: {"type":"heartbeat","data":"ping"}（类型: 1）
2026-05-13T21:42:11.166+08:00 [INFO] 用户 1 发送消息: {"type":"heartbeat","data":"pong","from":"1"}
2026-05-13T21:42:13.775+08:00 [INFO] heartbeatCheck: 2.6131324s
2026-05-13T21:42:18.776+08:00 [INFO] heartbeatCheck: 7.6136756s
2026-05-13T21:42:22.161+08:00 [INFO] 用户 1 接收消息: {"type":"heartbeat","data":"ping"}（类型: 1）
2026-05-13T21:42:22.163+08:00 [INFO] 用户 1 发送消息: {"type":"heartbeat","data":"pong","from":"1"}
2026-05-13T21:42:23.775+08:00 [INFO] heartbeatCheck: 1.613914s
2026-05-13T21:42:28.775+08:00 [INFO] heartbeatCheck: 6.6140678s
2026-05-13T21:42:33.155+08:00 [INFO] 用户 1 接收消息: {"type":"heartbeat","data":"ping"}（类型: 1）
2026-05-13T21:42:33.158+08:00 [INFO] 用户 1 发送消息: {"type":"heartbeat","data":"pong","from":"1"}
2026-05-13T21:42:33.775+08:00 [INFO] heartbeatCheck: 619.7772ms
2026-05-13T21:42:38.775+08:00 [INFO] heartbeatCheck: 5.6193985s
2026-05-13T21:42:43.775+08:00 [INFO] heartbeatCheck: 10.6199691s
2026-05-13T21:42:44.165+08:00 [INFO] 用户 1 接收消息: {"type":"heartbeat","data":"ping"}（类型: 1）
2026-05-13T21:42:44.168+08:00 [INFO] 用户 1 发送消息: {"type":"heartbeat","data":"pong","from":"1"}
2026-05-13T21:42:48.775+08:00 [INFO] heartbeatCheck: 4.6100659s
2026-05-13T21:42:53.776+08:00 [INFO] heartbeatCheck: 9.6109983s
2026-05-13T21:42:55.164+08:00 [INFO] 用户 1 接收消息: {"type":"heartbeat","data":"ping"}（类型: 1）
2026-05-13T21:42:55.170+08:00 [INFO] 用户 1 发送消息: {"type":"heartbeat","data":"pong","from":"1"}
2026-05-13T21:42:58.774+08:00 [INFO] heartbeatCheck: 3.6103518s
2026-05-13T21:43:03.778+08:00 [INFO] heartbeatCheck: 8.6136545s
2026-05-13T21:43:06.161+08:00 [INFO] 用户 1 接收消息: {"type":"heartbeat","data":"ping"}（类型: 1）
2026-05-13T21:43:06.165+08:00 [INFO] 用户 1 发送消息: {"type":"heartbeat","data":"pong","from":"1"}
2026-05-13T21:43:08.774+08:00 [INFO] heartbeatCheck: 2.6142008s
2026-05-13T21:43:13.775+08:00 [INFO] heartbeatCheck: 7.6142254s
2026-05-13T21:43:17.164+08:00 [INFO] 用户 1 接收消息: {"type":"heartbeat","data":"ping"}（类型: 1）
2026-05-13T21:43:17.165+08:00 [INFO] 用户 1 发送消息: {"type":"heartbeat","data":"pong","from":"1"}
2026-05-13T21:43:18.775+08:00 [INFO] heartbeatCheck: 1.6112248s
2026-05-13T21:43:23.775+08:00 [INFO] heartbeatCheck: 6.6110087s
2026-05-13T21:43:28.169+08:00 [INFO] 用户 1 接收消息: {"type":"heartbeat","data":"ping"}（类型: 1）
2026-05-13T21:43:28.171+08:00 [INFO] 用户 1 发送消息: {"type":"heartbeat","data":"pong","from":"1"}
2026-05-13T21:43:28.775+08:00 [INFO] heartbeatCheck: 606.4615ms
2026-05-13T21:43:33.775+08:00 [INFO] heartbeatCheck: 5.6071516s
2026-05-13T21:43:38.775+08:00 [INFO] heartbeatCheck: 10.6070867s
2026-05-13T21:43:39.164+08:00 [INFO] 用户 1 接收消息: {"type":"heartbeat","data":"ping"}（类型: 1）
2026-05-13T21:43:39.166+08:00 [INFO] 用户 1 发送消息: {"type":"heartbeat","data":"pong","from":"1"}
2026-05-13T21:43:43.775+08:00 [INFO] heartbeatCheck: 4.6110298s
2026-05-13T21:43:48.775+08:00 [INFO] heartbeatCheck: 9.611218s
2026-05-13T21:43:50.171+08:00 [INFO] 用户 1 接收消息: {"type":"heartbeat","data":"ping"}（类型: 1）
2026-05-13T21:43:50.186+08:00 [INFO] 用户 1 发送消息: {"type":"heartbeat","data":"pong","from":"1"}
2026-05-13T21:43:53.775+08:00 [INFO] heartbeatCheck: 3.6041722s
2026-05-13T21:43:58.775+08:00 [INFO] heartbeatCheck: 8.6047051s
2026-05-13T21:44:01.172+08:00 [INFO] 用户 1 接收消息: {"type":"heartbeat","data":"ping"}（类型: 1）
2026-05-13T21:44:01.174+08:00 [INFO] 用户 1 发送消息: {"type":"heartbeat","data":"pong","from":"1"}
2026-05-13T21:44:03.775+08:00 [INFO] heartbeatCheck: 2.6031063s
2026-05-13T21:44:08.775+08:00 [INFO] heartbeatCheck: 7.6031766s
2026-05-13T21:44:12.158+08:00 [INFO] 用户 1 接收消息: {"type":"heartbeat","data":"ping"}（类型: 1）
2026-05-13T21:44:12.160+08:00 [INFO] 用户 1 发送消息: {"type":"heartbeat","data":"pong","from":"1"}
2026-05-13T21:44:13.775+08:00 [INFO] heartbeatCheck: 1.6176216s
2026-05-13T21:44:18.775+08:00 [INFO] heartbeatCheck: 6.618288s
2026-05-13T21:44:23.164+08:00 [INFO] 用户 1 接收消息: {"type":"heartbeat","data":"ping"}（类型: 1）
2026-05-13T21:44:23.166+08:00 [INFO] 用户 1 发送消息: {"type":"heartbeat","data":"pong","from":"1"}
2026-05-13T21:44:23.775+08:00 [INFO] heartbeatCheck: 610.7813ms
2026-05-13T21:44:28.775+08:00 [INFO] heartbeatCheck: 5.6107479s
2026-05-13T21:44:33.775+08:00 [INFO] heartbeatCheck: 10.6107277s
2026-05-13T21:44:34.171+08:00 [INFO] 用户 1 接收消息: {"type":"heartbeat","data":"ping"}（类型: 1）
2026-05-13T21:44:34.179+08:00 [INFO] 用户 1 发送消息: {"type":"heartbeat","data":"pong","from":"1"}
2026-05-13T21:44:38.775+08:00 [INFO] heartbeatCheck: 4.6036588s
2026-05-13T21:44:43.775+08:00 [INFO] heartbeatCheck: 9.6036179s
2026-05-13T21:44:45.159+08:00 [INFO] 用户 1 接收消息: {"type":"heartbeat","data":"ping"}（类型: 1）
2026-05-13T21:44:45.161+08:00 [INFO] 用户 1 发送消息: {"type":"heartbeat","data":"pong","from":"1"}
2026-05-13T21:44:48.775+08:00 [INFO] heartbeatCheck: 3.6164366s
2026-05-13T21:44:53.775+08:00 [INFO] heartbeatCheck: 8.6159472s
2026-05-13T21:44:56.163+08:00 [INFO] 用户 1 接收消息: {"type":"heartbeat","data":"ping"}（类型: 1）
2026-05-13T21:44:56.165+08:00 [INFO] 用户 1 发送消息: {"type":"heartbeat","data":"pong","from":"1"}
2026-05-13T21:44:58.775+08:00 [INFO] heartbeatCheck: 2.6127309s
2026-05-13T21:45:03.775+08:00 [INFO] heartbeatCheck: 7.6129332s
2026-05-13T21:45:07.167+08:00 [INFO] 用户 1 接收消息: {"type":"heartbeat","data":"ping"}（类型: 1）
2026-05-13T21:45:07.170+08:00 [INFO] 用户 1 发送消息: {"type":"heartbeat","data":"pong","from":"1"}
2026-05-13T21:45:08.775+08:00 [INFO] heartbeatCheck: 1.6080839s
2026-05-13T21:45:13.775+08:00 [INFO] heartbeatCheck: 6.6073299s
2026-05-13T21:45:18.157+08:00 [INFO] 用户 1 接收消息: {"type":"heartbeat","data":"ping"}（类型: 1）
2026-05-13T21:45:18.160+08:00 [INFO] 用户 1 发送消息: {"type":"heartbeat","data":"pong","from":"1"}
2026-05-13T21:45:18.775+08:00 [INFO] heartbeatCheck: 618.0142ms
2026-05-13T21:45:23.775+08:00 [INFO] heartbeatCheck: 5.617854s
2026-05-13T21:45:28.775+08:00 [INFO] heartbeatCheck: 10.6179868s
2026-05-13T21:45:29.162+08:00 [INFO] 用户 1 接收消息: {"type":"heartbeat","data":"ping"}（类型: 1）
2026-05-13T21:45:29.164+08:00 [INFO] 用户 1 发送消息: {"type":"heartbeat","data":"pong","from":"1"}
2026-05-13T21:45:33.775+08:00 [INFO] heartbeatCheck: 4.6142678s
2026-05-13T21:45:38.775+08:00 [INFO] heartbeatCheck: 9.614363s
2026-05-13T21:45:40.171+08:00 [INFO] 用户 1 接收消息: {"type":"heartbeat","data":"ping"}（类型: 1）
2026-05-13T21:45:40.172+08:00 [INFO] 用户 1 发送消息: {"type":"heartbeat","data":"pong","from":"1"}
2026-05-13T21:45:43.775+08:00 [INFO] heartbeatCheck: 3.6041045s
2026-05-13T21:45:48.775+08:00 [INFO] heartbeatCheck: 8.6040288s
2026-05-13T21:45:51.166+08:00 [INFO] 用户 1 接收消息: {"type":"heartbeat","data":"ping"}（类型: 1）
2026-05-13T21:45:51.169+08:00 [INFO] 用户 1 发送消息: {"type":"heartbeat","data":"pong","from":"1"}
2026-05-13T21:45:53.775+08:00 [INFO] heartbeatCheck: 2.6090919s
2026-05-13T21:45:58.775+08:00 [INFO] heartbeatCheck: 7.6091723s
2026-05-13T21:46:02.165+08:00 [INFO] 用户 1 接收消息: {"type":"heartbeat","data":"ping"}（类型: 1）
2026-05-13T21:46:02.168+08:00 [INFO] 用户 1 发送消息: {"type":"heartbeat","data":"pong","from":"1"}
2026-05-13T21:46:03.775+08:00 [INFO] heartbeatCheck: 1.6103819s
2026-05-13T21:46:08.775+08:00 [INFO] heartbeatCheck: 6.610473s
2026-05-13T21:46:13.169+08:00 [INFO] 用户 1 接收消息: {"type":"heartbeat","data":"ping"}（类型: 1）
2026-05-13T21:46:13.172+08:00 [INFO] 用户 1 发送消息: {"type":"heartbeat","data":"pong","from":"1"}
2026-05-13T21:46:13.775+08:00 [INFO] heartbeatCheck: 606.479ms
2026-05-13T21:46:18.775+08:00 [INFO] heartbeatCheck: 5.6060929s
2026-05-13T21:46:23.775+08:00 [INFO] heartbeatCheck: 10.6060064s
2026-05-13T21:46:24.160+08:00 [INFO] 用户 1 接收消息: {"type":"heartbeat","data":"ping"}（类型: 1）
2026-05-13T21:46:24.163+08:00 [INFO] 用户 1 发送消息: {"type":"heartbeat","data":"pong","from":"1"}
2026-05-13T21:46:28.775+08:00 [INFO] heartbeatCheck: 4.6149896s
2026-05-13T21:46:33.775+08:00 [INFO] heartbeatCheck: 9.6147028s
2026-05-13T21:46:35.166+08:00 [INFO] 用户 1 接收消息: {"type":"heartbeat","data":"ping"}（类型: 1）
2026-05-13T21:46:35.169+08:00 [INFO] 用户 1 发送消息: {"type":"heartbeat","data":"pong","from":"1"}
2026-05-13T21:46:38.775+08:00 [INFO] heartbeatCheck: 3.6083297s
2026-05-13T21:46:43.808+08:00 [INFO] heartbeatCheck: 8.6419733s
2026-05-13T21:46:46.165+08:00 [INFO] 用户 1 接收消息: {"type":"heartbeat","data":"ping"}（类型: 1）
2026-05-13T21:46:46.166+08:00 [INFO] 用户 1 发送消息: {"type":"heartbeat","data":"pong","from":"1"}
2026-05-13T21:46:48.775+08:00 [INFO] heartbeatCheck: 2.6109128s
2026-05-13T21:46:53.775+08:00 [INFO] heartbeatCheck: 7.6116357s
2026-05-13T21:46:57.165+08:00 [INFO] 用户 1 接收消息: {"type":"heartbeat","data":"ping"}（类型: 1）
2026-05-13T21:46:57.168+08:00 [INFO] 用户 1 发送消息: {"type":"heartbeat","data":"pong","from":"1"}
2026-05-13T21:46:58.776+08:00 [INFO] heartbeatCheck: 1.6103652s
2026-05-13T21:47:03.775+08:00 [INFO] heartbeatCheck: 6.6096585s
2026-05-13T21:47:08.172+08:00 [INFO] 用户 1 接收消息: {"type":"heartbeat","data":"ping"}（类型: 1）
2026-05-13T21:47:08.175+08:00 [INFO] 用户 1 发送消息: {"type":"heartbeat","data":"pong","from":"1"}
2026-05-13T21:47:08.775+08:00 [INFO] heartbeatCheck: 602.8794ms
2026-05-13T21:47:13.775+08:00 [INFO] heartbeatCheck: 5.6035634s
2026-05-13T21:47:18.775+08:00 [INFO] heartbeatCheck: 10.6029515s
2026-05-13T21:47:19.163+08:00 [INFO] 用户 1 接收消息: {"type":"heartbeat","data":"ping"}（类型: 1）
2026-05-13T21:47:19.166+08:00 [INFO] 用户 1 发送消息: {"type":"heartbeat","data":"pong","from":"1"}
2026-05-13T21:47:23.775+08:00 [INFO] heartbeatCheck: 4.61241s
2026-05-13T21:47:28.775+08:00 [INFO] heartbeatCheck: 9.6114656s
2026-05-13T21:47:30.163+08:00 [INFO] 用户 1 接收消息: {"type":"heartbeat","data":"ping"}（类型: 1）
2026-05-13T21:47:30.166+08:00 [INFO] 用户 1 发送消息: {"type":"heartbeat","data":"pong","from":"1"}
2026-05-13T21:47:33.775+08:00 [INFO] heartbeatCheck: 3.6117466s
2026-05-13T21:47:38.775+08:00 [INFO] heartbeatCheck: 8.6118793s
2026-05-13T21:47:41.171+08:00 [INFO] 用户 1 接收消息: {"type":"heartbeat","data":"ping"}（类型: 1）
2026-05-13T21:47:41.174+08:00 [INFO] 用户 1 发送消息: {"type":"heartbeat","data":"pong","from":"1"}
2026-05-13T21:47:43.775+08:00 [INFO] heartbeatCheck: 2.6048939s
2026-05-13T21:47:48.775+08:00 [INFO] heartbeatCheck: 7.6047996s
2026-05-13T21:47:52.165+08:00 [INFO] 用户 1 接收消息: {"type":"heartbeat","data":"ping"}（类型: 1）
2026-05-13T21:47:52.174+08:00 [INFO] 用户 1 发送消息: {"type":"heartbeat","data":"pong","from":"1"}
2026-05-13T21:47:53.775+08:00 [INFO] heartbeatCheck: 1.6096251s
2026-05-13T21:47:58.775+08:00 [INFO] heartbeatCheck: 6.6097435s
2026-05-13T21:48:03.171+08:00 [INFO] 用户 1 接收消息: {"type":"heartbeat","data":"ping"}（类型: 1）
2026-05-13T21:48:03.173+08:00 [INFO] 用户 1 发送消息: {"type":"heartbeat","data":"pong","from":"1"}
2026-05-13T21:48:03.775+08:00 [INFO] heartbeatCheck: 604.2284ms
2026-05-13T21:48:08.776+08:00 [INFO] heartbeatCheck: 5.6049984s
2026-05-13T21:48:12.544+08:00 [INFO] 用户 1 连接已关闭，读循环退出
2026-05-13T21:48:12.544+08:00 [INFO] 用户 1 关闭连接，原因: 读循环退出
2026-05-13T21:48:12.602+08:00 [INFO] 用户 1 心跳检测被取消: context canceled
2026-05-13T21:48:12.605+08:00 [INFO] 用户 1 心跳检测退出
2026-05-13T21:48:23.085+08:00 [INFO] {88dd37412124af1850318362d056a38d} 用户 1 连接成功
2026-05-13T21:48:23.085+08:00 [INFO] heartbeatCheck: 2562047h47m16.854775807s
2026-05-13T21:48:23.090+08:00 [INFO] 用户 1 接收消息: {"type":"getInfo","data":"","name":""}（类型: 1）
2026-05-13T21:48:23.091+08:00 [ERRO] unexpected end of JSON input 
Stack:
1.  game_user/internal/controller/enter.(*Client).handleGetInfo
    D:/gowork/max2/max2/app/game_user/internal/controller/enter/enter_v1_enter.go:717
2.  game_user/internal/controller/enter.(*Client).readLoop
    D:/gowork/max2/max2/app/game_user/internal/controller/enter/enter_v1_enter.go:196

2026-05-13T21:48:23.093+08:00 [ERRO] 用户 1 房间  不存在 
Stack:
1.  game_user/internal/controller/enter.(*Client).handleGetInfo
    D:/gowork/max2/max2/app/game_user/internal/controller/enter/enter_v1_enter.go:729
2.  game_user/internal/controller/enter.(*Client).readLoop
    D:/gowork/max2/max2/app/game_user/internal/controller/enter/enter_v1_enter.go:196

2026-05-13T21:48:23.095+08:00 [INFO] 用户 1 接收消息: {"type":"getInfo","data":"","name":""}（类型: 1）
2026-05-13T21:48:23.096+08:00 [ERRO] unexpected end of JSON input 
Stack:
1.  game_user/internal/controller/enter.(*Client).handleGetInfo
    D:/gowork/max2/max2/app/game_user/internal/controller/enter/enter_v1_enter.go:717
2.  game_user/internal/controller/enter.(*Client).readLoop
    D:/gowork/max2/max2/app/game_user/internal/controller/enter/enter_v1_enter.go:196

2026-05-13T21:48:23.098+08:00 [ERRO] 用户 1 房间  不存在 
Stack:
1.  game_user/internal/controller/enter.(*Client).handleGetInfo
    D:/gowork/max2/max2/app/game_user/internal/controller/enter/enter_v1_enter.go:729
2.  game_user/internal/controller/enter.(*Client).readLoop
    D:/gowork/max2/max2/app/game_user/internal/controller/enter/enter_v1_enter.go:196

2026-05-13T21:48:23.098+08:00 [INFO] 用户 1 接收消息: {"type":"getInfo","data":"","name":""}（类型: 1）
2026-05-13T21:48:23.101+08:00 [ERRO] unexpected end of JSON input 
Stack:
1.  game_user/internal/controller/enter.(*Client).handleGetInfo
    D:/gowork/max2/max2/app/game_user/internal/controller/enter/enter_v1_enter.go:717
2.  game_user/internal/controller/enter.(*Client).readLoop
    D:/gowork/max2/max2/app/game_user/internal/controller/enter/enter_v1_enter.go:196

2026-05-13T21:48:23.103+08:00 [ERRO] 用户 1 房间  不存在 
Stack:
1.  game_user/internal/controller/enter.(*Client).handleGetInfo
    D:/gowork/max2/max2/app/game_user/internal/controller/enter/enter_v1_enter.go:729
2.  game_user/internal/controller/enter.(*Client).readLoop
    D:/gowork/max2/max2/app/game_user/internal/controller/enter/enter_v1_enter.go:196

2026-05-13T21:48:23.104+08:00 [INFO] 用户 1 接收消息: {"type":"getInfo","data":"","name":""}（类型: 1）
2026-05-13T21:48:23.106+08:00 [ERRO] unexpected end of JSON input 
Stack:
1.  game_user/internal/controller/enter.(*Client).handleGetInfo
    D:/gowork/max2/max2/app/game_user/internal/controller/enter/enter_v1_enter.go:717
2.  game_user/internal/controller/enter.(*Client).readLoop
    D:/gowork/max2/max2/app/game_user/internal/controller/enter/enter_v1_enter.go:196

2026-05-13T21:48:23.107+08:00 [ERRO] 用户 1 房间  不存在 
Stack:
1.  game_user/internal/controller/enter.(*Client).handleGetInfo
    D:/gowork/max2/max2/app/game_user/internal/controller/enter/enter_v1_enter.go:729
2.  game_user/internal/controller/enter.(*Client).readLoop
    D:/gowork/max2/max2/app/game_user/internal/controller/enter/enter_v1_enter.go:196

2026-05-13T21:48:23.108+08:00 [INFO] 用户 1 接收消息: {"type":"getInfo","data":"","name":""}（类型: 1）
2026-05-13T21:48:23.110+08:00 [ERRO] unexpected end of JSON input 
Stack:
1.  game_user/internal/controller/enter.(*Client).handleGetInfo
    D:/gowork/max2/max2/app/game_user/internal/controller/enter/enter_v1_enter.go:717
2.  game_user/internal/controller/enter.(*Client).readLoop
    D:/gowork/max2/max2/app/game_user/internal/controller/enter/enter_v1_enter.go:196

2026-05-13T21:48:23.111+08:00 [ERRO] 用户 1 房间  不存在 
Stack:
1.  game_user/internal/controller/enter.(*Client).handleGetInfo
    D:/gowork/max2/max2/app/game_user/internal/controller/enter/enter_v1_enter.go:729
2.  game_user/internal/controller/enter.(*Client).readLoop
    D:/gowork/max2/max2/app/game_user/internal/controller/enter/enter_v1_enter.go:196

2026-05-13T21:48:23.111+08:00 [INFO] 用户 1 接收消息: {"type":"getInfo","data":"","name":""}（类型: 1）
2026-05-13T21:48:23.112+08:00 [ERRO] unexpected end of JSON input 
Stack:
1.  game_user/internal/controller/enter.(*Client).handleGetInfo
    D:/gowork/max2/max2/app/game_user/internal/controller/enter/enter_v1_enter.go:717
2.  game_user/internal/controller/enter.(*Client).readLoop
    D:/gowork/max2/max2/app/game_user/internal/controller/enter/enter_v1_enter.go:196

2026-05-13T21:48:23.113+08:00 [ERRO] 用户 1 房间  不存在 
Stack:
1.  game_user/internal/controller/enter.(*Client).handleGetInfo
    D:/gowork/max2/max2/app/game_user/internal/controller/enter/enter_v1_enter.go:729
2.  game_user/internal/controller/enter.(*Client).readLoop
    D:/gowork/max2/max2/app/game_user/internal/controller/enter/enter_v1_enter.go:196

2026-05-13T21:48:23.114+08:00 [INFO] 用户 1 接收消息: {"type":"getInfo","data":"","name":""}（类型: 1）
2026-05-13T21:48:23.115+08:00 [ERRO] unexpected end of JSON input 
Stack:
1.  game_user/internal/controller/enter.(*Client).handleGetInfo
    D:/gowork/max2/max2/app/game_user/internal/controller/enter/enter_v1_enter.go:717
2.  game_user/internal/controller/enter.(*Client).readLoop
    D:/gowork/max2/max2/app/game_user/internal/controller/enter/enter_v1_enter.go:196

2026-05-13T21:48:23.117+08:00 [ERRO] 用户 1 房间  不存在 
Stack:
1.  game_user/internal/controller/enter.(*Client).handleGetInfo
    D:/gowork/max2/max2/app/game_user/internal/controller/enter/enter_v1_enter.go:729
2.  game_user/internal/controller/enter.(*Client).readLoop
    D:/gowork/max2/max2/app/game_user/internal/controller/enter/enter_v1_enter.go:196

2026-05-13T21:48:28.086+08:00 [INFO] heartbeatCheck: 4.9725008s
2026-05-13T21:48:33.086+08:00 [INFO] heartbeatCheck: 9.9722275s
2026-05-13T21:48:33.169+08:00 [INFO] 用户 1 接收消息: {"type":"heartbeat","data":"ping"}（类型: 1）
2026-05-13T21:48:33.171+08:00 [INFO] 用户 1 发送消息: {"type":"heartbeat","data":"pong","from":"1"}
2026-05-13T21:48:33.171+08:00 [INFO] 用户 1 连接已关闭，跳过消息发送
2026-05-13T21:48:33.172+08:00 [INFO] 用户 1 writeLoop退出
2026-05-13T21:48:38.086+08:00 [INFO] heartbeatCheck: 4.917588s
2026-05-13T21:48:43.086+08:00 [INFO] heartbeatCheck: 9.9176633s
2026-05-13T21:48:44.281+08:00 [INFO] 用户 1 接收消息: {"type":"heartbeat","data":"ping"}（类型: 1）
2026-05-13T21:48:44.327+08:00 [INFO] 用户 1 发送消息: {"type":"heartbeat","data":"pong","from":"1"}
2026-05-13T21:48:45.084+08:00 [INFO] 用户 1 接收消息: {"type":"initRoom","data":"","name":""}（类型: 1）
2026-05-13T21:48:45.085+08:00 [ERRO] unexpected end of JSON input 
Stack:
1.  game_user/internal/controller/enter.(*Client).clearRoom
    D:/gowork/max2/max2/app/game_user/internal/controller/enter/enter_v1_enter.go:1010
2.  game_user/internal/controller/enter.(*Client).handleInitRoom
    D:/gowork/max2/max2/app/game_user/internal/controller/enter/enter_v1_enter.go:214
3.  game_user/internal/controller/enter.(*Client).readLoop
    D:/gowork/max2/max2/app/game_user/internal/controller/enter/enter_v1_enter.go:184

2026-05-13T21:48:45.087+08:00 [ERRO] 用户 1 房间  不存在 
Stack:
1.  game_user/internal/controller/enter.(*Client).clearRoom
    D:/gowork/max2/max2/app/game_user/internal/controller/enter/enter_v1_enter.go:1015
2.  game_user/internal/controller/enter.(*Client).handleInitRoom
    D:/gowork/max2/max2/app/game_user/internal/controller/enter/enter_v1_enter.go:214
3.  game_user/internal/controller/enter.(*Client).readLoop
    D:/gowork/max2/max2/app/game_user/internal/controller/enter/enter_v1_enter.go:184

2026-05-13T21:48:45.090+08:00 [INFO] 用户 1 开始延迟添加AI到房间 J2SFT4
2026-05-13T21:48:45.099+08:00 [INFO] 用户 1 发送消息: {"type":"initRoom","data":"[{\"ID\":0,\"Name\":\"1\",\"RoomID\":\"J2SFT4\",\"Type\":0,\"CardNum\":13,\"Point\":902,\"UserId\":\"1\",\"RoomType\":1},{\"ID\":1,\"Name\":\"季尔槐\",\"RoomID\":\"J2SFT4\",\"Type\":1,\"CardNum\":13,\"Point\":0,\"UserId\":\"\",\"RoomType\":1},{\"ID\":2,\"Name\":\"充越彬\",\"RoomID\":\"J2SFT4\",\"Type\":1,\"CardNum\":13,\"Point\":0,\"UserId\":\"\",\"RoomType\":1}]","from":"1"}
2026-05-13T21:48:47.099+08:00 [INFO] 用户 1 发送消息: {"type":"initRoom","data":"[{\"ID\":0,\"Name\":\"1\",\"RoomID\":\"J2SFT4\",\"Type\":0,\"CardNum\":13,\"Point\":902,\"UserId\":\"1\",\"RoomType\":1},{\"ID\":1,\"Name\":\"季尔槐\",\"RoomID\":\"J2SFT4\",\"Type\":1,\"CardNum\":13,\"Point\":0,\"UserId\":\"\",\"RoomType\":1},{\"ID\":2,\"Name\":\"充越彬\",\"RoomID\":\"J2SFT4\",\"Type\":1,\"CardNum\":13,\"Point\":0,\"UserId\":\"\",\"RoomType\":1},{\"ID\":3,\"Name\":\"茹鸿波\",\"RoomID\":\"J2SFT4\",\"Type\":1,\"CardNum\":13,\"Point\":0,\"UserId\":\"\",\"RoomType\":1}]","from":"1"}
2026-05-13T21:48:47.875+08:00 [INFO] 用户 1 接收消息: {"type":"leaveRoom","data":"","name":""}（类型: 1）
2026-05-13T21:48:54.568+08:00 [INFO] heartbeatCheck: 6.6926914s
2026-05-13T21:48:54.575+08:00 [INFO] 用户 1 接收消息: {"type":"getInfo","data":"","name":""}（类型: 1）
2026-05-13T21:48:54.576+08:00 [ERRO] unexpected end of JSON input 
Stack:
1.  game_user/internal/controller/enter.(*Client).handleGetInfo
    D:/gowork/max2/max2/app/game_user/internal/controller/enter/enter_v1_enter.go:717
2.  game_user/internal/controller/enter.(*Client).readLoop
    D:/gowork/max2/max2/app/game_user/internal/controller/enter/enter_v1_enter.go:196

2026-05-13T21:48:54.577+08:00 [ERRO] 用户 1 房间  不存在 
Stack:
1.  game_user/internal/controller/enter.(*Client).handleGetInfo
    D:/gowork/max2/max2/app/game_user/internal/controller/enter/enter_v1_enter.go:729
2.  game_user/internal/controller/enter.(*Client).readLoop
    D:/gowork/max2/max2/app/game_user/internal/controller/enter/enter_v1_enter.go:196

2026-05-13T21:48:57.123+08:00 [INFO] 用户 1 接收消息: {"type":"heartbeat","data":"ping"}（类型: 1）
2026-05-13T21:48:57.127+08:00 [INFO] 用户 1 发送消息: {"type":"heartbeat","data":"pong","from":"1"}
2026-05-13T21:48:58.085+08:00 [INFO] heartbeatCheck: 963.2922ms
2026-05-13T21:49:03.086+08:00 [INFO] heartbeatCheck: 5.9637935s
2026-05-13T21:49:07.147+08:00 [INFO] 用户 1 接收消息: {"type":"heartbeat","data":"ping"}（类型: 1）
2026-05-13T21:49:07.151+08:00 [INFO] 用户 1 发送消息: {"type":"heartbeat","data":"pong","from":"1"}
2026-05-13T21:49:08.104+08:00 [INFO] heartbeatCheck: 957.8765ms
2026-05-13T21:49:13.085+08:00 [INFO] heartbeatCheck: 5.9386549s
2026-05-13T21:49:17.169+08:00 [INFO] 用户 1 接收消息: {"type":"heartbeat","data":"ping"}（类型: 1）
2026-05-13T21:49:17.172+08:00 [INFO] 用户 1 发送消息: {"type":"heartbeat","data":"pong","from":"1"}
2026-05-13T21:49:18.086+08:00 [INFO] heartbeatCheck: 918.1895ms
2026-05-13T21:49:23.086+08:00 [INFO] heartbeatCheck: 5.9181015s
2026-05-13T21:49:28.085+08:00 [INFO] heartbeatCheck: 10.9176116s
2026-05-13T21:49:28.161+08:00 [INFO] 用户 1 接收消息: {"type":"heartbeat","data":"ping"}（类型: 1）
2026-05-13T21:49:28.164+08:00 [INFO] 用户 1 发送消息: {"type":"heartbeat","data":"pong","from":"1"}
2026-05-13T21:49:33.085+08:00 [INFO] heartbeatCheck: 4.9242859s
2026-05-13T21:49:38.086+08:00 [INFO] heartbeatCheck: 9.9247371s
2026-05-13T21:49:39.168+08:00 [INFO] 用户 1 接收消息: {"type":"heartbeat","data":"ping"}（类型: 1）
2026-05-13T21:49:39.170+08:00 [INFO] 用户 1 发送消息: {"type":"heartbeat","data":"pong","from":"1"}
2026-05-13T21:49:43.085+08:00 [INFO] heartbeatCheck: 3.9177767s
2026-05-13T21:49:48.086+08:00 [INFO] heartbeatCheck: 8.9185862s
2026-05-13T21:49:50.169+08:00 [INFO] 用户 1 接收消息: {"type":"heartbeat","data":"ping"}（类型: 1）
2026-05-13T21:49:50.169+08:00 [INFO] 用户 1 发送消息: {"type":"heartbeat","data":"pong","from":"1"}
2026-05-13T21:49:53.086+08:00 [INFO] heartbeatCheck: 2.9167202s
2026-05-13T21:49:58.086+08:00 [INFO] heartbeatCheck: 7.9166584s
2026-05-13T21:50:01.164+08:00 [INFO] 用户 1 接收消息: {"type":"heartbeat","data":"ping"}（类型: 1）
2026-05-13T21:50:01.167+08:00 [INFO] 用户 1 发送消息: {"type":"heartbeat","data":"pong","from":"1"}
2026-05-13T21:50:03.086+08:00 [INFO] heartbeatCheck: 1.9219725s
2026-05-13T21:50:08.085+08:00 [INFO] heartbeatCheck: 6.9214888s
2026-05-13T21:50:12.159+08:00 [INFO] 用户 1 接收消息: {"type":"heartbeat","data":"ping"}（类型: 1）
2026-05-13T21:50:12.163+08:00 [INFO] 用户 1 发送消息: {"type":"heartbeat","data":"pong","from":"1"}
2026-05-13T21:50:13.086+08:00 [INFO] heartbeatCheck: 927.0182ms
2026-05-13T21:50:18.085+08:00 [INFO] heartbeatCheck: 5.9263085s
2026-05-13T21:50:23.086+08:00 [INFO] heartbeatCheck: 10.9267139s
2026-05-13T21:50:23.160+08:00 [INFO] 用户 1 接收消息: {"type":"heartbeat","data":"ping"}（类型: 1）
2026-05-13T21:50:23.169+08:00 [INFO] 用户 1 发送消息: {"type":"heartbeat","data":"pong","from":"1"}
2026-05-13T21:50:28.085+08:00 [INFO] heartbeatCheck: 4.9249304s
2026-05-13T21:50:33.086+08:00 [INFO] heartbeatCheck: 9.9256272s
2026-05-13T21:50:34.165+08:00 [INFO] 用户 1 接收消息: {"type":"heartbeat","data":"ping"}（类型: 1）
2026-05-13T21:50:34.167+08:00 [INFO] 用户 1 发送消息: {"type":"heartbeat","data":"pong","from":"1"}
2026-05-13T21:50:38.086+08:00 [INFO] heartbeatCheck: 3.9207593s
2026-05-13T21:50:43.085+08:00 [INFO] heartbeatCheck: 8.9201462s
2026-05-13T21:50:45.163+08:00 [INFO] 用户 1 接收消息: {"type":"heartbeat","data":"ping"}（类型: 1）
2026-05-13T21:50:45.167+08:00 [INFO] 用户 1 发送消息: {"type":"heartbeat","data":"pong","from":"1"}
2026-05-13T21:50:48.085+08:00 [INFO] heartbeatCheck: 2.9230827s
2026-05-13T21:50:53.086+08:00 [INFO] heartbeatCheck: 7.9239006s
2026-05-13T21:50:56.165+08:00 [INFO] 用户 1 接收消息: {"type":"heartbeat","data":"ping"}（类型: 1）
2026-05-13T21:50:56.167+08:00 [INFO] 用户 1 发送消息: {"type":"heartbeat","data":"pong","from":"1"}
2026-05-13T21:50:58.085+08:00 [INFO] heartbeatCheck: 1.9208223s
2026-05-13T21:51:03.085+08:00 [INFO] heartbeatCheck: 6.9208099s
2026-05-13T21:51:07.160+08:00 [INFO] 用户 1 接收消息: {"type":"heartbeat","data":"ping"}（类型: 1）
2026-05-13T21:51:07.165+08:00 [INFO] 用户 1 发送消息: {"type":"heartbeat","data":"pong","from":"1"}
2026-05-13T21:51:08.086+08:00 [INFO] heartbeatCheck: 925.5157ms
2026-05-13T21:51:13.086+08:00 [INFO] heartbeatCheck: 5.9254573s
2026-05-13T21:51:18.085+08:00 [INFO] heartbeatCheck: 10.9248526s
2026-05-13T21:51:18.158+08:00 [INFO] 用户 1 接收消息: {"type":"heartbeat","data":"ping"}（类型: 1）
2026-05-13T21:51:18.161+08:00 [INFO] 用户 1 发送消息: {"type":"heartbeat","data":"pong","from":"1"}
2026-05-13T21:51:23.086+08:00 [INFO] heartbeatCheck: 4.9281748s
2026-05-13T21:51:28.086+08:00 [INFO] heartbeatCheck: 9.9287174s
2026-05-13T21:51:29.166+08:00 [INFO] 用户 1 接收消息: {"type":"heartbeat","data":"ping"}（类型: 1）
2026-05-13T21:51:29.167+08:00 [INFO] 用户 1 发送消息: {"type":"heartbeat","data":"pong","from":"1"}
2026-05-13T21:51:33.085+08:00 [INFO] heartbeatCheck: 3.9193062s
2026-05-13T21:51:38.086+08:00 [INFO] heartbeatCheck: 8.9198055s
2026-05-13T21:51:40.160+08:00 [INFO] 用户 1 接收消息: {"type":"heartbeat","data":"ping"}（类型: 1）
2026-05-13T21:51:40.162+08:00 [INFO] 用户 1 发送消息: {"type":"heartbeat","data":"pong","from":"1"}
2026-05-13T21:51:43.086+08:00 [INFO] heartbeatCheck: 2.9257366s
2026-05-13T21:51:48.085+08:00 [INFO] heartbeatCheck: 7.9254492s
2026-05-13T21:51:51.173+08:00 [INFO] 用户 1 接收消息: {"type":"heartbeat","data":"ping"}（类型: 1）
2026-05-13T21:51:51.176+08:00 [INFO] 用户 1 发送消息: {"type":"heartbeat","data":"pong","from":"1"}
2026-05-13T21:51:53.086+08:00 [INFO] heartbeatCheck: 1.9132243s
2026-05-13T21:51:58.086+08:00 [INFO] heartbeatCheck: 6.9134792s
2026-05-13T21:52:02.167+08:00 [INFO] 用户 1 接收消息: {"type":"heartbeat","data":"ping"}（类型: 1）
2026-05-13T21:52:02.168+08:00 [INFO] 用户 1 发送消息: {"type":"heartbeat","data":"pong","from":"1"}
2026-05-13T21:52:03.095+08:00 [INFO] heartbeatCheck: 928.4708ms
2026-05-13T21:52:08.086+08:00 [INFO] heartbeatCheck: 5.9189905s
2026-05-13T21:52:13.085+08:00 [INFO] heartbeatCheck: 10.9189284s
2026-05-13T21:52:13.169+08:00 [INFO] 用户 1 接收消息: {"type":"heartbeat","data":"ping"}（类型: 1）
2026-05-13T21:52:13.170+08:00 [INFO] 用户 1 发送消息: {"type":"heartbeat","data":"pong","from":"1"}
2026-05-13T21:52:18.085+08:00 [INFO] heartbeatCheck: 4.9166373s
2026-05-13T21:52:23.086+08:00 [INFO] heartbeatCheck: 9.9175066s
2026-05-13T21:52:24.169+08:00 [INFO] 用户 1 接收消息: {"type":"heartbeat","data":"ping"}（类型: 1）
2026-05-13T21:52:24.170+08:00 [INFO] 用户 1 发送消息: {"type":"heartbeat","data":"pong","from":"1"}
2026-05-13T21:52:28.086+08:00 [INFO] heartbeatCheck: 3.9181587s
2026-05-13T21:52:33.085+08:00 [INFO] heartbeatCheck: 8.9174191s
2026-05-13T21:52:35.163+08:00 [INFO] 用户 1 接收消息: {"type":"heartbeat","data":"ping"}（类型: 1）
2026-05-13T21:52:35.166+08:00 [INFO] 用户 1 发送消息: {"type":"heartbeat","data":"pong","from":"1"}
2026-05-13T21:52:38.086+08:00 [INFO] heartbeatCheck: 2.9228553s
2026-05-13T21:52:43.085+08:00 [INFO] heartbeatCheck: 7.9224677s
2026-05-13T21:52:46.168+08:00 [INFO] 用户 1 接收消息: {"type":"heartbeat","data":"ping"}（类型: 1）
2026-05-13T21:52:46.176+08:00 [INFO] 用户 1 发送消息: {"type":"heartbeat","data":"pong","from":"1"}
2026-05-13T21:52:48.086+08:00 [INFO] heartbeatCheck: 1.9181227s
2026-05-13T21:52:53.085+08:00 [INFO] heartbeatCheck: 6.9176802s
2026-05-13T21:52:57.158+08:00 [INFO] 用户 1 接收消息: {"type":"heartbeat","data":"ping"}（类型: 1）
2026-05-13T21:52:57.164+08:00 [INFO] 用户 1 发送消息: {"type":"heartbeat","data":"pong","from":"1"}
2026-05-13T21:52:58.086+08:00 [INFO] heartbeatCheck: 928.1765ms
2026-05-13T21:53:03.085+08:00 [INFO] heartbeatCheck: 5.9274586s
2026-05-13T21:53:08.085+08:00 [INFO] heartbeatCheck: 10.9273808s
2026-05-13T21:53:08.167+08:00 [INFO] 用户 1 接收消息: {"type":"heartbeat","data":"ping"}（类型: 1）
2026-05-13T21:53:08.170+08:00 [INFO] 用户 1 发送消息: {"type":"heartbeat","data":"pong","from":"1"}
2026-05-13T21:53:13.086+08:00 [INFO] heartbeatCheck: 4.9185978s
2026-05-13T21:53:18.085+08:00 [INFO] heartbeatCheck: 9.9182146s
2026-05-13T21:53:19.167+08:00 [INFO] 用户 1 接收消息: {"type":"heartbeat","data":"ping"}（类型: 1）
2026-05-13T21:53:19.168+08:00 [INFO] 用户 1 发送消息: {"type":"heartbeat","data":"pong","from":"1"}
2026-05-13T21:53:23.086+08:00 [INFO] heartbeatCheck: 3.9200882s
2026-05-13T21:53:28.086+08:00 [INFO] heartbeatCheck: 8.9202712s
2026-05-13T21:53:30.163+08:00 [INFO] 用户 1 接收消息: {"type":"heartbeat","data":"ping"}（类型: 1）
2026-05-13T21:53:30.164+08:00 [INFO] 用户 1 发送消息: {"type":"heartbeat","data":"pong","from":"1"}
2026-05-13T21:53:33.086+08:00 [INFO] heartbeatCheck: 2.9236614s
2026-05-13T21:53:38.086+08:00 [INFO] heartbeatCheck: 7.9230421s
2026-05-13T21:53:41.161+08:00 [INFO] 用户 1 接收消息: {"type":"heartbeat","data":"ping"}（类型: 1）
2026-05-13T21:53:41.162+08:00 [INFO] 用户 1 发送消息: {"type":"heartbeat","data":"pong","from":"1"}
2026-05-13T21:53:43.085+08:00 [INFO] heartbeatCheck: 1.9243562s
2026-05-13T21:53:48.085+08:00 [INFO] heartbeatCheck: 6.9242256s
2026-05-13T21:53:52.167+08:00 [INFO] 用户 1 接收消息: {"type":"heartbeat","data":"ping"}（类型: 1）
2026-05-13T21:53:52.174+08:00 [INFO] 用户 1 发送消息: {"type":"heartbeat","data":"pong","from":"1"}
2026-05-13T21:53:53.086+08:00 [INFO] heartbeatCheck: 918.5358ms
2026-05-13T21:53:58.086+08:00 [INFO] heartbeatCheck: 5.9184404s
2026-05-13T21:54:03.085+08:00 [INFO] heartbeatCheck: 10.9181493s
2026-05-13T21:54:03.168+08:00 [INFO] 用户 1 接收消息: {"type":"heartbeat","data":"ping"}（类型: 1）
2026-05-13T21:54:03.170+08:00 [INFO] 用户 1 发送消息: {"type":"heartbeat","data":"pong","from":"1"}
2026-05-13T21:54:04.920+08:00 [INFO] 用户 1 接收消息: {"type":"initRoom","data":"","name":""}（类型: 1）
2026-05-13T21:54:04.923+08:00 [ERRO] unexpected end of JSON input 
Stack:
1.  game_user/internal/controller/enter.(*Client).clearRoom
    D:/gowork/max2/max2/app/game_user/internal/controller/enter/enter_v1_enter.go:1010
2.  game_user/internal/controller/enter.(*Client).handleInitRoom
    D:/gowork/max2/max2/app/game_user/internal/controller/enter/enter_v1_enter.go:214
3.  game_user/internal/controller/enter.(*Client).readLoop
    D:/gowork/max2/max2/app/game_user/internal/controller/enter/enter_v1_enter.go:184

2026-05-13T21:54:04.988+08:00 [ERRO] 用户 1 房间  不存在 
Stack:
1.  game_user/internal/controller/enter.(*Client).clearRoom
    D:/gowork/max2/max2/app/game_user/internal/controller/enter/enter_v1_enter.go:1015
2.  game_user/internal/controller/enter.(*Client).handleInitRoom
    D:/gowork/max2/max2/app/game_user/internal/controller/enter/enter_v1_enter.go:214
3.  game_user/internal/controller/enter.(*Client).readLoop
    D:/gowork/max2/max2/app/game_user/internal/controller/enter/enter_v1_enter.go:184

2026-05-13T21:54:05.041+08:00 [INFO] 用户 1 发送消息: {"type":"initRoom","data":"[{\"ID\":0,\"Name\":\"1\",\"RoomID\":\"V0XJO3\",\"Type\":0,\"CardNum\":13,\"Point\":902,\"UserId\":\"1\",\"RoomType\":1},{\"ID\":1,\"Name\":\"平星然\",\"RoomID\":\"V0XJO3\",\"Type\":1,\"CardNum\":13,\"Point\":0,\"UserId\":\"\",\"RoomType\":1},{\"ID\":2,\"Name\":\"广以旋\",\"RoomID\":\"V0XJO3\",\"Type\":1,\"CardNum\":13,\"Point\":0,\"UserId\":\"\",\"RoomType\":1},{\"ID\":3,\"Name\":\"苗德曜\",\"RoomID\":\"V0XJO3\",\"Type\":1,\"CardNum\":13,\"Point\":0,\"UserId\":\"\",\"RoomType\":1}]","from":"1"}
2026-05-13T21:54:06.943+08:00 [INFO] 用户 1 接收消息: {"type":"leaveRoom","data":"","name":""}（类型: 1）
2026-05-13T21:54:20.809+08:00 [INFO] heartbeatCheck: 13.8656311s
2026-05-13T21:54:20.814+08:00 [WARN] keepalive exit, lease id: 7587894790532690399, retry register
2026-05-13T21:54:20.809+08:00 [WARN] keepalive exit, lease id: 7587894790532690401, retry register
2026-05-13T21:54:20.829+08:00 [INFO] 用户 1 接收消息: {"type":"getInfo","data":"","name":""}（类型: 1）
2026-05-13T21:54:20.830+08:00 [ERRO] unexpected end of JSON input 
Stack:
1.  game_user/internal/controller/enter.(*Client).handleGetInfo
    D:/gowork/max2/max2/app/game_user/internal/controller/enter/enter_v1_enter.go:717
2.  game_user/internal/controller/enter.(*Client).readLoop
    D:/gowork/max2/max2/app/game_user/internal/controller/enter/enter_v1_enter.go:196

2026-05-13T21:54:20.832+08:00 [ERRO] 用户 1 房间  不存在 
Stack:
1.  game_user/internal/controller/enter.(*Client).handleGetInfo
    D:/gowork/max2/max2/app/game_user/internal/controller/enter/enter_v1_enter.go:729
2.  game_user/internal/controller/enter.(*Client).readLoop
    D:/gowork/max2/max2/app/game_user/internal/controller/enter/enter_v1_enter.go:196

2026-05-13T21:54:20.833+08:00 [INFO] 用户 1 接收消息: {"type":"heartbeat","data":"ping"}（类型: 1）
2026-05-13T21:54:20.835+08:00 [DEBU] etcd put success with key "/service/default/default/game_user/latest/172.20.10.3:9010", value "{"protocol":"grpc"}", lease "7587894790532690409"
2026-05-13T21:54:20.836+08:00 [DEBU] etcd put success with key "/service/default/default/game_user.svc/latest/172.20.10.3:8010", value "{"insecure":true,"protocol":"http"}", lease "7587894790532690407"
2026-05-13T21:54:20.838+08:00 [INFO] 用户 1 发送消息: {"type":"heartbeat","data":"pong","from":"1"}
2026-05-13T21:54:23.086+08:00 [INFO] heartbeatCheck: 2.252126s
2026-05-13T21:54:28.085+08:00 [INFO] heartbeatCheck: 7.2519229s
2026-05-13T21:54:30.850+08:00 [INFO] 用户 1 接收消息: {"type":"heartbeat","data":"ping"}（类型: 1）
2026-05-13T21:54:30.853+08:00 [INFO] 用户 1 发送消息: {"type":"heartbeat","data":"pong","from":"1"}
2026-05-13T21:54:33.085+08:00 [INFO] heartbeatCheck: 2.2358457s
2026-05-13T21:54:38.085+08:00 [INFO] heartbeatCheck: 7.2357066s
2026-05-13T21:54:41.160+08:00 [INFO] 用户 1 接收消息: {"type":"heartbeat","data":"ping"}（类型: 1）
2026-05-13T21:54:41.162+08:00 [INFO] 用户 1 发送消息: {"type":"heartbeat","data":"pong","from":"1"}
2026-05-13T21:54:43.090+08:00 [INFO] heartbeatCheck: 1.9293923s
2026-05-13T21:54:48.085+08:00 [INFO] heartbeatCheck: 6.9250262s
2026-05-13T21:54:52.166+08:00 [INFO] 用户 1 接收消息: {"type":"heartbeat","data":"ping"}（类型: 1）
2026-05-13T21:54:52.168+08:00 [INFO] 用户 1 发送消息: {"type":"heartbeat","data":"pong","from":"1"}
2026-05-13T21:54:53.085+08:00 [INFO] heartbeatCheck: 919.5935ms
2026-05-13T21:54:58.085+08:00 [INFO] heartbeatCheck: 5.9194429s
2026-05-13T21:55:03.086+08:00 [INFO] heartbeatCheck: 10.9198911s
2026-05-13T21:55:03.165+08:00 [INFO] 用户 1 接收消息: {"type":"heartbeat","data":"ping"}（类型: 1）
2026-05-13T21:55:03.173+08:00 [INFO] 用户 1 发送消息: {"type":"heartbeat","data":"pong","from":"1"}
2026-05-13T21:55:08.086+08:00 [INFO] heartbeatCheck: 4.9205816s
2026-05-13T21:55:13.085+08:00 [INFO] heartbeatCheck: 9.9202933s
2026-05-13T21:55:14.160+08:00 [INFO] 用户 1 接收消息: {"type":"heartbeat","data":"ping"}（类型: 1）
2026-05-13T21:55:14.163+08:00 [INFO] 用户 1 发送消息: {"type":"heartbeat","data":"pong","from":"1"}
2026-05-13T21:55:18.086+08:00 [INFO] heartbeatCheck: 3.9264982s
2026-05-13T21:55:23.086+08:00 [INFO] heartbeatCheck: 8.9259873s
2026-05-13T21:55:25.171+08:00 [INFO] 用户 1 接收消息: {"type":"heartbeat","data":"ping"}（类型: 1）
2026-05-13T21:55:25.175+08:00 [INFO] 用户 1 发送消息: {"type":"heartbeat","data":"pong","from":"1"}
2026-05-13T21:55:28.085+08:00 [INFO] heartbeatCheck: 2.9137018s
2026-05-13T21:55:33.085+08:00 [INFO] heartbeatCheck: 7.9139892s
2026-05-13T21:55:36.159+08:00 [INFO] 用户 1 接收消息: {"type":"heartbeat","data":"ping"}（类型: 1）
2026-05-13T21:55:36.160+08:00 [INFO] 用户 1 发送消息: {"type":"heartbeat","data":"pong","from":"1"}
2026-05-13T21:55:38.085+08:00 [INFO] heartbeatCheck: 1.9268882s
2026-05-13T21:55:43.086+08:00 [INFO] heartbeatCheck: 6.9270397s
2026-05-13T21:55:47.171+08:00 [INFO] 用户 1 接收消息: {"type":"heartbeat","data":"ping"}（类型: 1）
2026-05-13T21:55:47.172+08:00 [INFO] 用户 1 发送消息: {"type":"heartbeat","data":"pong","from":"1"}
2026-05-13T21:55:48.085+08:00 [INFO] heartbeatCheck: 914.4049ms
2026-05-13T21:55:53.085+08:00 [INFO] heartbeatCheck: 5.914393s
2026-05-13T21:55:58.085+08:00 [INFO] heartbeatCheck: 10.9145234s
2026-05-13T21:55:58.166+08:00 [INFO] 用户 1 接收消息: {"type":"heartbeat","data":"ping"}（类型: 1）
2026-05-13T21:55:58.173+08:00 [INFO] 用户 1 发送消息: {"type":"heartbeat","data":"pong","from":"1"}
2026-05-13T21:56:03.086+08:00 [INFO] heartbeatCheck: 4.9205424s
2026-05-13T21:56:08.085+08:00 [INFO] heartbeatCheck: 9.9195315s
2026-05-13T21:56:09.161+08:00 [INFO] 用户 1 接收消息: {"type":"heartbeat","data":"ping"}（类型: 1）
2026-05-13T21:56:09.164+08:00 [INFO] 用户 1 发送消息: {"type":"heartbeat","data":"pong","from":"1"}
2026-05-13T21:56:13.086+08:00 [INFO] heartbeatCheck: 3.9249264s
2026-05-13T21:56:18.085+08:00 [INFO] heartbeatCheck: 8.924635s
2026-05-13T21:56:20.162+08:00 [INFO] 用户 1 接收消息: {"type":"heartbeat","data":"ping"}（类型: 1）
2026-05-13T21:56:20.164+08:00 [INFO] 用户 1 发送消息: {"type":"heartbeat","data":"pong","from":"1"}
2026-05-13T21:56:23.085+08:00 [INFO] heartbeatCheck: 2.923383s
2026-05-13T21:56:28.085+08:00 [INFO] heartbeatCheck: 7.9234435s
2026-05-13T21:56:31.160+08:00 [INFO] 用户 1 接收消息: {"type":"heartbeat","data":"ping"}（类型: 1）
2026-05-13T21:56:31.161+08:00 [INFO] 用户 1 发送消息: {"type":"heartbeat","data":"pong","from":"1"}
2026-05-13T21:56:33.086+08:00 [INFO] heartbeatCheck: 1.9261911s
2026-05-13T21:56:38.085+08:00 [INFO] heartbeatCheck: 6.9253722s
2026-05-13T21:56:42.167+08:00 [INFO] 用户 1 接收消息: {"type":"heartbeat","data":"ping"}（类型: 1）
2026-05-13T21:56:42.168+08:00 [INFO] 用户 1 发送消息: {"type":"heartbeat","data":"pong","from":"1"}
2026-05-13T21:56:43.085+08:00 [INFO] heartbeatCheck: 918.3124ms
2026-05-13T21:56:48.086+08:00 [INFO] heartbeatCheck: 5.9187733s
2026-05-13T21:56:53.085+08:00 [INFO] heartbeatCheck: 10.9186924s
2026-05-13T21:56:53.157+08:00 [INFO] 用户 1 接收消息: {"type":"heartbeat","data":"ping"}（类型: 1）
2026-05-13T21:56:53.160+08:00 [INFO] 用户 1 发送消息: {"type":"heartbeat","data":"pong","from":"1"}
2026-05-13T21:56:58.086+08:00 [INFO] heartbeatCheck: 4.9292408s
2026-05-13T21:57:03.085+08:00 [INFO] heartbeatCheck: 9.928358s
2026-05-13T21:57:04.171+08:00 [INFO] 用户 1 接收消息: {"type":"heartbeat","data":"ping"}（类型: 1）
2026-05-13T21:57:04.173+08:00 [INFO] 用户 1 发送消息: {"type":"heartbeat","data":"pong","from":"1"}
2026-05-13T21:57:08.085+08:00 [INFO] heartbeatCheck: 3.9140225s
2026-05-13T21:57:13.085+08:00 [INFO] heartbeatCheck: 8.9138387s
2026-05-13T21:57:15.155+08:00 [INFO] 用户 1 接收消息: {"type":"heartbeat","data":"ping"}（类型: 1）
2026-05-13T21:57:15.157+08:00 [INFO] 用户 1 发送消息: {"type":"heartbeat","data":"pong","from":"1"}
2026-05-13T21:57:18.086+08:00 [INFO] heartbeatCheck: 2.9306901s
2026-05-13T21:57:23.086+08:00 [INFO] heartbeatCheck: 7.9302267s
2026-05-13T21:57:26.161+08:00 [INFO] 用户 1 接收消息: {"type":"heartbeat","data":"ping"}（类型: 1）
2026-05-13T21:57:26.164+08:00 [INFO] 用户 1 发送消息: {"type":"heartbeat","data":"pong","from":"1"}
2026-05-13T21:57:28.085+08:00 [INFO] heartbeatCheck: 1.9246473s
2026-05-13T21:57:33.085+08:00 [INFO] heartbeatCheck: 6.9248277s
2026-05-13T21:57:37.164+08:00 [INFO] 用户 1 接收消息: {"type":"heartbeat","data":"ping"}（类型: 1）
2026-05-13T21:57:37.172+08:00 [INFO] 用户 1 发送消息: {"type":"heartbeat","data":"pong","from":"1"}
2026-05-13T21:57:38.085+08:00 [INFO] heartbeatCheck: 921.4024ms
2026-05-13T21:57:43.085+08:00 [INFO] heartbeatCheck: 5.9214276s
2026-05-13T21:57:48.085+08:00 [INFO] heartbeatCheck: 10.9212882s
2026-05-13T21:57:48.172+08:00 [INFO] 用户 1 接收消息: {"type":"heartbeat","data":"ping"}（类型: 1）
2026-05-13T21:57:48.174+08:00 [INFO] 用户 1 发送消息: {"type":"heartbeat","data":"pong","from":"1"}
2026-05-13T21:57:53.085+08:00 [INFO] heartbeatCheck: 4.913826s
2026-05-13T21:57:58.086+08:00 [INFO] heartbeatCheck: 9.9139504s
2026-05-13T21:57:59.166+08:00 [INFO] 用户 1 接收消息: {"type":"heartbeat","data":"ping"}（类型: 1）
2026-05-13T21:57:59.170+08:00 [INFO] 用户 1 发送消息: {"type":"heartbeat","data":"pong","from":"1"}
2026-05-13T21:58:03.085+08:00 [INFO] heartbeatCheck: 3.9188339s
2026-05-13T21:58:08.086+08:00 [INFO] heartbeatCheck: 8.9199426s
2026-05-13T21:58:10.162+08:00 [INFO] 用户 1 接收消息: {"type":"heartbeat","data":"ping"}（类型: 1）
2026-05-13T21:58:10.165+08:00 [INFO] 用户 1 发送消息: {"type":"heartbeat","data":"pong","from":"1"}
2026-05-13T21:58:13.086+08:00 [INFO] heartbeatCheck: 2.9234592s
2026-05-13T21:58:18.086+08:00 [INFO] heartbeatCheck: 7.9236308s
2026-05-13T21:58:21.166+08:00 [INFO] 用户 1 接收消息: {"type":"heartbeat","data":"ping"}（类型: 1）
2026-05-13T21:58:21.168+08:00 [INFO] 用户 1 发送消息: {"type":"heartbeat","data":"pong","from":"1"}
2026-05-13T21:58:23.085+08:00 [INFO] heartbeatCheck: 1.9199614s
2026-05-13T21:58:28.085+08:00 [INFO] heartbeatCheck: 6.9201889s
2026-05-13T21:58:32.166+08:00 [INFO] 用户 1 接收消息: {"type":"heartbeat","data":"ping"}（类型: 1）
2026-05-13T21:58:32.169+08:00 [INFO] 用户 1 发送消息: {"type":"heartbeat","data":"pong","from":"1"}
2026-05-13T21:58:33.086+08:00 [INFO] heartbeatCheck: 919.5649ms
2026-05-13T21:58:38.086+08:00 [INFO] heartbeatCheck: 5.9198769s
2026-05-13T21:58:43.085+08:00 [INFO] heartbeatCheck: 10.9193044s
2026-05-13T21:58:43.165+08:00 [INFO] 用户 1 接收消息: {"type":"heartbeat","data":"ping"}（类型: 1）
2026-05-13T21:58:43.168+08:00 [INFO] 用户 1 发送消息: {"type":"heartbeat","data":"pong","from":"1"}
2026-05-13T21:58:48.085+08:00 [INFO] heartbeatCheck: 4.920606s
2026-05-13T21:58:53.085+08:00 [INFO] heartbeatCheck: 9.9205625s
2026-05-13T21:58:54.156+08:00 [INFO] 用户 1 接收消息: {"type":"heartbeat","data":"ping"}（类型: 1）
2026-05-13T21:58:54.158+08:00 [INFO] 用户 1 发送消息: {"type":"heartbeat","data":"pong","from":"1"}
2026-05-13T21:58:58.085+08:00 [INFO] heartbeatCheck: 3.9291992s
2026-05-13T21:59:03.086+08:00 [INFO] heartbeatCheck: 8.9296077s
2026-05-13T21:59:05.178+08:00 [INFO] 用户 1 接收消息: {"type":"heartbeat","data":"ping"}（类型: 1）
2026-05-13T21:59:05.179+08:00 [INFO] 用户 1 发送消息: {"type":"heartbeat","data":"pong","from":"1"}
2026-05-13T21:59:08.086+08:00 [INFO] heartbeatCheck: 2.9077456s
2026-05-13T21:59:13.085+08:00 [INFO] heartbeatCheck: 7.907303s
2026-05-13T21:59:16.166+08:00 [INFO] 用户 1 接收消息: {"type":"heartbeat","data":"ping"}（类型: 1）
2026-05-13T21:59:16.174+08:00 [INFO] 用户 1 发送消息: {"type":"heartbeat","data":"pong","from":"1"}
2026-05-13T21:59:18.085+08:00 [INFO] heartbeatCheck: 1.9195954s
2026-05-13T21:59:23.085+08:00 [INFO] heartbeatCheck: 6.9194907s
2026-05-13T21:59:27.165+08:00 [INFO] 用户 1 接收消息: {"type":"heartbeat","data":"ping"}（类型: 1）
2026-05-13T21:59:27.167+08:00 [INFO] 用户 1 发送消息: {"type":"heartbeat","data":"pong","from":"1"}
2026-05-13T21:59:28.086+08:00 [INFO] heartbeatCheck: 922.1032ms
2026-05-13T21:59:33.086+08:00 [INFO] heartbeatCheck: 5.9214835s
2026-05-13T21:59:38.086+08:00 [INFO] heartbeatCheck: 10.9219419s
2026-05-13T21:59:38.163+08:00 [INFO] 用户 1 接收消息: {"type":"heartbeat","data":"ping"}（类型: 1）
2026-05-13T21:59:38.166+08:00 [INFO] 用户 1 发送消息: {"type":"heartbeat","data":"pong","from":"1"}
2026-05-13T21:59:43.086+08:00 [INFO] heartbeatCheck: 4.9227707s
2026-05-13T21:59:48.086+08:00 [INFO] heartbeatCheck: 9.9233416s
2026-05-13T21:59:49.168+08:00 [INFO] 用户 1 接收消息: {"type":"heartbeat","data":"ping"}（类型: 1）
2026-05-13T21:59:49.171+08:00 [INFO] 用户 1 发送消息: {"type":"heartbeat","data":"pong","from":"1"}
2026-05-13T21:59:53.085+08:00 [INFO] heartbeatCheck: 3.9168829s
2026-05-13T21:59:58.086+08:00 [INFO] heartbeatCheck: 8.9172924s
2026-05-13T22:00:00.163+08:00 [INFO] 用户 1 接收消息: {"type":"heartbeat","data":"ping"}（类型: 1）
2026-05-13T22:00:00.166+08:00 [INFO] 用户 1 发送消息: {"type":"heartbeat","data":"pong","from":"1"}
2026-05-13T22:00:03.085+08:00 [INFO] heartbeatCheck: 2.9226663s
2026-05-13T22:00:08.086+08:00 [INFO] heartbeatCheck: 7.9235885s
2026-05-13T22:00:11.171+08:00 [INFO] 用户 1 接收消息: {"type":"heartbeat","data":"ping"}（类型: 1）
2026-05-13T22:00:11.175+08:00 [INFO] 用户 1 发送消息: {"type":"heartbeat","data":"pong","from":"1"}
2026-05-13T22:00:13.085+08:00 [INFO] heartbeatCheck: 1.9144087s
2026-05-13T22:00:18.085+08:00 [INFO] heartbeatCheck: 6.9144523s
2026-05-13T22:00:22.173+08:00 [INFO] 用户 1 接收消息: {"type":"heartbeat","data":"ping"}（类型: 1）
2026-05-13T22:00:22.176+08:00 [INFO] 用户 1 发送消息: {"type":"heartbeat","data":"pong","from":"1"}
2026-05-13T22:00:23.085+08:00 [INFO] heartbeatCheck: 913.1864ms
2026-05-13T22:00:28.085+08:00 [INFO] heartbeatCheck: 5.9131188s
2026-05-13T22:00:33.104+08:00 [INFO] heartbeatCheck: 10.9320939s
2026-05-13T22:00:33.189+08:00 [INFO] 用户 1 接收消息: {"type":"heartbeat","data":"ping"}（类型: 1）
2026-05-13T22:00:33.194+08:00 [INFO] 用户 1 发送消息: {"type":"heartbeat","data":"pong","from":"1"}
2026-05-13T22:00:34.484+08:00 [INFO] 用户 1 接收消息: {"type":"initRoom","data":"","name":""}（类型: 1）
2026-05-13T22:00:34.486+08:00 [ERRO] unexpected end of JSON input 
Stack:
1.  game_user/internal/controller/enter.(*Client).clearRoom
    D:/gowork/max2/max2/app/game_user/internal/controller/enter/enter_v1_enter.go:1010
2.  game_user/internal/controller/enter.(*Client).handleInitRoom
    D:/gowork/max2/max2/app/game_user/internal/controller/enter/enter_v1_enter.go:214
3.  game_user/internal/controller/enter.(*Client).readLoop
    D:/gowork/max2/max2/app/game_user/internal/controller/enter/enter_v1_enter.go:184

2026-05-13T22:00:34.488+08:00 [ERRO] 用户 1 房间  不存在 
Stack:
1.  game_user/internal/controller/enter.(*Client).clearRoom
    D:/gowork/max2/max2/app/game_user/internal/controller/enter/enter_v1_enter.go:1015
2.  game_user/internal/controller/enter.(*Client).handleInitRoom
    D:/gowork/max2/max2/app/game_user/internal/controller/enter/enter_v1_enter.go:214
3.  game_user/internal/controller/enter.(*Client).readLoop
    D:/gowork/max2/max2/app/game_user/internal/controller/enter/enter_v1_enter.go:184

2026-05-13T22:00:48.660+08:00 [INFO] heartbeatCheck: 14.1756594s
2026-05-13T22:00:48.662+08:00 [WARN] keepalive exit, lease id: 7587894790532690407, retry register
2026-05-13T22:00:48.662+08:00 [WARN] keepalive exit, lease id: 7587894790532690409, retry register
2026-05-13T22:00:48.674+08:00 [INFO] 用户 1 发送消息: {"type":"initRoom","data":"[{\"ID\":0,\"Name\":\"1\",\"RoomID\":\"G2NZ2V\",\"Type\":0,\"CardNum\":13,\"Point\":902,\"UserId\":\"1\",\"RoomType\":1},{\"ID\":1,\"Name\":\"蓟鹏涛\",\"RoomID\":\"G2NZ2V\",\"Type\":1,\"CardNum\":13,\"Point\":0,\"UserId\":\"\",\"RoomType\":1}]","from":"1"}
2026-05-13T22:00:48.674+08:00 [INFO] 用户 1 开始延迟添加AI到房间 G2NZ2V
2026-05-13T22:00:48.674+08:00 [INFO] 用户 1 接收消息: {"type":"heartbeat","data":"ping"}（类型: 1）
2026-05-13T22:00:48.685+08:00 [INFO] 用户 1 发送消息: {"type":"heartbeat","data":"pong","from":"1"}
2026-05-13T22:00:48.688+08:00 [DEBU] etcd put success with key "/service/default/default/game_user/latest/172.20.10.3:9010", value "{"protocol":"grpc"}", lease "7587894790532690415"
2026-05-13T22:00:48.691+08:00 [DEBU] etcd put success with key "/service/default/default/game_user.svc/latest/172.20.10.3:8010", value "{"insecure":true,"protocol":"http"}", lease "7587894790532690417"
2026-05-13T22:00:50.681+08:00 [INFO] 用户 1 发送消息: {"type":"initRoom","data":"[{\"ID\":0,\"Name\":\"1\",\"RoomID\":\"G2NZ2V\",\"Type\":0,\"CardNum\":13,\"Point\":902,\"UserId\":\"1\",\"RoomType\":1},{\"ID\":1,\"Name\":\"蓟鹏涛\",\"RoomID\":\"G2NZ2V\",\"Type\":1,\"CardNum\":13,\"Point\":0,\"UserId\":\"\",\"RoomType\":1},{\"ID\":2,\"Name\":\"游亦巧\",\"RoomID\":\"G2NZ2V\",\"Type\":1,\"CardNum\":13,\"Point\":0,\"UserId\":\"\",\"RoomType\":1},{\"ID\":3,\"Name\":\"喻越泽\",\"RoomID\":\"G2NZ2V\",\"Type\":1,\"CardNum\":13,\"Point\":0,\"UserId\":\"\",\"RoomType\":1}]","from":"1"}
2026-05-13T22:00:53.085+08:00 [INFO] heartbeatCheck: 4.4115504s
2026-05-13T22:00:58.085+08:00 [INFO] heartbeatCheck: 9.4112296s
2026-05-13T22:01:00.693+08:00 [INFO] 用户 1 接收消息: {"type":"heartbeat","data":"ping"}（类型: 1）
2026-05-13T22:01:00.695+08:00 [INFO] 用户 1 发送消息: {"type":"heartbeat","data":"pong","from":"1"}
2026-05-13T22:01:03.086+08:00 [INFO] heartbeatCheck: 2.3933697s
2026-05-13T22:01:08.086+08:00 [INFO] heartbeatCheck: 7.3929971s
2026-05-13T22:01:10.024+08:00 [INFO] 用户 1 接收消息: {"type":"leaveRoom","data":"","name":""}（类型: 1）
2026-05-13T22:01:21.272+08:00 [INFO] heartbeatCheck: 11.2481473s
2026-05-13T22:01:21.273+08:00 [WARN] keepalive exit, lease id: 7587894790532690417, retry register
2026-05-13T22:01:21.274+08:00 [WARN] keepalive exit, lease id: 7587894790532690415, retry register
2026-05-13T22:01:21.280+08:00 [INFO] 用户 1 接收消息: {"type":"getInfo","data":"","name":""}（类型: 1）
2026-05-13T22:01:21.281+08:00 [ERRO] unexpected end of JSON input 
Stack:
1.  game_user/internal/controller/enter.(*Client).handleGetInfo
    D:/gowork/max2/max2/app/game_user/internal/controller/enter/enter_v1_enter.go:717
2.  game_user/internal/controller/enter.(*Client).readLoop
    D:/gowork/max2/max2/app/game_user/internal/controller/enter/enter_v1_enter.go:196

2026-05-13T22:01:21.284+08:00 [ERRO] 用户 1 房间  不存在 
Stack:
1.  game_user/internal/controller/enter.(*Client).handleGetInfo
    D:/gowork/max2/max2/app/game_user/internal/controller/enter/enter_v1_enter.go:729
2.  game_user/internal/controller/enter.(*Client).readLoop
    D:/gowork/max2/max2/app/game_user/internal/controller/enter/enter_v1_enter.go:196

2026-05-13T22:01:21.285+08:00 [INFO] 用户 1 接收消息: {"type":"heartbeat","data":"ping"}（类型: 1）
2026-05-13T22:01:21.288+08:00 [INFO] 用户 1 接收消息: {"type":"heartbeat","data":"ping"}（类型: 1）
2026-05-13T22:01:21.313+08:00 [INFO] 用户 1 发送消息: {"type":"heartbeat","data":"pong","from":"1"}
2026-05-13T22:01:21.315+08:00 [INFO] 用户 1 发送消息: {"type":"heartbeat","data":"pong","from":"1"}
2026-05-13T22:01:21.334+08:00 [DEBU] etcd put success with key "/service/default/default/game_user.svc/latest/172.20.10.3:8010", value "{"insecure":true,"protocol":"http"}", lease "7587894790532690423"
2026-05-13T22:01:21.335+08:00 [DEBU] etcd put success with key "/service/default/default/game_user/latest/172.20.10.3:9010", value "{"protocol":"grpc"}", lease "7587894790532690425"
2026-05-13T22:01:23.085+08:00 [INFO] heartbeatCheck: 1.7974423s
2026-05-13T22:01:28.085+08:00 [INFO] heartbeatCheck: 6.7972574s
2026-05-13T22:01:31.451+08:00 [INFO] 用户 1 接收消息: {"type":"heartbeat","data":"ping"}（类型: 1）
2026-05-13T22:01:31.453+08:00 [INFO] 用户 1 发送消息: {"type":"heartbeat","data":"pong","from":"1"}
2026-05-13T22:01:33.086+08:00 [INFO] heartbeatCheck: 1.6345575s
2026-05-13T22:01:38.085+08:00 [INFO] heartbeatCheck: 6.6337969s
2026-05-13T22:01:42.172+08:00 [INFO] 用户 1 接收消息: {"type":"heartbeat","data":"ping"}（类型: 1）
2026-05-13T22:01:42.175+08:00 [INFO] 用户 1 发送消息: {"type":"heartbeat","data":"pong","from":"1"}
2026-05-13T22:01:43.086+08:00 [INFO] heartbeatCheck: 914.74ms
2026-05-13T22:01:48.085+08:00 [INFO] heartbeatCheck: 5.9141938s
2026-05-13T22:01:53.085+08:00 [INFO] heartbeatCheck: 10.9142097s
2026-05-13T22:01:53.167+08:00 [INFO] 用户 1 接收消息: {"type":"heartbeat","data":"ping"}（类型: 1）
2026-05-13T22:01:53.170+08:00 [INFO] 用户 1 发送消息: {"type":"heartbeat","data":"pong","from":"1"}
2026-05-13T22:01:58.085+08:00 [INFO] heartbeatCheck: 4.9184928s
2026-05-13T22:02:03.085+08:00 [INFO] heartbeatCheck: 9.9184162s
2026-05-13T22:02:04.169+08:00 [INFO] 用户 1 接收消息: {"type":"heartbeat","data":"ping"}（类型: 1）
2026-05-13T22:02:04.172+08:00 [INFO] 用户 1 发送消息: {"type":"heartbeat","data":"pong","from":"1"}
2026-05-13T22:02:08.085+08:00 [INFO] heartbeatCheck: 3.9169701s
2026-05-13T22:02:13.085+08:00 [INFO] heartbeatCheck: 8.9166683s
2026-05-13T22:02:15.165+08:00 [INFO] 用户 1 接收消息: {"type":"heartbeat","data":"ping"}（类型: 1）
2026-05-13T22:02:15.167+08:00 [INFO] 用户 1 发送消息: {"type":"heartbeat","data":"pong","from":"1"}
2026-05-13T22:02:18.085+08:00 [INFO] heartbeatCheck: 2.9206367s
2026-05-13T22:02:23.085+08:00 [INFO] heartbeatCheck: 7.9207736s
2026-05-13T22:02:26.161+08:00 [INFO] 用户 1 接收消息: {"type":"heartbeat","data":"ping"}（类型: 1）
2026-05-13T22:02:26.169+08:00 [INFO] 用户 1 发送消息: {"type":"heartbeat","data":"pong","from":"1"}
2026-05-13T22:02:28.085+08:00 [INFO] heartbeatCheck: 1.9244547s
2026-05-13T22:02:33.086+08:00 [INFO] heartbeatCheck: 6.9245609s
2026-05-13T22:02:37.167+08:00 [INFO] 用户 1 接收消息: {"type":"heartbeat","data":"ping"}（类型: 1）
2026-05-13T22:02:37.170+08:00 [INFO] 用户 1 发送消息: {"type":"heartbeat","data":"pong","from":"1"}
2026-05-13T22:02:38.086+08:00 [INFO] heartbeatCheck: 918.518ms
2026-05-13T22:02:43.086+08:00 [INFO] heartbeatCheck: 5.9185387s
2026-05-13T22:02:48.086+08:00 [INFO] heartbeatCheck: 10.9188782s
2026-05-13T22:02:48.169+08:00 [INFO] 用户 1 接收消息: {"type":"heartbeat","data":"ping"}（类型: 1）
2026-05-13T22:02:48.173+08:00 [INFO] 用户 1 发送消息: {"type":"heartbeat","data":"pong","from":"1"}
2026-05-13T22:02:53.085+08:00 [INFO] heartbeatCheck: 4.916033s
2026-05-13T22:02:58.085+08:00 [INFO] heartbeatCheck: 9.9160896s
2026-05-13T22:02:59.172+08:00 [INFO] 用户 1 接收消息: {"type":"heartbeat","data":"ping"}（类型: 1）
2026-05-13T22:02:59.174+08:00 [INFO] 用户 1 发送消息: {"type":"heartbeat","data":"pong","from":"1"}
2026-05-13T22:03:03.086+08:00 [INFO] heartbeatCheck: 3.9139556s
2026-05-13T22:03:08.085+08:00 [INFO] heartbeatCheck: 8.913473s
2026-05-13T22:03:10.170+08:00 [INFO] 用户 1 接收消息: {"type":"heartbeat","data":"ping"}（类型: 1）
2026-05-13T22:03:10.173+08:00 [INFO] 用户 1 发送消息: {"type":"heartbeat","data":"pong","from":"1"}
2026-05-13T22:03:13.085+08:00 [INFO] heartbeatCheck: 2.9150154s
2026-05-13T22:03:18.086+08:00 [INFO] heartbeatCheck: 7.9156296s
2026-05-13T22:03:21.171+08:00 [INFO] 用户 1 接收消息: {"type":"heartbeat","data":"ping"}（类型: 1）
2026-05-13T22:03:21.173+08:00 [INFO] 用户 1 发送消息: {"type":"heartbeat","data":"pong","from":"1"}
2026-05-13T22:03:23.085+08:00 [INFO] heartbeatCheck: 1.9145272s
2026-05-13T22:03:28.085+08:00 [INFO] heartbeatCheck: 6.9145327s
2026-05-13T22:03:32.160+08:00 [INFO] 用户 1 接收消息: {"type":"heartbeat","data":"ping"}（类型: 1）
2026-05-13T22:03:32.162+08:00 [INFO] 用户 1 发送消息: {"type":"heartbeat","data":"pong","from":"1"}
2026-05-13T22:03:33.085+08:00 [INFO] heartbeatCheck: 924.9094ms
2026-05-13T22:03:38.085+08:00 [INFO] heartbeatCheck: 5.9247761s
2026-05-13T22:03:43.086+08:00 [INFO] heartbeatCheck: 10.9260696s
2026-05-13T22:03:43.158+08:00 [INFO] 用户 1 接收消息: {"type":"heartbeat","data":"ping"}（类型: 1）
2026-05-13T22:03:43.161+08:00 [INFO] 用户 1 发送消息: {"type":"heartbeat","data":"pong","from":"1"}
2026-05-13T22:03:48.085+08:00 [INFO] heartbeatCheck: 4.9270509s
2026-05-13T22:03:53.085+08:00 [INFO] heartbeatCheck: 9.9273185s
2026-05-13T22:03:54.159+08:00 [INFO] 用户 1 接收消息: {"type":"heartbeat","data":"ping"}（类型: 1）
2026-05-13T22:03:54.161+08:00 [INFO] 用户 1 发送消息: {"type":"heartbeat","data":"pong","from":"1"}
2026-05-13T22:03:58.085+08:00 [INFO] heartbeatCheck: 3.9265967s
2026-05-13T22:04:03.085+08:00 [INFO] heartbeatCheck: 8.9265563s
2026-05-13T22:04:05.167+08:00 [INFO] 用户 1 接收消息: {"type":"heartbeat","data":"ping"}（类型: 1）
2026-05-13T22:04:05.176+08:00 [INFO] 用户 1 发送消息: {"type":"heartbeat","data":"pong","from":"1"}
2026-05-13T22:04:08.085+08:00 [INFO] heartbeatCheck: 2.9188165s
2026-05-13T22:04:13.092+08:00 [INFO] heartbeatCheck: 7.9254019s
2026-05-13T22:04:16.158+08:00 [INFO] 用户 1 接收消息: {"type":"heartbeat","data":"ping"}（类型: 1）
2026-05-13T22:04:16.161+08:00 [INFO] 用户 1 发送消息: {"type":"heartbeat","data":"pong","from":"1"}
2026-05-13T22:04:18.085+08:00 [INFO] heartbeatCheck: 1.9270688s
2026-05-13T22:04:23.086+08:00 [INFO] heartbeatCheck: 6.9278126s
2026-05-13T22:04:27.158+08:00 [INFO] 用户 1 接收消息: {"type":"heartbeat","data":"ping"}（类型: 1）
2026-05-13T22:04:27.161+08:00 [INFO] 用户 1 发送消息: {"type":"heartbeat","data":"pong","from":"1"}
2026-05-13T22:04:28.085+08:00 [INFO] heartbeatCheck: 928.0643ms
2026-05-13T22:04:33.086+08:00 [INFO] heartbeatCheck: 5.9289361s
2026-05-13T22:04:38.086+08:00 [INFO] heartbeatCheck: 10.9289775s
2026-05-13T22:04:38.164+08:00 [INFO] 用户 1 接收消息: {"type":"heartbeat","data":"ping"}（类型: 1）
2026-05-13T22:04:38.169+08:00 [INFO] 用户 1 发送消息: {"type":"heartbeat","data":"pong","from":"1"}
2026-05-13T22:04:43.086+08:00 [INFO] heartbeatCheck: 4.9214825s
2026-05-13T22:04:48.086+08:00 [INFO] heartbeatCheck: 9.9218864s
2026-05-13T22:04:49.169+08:00 [INFO] 用户 1 接收消息: {"type":"heartbeat","data":"ping"}（类型: 1）
2026-05-13T22:04:49.172+08:00 [INFO] 用户 1 发送消息: {"type":"heartbeat","data":"pong","from":"1"}
2026-05-13T22:04:53.086+08:00 [INFO] heartbeatCheck: 3.917153s
2026-05-13T22:04:58.086+08:00 [INFO] heartbeatCheck: 8.9173024s
2026-05-13T22:05:00.155+08:00 [INFO] 用户 1 接收消息: {"type":"heartbeat","data":"ping"}（类型: 1）
2026-05-13T22:05:00.158+08:00 [INFO] 用户 1 发送消息: {"type":"heartbeat","data":"pong","from":"1"}
2026-05-13T22:05:03.086+08:00 [INFO] heartbeatCheck: 2.9305152s
2026-05-13T22:05:08.085+08:00 [INFO] heartbeatCheck: 7.9302s
2026-05-13T22:05:11.171+08:00 [INFO] 用户 1 接收消息: {"type":"heartbeat","data":"ping"}（类型: 1）
2026-05-13T22:05:11.174+08:00 [INFO] 用户 1 发送消息: {"type":"heartbeat","data":"pong","from":"1"}
2026-05-13T22:05:13.086+08:00 [INFO] heartbeatCheck: 1.9153241s
2026-05-13T22:05:18.086+08:00 [INFO] heartbeatCheck: 6.9154713s
2026-05-13T22:05:22.157+08:00 [INFO] 用户 1 接收消息: {"type":"heartbeat","data":"ping"}（类型: 1）
2026-05-13T22:05:22.158+08:00 [INFO] 用户 1 发送消息: {"type":"heartbeat","data":"pong","from":"1"}
2026-05-13T22:05:23.086+08:00 [INFO] heartbeatCheck: 929.675ms
2026-05-13T22:05:28.085+08:00 [INFO] heartbeatCheck: 5.929531s
2026-05-13T22:05:33.085+08:00 [INFO] heartbeatCheck: 10.9294879s
2026-05-13T22:05:33.169+08:00 [INFO] 用户 1 接收消息: {"type":"heartbeat","data":"ping"}（类型: 1）
2026-05-13T22:05:33.171+08:00 [INFO] 用户 1 发送消息: {"type":"heartbeat","data":"pong","from":"1"}
2026-05-13T22:05:38.085+08:00 [INFO] heartbeatCheck: 4.9170878s
2026-05-13T22:05:43.086+08:00 [INFO] heartbeatCheck: 9.9180815s
2026-05-13T22:05:44.173+08:00 [INFO] 用户 1 接收消息: {"type":"heartbeat","data":"ping"}（类型: 1）
2026-05-13T22:05:44.181+08:00 [INFO] 用户 1 发送消息: {"type":"heartbeat","data":"pong","from":"1"}
2026-05-13T22:05:48.085+08:00 [INFO] heartbeatCheck: 3.9125155s
2026-05-13T22:05:53.085+08:00 [INFO] heartbeatCheck: 8.9125671s
2026-05-13T22:05:55.168+08:00 [INFO] 用户 1 接收消息: {"type":"heartbeat","data":"ping"}（类型: 1）
2026-05-13T22:05:55.170+08:00 [INFO] 用户 1 发送消息: {"type":"heartbeat","data":"pong","from":"1"}
2026-05-13T22:05:58.086+08:00 [INFO] heartbeatCheck: 2.9184476s
2026-05-13T22:06:03.086+08:00 [INFO] heartbeatCheck: 7.9189153s
2026-05-13T22:06:06.169+08:00 [INFO] 用户 1 接收消息: {"type":"heartbeat","data":"ping"}（类型: 1）
2026-05-13T22:06:06.173+08:00 [INFO] 用户 1 发送消息: {"type":"heartbeat","data":"pong","from":"1"}
2026-05-13T22:06:08.099+08:00 [INFO] heartbeatCheck: 1.9308758s
2026-05-13T22:06:13.086+08:00 [INFO] heartbeatCheck: 6.9172842s
2026-05-13T22:06:17.169+08:00 [INFO] 用户 1 接收消息: {"type":"heartbeat","data":"ping"}（类型: 1）
2026-05-13T22:06:17.171+08:00 [INFO] 用户 1 发送消息: {"type":"heartbeat","data":"pong","from":"1"}
2026-05-13T22:06:18.086+08:00 [INFO] heartbeatCheck: 917.6889ms
2026-05-13T22:06:23.085+08:00 [INFO] heartbeatCheck: 5.9169794s
2026-05-13T22:06:28.085+08:00 [INFO] heartbeatCheck: 10.916896s
2026-05-13T22:06:28.168+08:00 [INFO] 用户 1 接收消息: {"type":"heartbeat","data":"ping"}（类型: 1）
2026-05-13T22:06:28.172+08:00 [INFO] 用户 1 发送消息: {"type":"heartbeat","data":"pong","from":"1"}
2026-05-13T22:06:33.085+08:00 [INFO] heartbeatCheck: 4.9173046s
2026-05-13T22:06:38.085+08:00 [INFO] heartbeatCheck: 9.9172899s
2026-05-13T22:06:39.167+08:00 [INFO] 用户 1 接收消息: {"type":"heartbeat","data":"ping"}（类型: 1）
2026-05-13T22:06:39.170+08:00 [INFO] 用户 1 发送消息: {"type":"heartbeat","data":"pong","from":"1"}
2026-05-13T22:06:43.085+08:00 [INFO] heartbeatCheck: 3.9184075s
2026-05-13T22:06:48.085+08:00 [INFO] heartbeatCheck: 8.9184059s
2026-05-13T22:06:50.163+08:00 [INFO] 用户 1 接收消息: {"type":"heartbeat","data":"ping"}（类型: 1）
2026-05-13T22:06:50.166+08:00 [INFO] 用户 1 发送消息: {"type":"heartbeat","data":"pong","from":"1"}
2026-05-13T22:06:53.086+08:00 [INFO] heartbeatCheck: 2.9229609s
2026-05-13T22:06:58.085+08:00 [INFO] heartbeatCheck: 7.9227282s
2026-05-13T22:07:01.160+08:00 [INFO] 用户 1 接收消息: {"type":"heartbeat","data":"ping"}（类型: 1）
2026-05-13T22:07:01.164+08:00 [INFO] 用户 1 发送消息: {"type":"heartbeat","data":"pong","from":"1"}
2026-05-13T22:07:03.086+08:00 [INFO] heartbeatCheck: 1.9255504s
2026-05-13T22:07:08.085+08:00 [INFO] heartbeatCheck: 6.9251856s
2026-05-13T22:07:12.164+08:00 [INFO] 用户 1 接收消息: {"type":"heartbeat","data":"ping"}（类型: 1）
2026-05-13T22:07:12.167+08:00 [INFO] 用户 1 发送消息: {"type":"heartbeat","data":"pong","from":"1"}
2026-05-13T22:07:13.085+08:00 [INFO] heartbeatCheck: 921.5943ms
2026-05-13T22:07:18.086+08:00 [INFO] heartbeatCheck: 5.9223809s
2026-05-13T22:07:23.086+08:00 [INFO] heartbeatCheck: 10.922518s
2026-05-13T22:07:23.170+08:00 [INFO] 用户 1 接收消息: {"type":"heartbeat","data":"ping"}（类型: 1）
2026-05-13T22:07:23.178+08:00 [INFO] 用户 1 发送消息: {"type":"heartbeat","data":"pong","from":"1"}
2026-05-13T22:07:28.086+08:00 [INFO] heartbeatCheck: 4.9166971s
2026-05-13T22:07:33.085+08:00 [INFO] heartbeatCheck: 9.9160693s
2026-05-13T22:07:34.171+08:00 [INFO] 用户 1 接收消息: {"type":"heartbeat","data":"ping"}（类型: 1）
2026-05-13T22:07:34.175+08:00 [INFO] 用户 1 发送消息: {"type":"heartbeat","data":"pong","from":"1"}
2026-05-13T22:07:38.086+08:00 [INFO] heartbeatCheck: 3.9160295s
2026-05-13T22:07:43.086+08:00 [INFO] heartbeatCheck: 8.9163991s
2026-05-13T22:07:45.170+08:00 [INFO] 用户 1 接收消息: {"type":"heartbeat","data":"ping"}（类型: 1）
2026-05-13T22:07:45.173+08:00 [INFO] 用户 1 发送消息: {"type":"heartbeat","data":"pong","from":"1"}
2026-05-13T22:07:48.085+08:00 [INFO] heartbeatCheck: 2.9157373s
2026-05-13T22:07:53.086+08:00 [INFO] heartbeatCheck: 7.9160498s
2026-05-13T22:07:56.163+08:00 [INFO] 用户 1 接收消息: {"type":"heartbeat","data":"ping"}（类型: 1）
2026-05-13T22:07:56.166+08:00 [INFO] 用户 1 发送消息: {"type":"heartbeat","data":"pong","from":"1"}
2026-05-13T22:07:58.086+08:00 [INFO] heartbeatCheck: 1.922664s
2026-05-13T22:08:03.085+08:00 [INFO] heartbeatCheck: 6.9221058s
2026-05-13T22:08:07.156+08:00 [INFO] 用户 1 接收消息: {"type":"heartbeat","data":"ping"}（类型: 1）
2026-05-13T22:08:07.158+08:00 [INFO] 用户 1 发送消息: {"type":"heartbeat","data":"pong","from":"1"}
2026-05-13T22:08:08.085+08:00 [INFO] heartbeatCheck: 928.7976ms
2026-05-13T22:08:13.086+08:00 [INFO] heartbeatCheck: 5.9291128s
2026-05-13T22:08:18.085+08:00 [INFO] heartbeatCheck: 10.9290015s
2026-05-13T22:08:18.165+08:00 [INFO] 用户 1 接收消息: {"type":"heartbeat","data":"ping"}（类型: 1）
2026-05-13T22:08:18.167+08:00 [INFO] 用户 1 发送消息: {"type":"heartbeat","data":"pong","from":"1"}
2026-05-13T22:08:23.085+08:00 [INFO] heartbeatCheck: 4.9213842s
2026-05-13T22:08:28.086+08:00 [INFO] heartbeatCheck: 9.9220313s
2026-05-13T22:08:29.166+08:00 [INFO] 用户 1 接收消息: {"type":"heartbeat","data":"ping"}（类型: 1）
2026-05-13T22:08:29.169+08:00 [INFO] 用户 1 发送消息: {"type":"heartbeat","data":"pong","from":"1"}
2026-05-13T22:08:33.086+08:00 [INFO] heartbeatCheck: 3.9196202s
2026-05-13T22:08:38.086+08:00 [INFO] heartbeatCheck: 8.9193943s
2026-05-13T22:08:40.168+08:00 [INFO] 用户 1 接收消息: {"type":"heartbeat","data":"ping"}（类型: 1）
2026-05-13T22:08:40.169+08:00 [INFO] 用户 1 发送消息: {"type":"heartbeat","data":"pong","from":"1"}
2026-05-13T22:08:43.085+08:00 [INFO] heartbeatCheck: 2.9170303s
2026-05-13T22:08:48.085+08:00 [INFO] heartbeatCheck: 7.9171316s
2026-05-13T22:08:51.166+08:00 [INFO] 用户 1 接收消息: {"type":"heartbeat","data":"ping"}（类型: 1）
2026-05-13T22:08:51.169+08:00 [INFO] 用户 1 发送消息: {"type":"heartbeat","data":"pong","from":"1"}
2026-05-13T22:08:53.085+08:00 [INFO] heartbeatCheck: 1.9205128s
2026-05-13T22:08:58.085+08:00 [INFO] heartbeatCheck: 6.9206386s
2026-05-13T22:09:02.171+08:00 [INFO] 用户 1 接收消息: {"type":"heartbeat","data":"ping"}（类型: 1）
2026-05-13T22:09:02.179+08:00 [INFO] 用户 1 发送消息: {"type":"heartbeat","data":"pong","from":"1"}
2026-05-13T22:09:03.085+08:00 [INFO] heartbeatCheck: 914.5717ms
2026-05-13T22:09:08.085+08:00 [INFO] heartbeatCheck: 5.9145811s
2026-05-13T22:09:13.086+08:00 [INFO] heartbeatCheck: 10.9146754s
2026-05-13T22:09:13.168+08:00 [INFO] 用户 1 接收消息: {"type":"heartbeat","data":"ping"}（类型: 1）
2026-05-13T22:09:13.170+08:00 [INFO] 用户 1 发送消息: {"type":"heartbeat","data":"pong","from":"1"}
2026-05-13T22:09:18.086+08:00 [INFO] heartbeatCheck: 4.917551s
2026-05-13T22:09:23.086+08:00 [INFO] heartbeatCheck: 9.9173955s
2026-05-13T22:09:24.172+08:00 [INFO] 用户 1 接收消息: {"type":"heartbeat","data":"ping"}（类型: 1）
2026-05-13T22:09:24.175+08:00 [INFO] 用户 1 发送消息: {"type":"heartbeat","data":"pong","from":"1"}
2026-05-13T22:09:28.085+08:00 [INFO] heartbeatCheck: 3.9140166s
2026-05-13T22:09:33.086+08:00 [INFO] heartbeatCheck: 8.9146596s
2026-05-13T22:09:35.163+08:00 [INFO] 用户 1 接收消息: {"type":"heartbeat","data":"ping"}（类型: 1）
2026-05-13T22:09:35.167+08:00 [INFO] 用户 1 发送消息: {"type":"heartbeat","data":"pong","from":"1"}
2026-05-13T22:09:38.085+08:00 [INFO] heartbeatCheck: 2.9222155s
2026-05-13T22:09:43.085+08:00 [INFO] heartbeatCheck: 7.9220145s
2026-05-13T22:09:46.162+08:00 [INFO] 用户 1 接收消息: {"type":"heartbeat","data":"ping"}（类型: 1）
2026-05-13T22:09:46.165+08:00 [INFO] 用户 1 发送消息: {"type":"heartbeat","data":"pong","from":"1"}
2026-05-13T22:09:48.085+08:00 [INFO] heartbeatCheck: 1.9233473s
2026-05-13T22:09:53.086+08:00 [INFO] heartbeatCheck: 6.923925s
2026-05-13T22:09:57.159+08:00 [INFO] 用户 1 接收消息: {"type":"heartbeat","data":"ping"}（类型: 1）
2026-05-13T22:09:57.160+08:00 [INFO] 用户 1 发送消息: {"type":"heartbeat","data":"pong","from":"1"}
2026-05-13T22:09:58.085+08:00 [INFO] heartbeatCheck: 926.9813ms
2026-05-13T22:10:03.086+08:00 [INFO] heartbeatCheck: 5.9271705s
2026-05-13T22:10:08.085+08:00 [INFO] heartbeatCheck: 10.9268546s
2026-05-13T22:10:08.167+08:00 [INFO] 用户 1 接收消息: {"type":"heartbeat","data":"ping"}（类型: 1）
2026-05-13T22:10:08.168+08:00 [INFO] 用户 1 发送消息: {"type":"heartbeat","data":"pong","from":"1"}
2026-05-13T22:10:18.614+08:00 [INFO] heartbeatCheck: 4.9196389s
2026-05-13T22:10:23.614+08:00 [INFO] heartbeatCheck: 9.9199024s
2026-05-13T22:10:24.690+08:00 [INFO] 用户 1 接收消息: {"type":"heartbeat","data":"ping"}（类型: 1）
2026-05-13T22:10:24.691+08:00 [INFO] 用户 1 发送消息: {"type":"heartbeat","data":"pong","from":"1"}
2026-05-13T22:10:28.614+08:00 [INFO] heartbeatCheck: 3.9242126s
2026-05-13T22:10:33.614+08:00 [INFO] heartbeatCheck: 8.9235439s
2026-05-13T22:10:35.699+08:00 [INFO] 用户 1 接收消息: {"type":"heartbeat","data":"ping"}（类型: 1）
2026-05-13T22:10:35.700+08:00 [INFO] 用户 1 发送消息: {"type":"heartbeat","data":"pong","from":"1"}
2026-05-13T22:10:38.615+08:00 [INFO] heartbeatCheck: 2.9158265s
2026-05-13T22:10:43.615+08:00 [INFO] heartbeatCheck: 7.9152645s
2026-05-13T22:10:46.697+08:00 [INFO] 用户 1 接收消息: {"type":"heartbeat","data":"ping"}（类型: 1）
2026-05-13T22:10:46.700+08:00 [INFO] 用户 1 发送消息: {"type":"heartbeat","data":"pong","from":"1"}
2026-05-13T22:10:48.614+08:00 [INFO] heartbeatCheck: 1.9177688s
2026-05-13T22:10:53.614+08:00 [INFO] heartbeatCheck: 6.9178183s
2026-05-13T22:10:57.689+08:00 [INFO] 用户 1 接收消息: {"type":"heartbeat","data":"ping"}（类型: 1）
2026-05-13T22:10:57.690+08:00 [INFO] 用户 1 发送消息: {"type":"heartbeat","data":"pong","from":"1"}
2026-05-13T22:10:58.614+08:00 [INFO] heartbeatCheck: 925.3506ms
2026-05-13T22:11:03.614+08:00 [INFO] heartbeatCheck: 5.9252139s
2026-05-13T22:11:08.614+08:00 [INFO] heartbeatCheck: 10.9252132s
2026-05-13T22:11:08.693+08:00 [INFO] 用户 1 接收消息: {"type":"heartbeat","data":"ping"}（类型: 1）
2026-05-13T22:11:08.695+08:00 [INFO] 用户 1 发送消息: {"type":"heartbeat","data":"pong","from":"1"}
2026-05-13T22:11:13.614+08:00 [INFO] heartbeatCheck: 4.9216519s
2026-05-13T22:11:18.614+08:00 [INFO] heartbeatCheck: 9.9211003s
2026-05-13T22:11:19.696+08:00 [INFO] 用户 1 接收消息: {"type":"heartbeat","data":"ping"}（类型: 1）
2026-05-13T22:11:19.697+08:00 [INFO] 用户 1 发送消息: {"type":"heartbeat","data":"pong","from":"1"}
2026-05-13T22:11:23.614+08:00 [INFO] heartbeatCheck: 3.9188431s
2026-05-13T22:11:28.614+08:00 [INFO] heartbeatCheck: 8.9189561s
2026-05-13T22:11:30.698+08:00 [INFO] 用户 1 接收消息: {"type":"heartbeat","data":"ping"}（类型: 1）
2026-05-13T22:11:30.701+08:00 [INFO] 用户 1 发送消息: {"type":"heartbeat","data":"pong","from":"1"}
2026-05-13T22:11:33.615+08:00 [INFO] heartbeatCheck: 2.9167805s
2026-05-13T22:11:38.614+08:00 [INFO] heartbeatCheck: 7.9162155s
2026-05-13T22:11:41.691+08:00 [INFO] 用户 1 接收消息: {"type":"heartbeat","data":"ping"}（类型: 1）
2026-05-13T22:11:41.694+08:00 [INFO] 用户 1 发送消息: {"type":"heartbeat","data":"pong","from":"1"}
2026-05-13T22:11:43.614+08:00 [INFO] heartbeatCheck: 1.9236696s
2026-05-13T22:11:48.616+08:00 [INFO] heartbeatCheck: 6.9247745s
2026-05-13T22:11:52.687+08:00 [INFO] 用户 1 接收消息: {"type":"heartbeat","data":"ping"}（类型: 1）
2026-05-13T22:11:52.690+08:00 [INFO] 用户 1 发送消息: {"type":"heartbeat","data":"pong","from":"1"}
2026-05-13T22:11:53.614+08:00 [INFO] heartbeatCheck: 926.9933ms
2026-05-13T22:11:58.614+08:00 [INFO] heartbeatCheck: 5.9269585s
2026-05-13T22:12:03.614+08:00 [INFO] heartbeatCheck: 10.9268718s
2026-05-13T22:12:03.691+08:00 [INFO] 用户 1 接收消息: {"type":"heartbeat","data":"ping"}（类型: 1）
2026-05-13T22:12:03.693+08:00 [INFO] 用户 1 发送消息: {"type":"heartbeat","data":"pong","from":"1"}
2026-05-13T22:12:08.614+08:00 [INFO] heartbeatCheck: 4.92438s
2026-05-13T22:12:13.614+08:00 [INFO] heartbeatCheck: 9.9237364s
2026-05-13T22:12:14.697+08:00 [INFO] 用户 1 接收消息: {"type":"heartbeat","data":"ping"}（类型: 1）
2026-05-13T22:12:14.698+08:00 [INFO] 用户 1 发送消息: {"type":"heartbeat","data":"pong","from":"1"}
2026-05-13T22:12:18.614+08:00 [INFO] heartbeatCheck: 3.9177164s
2026-05-13T22:12:23.614+08:00 [INFO] heartbeatCheck: 8.9175676s
2026-05-13T22:12:25.688+08:00 [INFO] 用户 1 接收消息: {"type":"heartbeat","data":"ping"}（类型: 1）
2026-05-13T22:12:25.692+08:00 [INFO] 用户 1 发送消息: {"type":"heartbeat","data":"pong","from":"1"}
2026-05-13T22:12:28.614+08:00 [INFO] heartbeatCheck: 2.9256807s
2026-05-13T22:12:33.614+08:00 [INFO] heartbeatCheck: 7.9258599s
2026-05-13T22:12:36.696+08:00 [INFO] 用户 1 接收消息: {"type":"heartbeat","data":"ping"}（类型: 1）
2026-05-13T22:12:36.699+08:00 [INFO] 用户 1 发送消息: {"type":"heartbeat","data":"pong","from":"1"}
2026-05-13T22:12:38.614+08:00 [INFO] heartbeatCheck: 1.9182322s
2026-05-13T22:12:43.615+08:00 [INFO] heartbeatCheck: 6.9188281s
2026-05-13T22:12:47.693+08:00 [INFO] 用户 1 接收消息: {"type":"heartbeat","data":"ping"}（类型: 1）
2026-05-13T22:12:47.697+08:00 [INFO] 用户 1 发送消息: {"type":"heartbeat","data":"pong","from":"1"}
2026-05-13T22:12:48.615+08:00 [INFO] heartbeatCheck: 921.8571ms
2026-05-13T22:12:53.614+08:00 [INFO] heartbeatCheck: 5.9209576s
2026-05-13T22:12:58.615+08:00 [INFO] heartbeatCheck: 10.9221865s
2026-05-13T22:12:58.688+08:00 [INFO] 用户 1 接收消息: {"type":"heartbeat","data":"ping"}（类型: 1）
2026-05-13T22:12:58.690+08:00 [INFO] 用户 1 发送消息: {"type":"heartbeat","data":"pong","from":"1"}
2026-05-13T22:13:03.614+08:00 [INFO] heartbeatCheck: 4.9258178s
2026-05-13T22:13:08.614+08:00 [INFO] heartbeatCheck: 9.9259455s
2026-05-13T22:13:09.697+08:00 [INFO] 用户 1 接收消息: {"type":"heartbeat","data":"ping"}（类型: 1）
2026-05-13T22:13:09.701+08:00 [INFO] 用户 1 发送消息: {"type":"heartbeat","data":"pong","from":"1"}
2026-05-13T22:13:13.614+08:00 [INFO] heartbeatCheck: 3.917938s
2026-05-13T22:13:18.614+08:00 [INFO] heartbeatCheck: 8.9179898s
2026-05-13T22:13:20.689+08:00 [INFO] 用户 1 接收消息: {"type":"heartbeat","data":"ping"}（类型: 1）
2026-05-13T22:13:20.693+08:00 [INFO] 用户 1 发送消息: {"type":"heartbeat","data":"pong","from":"1"}
2026-05-13T22:13:23.615+08:00 [INFO] heartbeatCheck: 2.9253791s
2026-05-13T22:13:28.614+08:00 [INFO] heartbeatCheck: 7.9244737s
2026-05-13T22:13:31.686+08:00 [INFO] 用户 1 接收消息: {"type":"heartbeat","data":"ping"}（类型: 1）
2026-05-13T22:13:31.687+08:00 [INFO] 用户 1 发送消息: {"type":"heartbeat","data":"pong","from":"1"}
2026-05-13T22:13:33.614+08:00 [INFO] heartbeatCheck: 1.9281428s
2026-05-13T22:13:38.614+08:00 [INFO] heartbeatCheck: 6.9274701s
2026-05-13T22:13:42.690+08:00 [INFO] 用户 1 接收消息: {"type":"heartbeat","data":"ping"}（类型: 1）
2026-05-13T22:13:42.693+08:00 [INFO] 用户 1 发送消息: {"type":"heartbeat","data":"pong","from":"1"}
2026-05-13T22:13:43.614+08:00 [INFO] heartbeatCheck: 924.3664ms
2026-05-13T22:13:48.614+08:00 [INFO] heartbeatCheck: 5.9241377s
2026-05-13T22:13:53.614+08:00 [INFO] heartbeatCheck: 10.9242988s
2026-05-13T22:13:53.697+08:00 [INFO] 用户 1 接收消息: {"type":"heartbeat","data":"ping"}（类型: 1）
2026-05-13T22:13:53.700+08:00 [INFO] 用户 1 发送消息: {"type":"heartbeat","data":"pong","from":"1"}
2026-05-13T22:13:58.614+08:00 [INFO] heartbeatCheck: 4.9176973s
2026-05-13T22:14:03.614+08:00 [INFO] heartbeatCheck: 9.9180305s
2026-05-13T22:14:04.688+08:00 [INFO] 用户 1 接收消息: {"type":"heartbeat","data":"ping"}（类型: 1）
2026-05-13T22:14:04.696+08:00 [INFO] 用户 1 发送消息: {"type":"heartbeat","data":"pong","from":"1"}
2026-05-13T22:14:08.614+08:00 [INFO] heartbeatCheck: 3.9269551s
2026-05-13T22:14:13.614+08:00 [INFO] heartbeatCheck: 8.9268656s
2026-05-13T22:14:15.695+08:00 [INFO] 用户 1 接收消息: {"type":"heartbeat","data":"ping"}（类型: 1）
2026-05-13T22:14:15.698+08:00 [INFO] 用户 1 发送消息: {"type":"heartbeat","data":"pong","from":"1"}
2026-05-13T22:14:18.614+08:00 [INFO] heartbeatCheck: 2.9195065s
2026-05-13T22:14:23.614+08:00 [INFO] heartbeatCheck: 7.9197154s
2026-05-13T22:14:26.692+08:00 [INFO] 用户 1 接收消息: {"type":"heartbeat","data":"ping"}（类型: 1）
2026-05-13T22:14:26.693+08:00 [INFO] 用户 1 发送消息: {"type":"heartbeat","data":"pong","from":"1"}
2026-05-13T22:14:28.614+08:00 [INFO] heartbeatCheck: 1.9230844s
2026-05-13T22:14:33.615+08:00 [INFO] heartbeatCheck: 6.9237032s
2026-05-13T22:14:37.693+08:00 [INFO] 用户 1 接收消息: {"type":"heartbeat","data":"ping"}（类型: 1）
2026-05-13T22:14:37.695+08:00 [INFO] 用户 1 发送消息: {"type":"heartbeat","data":"pong","from":"1"}
2026-05-13T22:14:38.614+08:00 [INFO] heartbeatCheck: 921.2692ms
2026-05-13T22:14:43.614+08:00 [INFO] heartbeatCheck: 5.920928s
2026-05-13T22:14:48.614+08:00 [INFO] heartbeatCheck: 10.9212784s
2026-05-13T22:14:48.693+08:00 [INFO] 用户 1 接收消息: {"type":"heartbeat","data":"ping"}（类型: 1）
2026-05-13T22:14:48.696+08:00 [INFO] 用户 1 发送消息: {"type":"heartbeat","data":"pong","from":"1"}
2026-05-13T22:14:53.614+08:00 [INFO] heartbeatCheck: 4.920528s
2026-05-13T22:14:58.614+08:00 [INFO] heartbeatCheck: 9.9206196s
2026-05-13T22:14:59.695+08:00 [INFO] 用户 1 接收消息: {"type":"heartbeat","data":"ping"}（类型: 1）
2026-05-13T22:14:59.698+08:00 [INFO] 用户 1 发送消息: {"type":"heartbeat","data":"pong","from":"1"}
2026-05-13T22:15:03.614+08:00 [INFO] heartbeatCheck: 3.919434s
2026-05-13T22:15:08.614+08:00 [INFO] heartbeatCheck: 8.919792s
2026-05-13T22:15:10.696+08:00 [INFO] 用户 1 接收消息: {"type":"heartbeat","data":"ping"}（类型: 1）
2026-05-13T22:15:10.699+08:00 [INFO] 用户 1 发送消息: {"type":"heartbeat","data":"pong","from":"1"}
2026-05-13T22:15:13.614+08:00 [INFO] heartbeatCheck: 2.9187695s
2026-05-13T22:15:18.615+08:00 [INFO] heartbeatCheck: 7.9185671s
2026-05-13T22:15:21.692+08:00 [INFO] 用户 1 接收消息: {"type":"heartbeat","data":"ping"}（类型: 1）
2026-05-13T22:15:21.695+08:00 [INFO] 用户 1 发送消息: {"type":"heartbeat","data":"pong","from":"1"}
2026-05-13T22:15:23.614+08:00 [INFO] heartbeatCheck: 1.921654s
2026-05-13T22:15:28.615+08:00 [INFO] heartbeatCheck: 6.9227025s
2026-05-13T22:15:32.694+08:00 [INFO] 用户 1 接收消息: {"type":"heartbeat","data":"ping"}（类型: 1）
2026-05-13T22:15:32.697+08:00 [INFO] 用户 1 发送消息: {"type":"heartbeat","data":"pong","from":"1"}
2026-05-13T22:15:33.614+08:00 [INFO] heartbeatCheck: 920.4779ms
2026-05-13T22:15:38.614+08:00 [INFO] heartbeatCheck: 5.920424s
2026-05-13T22:15:43.614+08:00 [INFO] heartbeatCheck: 10.9204887s
2026-05-13T22:15:43.695+08:00 [INFO] 用户 1 接收消息: {"type":"heartbeat","data":"ping"}（类型: 1）
2026-05-13T22:15:43.708+08:00 [INFO] 用户 1 发送消息: {"type":"heartbeat","data":"pong","from":"1"}
2026-05-13T22:15:48.614+08:00 [INFO] heartbeatCheck: 4.9198268s
2026-05-13T22:15:53.614+08:00 [INFO] heartbeatCheck: 9.9198845s
2026-05-13T22:15:54.696+08:00 [INFO] 用户 1 接收消息: {"type":"heartbeat","data":"ping"}（类型: 1）
2026-05-13T22:15:54.699+08:00 [INFO] 用户 1 发送消息: {"type":"heartbeat","data":"pong","from":"1"}
2026-05-13T22:15:58.614+08:00 [INFO] heartbeatCheck: 3.9188578s
2026-05-13T22:16:03.615+08:00 [INFO] heartbeatCheck: 8.9197214s
2026-05-13T22:16:05.689+08:00 [INFO] 用户 1 接收消息: {"type":"heartbeat","data":"ping"}（类型: 1）
2026-05-13T22:16:05.692+08:00 [INFO] 用户 1 发送消息: {"type":"heartbeat","data":"pong","from":"1"}
2026-05-13T22:16:08.615+08:00 [INFO] heartbeatCheck: 2.9255581s
2026-05-13T22:16:13.615+08:00 [INFO] heartbeatCheck: 7.9257958s
2026-05-13T22:16:16.692+08:00 [INFO] 用户 1 接收消息: {"type":"heartbeat","data":"ping"}（类型: 1）
2026-05-13T22:16:16.693+08:00 [INFO] 用户 1 发送消息: {"type":"heartbeat","data":"pong","from":"1"}
2026-05-13T22:16:18.614+08:00 [INFO] heartbeatCheck: 1.9227478s
2026-05-13T22:16:23.614+08:00 [INFO] heartbeatCheck: 6.9226791s
2026-05-13T22:16:27.697+08:00 [INFO] 用户 1 接收消息: {"type":"heartbeat","data":"ping"}（类型: 1）
2026-05-13T22:16:27.699+08:00 [INFO] 用户 1 发送消息: {"type":"heartbeat","data":"pong","from":"1"}
2026-05-13T22:16:28.615+08:00 [INFO] heartbeatCheck: 917.8652ms
2026-05-13T22:16:33.614+08:00 [INFO] heartbeatCheck: 5.917063s
2026-05-13T22:16:38.614+08:00 [INFO] heartbeatCheck: 10.9174769s
2026-05-13T22:16:38.688+08:00 [INFO] 用户 1 接收消息: {"type":"heartbeat","data":"ping"}（类型: 1）
2026-05-13T22:16:38.691+08:00 [INFO] 用户 1 发送消息: {"type":"heartbeat","data":"pong","from":"1"}
2026-05-13T22:16:43.615+08:00 [INFO] heartbeatCheck: 4.9266971s
2026-05-13T22:16:48.614+08:00 [INFO] heartbeatCheck: 9.9264369s
2026-05-13T22:16:49.686+08:00 [INFO] 用户 1 接收消息: {"type":"heartbeat","data":"ping"}（类型: 1）
2026-05-13T22:16:49.688+08:00 [INFO] 用户 1 发送消息: {"type":"heartbeat","data":"pong","from":"1"}
2026-05-13T22:16:53.614+08:00 [INFO] heartbeatCheck: 3.9281765s
2026-05-13T22:16:58.614+08:00 [INFO] heartbeatCheck: 8.9283413s
2026-05-13T22:17:00.688+08:00 [INFO] 用户 1 接收消息: {"type":"heartbeat","data":"ping"}（类型: 1）
2026-05-13T22:17:00.691+08:00 [INFO] 用户 1 发送消息: {"type":"heartbeat","data":"pong","from":"1"}
2026-05-13T22:17:03.614+08:00 [INFO] heartbeatCheck: 2.9257666s
2026-05-13T22:17:08.614+08:00 [INFO] heartbeatCheck: 7.9257057s
2026-05-13T22:17:11.691+08:00 [INFO] 用户 1 接收消息: {"type":"heartbeat","data":"ping"}（类型: 1）
2026-05-13T22:17:11.695+08:00 [INFO] 用户 1 发送消息: {"type":"heartbeat","data":"pong","from":"1"}
2026-05-13T22:17:13.614+08:00 [INFO] heartbeatCheck: 1.9236461s
2026-05-13T22:17:18.614+08:00 [INFO] heartbeatCheck: 6.9232016s
2026-05-13T22:17:22.705+08:00 [INFO] 用户 1 接收消息: {"type":"heartbeat","data":"ping"}（类型: 1）
2026-05-13T22:17:22.713+08:00 [INFO] 用户 1 发送消息: {"type":"heartbeat","data":"pong","from":"1"}
2026-05-13T22:17:23.615+08:00 [INFO] heartbeatCheck: 909.8958ms
2026-05-13T22:17:28.614+08:00 [INFO] heartbeatCheck: 5.9093656s
2026-05-13T22:17:33.614+08:00 [INFO] heartbeatCheck: 10.9091457s
2026-05-13T22:17:33.686+08:00 [INFO] 用户 1 接收消息: {"type":"heartbeat","data":"ping"}（类型: 1）
2026-05-13T22:17:33.689+08:00 [INFO] 用户 1 发送消息: {"type":"heartbeat","data":"pong","from":"1"}
2026-05-13T22:17:38.614+08:00 [INFO] heartbeatCheck: 4.9280734s
2026-05-13T22:17:43.614+08:00 [INFO] heartbeatCheck: 9.9288492s
2026-05-13T22:17:44.688+08:00 [INFO] 用户 1 接收消息: {"type":"heartbeat","data":"ping"}（类型: 1）
2026-05-13T22:17:44.692+08:00 [INFO] 用户 1 发送消息: {"type":"heartbeat","data":"pong","from":"1"}
2026-05-13T22:17:48.614+08:00 [INFO] heartbeatCheck: 3.9254627s
2026-05-13T22:17:53.614+08:00 [INFO] heartbeatCheck: 8.9256071s
2026-05-13T22:17:55.695+08:00 [INFO] 用户 1 接收消息: {"type":"heartbeat","data":"ping"}（类型: 1）
2026-05-13T22:17:55.698+08:00 [INFO] 用户 1 发送消息: {"type":"heartbeat","data":"pong","from":"1"}
2026-05-13T22:17:58.614+08:00 [INFO] heartbeatCheck: 2.9187701s
2026-05-13T22:18:03.615+08:00 [INFO] heartbeatCheck: 7.9195477s
2026-05-13T22:18:06.691+08:00 [INFO] 用户 1 接收消息: {"type":"heartbeat","data":"ping"}（类型: 1）
2026-05-13T22:18:06.694+08:00 [INFO] 用户 1 发送消息: {"type":"heartbeat","data":"pong","from":"1"}
2026-05-13T22:18:08.614+08:00 [INFO] heartbeatCheck: 1.9229585s
2026-05-13T22:18:13.614+08:00 [INFO] heartbeatCheck: 6.9229699s
2026-05-13T22:18:17.690+08:00 [INFO] 用户 1 接收消息: {"type":"heartbeat","data":"ping"}（类型: 1）
2026-05-13T22:18:17.692+08:00 [INFO] 用户 1 发送消息: {"type":"heartbeat","data":"pong","from":"1"}
2026-05-13T22:18:18.614+08:00 [INFO] heartbeatCheck: 925.1113ms
2026-05-13T22:18:23.614+08:00 [INFO] heartbeatCheck: 5.9250829s
2026-05-13T22:18:28.614+08:00 [INFO] heartbeatCheck: 10.92501s
2026-05-13T22:18:28.693+08:00 [INFO] 用户 1 接收消息: {"type":"heartbeat","data":"ping"}（类型: 1）
2026-05-13T22:18:28.694+08:00 [INFO] 用户 1 发送消息: {"type":"heartbeat","data":"pong","from":"1"}
2026-05-13T22:18:33.614+08:00 [INFO] heartbeatCheck: 4.9213614s
2026-05-13T22:18:38.819+08:00 [INFO] heartbeatCheck: 10.1263042s
2026-05-13T22:18:39.701+08:00 [INFO] 用户 1 接收消息: {"type":"heartbeat","data":"ping"}（类型: 1）
2026-05-13T22:18:39.702+08:00 [INFO] 用户 1 发送消息: {"type":"heartbeat","data":"pong","from":"1"}
2026-05-13T22:18:43.614+08:00 [INFO] heartbeatCheck: 3.9134033s
2026-05-13T22:18:48.614+08:00 [INFO] heartbeatCheck: 8.913148s
2026-05-13T22:18:50.685+08:00 [INFO] 用户 1 接收消息: {"type":"heartbeat","data":"ping"}（类型: 1）
2026-05-13T22:18:50.687+08:00 [INFO] 用户 1 发送消息: {"type":"heartbeat","data":"pong","from":"1"}
2026-05-13T22:18:53.614+08:00 [INFO] heartbeatCheck: 2.9289455s
2026-05-13T22:18:58.614+08:00 [INFO] heartbeatCheck: 7.9296373s
2026-05-13T22:19:01.699+08:00 [INFO] 用户 1 接收消息: {"type":"heartbeat","data":"ping"}（类型: 1）
2026-05-13T22:19:01.702+08:00 [INFO] 用户 1 发送消息: {"type":"heartbeat","data":"pong","from":"1"}
2026-05-13T22:19:03.614+08:00 [INFO] heartbeatCheck: 1.9156123s
2026-05-13T22:19:08.614+08:00 [INFO] heartbeatCheck: 6.9160139s
2026-05-13T22:19:12.700+08:00 [INFO] 用户 1 接收消息: {"type":"heartbeat","data":"ping"}（类型: 1）
2026-05-13T22:19:12.702+08:00 [INFO] 用户 1 发送消息: {"type":"heartbeat","data":"pong","from":"1"}
2026-05-13T22:19:13.614+08:00 [INFO] heartbeatCheck: 914.5513ms
2026-05-13T22:19:18.614+08:00 [INFO] heartbeatCheck: 5.9144833s
2026-05-13T22:19:23.614+08:00 [INFO] heartbeatCheck: 10.9145843s
2026-05-13T22:19:23.695+08:00 [INFO] 用户 1 接收消息: {"type":"heartbeat","data":"ping"}（类型: 1）
2026-05-13T22:19:23.697+08:00 [INFO] 用户 1 发送消息: {"type":"heartbeat","data":"pong","from":"1"}
2026-05-13T22:19:28.614+08:00 [INFO] heartbeatCheck: 4.9184375s
2026-05-13T22:19:33.614+08:00 [INFO] heartbeatCheck: 9.9183922s
2026-05-13T22:19:34.696+08:00 [INFO] 用户 1 接收消息: {"type":"heartbeat","data":"ping"}（类型: 1）
2026-05-13T22:19:34.698+08:00 [INFO] 用户 1 发送消息: {"type":"heartbeat","data":"pong","from":"1"}
2026-05-13T22:19:38.614+08:00 [INFO] heartbeatCheck: 3.9183658s
2026-05-13T22:19:43.614+08:00 [INFO] heartbeatCheck: 8.9184694s
2026-05-13T22:19:45.686+08:00 [INFO] 用户 1 接收消息: {"type":"heartbeat","data":"ping"}（类型: 1）
2026-05-13T22:19:45.688+08:00 [INFO] 用户 1 发送消息: {"type":"heartbeat","data":"pong","from":"1"}
2026-05-13T22:19:48.614+08:00 [INFO] heartbeatCheck: 2.9279622s
2026-05-13T22:19:53.614+08:00 [INFO] heartbeatCheck: 7.9280388s
2026-05-13T22:19:56.695+08:00 [INFO] 用户 1 接收消息: {"type":"heartbeat","data":"ping"}（类型: 1）
2026-05-13T22:19:56.699+08:00 [INFO] 用户 1 发送消息: {"type":"heartbeat","data":"pong","from":"1"}
2026-05-13T22:19:58.614+08:00 [INFO] heartbeatCheck: 1.9187221s
2026-05-13T22:20:03.614+08:00 [INFO] heartbeatCheck: 6.918836s
2026-05-13T22:20:07.700+08:00 [INFO] 用户 1 接收消息: {"type":"heartbeat","data":"ping"}（类型: 1）
2026-05-13T22:20:07.703+08:00 [INFO] 用户 1 发送消息: {"type":"heartbeat","data":"pong","from":"1"}
2026-05-13T22:20:08.614+08:00 [INFO] heartbeatCheck: 913.8547ms
2026-05-13T22:20:13.620+08:00 [INFO] heartbeatCheck: 5.9205328s
2026-05-13T22:20:18.614+08:00 [INFO] heartbeatCheck: 10.9145096s
2026-05-13T22:20:18.693+08:00 [INFO] 用户 1 接收消息: {"type":"heartbeat","data":"ping"}（类型: 1）
2026-05-13T22:20:18.696+08:00 [INFO] 用户 1 发送消息: {"type":"heartbeat","data":"pong","from":"1"}
2026-05-13T22:20:23.614+08:00 [INFO] heartbeatCheck: 4.9211487s
2026-05-13T22:20:28.615+08:00 [INFO] heartbeatCheck: 9.921718s
2026-05-13T22:20:29.695+08:00 [INFO] 用户 1 接收消息: {"type":"heartbeat","data":"ping"}（类型: 1）
2026-05-13T22:20:29.698+08:00 [INFO] 用户 1 发送消息: {"type":"heartbeat","data":"pong","from":"1"}
2026-05-13T22:20:33.614+08:00 [INFO] heartbeatCheck: 3.9196024s
2026-05-13T22:20:38.614+08:00 [INFO] heartbeatCheck: 8.9198104s
2026-05-13T22:20:40.694+08:00 [INFO] 用户 1 接收消息: {"type":"heartbeat","data":"ping"}（类型: 1）
2026-05-13T22:20:40.697+08:00 [INFO] 用户 1 发送消息: {"type":"heartbeat","data":"pong","from":"1"}
2026-05-13T22:20:43.614+08:00 [INFO] heartbeatCheck: 2.9195518s
2026-05-13T22:20:48.614+08:00 [INFO] heartbeatCheck: 7.9196488s
2026-05-13T22:20:51.684+08:00 [INFO] 用户 1 接收消息: {"type":"heartbeat","data":"ping"}（类型: 1）
2026-05-13T22:20:51.686+08:00 [INFO] 用户 1 发送消息: {"type":"heartbeat","data":"pong","from":"1"}
2026-05-13T22:20:53.614+08:00 [INFO] heartbeatCheck: 1.9300087s
2026-05-13T22:20:58.616+08:00 [INFO] heartbeatCheck: 6.932577s
2026-05-13T22:21:02.699+08:00 [INFO] 用户 1 接收消息: {"type":"heartbeat","data":"ping"}（类型: 1）
2026-05-13T22:21:02.701+08:00 [INFO] 用户 1 发送消息: {"type":"heartbeat","data":"pong","from":"1"}
2026-05-13T22:21:03.614+08:00 [INFO] heartbeatCheck: 915.6789ms
2026-05-13T22:21:08.614+08:00 [INFO] heartbeatCheck: 5.9157494s
2026-05-13T22:21:13.614+08:00 [INFO] heartbeatCheck: 10.9163092s
2026-05-13T22:21:13.692+08:00 [INFO] 用户 1 接收消息: {"type":"heartbeat","data":"ping"}（类型: 1）
2026-05-13T22:21:13.694+08:00 [INFO] 用户 1 发送消息: {"type":"heartbeat","data":"pong","from":"1"}
2026-05-13T22:21:18.614+08:00 [INFO] heartbeatCheck: 4.9230703s
2026-05-13T22:21:23.614+08:00 [INFO] heartbeatCheck: 9.9225332s
2026-05-13T22:21:24.687+08:00 [INFO] 用户 1 接收消息: {"type":"heartbeat","data":"ping"}（类型: 1）
2026-05-13T22:21:24.693+08:00 [INFO] 用户 1 发送消息: {"type":"heartbeat","data":"pong","from":"1"}
2026-05-13T22:21:27.052+08:00 [INFO] 用户 1 接收消息: {"type":"initRoom","data":"","name":""}（类型: 1）
2026-05-13T22:21:27.054+08:00 [ERRO] unexpected end of JSON input 
Stack:
1.  game_user/internal/controller/enter.(*Client).clearRoom
    D:/gowork/max2/max2/app/game_user/internal/controller/enter/enter_v1_enter.go:1010
2.  game_user/internal/controller/enter.(*Client).handleInitRoom
    D:/gowork/max2/max2/app/game_user/internal/controller/enter/enter_v1_enter.go:214
3.  game_user/internal/controller/enter.(*Client).readLoop
    D:/gowork/max2/max2/app/game_user/internal/controller/enter/enter_v1_enter.go:184

2026-05-13T22:21:27.057+08:00 [ERRO] 用户 1 房间  不存在 
Stack:
1.  game_user/internal/controller/enter.(*Client).clearRoom
    D:/gowork/max2/max2/app/game_user/internal/controller/enter/enter_v1_enter.go:1015
2.  game_user/internal/controller/enter.(*Client).handleInitRoom
    D:/gowork/max2/max2/app/game_user/internal/controller/enter/enter_v1_enter.go:214
3.  game_user/internal/controller/enter.(*Client).readLoop
    D:/gowork/max2/max2/app/game_user/internal/controller/enter/enter_v1_enter.go:184

2026-05-13T22:21:27.067+08:00 [INFO] 用户 1 发送消息: {"type":"initRoom","data":"[{\"ID\":0,\"Name\":\"1\",\"RoomID\":\"N3NBYN\",\"Type\":0,\"CardNum\":13,\"Point\":902,\"UserId\":\"1\",\"RoomType\":1},{\"ID\":1,\"Name\":\"巫芷荷\",\"RoomID\":\"N3NBYN\",\"Type\":1,\"CardNum\":13,\"Point\":0,\"UserId\":\"\",\"RoomType\":1},{\"ID\":2,\"Name\":\"叶雨泽\",\"RoomID\":\"N3NBYN\",\"Type\":1,\"CardNum\":13,\"Point\":0,\"UserId\":\"\",\"RoomType\":1},{\"ID\":3,\"Name\":\"步鸿光\",\"RoomID\":\"N3NBYN\",\"Type\":1,\"CardNum\":13,\"Point\":0,\"UserId\":\"\",\"RoomType\":1}]","from":"1"}
2026-05-13T22:21:28.614+08:00 [INFO] heartbeatCheck: 1.5620433s
2026-05-13T22:21:30.517+08:00 [INFO] 用户 1 接收消息: {"type":"leaveRoom","data":"","name":""}（类型: 1）
2026-05-13T22:21:50.857+08:00 [WARN] keepalive exit, lease id: 7587894790532690425, retry register
2026-05-13T22:21:50.857+08:00 [WARN] keepalive exit, lease id: 7587894790532690423, retry register
2026-05-13T22:21:50.858+08:00 [INFO] heartbeatCheck: 20.3414955s
2026-05-13T22:21:50.864+08:00 [INFO] 用户 1 接收消息: {"type":"getInfo","data":"","name":""}（类型: 1）
2026-05-13T22:21:50.865+08:00 [ERRO] unexpected end of JSON input 
Stack:
1.  game_user/internal/controller/enter.(*Client).handleGetInfo
    D:/gowork/max2/max2/app/game_user/internal/controller/enter/enter_v1_enter.go:717
2.  game_user/internal/controller/enter.(*Client).readLoop
    D:/gowork/max2/max2/app/game_user/internal/controller/enter/enter_v1_enter.go:196

2026-05-13T22:21:50.867+08:00 [ERRO] 用户 1 房间  不存在 
Stack:
1.  game_user/internal/controller/enter.(*Client).handleGetInfo
    D:/gowork/max2/max2/app/game_user/internal/controller/enter/enter_v1_enter.go:729
2.  game_user/internal/controller/enter.(*Client).readLoop
    D:/gowork/max2/max2/app/game_user/internal/controller/enter/enter_v1_enter.go:196

2026-05-13T22:21:50.868+08:00 [INFO] 用户 1 接收消息: {"type":"heartbeat","data":"ping"}（类型: 1）
2026-05-13T22:21:50.869+08:00 [INFO] 用户 1 接收消息: {"type":"heartbeat","data":"ping"}（类型: 1）
2026-05-13T22:21:50.869+08:00 [INFO] 用户 1 发送消息: {"type":"heartbeat","data":"pong","from":"1"}
2026-05-13T22:21:50.870+08:00 [INFO] 用户 1 发送消息: {"type":"heartbeat","data":"pong","from":"1"}
2026-05-13T22:21:50.873+08:00 [DEBU] etcd put success with key "/service/default/default/game_user.svc/latest/172.20.10.3:8010", value "{"insecure":true,"protocol":"http"}", lease "7587894790532690431"
2026-05-13T22:21:50.875+08:00 [DEBU] etcd put success with key "/service/default/default/game_user/latest/172.20.10.3:9010", value "{"protocol":"grpc"}", lease "7587894790532690433"
2026-05-13T22:21:53.614+08:00 [INFO] heartbeatCheck: 2.7451269s
2026-05-13T22:21:58.614+08:00 [INFO] heartbeatCheck: 7.745242s
2026-05-13T22:22:00.881+08:00 [INFO] 用户 1 接收消息: {"type":"heartbeat","data":"ping"}（类型: 1）
2026-05-13T22:22:00.884+08:00 [INFO] 用户 1 发送消息: {"type":"heartbeat","data":"pong","from":"1"}
2026-05-13T22:22:03.615+08:00 [INFO] heartbeatCheck: 2.7339503s
2026-05-13T22:22:08.614+08:00 [INFO] heartbeatCheck: 7.7334433s
2026-05-13T22:22:11.688+08:00 [INFO] 用户 1 接收消息: {"type":"heartbeat","data":"ping"}（类型: 1）
2026-05-13T22:22:11.693+08:00 [INFO] 用户 1 发送消息: {"type":"heartbeat","data":"pong","from":"1"}
2026-05-13T22:22:13.748+08:00 [INFO] heartbeatCheck: 2.0599963s
2026-05-13T22:22:18.614+08:00 [INFO] heartbeatCheck: 6.9255146s
2026-05-13T22:22:22.688+08:00 [INFO] 用户 1 接收消息: {"type":"heartbeat","data":"ping"}（类型: 1）
2026-05-13T22:22:22.692+08:00 [INFO] 用户 1 发送消息: {"type":"heartbeat","data":"pong","from":"1"}
2026-05-13T22:22:23.614+08:00 [INFO] heartbeatCheck: 926.4768ms
2026-05-13T22:22:28.614+08:00 [INFO] heartbeatCheck: 5.9259915s
2026-05-13T22:22:33.616+08:00 [INFO] heartbeatCheck: 10.9288586s
2026-05-13T22:22:33.747+08:00 [INFO] 用户 1 接收消息: {"type":"heartbeat","data":"ping"}（类型: 1）
2026-05-13T22:22:33.749+08:00 [INFO] 用户 1 发送消息: {"type":"heartbeat","data":"pong","from":"1"}
2026-05-13T22:22:38.614+08:00 [INFO] heartbeatCheck: 4.8677858s
2026-05-13T22:22:43.614+08:00 [INFO] heartbeatCheck: 9.8673592s
2026-05-13T22:22:44.699+08:00 [INFO] 用户 1 接收消息: {"type":"heartbeat","data":"ping"}（类型: 1）
2026-05-13T22:22:44.700+08:00 [INFO] 用户 1 发送消息: {"type":"heartbeat","data":"pong","from":"1"}
2026-05-13T22:22:48.614+08:00 [INFO] heartbeatCheck: 3.9150222s
2026-05-13T22:22:53.614+08:00 [INFO] heartbeatCheck: 8.9150449s
2026-05-13T22:22:55.692+08:00 [INFO] 用户 1 接收消息: {"type":"heartbeat","data":"ping"}（类型: 1）
2026-05-13T22:22:55.695+08:00 [INFO] 用户 1 发送消息: {"type":"heartbeat","data":"pong","from":"1"}
2026-05-13T22:22:58.614+08:00 [INFO] heartbeatCheck: 2.9215824s
2026-05-13T22:23:03.614+08:00 [INFO] heartbeatCheck: 7.9218564s
2026-05-13T22:23:06.691+08:00 [INFO] 用户 1 接收消息: {"type":"heartbeat","data":"ping"}（类型: 1）
2026-05-13T22:23:06.693+08:00 [INFO] 用户 1 发送消息: {"type":"heartbeat","data":"pong","from":"1"}
2026-05-13T22:23:08.614+08:00 [INFO] heartbeatCheck: 1.9230202s
2026-05-13T22:23:13.614+08:00 [INFO] heartbeatCheck: 6.9231051s
2026-05-13T22:23:17.693+08:00 [INFO] 用户 1 接收消息: {"type":"heartbeat","data":"ping"}（类型: 1）
2026-05-13T22:23:17.697+08:00 [INFO] 用户 1 发送消息: {"type":"heartbeat","data":"pong","from":"1"}
2026-05-13T22:23:18.614+08:00 [INFO] heartbeatCheck: 920.7945ms
2026-05-13T22:23:23.614+08:00 [INFO] heartbeatCheck: 5.9207314s
2026-05-13T22:23:28.615+08:00 [INFO] heartbeatCheck: 10.9221612s
2026-05-13T22:23:28.732+08:00 [INFO] 用户 1 接收消息: {"type":"heartbeat","data":"ping"}（类型: 1）
2026-05-13T22:23:28.761+08:00 [INFO] 用户 1 发送消息: {"type":"heartbeat","data":"pong","from":"1"}
2026-05-13T22:23:33.614+08:00 [INFO] heartbeatCheck: 4.8822984s
2026-05-13T22:23:38.614+08:00 [INFO] heartbeatCheck: 9.8818135s
2026-05-13T22:23:38.800+08:00 [INFO] 用户 1 接收消息: {"type":"heartbeat","data":"ping"}（类型: 1）
2026-05-13T22:23:38.804+08:00 [INFO] 用户 1 发送消息: {"type":"heartbeat","data":"pong","from":"1"}
2026-05-13T22:23:43.614+08:00 [INFO] heartbeatCheck: 4.8142482s
2026-05-13T22:23:48.614+08:00 [INFO] heartbeatCheck: 9.8139637s
2026-05-13T22:23:48.815+08:00 [INFO] 用户 1 接收消息: {"type":"heartbeat","data":"ping"}（类型: 1）
2026-05-13T22:23:48.818+08:00 [INFO] 用户 1 发送消息: {"type":"heartbeat","data":"pong","from":"1"}
2026-05-13T22:23:53.622+08:00 [INFO] heartbeatCheck: 4.8069177s
2026-05-13T22:23:58.615+08:00 [INFO] heartbeatCheck: 9.7999996s
2026-05-13T22:23:58.832+08:00 [INFO] 用户 1 接收消息: {"type":"heartbeat","data":"ping"}（类型: 1）
2026-05-13T22:23:58.837+08:00 [INFO] 用户 1 发送消息: {"type":"heartbeat","data":"pong","from":"1"}
2026-05-13T22:24:03.614+08:00 [INFO] heartbeatCheck: 4.7813216s
2026-05-13T22:24:08.614+08:00 [INFO] heartbeatCheck: 9.7812933s
2026-05-13T22:24:08.853+08:00 [INFO] 用户 1 接收消息: {"type":"heartbeat","data":"ping"}（类型: 1）
2026-05-13T22:24:08.855+08:00 [INFO] 用户 1 发送消息: {"type":"heartbeat","data":"pong","from":"1"}
2026-05-13T22:24:13.614+08:00 [INFO] heartbeatCheck: 4.7610714s
2026-05-13T22:24:18.614+08:00 [INFO] heartbeatCheck: 9.7613408s
2026-05-13T22:24:18.866+08:00 [INFO] 用户 1 接收消息: {"type":"heartbeat","data":"ping"}（类型: 1）
2026-05-13T22:24:18.871+08:00 [INFO] 用户 1 发送消息: {"type":"heartbeat","data":"pong","from":"1"}
2026-05-13T22:24:23.619+08:00 [INFO] heartbeatCheck: 4.7530655s
2026-05-13T22:24:28.615+08:00 [INFO] heartbeatCheck: 9.7485036s
2026-05-13T22:24:28.884+08:00 [INFO] 用户 1 接收消息: {"type":"heartbeat","data":"ping"}（类型: 1）
2026-05-13T22:24:28.888+08:00 [INFO] 用户 1 发送消息: {"type":"heartbeat","data":"pong","from":"1"}
2026-05-13T22:24:33.614+08:00 [INFO] heartbeatCheck: 4.7300207s
2026-05-13T22:24:38.614+08:00 [INFO] heartbeatCheck: 9.7298996s
2026-05-13T22:24:38.892+08:00 [INFO] 用户 1 接收消息: {"type":"heartbeat","data":"ping"}（类型: 1）
2026-05-13T22:24:38.896+08:00 [INFO] 用户 1 发送消息: {"type":"heartbeat","data":"pong","from":"1"}
2026-05-13T22:24:43.614+08:00 [INFO] heartbeatCheck: 4.7222903s
2026-05-13T22:24:48.614+08:00 [INFO] heartbeatCheck: 9.7220337s
2026-05-13T22:24:48.916+08:00 [INFO] 用户 1 接收消息: {"type":"heartbeat","data":"ping"}（类型: 1）
2026-05-13T22:24:48.921+08:00 [INFO] 用户 1 发送消息: {"type":"heartbeat","data":"pong","from":"1"}
2026-05-13T22:24:53.615+08:00 [INFO] heartbeatCheck: 4.6980975s
2026-05-13T22:24:58.614+08:00 [INFO] heartbeatCheck: 9.6980176s
2026-05-13T22:25:01.829+08:00 [INFO] 用户 1 接收消息: {"type":"heartbeat","data":"ping"}（类型: 1）
2026-05-13T22:25:02.002+08:00 [INFO] 用户 1 发送消息: {"type":"heartbeat","data":"pong","from":"1"}
2026-05-13T22:25:03.618+08:00 [INFO] heartbeatCheck: 1.7888093s
2026-05-13T22:25:08.620+08:00 [INFO] heartbeatCheck: 6.7912707s
2026-05-13T22:25:13.616+08:00 [INFO] heartbeatCheck: 11.7869779s
2026-05-13T22:25:14.041+08:00 [INFO] 用户 1 接收消息: {"type":"heartbeat","data":"ping"}（类型: 1）
2026-05-13T22:25:14.043+08:00 [INFO] 用户 1 发送消息: {"type":"heartbeat","data":"pong","from":"1"}
2026-05-13T22:25:18.618+08:00 [INFO] heartbeatCheck: 4.5765168s
2026-05-13T22:25:23.622+08:00 [INFO] heartbeatCheck: 9.580739s
2026-05-13T22:25:28.632+08:00 [INFO] heartbeatCheck: 14.5905188s
2026-05-13T22:25:29.385+08:00 [INFO] 用户 1 接收消息: {"type":"heartbeat","data":"ping"}（类型: 1）
2026-05-13T22:25:29.425+08:00 [INFO] 用户 1 发送消息: {"type":"heartbeat","data":"pong","from":"1"}
2026-05-13T22:25:33.642+08:00 [INFO] heartbeatCheck: 4.2572164s
2026-05-13T22:25:38.634+08:00 [INFO] heartbeatCheck: 9.2496852s
2026-05-13T22:25:39.446+08:00 [INFO] 用户 1 接收消息: {"type":"heartbeat","data":"ping"}（类型: 1）
2026-05-13T22:25:39.447+08:00 [INFO] 用户 1 发送消息: {"type":"heartbeat","data":"pong","from":"1"}
2026-05-13T22:25:43.622+08:00 [INFO] heartbeatCheck: 4.1761246s
2026-05-13T22:25:48.630+08:00 [INFO] heartbeatCheck: 9.184006s
2026-05-13T22:25:49.692+08:00 [INFO] 用户 1 接收消息: {"type":"heartbeat","data":"ping"}（类型: 1）
2026-05-13T22:25:49.694+08:00 [INFO] 用户 1 发送消息: {"type":"heartbeat","data":"pong","from":"1"}
2026-05-13T22:25:53.640+08:00 [INFO] heartbeatCheck: 3.9476788s
2026-05-13T22:25:58.675+08:00 [INFO] heartbeatCheck: 8.982432s
2026-05-13T22:26:00.685+08:00 [INFO] 用户 1 接收消息: {"type":"heartbeat","data":"ping"}（类型: 1）
2026-05-13T22:26:00.689+08:00 [INFO] 用户 1 发送消息: {"type":"heartbeat","data":"pong","from":"1"}
2026-05-13T22:26:03.614+08:00 [INFO] heartbeatCheck: 2.928943s
2026-05-13T22:26:08.656+08:00 [INFO] heartbeatCheck: 7.9706975s
2026-05-13T22:26:11.690+08:00 [INFO] 用户 1 接收消息: {"type":"heartbeat","data":"ping"}（类型: 1）
2026-05-13T22:26:11.691+08:00 [INFO] 用户 1 发送消息: {"type":"heartbeat","data":"pong","from":"1"}
2026-05-13T22:26:13.615+08:00 [INFO] heartbeatCheck: 1.9254441s
2026-05-13T22:26:18.614+08:00 [INFO] heartbeatCheck: 6.9245259s
2026-05-13T22:26:22.699+08:00 [INFO] 用户 1 接收消息: {"type":"heartbeat","data":"ping"}（类型: 1）
2026-05-13T22:26:22.700+08:00 [INFO] 用户 1 发送消息: {"type":"heartbeat","data":"pong","from":"1"}
2026-05-13T22:26:23.614+08:00 [INFO] heartbeatCheck: 914.7549ms
2026-05-13T22:26:28.651+08:00 [INFO] heartbeatCheck: 5.9519312s
2026-05-13T22:26:33.617+08:00 [INFO] heartbeatCheck: 10.9181884s
2026-05-13T22:26:33.688+08:00 [INFO] 用户 1 接收消息: {"type":"heartbeat","data":"ping"}（类型: 1）
2026-05-13T22:26:33.689+08:00 [INFO] 用户 1 发送消息: {"type":"heartbeat","data":"pong","from":"1"}
2026-05-13T22:26:38.614+08:00 [INFO] heartbeatCheck: 4.926089s
2026-05-13T22:26:43.614+08:00 [INFO] heartbeatCheck: 9.9265676s
2026-05-13T22:26:43.709+08:00 [INFO] 用户 1 接收消息: {"type":"heartbeat","data":"ping"}（类型: 1）
2026-05-13T22:26:43.710+08:00 [INFO] 用户 1 发送消息: {"type":"heartbeat","data":"pong","from":"1"}
2026-05-13T22:26:48.614+08:00 [INFO] heartbeatCheck: 4.9056403s
2026-05-13T22:26:53.653+08:00 [INFO] heartbeatCheck: 9.9443962s
2026-05-13T22:26:54.103+08:00 [INFO] 用户 1 接收消息: {"type":"heartbeat","data":"ping"}（类型: 1）
2026-05-13T22:26:54.107+08:00 [INFO] 用户 1 发送消息: {"type":"heartbeat","data":"pong","from":"1"}
2026-05-13T22:26:58.614+08:00 [INFO] heartbeatCheck: 4.5106242s
2026-05-13T22:27:03.618+08:00 [INFO] heartbeatCheck: 9.5149325s
2026-05-13T22:27:04.239+08:00 [INFO] 用户 1 接收消息: {"type":"heartbeat","data":"ping"}（类型: 1）
2026-05-13T22:27:04.249+08:00 [INFO] 用户 1 发送消息: {"type":"heartbeat","data":"pong","from":"1"}
2026-05-13T22:27:08.169+08:00 [INFO] 用户 1 连接已关闭，读循环退出
2026-05-13T22:27:08.171+08:00 [INFO] 用户 1 关闭连接，原因: 读循环退出
2026-05-13T22:27:08.175+08:00 [INFO] 用户 1 心跳检测被取消: context canceled
2026-05-13T22:27:08.176+08:00 [INFO] 用户 1 心跳检测退出
2026-05-13T22:27:15.769+08:00 [INFO] {50643a604026af187832836298550b5f} 用户 1 连接成功
2026-05-13T22:27:15.773+08:00 [INFO] heartbeatCheck: 2562047h47m16.854775807s
2026-05-13T22:27:15.784+08:00 [INFO] 用户 1 接收消息: {"type":"getInfo","data":"","name":""}（类型: 1）
2026-05-13T22:27:15.793+08:00 [ERRO] unexpected end of JSON input 
Stack:
1.  game_user/internal/controller/enter.(*Client).handleGetInfo
    D:/gowork/max2/max2/app/game_user/internal/controller/enter/enter_v1_enter.go:717
2.  game_user/internal/controller/enter.(*Client).readLoop
    D:/gowork/max2/max2/app/game_user/internal/controller/enter/enter_v1_enter.go:196

2026-05-13T22:27:15.796+08:00 [ERRO] 用户 1 房间  不存在 
Stack:
1.  game_user/internal/controller/enter.(*Client).handleGetInfo
    D:/gowork/max2/max2/app/game_user/internal/controller/enter/enter_v1_enter.go:729
2.  game_user/internal/controller/enter.(*Client).readLoop
    D:/gowork/max2/max2/app/game_user/internal/controller/enter/enter_v1_enter.go:196

2026-05-13T22:27:20.773+08:00 [INFO] heartbeatCheck: 4.9890189s
2026-05-13T22:27:25.774+08:00 [INFO] heartbeatCheck: 9.9901117s
2026-05-13T22:27:25.778+08:00 [INFO] 用户 1 接收消息: {"type":"heartbeat","data":"ping"}（类型: 1）
2026-05-13T22:27:25.781+08:00 [INFO] 用户 1 发送消息: {"type":"heartbeat","data":"pong","from":"1"}
2026-05-13T22:27:25.783+08:00 [INFO] 用户 1 连接已关闭，跳过消息发送
2026-05-13T22:27:25.784+08:00 [INFO] 用户 1 writeLoop退出
2026-05-13T22:27:30.773+08:00 [INFO] heartbeatCheck: 4.996527s
2026-05-13T22:27:35.774+08:00 [INFO] heartbeatCheck: 9.9965548s
2026-05-13T22:27:35.789+08:00 [INFO] 用户 1 接收消息: {"type":"heartbeat","data":"ping"}（类型: 1）
2026-05-13T22:27:35.795+08:00 [INFO] 用户 1 发送消息: {"type":"heartbeat","data":"pong","from":"1"}
2026-05-13T22:27:40.888+08:00 [INFO] heartbeatCheck: 5.0991601s
2026-05-13T22:27:45.773+08:00 [INFO] heartbeatCheck: 9.9842552s
2026-05-13T22:27:45.812+08:00 [INFO] 用户 1 接收消息: {"type":"heartbeat","data":"ping"}（类型: 1）
2026-05-13T22:27:45.813+08:00 [INFO] 用户 1 发送消息: {"type":"heartbeat","data":"pong","from":"1"}
2026-05-13T22:27:50.773+08:00 [INFO] heartbeatCheck: 4.9613012s
2026-05-13T22:27:55.774+08:00 [INFO] heartbeatCheck: 9.9617852s
2026-05-13T22:27:55.819+08:00 [INFO] 用户 1 接收消息: {"type":"heartbeat","data":"ping"}（类型: 1）
2026-05-13T22:27:55.820+08:00 [INFO] 用户 1 发送消息: {"type":"heartbeat","data":"pong","from":"1"}
2026-05-13T22:27:56.327+08:00 [INFO] 用户 1 连接已关闭，读循环退出
2026-05-13T22:27:56.328+08:00 [INFO] 用户 1 关闭连接，原因: 读循环退出
2026-05-13T22:27:56.331+08:00 [INFO] 用户 1 心跳检测被取消: context canceled
2026-05-13T22:27:56.331+08:00 [INFO] 用户 1 心跳检测退出
2026-05-13T22:28:02.106+08:00 [INFO] {6c47162a4b26af18803283624888faee} 用户 1 连接成功
2026-05-13T22:28:02.108+08:00 [INFO] heartbeatCheck: 2562047h47m16.854775807s
2026-05-13T22:28:02.119+08:00 [INFO] 用户 1 接收消息: {"type":"getInfo","data":"","name":""}（类型: 1）
2026-05-13T22:28:02.157+08:00 [ERRO] unexpected end of JSON input 
Stack:
1.  game_user/internal/controller/enter.(*Client).handleGetInfo
    D:/gowork/max2/max2/app/game_user/internal/controller/enter/enter_v1_enter.go:717
2.  game_user/internal/controller/enter.(*Client).readLoop
    D:/gowork/max2/max2/app/game_user/internal/controller/enter/enter_v1_enter.go:196

2026-05-13T22:28:02.159+08:00 [ERRO] 用户 1 房间  不存在 
Stack:
1.  game_user/internal/controller/enter.(*Client).handleGetInfo
    D:/gowork/max2/max2/app/game_user/internal/controller/enter/enter_v1_enter.go:729
2.  game_user/internal/controller/enter.(*Client).readLoop
    D:/gowork/max2/max2/app/game_user/internal/controller/enter/enter_v1_enter.go:196

2026-05-13T22:28:07.108+08:00 [INFO] heartbeatCheck: 4.9886218s
2026-05-13T22:28:12.109+08:00 [INFO] heartbeatCheck: 9.9895254s
2026-05-13T22:28:12.133+08:00 [INFO] 用户 1 接收消息: {"type":"heartbeat","data":"ping"}（类型: 1）
2026-05-13T22:28:12.155+08:00 [INFO] 用户 1 连接已关闭，跳过消息发送
2026-05-13T22:28:12.158+08:00 [INFO] 用户 1 writeLoop退出
2026-05-13T22:28:12.162+08:00 [INFO] 用户 1 发送消息: {"type":"heartbeat","data":"pong","from":"1"}
2026-05-13T22:28:17.108+08:00 [INFO] heartbeatCheck: 4.9755788s
2026-05-13T22:28:22.108+08:00 [INFO] heartbeatCheck: 9.975138s
2026-05-13T22:28:22.194+08:00 [INFO] 用户 1 接收消息: {"type":"heartbeat","data":"ping"}（类型: 1）
2026-05-13T22:28:22.195+08:00 [INFO] 用户 1 发送消息: {"type":"heartbeat","data":"pong","from":"1"}
2026-05-13T22:28:27.108+08:00 [INFO] heartbeatCheck: 4.9145386s
2026-05-13T22:28:32.109+08:00 [INFO] heartbeatCheck: 9.9148915s
2026-05-13T22:28:32.203+08:00 [INFO] 用户 1 接收消息: {"type":"heartbeat","data":"ping"}（类型: 1）
2026-05-13T22:28:32.208+08:00 [INFO] 用户 1 发送消息: {"type":"heartbeat","data":"pong","from":"1"}
2026-05-13T22:28:37.108+08:00 [INFO] heartbeatCheck: 4.9050899s
2026-05-13T22:28:42.108+08:00 [INFO] heartbeatCheck: 9.9048627s
2026-05-13T22:28:42.226+08:00 [INFO] 用户 1 接收消息: {"type":"heartbeat","data":"ping"}（类型: 1）
2026-05-13T22:28:42.230+08:00 [INFO] 用户 1 发送消息: {"type":"heartbeat","data":"pong","from":"1"}
2026-05-13T22:28:47.108+08:00 [INFO] heartbeatCheck: 4.8816825s
2026-05-13T22:28:52.108+08:00 [INFO] heartbeatCheck: 9.8825032s
2026-05-13T22:28:52.699+08:00 [INFO] 用户 1 接收消息: {"type":"heartbeat","data":"ping"}（类型: 1）
2026-05-13T22:28:52.701+08:00 [INFO] 用户 1 发送消息: {"type":"heartbeat","data":"pong","from":"1"}
2026-05-13T22:28:57.108+08:00 [INFO] heartbeatCheck: 4.4093495s
2026-05-13T22:29:02.132+08:00 [INFO] heartbeatCheck: 9.4328291s
2026-05-13T22:29:03.869+08:00 [INFO] 用户 1 接收消息: {"type":"heartbeat","data":"ping"}（类型: 1）
2026-05-13T22:29:03.870+08:00 [INFO] 用户 1 发送消息: {"type":"heartbeat","data":"pong","from":"1"}
2026-05-13T22:29:07.108+08:00 [INFO] heartbeatCheck: 3.239352s
2026-05-13T22:29:10.259+08:00 [INFO] 用户 1 连接已关闭，读循环退出
2026-05-13T22:29:10.259+08:00 [INFO] 用户 1 关闭连接，原因: 读循环退出
2026-05-13T22:29:10.260+08:00 [INFO] 用户 1 心跳检测被取消: context canceled
2026-05-13T22:29:10.260+08:00 [INFO] 用户 1 心跳检测退出
2026-05-13T22:29:15.436+08:00 [INFO] {d864153b5c26af188a328362617b53f9} 用户 1 连接成功
2026-05-13T22:29:15.439+08:00 [INFO] heartbeatCheck: 2562047h47m16.854775807s
2026-05-13T22:29:15.509+08:00 [INFO] 用户 1 接收消息: {"type":"getInfo","data":"","name":""}（类型: 1）
2026-05-13T22:29:15.515+08:00 [ERRO] unexpected end of JSON input 
Stack:
1.  game_user/internal/controller/enter.(*Client).handleGetInfo
    D:/gowork/max2/max2/app/game_user/internal/controller/enter/enter_v1_enter.go:717
2.  game_user/internal/controller/enter.(*Client).readLoop
    D:/gowork/max2/max2/app/game_user/internal/controller/enter/enter_v1_enter.go:196

2026-05-13T22:29:15.518+08:00 [ERRO] 用户 1 房间  不存在 
Stack:
1.  game_user/internal/controller/enter.(*Client).handleGetInfo
    D:/gowork/max2/max2/app/game_user/internal/controller/enter/enter_v1_enter.go:729
2.  game_user/internal/controller/enter.(*Client).readLoop
    D:/gowork/max2/max2/app/game_user/internal/controller/enter/enter_v1_enter.go:196

2026-05-13T22:29:20.440+08:00 [INFO] heartbeatCheck: 4.9302101s
2026-05-13T22:29:25.452+08:00 [INFO] heartbeatCheck: 9.9425228s
2026-05-13T22:29:30.439+08:00 [INFO] heartbeatCheck: 14.9299139s
2026-05-13T22:29:35.440+08:00 [INFO] heartbeatCheck: 19.9302361s
2026-05-13T22:29:40.439+08:00 [INFO] heartbeatCheck: 24.9300139s
2026-05-13T22:29:45.439+08:00 [INFO] heartbeatCheck: 29.9300803s
2026-05-13T22:29:45.517+08:00 [INFO] 用户 1 接收消息: {"type":"heartbeat","data":"ping"}（类型: 1）
2026-05-13T22:29:45.520+08:00 [INFO] 用户 1 发送消息: {"type":"heartbeat","data":"pong","from":"1"}
2026-05-13T22:29:45.520+08:00 [INFO] 用户 1 连接已关闭，跳过消息发送
2026-05-13T22:29:45.524+08:00 [INFO] 用户 1 writeLoop退出
2026-05-13T22:29:50.440+08:00 [INFO] heartbeatCheck: 4.9227955s
2026-05-13T22:29:55.439+08:00 [INFO] heartbeatCheck: 9.9225503s
2026-05-13T22:30:00.440+08:00 [INFO] heartbeatCheck: 14.9227991s
2026-05-13T22:30:05.518+08:00 [INFO] heartbeatCheck: 20.0011769s
2026-05-13T22:30:10.440+08:00 [INFO] heartbeatCheck: 24.9231852s
2026-05-13T22:30:15.440+08:00 [INFO] heartbeatCheck: 29.9233062s
2026-05-13T22:30:15.537+08:00 [INFO] 用户 1 接收消息: {"type":"heartbeat","data":"ping"}（类型: 1）
2026-05-13T22:30:15.542+08:00 [INFO] 用户 1 发送消息: {"type":"heartbeat","data":"pong","from":"1"}
2026-05-13T22:30:20.439+08:00 [INFO] heartbeatCheck: 4.9019129s
2026-05-13T22:30:25.439+08:00 [INFO] heartbeatCheck: 9.9020647s
2026-05-13T22:30:30.440+08:00 [INFO] heartbeatCheck: 14.9023384s
2026-05-13T22:30:35.439+08:00 [INFO] heartbeatCheck: 19.9021302s
2026-05-13T22:30:40.442+08:00 [INFO] heartbeatCheck: 24.9045323s
2026-05-13T22:30:45.441+08:00 [INFO] heartbeatCheck: 29.903875s
2026-05-13T22:30:45.546+08:00 [INFO] 用户 1 接收消息: {"type":"heartbeat","data":"ping"}（类型: 1）
2026-05-13T22:30:45.548+08:00 [INFO] 用户 1 发送消息: {"type":"heartbeat","data":"pong","from":"1"}
2026-05-13T22:30:50.440+08:00 [INFO] heartbeatCheck: 4.8942183s
2026-05-13T22:30:55.439+08:00 [INFO] heartbeatCheck: 9.8939574s
2026-05-13T22:31:00.439+08:00 [INFO] heartbeatCheck: 14.8940352s
2026-05-13T22:31:05.439+08:00 [INFO] heartbeatCheck: 19.8938522s
2026-05-13T22:31:10.439+08:00 [INFO] heartbeatCheck: 24.8939002s
2026-05-13T22:31:15.455+08:00 [INFO] heartbeatCheck: 29.9100576s
2026-05-13T22:31:18.298+08:00 [INFO] 用户 1 接收消息: {"type":"heartbeat","data":"ping"}（类型: 1）
2026-05-13T22:31:18.299+08:00 [INFO] 用户 1 发送消息: {"type":"heartbeat","data":"pong","from":"1"}
2026-05-13T22:31:20.441+08:00 [INFO] heartbeatCheck: 2.1433005s
2026-05-13T22:31:25.440+08:00 [INFO] heartbeatCheck: 7.1422248s
2026-05-13T22:31:30.440+08:00 [INFO] heartbeatCheck: 12.1417496s
2026-05-13T22:31:35.440+08:00 [INFO] heartbeatCheck: 17.1417123s
2026-05-13T22:31:40.439+08:00 [INFO] heartbeatCheck: 22.1416906s
2026-05-13T22:31:45.439+08:00 [INFO] heartbeatCheck: 27.1413746s
2026-05-13T22:31:48.688+08:00 [INFO] 用户 1 接收消息: {"type":"heartbeat","data":"ping"}（类型: 1）
2026-05-13T22:31:48.691+08:00 [INFO] 用户 1 发送消息: {"type":"heartbeat","data":"pong","from":"1"}
2026-05-13T22:31:50.440+08:00 [INFO] heartbeatCheck: 1.7522916s
2026-05-13T22:31:55.439+08:00 [INFO] heartbeatCheck: 6.7519322s
2026-05-13T22:32:00.440+08:00 [INFO] heartbeatCheck: 11.7526411s
2026-05-13T22:32:05.440+08:00 [INFO] heartbeatCheck: 16.7520915s
2026-05-13T22:32:10.440+08:00 [INFO] heartbeatCheck: 21.7519978s
2026-05-13T22:32:15.440+08:00 [INFO] heartbeatCheck: 26.7520806s
2026-05-13T22:32:20.493+08:00 [INFO] heartbeatCheck: 31.8059389s
2026-05-13T22:32:21.371+08:00 [INFO] 用户 1 接收消息: {"type":"heartbeat","data":"ping"}（类型: 1）
2026-05-13T22:32:21.373+08:00 [INFO] 用户 1 发送消息: {"type":"heartbeat","data":"pong","from":"1"}
2026-05-13T22:32:25.439+08:00 [INFO] heartbeatCheck: 4.0676304s
2026-05-13T22:32:30.502+08:00 [INFO] heartbeatCheck: 9.1302265s
2026-05-13T22:32:35.440+08:00 [INFO] heartbeatCheck: 14.0682404s
2026-05-13T22:32:40.440+08:00 [INFO] heartbeatCheck: 19.0686906s
2026-05-13T22:32:45.439+08:00 [INFO] heartbeatCheck: 24.0678324s
2026-05-13T22:32:50.439+08:00 [INFO] heartbeatCheck: 29.0678429s
2026-05-13T22:32:51.695+08:00 [INFO] 用户 1 接收消息: {"type":"heartbeat","data":"ping"}（类型: 1）
2026-05-13T22:32:51.698+08:00 [INFO] 用户 1 发送消息: {"type":"heartbeat","data":"pong","from":"1"}
2026-05-13T22:32:55.461+08:00 [INFO] heartbeatCheck: 3.7662839s
2026-05-13T22:33:00.439+08:00 [INFO] heartbeatCheck: 8.7443248s
2026-05-13T22:33:05.492+08:00 [INFO] heartbeatCheck: 13.7972384s
2026-05-13T22:33:10.439+08:00 [INFO] heartbeatCheck: 18.7441258s
2026-05-13T22:33:15.440+08:00 [INFO] heartbeatCheck: 23.7449962s
2026-05-13T22:33:20.440+08:00 [INFO] heartbeatCheck: 28.7446129s
2026-05-13T22:33:20.603+08:00 [INFO] 用户 1 连接已关闭，读循环退出
2026-05-13T22:33:20.603+08:00 [INFO] 用户 1 关闭连接，原因: 读循环退出
2026-05-13T22:33:20.606+08:00 [INFO] 用户 1 心跳检测被取消: context canceled
2026-05-13T22:33:20.639+08:00 [INFO] 用户 1 心跳检测退出
2026-05-13T22:33:26.996+08:00 [INFO] {d8d47cce9626af18953283620746539e} 用户 1 连接成功
2026-05-13T22:33:26.999+08:00 [INFO] heartbeatCheck: 2562047h47m16.854775807s
2026-05-13T22:33:27.071+08:00 [INFO] 用户 1 接收消息: {"type":"getInfo","data":"","name":""}（类型: 1）
2026-05-13T22:33:27.137+08:00 [ERRO] unexpected end of JSON input 
Stack:
1.  game_user/internal/controller/enter.(*Client).handleGetInfo
    D:/gowork/max2/max2/app/game_user/internal/controller/enter/enter_v1_enter.go:717
2.  game_user/internal/controller/enter.(*Client).readLoop
    D:/gowork/max2/max2/app/game_user/internal/controller/enter/enter_v1_enter.go:196

2026-05-13T22:33:27.153+08:00 [ERRO] 用户 1 房间  不存在 
Stack:
1.  game_user/internal/controller/enter.(*Client).handleGetInfo
    D:/gowork/max2/max2/app/game_user/internal/controller/enter/enter_v1_enter.go:729
2.  game_user/internal/controller/enter.(*Client).readLoop
    D:/gowork/max2/max2/app/game_user/internal/controller/enter/enter_v1_enter.go:196

2026-05-13T22:33:31.999+08:00 [INFO] heartbeatCheck: 4.9277733s
2026-05-13T22:33:36.999+08:00 [INFO] heartbeatCheck: 9.9279827s
2026-05-13T22:33:41.999+08:00 [INFO] heartbeatCheck: 14.9278267s
2026-05-13T22:33:46.999+08:00 [INFO] heartbeatCheck: 19.9282202s
2026-05-13T22:33:51.999+08:00 [INFO] heartbeatCheck: 24.9278421s
2026-05-13T22:33:56.310+08:00 [INFO] 用户 1 连接已关闭，读循环退出
2026-05-13T22:33:56.310+08:00 [INFO] 用户 1 关闭连接，原因: 读循环退出
2026-05-13T22:33:56.311+08:00 [INFO] 用户 1 心跳检测被取消: context canceled
2026-05-13T22:33:56.311+08:00 [INFO] 用户 1 心跳检测退出
2026-05-13T22:34:01.730+08:00 [INFO] {fc7feee49e26af18993283624dac2400} 用户 1 连接成功
2026-05-13T22:34:01.735+08:00 [INFO] heartbeatCheck: 2562047h47m16.854775807s
2026-05-13T22:34:01.871+08:00 [INFO] 用户 1 接收消息: {"type":"getInfo","data":"","name":""}（类型: 1）
2026-05-13T22:34:01.920+08:00 [ERRO] unexpected end of JSON input 
Stack:
1.  game_user/internal/controller/enter.(*Client).handleGetInfo
    D:/gowork/max2/max2/app/game_user/internal/controller/enter/enter_v1_enter.go:717
2.  game_user/internal/controller/enter.(*Client).readLoop
    D:/gowork/max2/max2/app/game_user/internal/controller/enter/enter_v1_enter.go:196

2026-05-13T22:34:02.119+08:00 [ERRO] 用户 1 房间  不存在 
Stack:
1.  game_user/internal/controller/enter.(*Client).handleGetInfo
    D:/gowork/max2/max2/app/game_user/internal/controller/enter/enter_v1_enter.go:729
2.  game_user/internal/controller/enter.(*Client).readLoop
    D:/gowork/max2/max2/app/game_user/internal/controller/enter/enter_v1_enter.go:196

2026-05-13T22:34:06.734+08:00 [INFO] heartbeatCheck: 4.8636434s
2026-05-13T22:34:11.760+08:00 [INFO] heartbeatCheck: 9.889597s
2026-05-13T22:34:16.807+08:00 [INFO] heartbeatCheck: 14.9364229s
2026-05-13T22:34:21.734+08:00 [INFO] heartbeatCheck: 19.8630838s
2026-05-13T22:34:26.836+08:00 [INFO] heartbeatCheck: 24.9653941s
2026-05-13T22:34:31.735+08:00 [INFO] heartbeatCheck: 29.8638871s
2026-05-13T22:34:31.820+08:00 [INFO] 用户 1 接收消息: {"type":"heartbeat","data":"ping"}（类型: 1）
2026-05-13T22:34:31.822+08:00 [INFO] 用户 1 发送消息: {"type":"heartbeat","data":"pong","from":"1"}
2026-05-13T22:34:31.823+08:00 [INFO] 用户 1 连接已关闭，跳过消息发送
2026-05-13T22:34:31.823+08:00 [INFO] 用户 1 连接已关闭，跳过消息发送
2026-05-13T22:34:31.835+08:00 [INFO] 用户 1 writeLoop退出
2026-05-13T22:34:31.840+08:00 [INFO] 用户 1 writeLoop退出
2026-05-13T22:34:33.098+08:00 [INFO] 用户 1 连接已关闭，读循环退出
2026-05-13T22:34:33.099+08:00 [INFO] 用户 1 关闭连接，原因: 读循环退出
2026-05-13T22:34:33.100+08:00 [INFO] 用户 1 心跳检测被取消: context canceled
2026-05-13T22:34:33.101+08:00 [INFO] 用户 1 心跳检测退出
2026-05-13T22:34:38.465+08:00 [INFO] {083ae272a726af189e328362c2c1568d} 用户 1 连接成功
2026-05-13T22:34:38.468+08:00 [INFO] heartbeatCheck: 2562047h47m16.854775807s
2026-05-13T22:34:38.541+08:00 [INFO] 用户 1 接收消息: {"type":"getInfo","data":"","name":""}（类型: 1）
2026-05-13T22:34:38.588+08:00 [ERRO] unexpected end of JSON input 
Stack:
1.  game_user/internal/controller/enter.(*Client).handleGetInfo
    D:/gowork/max2/max2/app/game_user/internal/controller/enter/enter_v1_enter.go:717
2.  game_user/internal/controller/enter.(*Client).readLoop
    D:/gowork/max2/max2/app/game_user/internal/controller/enter/enter_v1_enter.go:196

2026-05-13T22:34:38.665+08:00 [ERRO] 用户 1 房间  不存在 
Stack:
1.  game_user/internal/controller/enter.(*Client).handleGetInfo
    D:/gowork/max2/max2/app/game_user/internal/controller/enter/enter_v1_enter.go:729
2.  game_user/internal/controller/enter.(*Client).readLoop
    D:/gowork/max2/max2/app/game_user/internal/controller/enter/enter_v1_enter.go:196

2026-05-13T22:34:43.469+08:00 [INFO] heartbeatCheck: 4.9282991s
2026-05-13T22:34:43.646+08:00 [INFO] 用户 1 连接已关闭，读循环退出
2026-05-13T22:34:43.668+08:00 [INFO] 用户 1 关闭连接，原因: 读循环退出
2026-05-13T22:34:43.670+08:00 [INFO] 用户 1 心跳检测被取消: context canceled
2026-05-13T22:34:43.673+08:00 [INFO] 用户 1 心跳检测退出
2026-05-13T22:34:47.592+08:00 [INFO] {c85de692a926af18a232836201e3c99b} 用户 1 连接成功
2026-05-13T22:34:47.593+08:00 [INFO] heartbeatCheck: 2562047h47m16.854775807s
2026-05-13T22:34:47.644+08:00 [INFO] 用户 1 接收消息: {"type":"getInfo","data":"","name":""}（类型: 1）
2026-05-13T22:34:47.647+08:00 [ERRO] unexpected end of JSON input 
Stack:
1.  game_user/internal/controller/enter.(*Client).handleGetInfo
    D:/gowork/max2/max2/app/game_user/internal/controller/enter/enter_v1_enter.go:717
2.  game_user/internal/controller/enter.(*Client).readLoop
    D:/gowork/max2/max2/app/game_user/internal/controller/enter/enter_v1_enter.go:196

2026-05-13T22:34:47.651+08:00 [ERRO] 用户 1 房间  不存在 
Stack:
1.  game_user/internal/controller/enter.(*Client).handleGetInfo
    D:/gowork/max2/max2/app/game_user/internal/controller/enter/enter_v1_enter.go:729
2.  game_user/internal/controller/enter.(*Client).readLoop
    D:/gowork/max2/max2/app/game_user/internal/controller/enter/enter_v1_enter.go:196

2026-05-13T22:34:51.139+08:00 [INFO] 用户 1 接收消息: {"type":"initRoom","data":"","name":""}（类型: 1）
2026-05-13T22:34:51.141+08:00 [ERRO] unexpected end of JSON input 
Stack:
1.  game_user/internal/controller/enter.(*Client).clearRoom
    D:/gowork/max2/max2/app/game_user/internal/controller/enter/enter_v1_enter.go:1010
2.  game_user/internal/controller/enter.(*Client).handleInitRoom
    D:/gowork/max2/max2/app/game_user/internal/controller/enter/enter_v1_enter.go:214
3.  game_user/internal/controller/enter.(*Client).readLoop
    D:/gowork/max2/max2/app/game_user/internal/controller/enter/enter_v1_enter.go:184

2026-05-13T22:34:51.143+08:00 [ERRO] 用户 1 房间  不存在 
Stack:
1.  game_user/internal/controller/enter.(*Client).clearRoom
    D:/gowork/max2/max2/app/game_user/internal/controller/enter/enter_v1_enter.go:1015
2.  game_user/internal/controller/enter.(*Client).handleInitRoom
    D:/gowork/max2/max2/app/game_user/internal/controller/enter/enter_v1_enter.go:214
3.  game_user/internal/controller/enter.(*Client).readLoop
    D:/gowork/max2/max2/app/game_user/internal/controller/enter/enter_v1_enter.go:184

2026-05-13T22:34:51.152+08:00 [INFO] 用户 1 连接已关闭，跳过消息发送
2026-05-13T22:34:51.154+08:00 [INFO] 用户 1 writeLoop退出
2026-05-13T22:34:51.156+08:00 [INFO] 用户 1 连接已关闭，跳过消息发送
2026-05-13T22:34:51.166+08:00 [INFO] 用户 1 writeLoop退出
2026-05-13T22:34:51.156+08:00 [INFO] 用户 1 发送消息: {"type":"initRoom","data":"[{\"ID\":0,\"Name\":\"1\",\"RoomID\":\"NA332W\",\"Type\":0,\"CardNum\":13,\"Point\":902,\"UserId\":\"1\",\"RoomType\":1},{\"ID\":1,\"Name\":\"俞鸿煊\",\"RoomID\":\"NA332W\",\"Type\":1,\"CardNum\":13,\"Point\":0,\"UserId\":\"\",\"RoomType\":1},{\"ID\":2,\"Name\":\"吴德泽\",\"RoomID\":\"NA332W\",\"Type\":1,\"CardNum\":13,\"Point\":0,\"UserId\":\"\",\"RoomType\":1},{\"ID\":3,\"Name\":\"充思萱\",\"RoomID\":\"NA332W\",\"Type\":1,\"CardNum\":13,\"Point\":0,\"UserId\":\"\",\"RoomType\":1}]","from":"1"}
2026-05-13T22:34:52.594+08:00 [INFO] heartbeatCheck: 1.4556156s
2026-05-13T22:34:56.258+08:00 [INFO] 用户 1 接收消息: {"type":"leaveRoom","data":"","name":""}（类型: 1）
2026-05-13T22:34:56.264+08:00 [INFO] 用户 1 接收消息: {"type":"getInfo","data":"","name":""}（类型: 1）
2026-05-13T22:34:56.272+08:00 [ERRO] unexpected end of JSON input 
Stack:
1.  game_user/internal/controller/enter.(*Client).handleGetInfo
    D:/gowork/max2/max2/app/game_user/internal/controller/enter/enter_v1_enter.go:717
2.  game_user/internal/controller/enter.(*Client).readLoop
    D:/gowork/max2/max2/app/game_user/internal/controller/enter/enter_v1_enter.go:196

2026-05-13T22:34:56.275+08:00 [ERRO] 用户 1 房间  不存在 
Stack:
1.  game_user/internal/controller/enter.(*Client).handleGetInfo
    D:/gowork/max2/max2/app/game_user/internal/controller/enter/enter_v1_enter.go:729
2.  game_user/internal/controller/enter.(*Client).readLoop
    D:/gowork/max2/max2/app/game_user/internal/controller/enter/enter_v1_enter.go:196

2026-05-13T22:34:57.593+08:00 [INFO] heartbeatCheck: 1.3292293s
2026-05-13T22:35:02.594+08:00 [INFO] heartbeatCheck: 6.3299414s
2026-05-13T22:35:07.593+08:00 [INFO] heartbeatCheck: 11.3293031s
2026-05-13T22:35:12.594+08:00 [INFO] heartbeatCheck: 16.3298406s
2026-05-13T22:35:17.593+08:00 [INFO] heartbeatCheck: 21.3292185s
2026-05-13T22:35:21.190+08:00 [INFO] 用户 1 接收消息: {"type":"heartbeat","data":"ping"}（类型: 1）
2026-05-13T22:35:21.198+08:00 [INFO] 用户 1 发送消息: {"type":"heartbeat","data":"pong","from":"1"}
2026-05-13T22:35:22.594+08:00 [INFO] heartbeatCheck: 1.4034601s
2026-05-13T22:35:27.594+08:00 [INFO] heartbeatCheck: 6.4037664s
2026-05-13T22:35:32.593+08:00 [INFO] heartbeatCheck: 11.4031249s
2026-05-13T22:35:37.670+08:00 [INFO] heartbeatCheck: 16.4796957s
2026-05-13T22:35:42.594+08:00 [INFO] heartbeatCheck: 21.4036491s
2026-05-13T22:35:47.594+08:00 [INFO] heartbeatCheck: 26.403253s
2026-05-13T22:35:51.693+08:00 [INFO] 用户 1 接收消息: {"type":"heartbeat","data":"ping"}（类型: 1）
2026-05-13T22:35:51.695+08:00 [INFO] 用户 1 发送消息: {"type":"heartbeat","data":"pong","from":"1"}
2026-05-13T22:35:52.594+08:00 [INFO] heartbeatCheck: 900.7447ms
2026-05-13T22:35:57.593+08:00 [INFO] heartbeatCheck: 5.9001791s
2026-05-13T22:36:02.594+08:00 [INFO] heartbeatCheck: 10.9004542s
2026-05-13T22:36:07.594+08:00 [INFO] heartbeatCheck: 15.9007701s
2026-05-13T22:36:12.594+08:00 [INFO] heartbeatCheck: 20.9002531s
2026-05-13T22:36:17.593+08:00 [INFO] heartbeatCheck: 25.9001489s
2026-05-13T22:36:22.593+08:00 [INFO] heartbeatCheck: 30.8999612s
2026-05-13T22:36:22.696+08:00 [INFO] 用户 1 接收消息: {"type":"heartbeat","data":"ping"}（类型: 1）
2026-05-13T22:36:22.698+08:00 [INFO] 用户 1 发送消息: {"type":"heartbeat","data":"pong","from":"1"}
2026-05-13T22:36:27.881+08:00 [INFO] heartbeatCheck: 5.1852978s
2026-05-13T22:36:32.605+08:00 [INFO] heartbeatCheck: 9.9086788s
2026-05-13T22:36:37.610+08:00 [INFO] heartbeatCheck: 14.9139591s
2026-05-13T22:36:42.602+08:00 [INFO] heartbeatCheck: 19.9063028s
2026-05-13T22:36:47.593+08:00 [INFO] heartbeatCheck: 24.897251s
2026-05-13T22:36:52.729+08:00 [INFO] heartbeatCheck: 30.0329849s
2026-05-13T22:36:54.649+08:00 [INFO] 用户 1 接收消息: {"type":"heartbeat","data":"ping"}（类型: 1）
2026-05-13T22:36:54.658+08:00 [INFO] 用户 1 发送消息: {"type":"heartbeat","data":"pong","from":"1"}
2026-05-13T22:36:57.594+08:00 [INFO] heartbeatCheck: 2.9453078s
2026-05-13T22:37:02.601+08:00 [INFO] heartbeatCheck: 7.9525601s
2026-05-13T22:37:07.593+08:00 [INFO] heartbeatCheck: 12.9445205s
2026-05-13T22:37:12.691+08:00 [INFO] heartbeatCheck: 18.0427428s
2026-05-13T22:37:17.606+08:00 [INFO] heartbeatCheck: 22.9570489s
2026-05-13T22:37:22.601+08:00 [INFO] heartbeatCheck: 27.952093s
2026-05-13T22:37:25.700+08:00 [INFO] 用户 1 接收消息: {"type":"heartbeat","data":"ping"}（类型: 1）
2026-05-13T22:37:25.702+08:00 [INFO] 用户 1 发送消息: {"type":"heartbeat","data":"pong","from":"1"}
2026-05-13T22:37:27.605+08:00 [INFO] heartbeatCheck: 1.9037887s
2026-05-13T22:37:32.626+08:00 [INFO] heartbeatCheck: 6.9262642s
2026-05-13T22:37:37.594+08:00 [INFO] heartbeatCheck: 11.8936383s
2026-05-13T22:37:42.611+08:00 [INFO] heartbeatCheck: 16.9110021s
2026-05-13T22:37:47.593+08:00 [INFO] heartbeatCheck: 21.8931179s
2026-05-13T22:37:52.594+08:00 [INFO] heartbeatCheck: 26.8933431s
2026-05-13T22:37:56.698+08:00 [INFO] 用户 1 接收消息: {"type":"heartbeat","data":"ping"}（类型: 1）
2026-05-13T22:37:56.700+08:00 [INFO] 用户 1 发送消息: {"type":"heartbeat","data":"pong","from":"1"}
2026-05-13T22:37:57.593+08:00 [INFO] heartbeatCheck: 895.7428ms
2026-05-13T22:38:02.594+08:00 [INFO] heartbeatCheck: 5.896121s
2026-05-13T22:38:07.594+08:00 [INFO] heartbeatCheck: 10.8958401s
2026-05-13T22:38:12.593+08:00 [INFO] heartbeatCheck: 15.8954882s
2026-05-13T22:38:17.593+08:00 [INFO] heartbeatCheck: 20.8955247s
2026-05-13T22:38:22.593+08:00 [INFO] heartbeatCheck: 25.8956105s
2026-05-13T22:38:27.593+08:00 [INFO] heartbeatCheck: 30.8956105s
2026-05-13T22:38:27.699+08:00 [INFO] 用户 1 接收消息: {"type":"heartbeat","data":"ping"}（类型: 1）
2026-05-13T22:38:27.705+08:00 [INFO] 用户 1 发送消息: {"type":"heartbeat","data":"pong","from":"1"}
2026-05-13T22:38:32.601+08:00 [INFO] heartbeatCheck: 4.9017247s
2026-05-13T22:38:37.601+08:00 [INFO] heartbeatCheck: 9.9014964s
2026-05-13T22:38:38.866+08:00 [INFO] 用户 1 连接已关闭，读循环退出
2026-05-13T22:38:38.868+08:00 [INFO] 用户 1 关闭连接，原因: 读循环退出
2026-05-13T22:38:38.868+08:00 [INFO] 用户 1 心跳检测被取消: context canceled
2026-05-13T22:38:38.869+08:00 [INFO] 用户 1 心跳检测退出
2026-05-13T22:38:46.808+08:00 [INFO] {e05d5c45e126af18be3283621c526df5} 用户 1 连接成功
2026-05-13T22:38:46.843+08:00 [INFO] heartbeatCheck: 2562047h47m16.854775807s
2026-05-13T22:38:46.856+08:00 [INFO] 用户 1 接收消息: {"type":"getInfo","data":"","name":""}（类型: 1）
2026-05-13T22:38:46.949+08:00 [ERRO] unexpected end of JSON input 
Stack:
1.  game_user/internal/controller/enter.(*Client).handleGetInfo
    D:/gowork/max2/max2/app/game_user/internal/controller/enter/enter_v1_enter.go:717
2.  game_user/internal/controller/enter.(*Client).readLoop
    D:/gowork/max2/max2/app/game_user/internal/controller/enter/enter_v1_enter.go:196

2026-05-13T22:38:46.957+08:00 [ERRO] 用户 1 房间  不存在 
Stack:
1.  game_user/internal/controller/enter.(*Client).handleGetInfo
    D:/gowork/max2/max2/app/game_user/internal/controller/enter/enter_v1_enter.go:729
2.  game_user/internal/controller/enter.(*Client).readLoop
    D:/gowork/max2/max2/app/game_user/internal/controller/enter/enter_v1_enter.go:196

2026-05-13T22:38:49.788+08:00 [INFO] 用户 1 接收消息: {"type":"initRoom","data":"","name":""}（类型: 1）
2026-05-13T22:38:49.828+08:00 [ERRO] unexpected end of JSON input 
Stack:
1.  game_user/internal/controller/enter.(*Client).clearRoom
    D:/gowork/max2/max2/app/game_user/internal/controller/enter/enter_v1_enter.go:1010
2.  game_user/internal/controller/enter.(*Client).handleInitRoom
    D:/gowork/max2/max2/app/game_user/internal/controller/enter/enter_v1_enter.go:214
3.  game_user/internal/controller/enter.(*Client).readLoop
    D:/gowork/max2/max2/app/game_user/internal/controller/enter/enter_v1_enter.go:184

2026-05-13T22:38:49.865+08:00 [ERRO] 用户 1 房间  不存在 
Stack:
1.  game_user/internal/controller/enter.(*Client).clearRoom
    D:/gowork/max2/max2/app/game_user/internal/controller/enter/enter_v1_enter.go:1015
2.  game_user/internal/controller/enter.(*Client).handleInitRoom
    D:/gowork/max2/max2/app/game_user/internal/controller/enter/enter_v1_enter.go:214
3.  game_user/internal/controller/enter.(*Client).readLoop
    D:/gowork/max2/max2/app/game_user/internal/controller/enter/enter_v1_enter.go:184

2026-05-13T22:38:50.026+08:00 [INFO] 用户 1 开始延迟添加AI到房间 TS3P1R
2026-05-13T22:38:50.028+08:00 [INFO] 用户 1 发送消息: {"type":"initRoom","data":"[{\"ID\":0,\"Name\":\"1\",\"RoomID\":\"TS3P1R\",\"Type\":0,\"CardNum\":13,\"Point\":902,\"UserId\":\"1\",\"RoomType\":1},{\"ID\":1,\"Name\":\"杨迎梅\",\"RoomID\":\"TS3P1R\",\"Type\":1,\"CardNum\":13,\"Point\":0,\"UserId\":\"\",\"RoomType\":1},{\"ID\":2,\"Name\":\"莫嘉懿\",\"RoomID\":\"TS3P1R\",\"Type\":1,\"CardNum\":13,\"Point\":0,\"UserId\":\"\",\"RoomType\":1}]","from":"1"}
2026-05-13T22:38:50.064+08:00 [INFO] 用户 1 连接已关闭，跳过消息发送
2026-05-13T22:38:50.067+08:00 [INFO] 用户 1 writeLoop退出
2026-05-13T22:38:51.835+08:00 [INFO] heartbeatCheck: 2.0469348s
2026-05-13T22:38:52.034+08:00 [INFO] 用户 1 发送消息: {"type":"initRoom","data":"[{\"ID\":0,\"Name\":\"1\",\"RoomID\":\"TS3P1R\",\"Type\":0,\"CardNum\":13,\"Point\":902,\"UserId\":\"1\",\"RoomType\":1},{\"ID\":1,\"Name\":\"杨迎梅\",\"RoomID\":\"TS3P1R\",\"Type\":1,\"CardNum\":13,\"Point\":0,\"UserId\":\"\",\"RoomType\":1},{\"ID\":2,\"Name\":\"莫嘉懿\",\"RoomID\":\"TS3P1R\",\"Type\":1,\"CardNum\":13,\"Point\":0,\"UserId\":\"\",\"RoomType\":1},{\"ID\":3,\"Name\":\"封昊磊\",\"RoomID\":\"TS3P1R\",\"Type\":1,\"CardNum\":13,\"Point\":0,\"UserId\":\"\",\"RoomType\":1}]","from":"1"}
2026-05-13T22:38:53.940+08:00 [INFO] 用户 1 接收消息: {"type":"leaveRoom","data":"","name":""}（类型: 1）
2026-05-13T22:38:54.081+08:00 [INFO] 用户 1 接收消息: {"type":"getInfo","data":"","name":""}（类型: 1）
2026-05-13T22:38:54.085+08:00 [ERRO] unexpected end of JSON input 
Stack:
1.  game_user/internal/controller/enter.(*Client).handleGetInfo
    D:/gowork/max2/max2/app/game_user/internal/controller/enter/enter_v1_enter.go:717
2.  game_user/internal/controller/enter.(*Client).readLoop
    D:/gowork/max2/max2/app/game_user/internal/controller/enter/enter_v1_enter.go:196

2026-05-13T22:38:54.090+08:00 [ERRO] 用户 1 房间  不存在 
Stack:
1.  game_user/internal/controller/enter.(*Client).handleGetInfo
    D:/gowork/max2/max2/app/game_user/internal/controller/enter/enter_v1_enter.go:729
2.  game_user/internal/controller/enter.(*Client).readLoop
    D:/gowork/max2/max2/app/game_user/internal/controller/enter/enter_v1_enter.go:196

2026-05-13T22:38:56.835+08:00 [INFO] heartbeatCheck: 2.7537907s
2026-05-13T22:39:01.835+08:00 [INFO] heartbeatCheck: 7.7538699s
2026-05-13T22:39:06.842+08:00 [INFO] heartbeatCheck: 12.7604453s
2026-05-13T22:39:11.835+08:00 [INFO] heartbeatCheck: 17.7543686s
2026-05-13T22:39:16.835+08:00 [INFO] heartbeatCheck: 22.7539298s
2026-05-13T22:39:21.836+08:00 [INFO] heartbeatCheck: 27.7548572s
2026-05-13T22:39:22.037+08:00 [INFO] 用户 1 接收消息: {"type":"heartbeat","data":"ping"}（类型: 1）
2026-05-13T22:39:22.038+08:00 [INFO] 用户 1 发送消息: {"type":"heartbeat","data":"pong","from":"1"}
2026-05-13T22:39:26.835+08:00 [INFO] heartbeatCheck: 4.7977308s
2026-05-13T22:39:31.836+08:00 [INFO] heartbeatCheck: 9.7982582s
2026-05-13T22:39:36.837+08:00 [INFO] heartbeatCheck: 14.7996096s
2026-05-13T22:39:41.836+08:00 [INFO] heartbeatCheck: 19.7983826s
2026-05-13T22:39:46.866+08:00 [INFO] heartbeatCheck: 24.8288832s
2026-05-13T22:39:51.835+08:00 [INFO] heartbeatCheck: 29.7980268s
2026-05-13T22:39:52.043+08:00 [INFO] 用户 1 接收消息: {"type":"heartbeat","data":"ping"}（类型: 1）
2026-05-13T22:39:52.044+08:00 [INFO] 用户 1 发送消息: {"type":"heartbeat","data":"pong","from":"1"}
2026-05-13T22:39:56.835+08:00 [INFO] heartbeatCheck: 4.7932712s
2026-05-13T22:40:01.836+08:00 [INFO] heartbeatCheck: 9.7941467s
2026-05-13T22:40:06.835+08:00 [INFO] heartbeatCheck: 14.7927467s
2026-05-13T22:40:11.835+08:00 [INFO] heartbeatCheck: 19.7927944s
2026-05-13T22:40:16.835+08:00 [INFO] heartbeatCheck: 24.793154s
2026-05-13T22:40:21.835+08:00 [INFO] heartbeatCheck: 29.7928417s
2026-05-13T22:40:22.047+08:00 [INFO] 用户 1 接收消息: {"type":"heartbeat","data":"ping"}（类型: 1）
2026-05-13T22:40:22.050+08:00 [INFO] 用户 1 发送消息: {"type":"heartbeat","data":"pong","from":"1"}
2026-05-13T22:40:26.836+08:00 [INFO] heartbeatCheck: 4.78828s
2026-05-13T22:40:31.836+08:00 [INFO] heartbeatCheck: 9.7886088s
2026-05-13T22:40:36.835+08:00 [INFO] heartbeatCheck: 14.7879385s
2026-05-13T22:40:41.835+08:00 [INFO] heartbeatCheck: 19.7876598s
2026-05-13T22:40:46.835+08:00 [INFO] heartbeatCheck: 24.7880147s
2026-05-13T22:40:51.835+08:00 [INFO] heartbeatCheck: 29.787958s
2026-05-13T22:40:52.053+08:00 [INFO] 用户 1 接收消息: {"type":"heartbeat","data":"ping"}（类型: 1）
2026-05-13T22:40:52.055+08:00 [INFO] 用户 1 发送消息: {"type":"heartbeat","data":"pong","from":"1"}
2026-05-13T22:40:56.835+08:00 [INFO] heartbeatCheck: 4.7824334s
2026-05-13T22:41:01.835+08:00 [INFO] heartbeatCheck: 9.7822549s
2026-05-13T22:41:06.835+08:00 [INFO] heartbeatCheck: 14.7829222s
2026-05-13T22:41:11.835+08:00 [INFO] heartbeatCheck: 19.7822905s
2026-05-13T22:41:16.835+08:00 [INFO] heartbeatCheck: 24.782348s
2026-05-13T22:41:21.835+08:00 [INFO] heartbeatCheck: 29.7823134s
2026-05-13T22:41:22.057+08:00 [INFO] 用户 1 接收消息: {"type":"heartbeat","data":"ping"}（类型: 1）
2026-05-13T22:41:22.059+08:00 [INFO] 用户 1 发送消息: {"type":"heartbeat","data":"pong","from":"1"}
2026-05-13T22:41:26.835+08:00 [INFO] heartbeatCheck: 4.7775675s
2026-05-13T22:41:31.836+08:00 [INFO] heartbeatCheck: 9.7782471s
2026-05-13T22:41:36.835+08:00 [INFO] heartbeatCheck: 14.7779374s
2026-05-13T22:41:41.835+08:00 [INFO] heartbeatCheck: 19.7779999s
2026-05-13T22:41:46.835+08:00 [INFO] heartbeatCheck: 24.7779245s
2026-05-13T22:41:51.835+08:00 [INFO] heartbeatCheck: 29.7779195s
2026-05-13T22:41:52.063+08:00 [INFO] 用户 1 接收消息: {"type":"heartbeat","data":"ping"}（类型: 1）
2026-05-13T22:41:52.066+08:00 [INFO] 用户 1 发送消息: {"type":"heartbeat","data":"pong","from":"1"}
2026-05-13T22:41:56.835+08:00 [INFO] heartbeatCheck: 4.7720021s
2026-05-13T22:42:01.835+08:00 [INFO] heartbeatCheck: 9.7719405s
2026-05-13T22:42:06.835+08:00 [INFO] heartbeatCheck: 14.7719678s
2026-05-13T22:42:11.836+08:00 [INFO] heartbeatCheck: 19.772891s
2026-05-13T22:42:16.835+08:00 [INFO] heartbeatCheck: 24.7720071s
2026-05-13T22:42:21.854+08:00 [INFO] heartbeatCheck: 29.7910469s
2026-05-13T22:42:23.778+08:00 [INFO] 用户 1 接收消息: {"type":"heartbeat","data":"ping"}（类型: 1）
2026-05-13T22:42:23.780+08:00 [INFO] 用户 1 发送消息: {"type":"heartbeat","data":"pong","from":"1"}
2026-05-13T22:42:26.841+08:00 [INFO] heartbeatCheck: 3.0626784s
2026-05-13T22:42:31.835+08:00 [INFO] heartbeatCheck: 8.0571665s
2026-05-13T22:42:36.835+08:00 [INFO] heartbeatCheck: 13.0568379s
2026-05-13T22:42:41.835+08:00 [INFO] heartbeatCheck: 18.0567697s
2026-05-13T22:42:46.835+08:00 [INFO] heartbeatCheck: 23.0573104s
2026-05-13T22:42:51.839+08:00 [INFO] heartbeatCheck: 28.0605038s
2026-05-13T22:42:53.796+08:00 [INFO] 用户 1 接收消息: {"type":"heartbeat","data":"ping"}（类型: 1）
2026-05-13T22:42:53.798+08:00 [INFO] 用户 1 发送消息: {"type":"heartbeat","data":"pong","from":"1"}
2026-05-13T22:42:56.835+08:00 [INFO] heartbeatCheck: 3.0393971s
2026-05-13T22:43:01.835+08:00 [INFO] heartbeatCheck: 8.0392279s
2026-05-13T22:43:06.835+08:00 [INFO] heartbeatCheck: 13.0391761s
2026-05-13T22:43:11.835+08:00 [INFO] heartbeatCheck: 18.0391379s
2026-05-13T22:43:16.836+08:00 [INFO] heartbeatCheck: 23.0400077s
2026-05-13T22:43:21.835+08:00 [INFO] heartbeatCheck: 28.0393876s
2026-05-13T22:43:23.811+08:00 [INFO] 用户 1 接收消息: {"type":"heartbeat","data":"ping"}（类型: 1）
2026-05-13T22:43:23.818+08:00 [INFO] 用户 1 发送消息: {"type":"heartbeat","data":"pong","from":"1"}
2026-05-13T22:43:26.836+08:00 [INFO] heartbeatCheck: 3.0249529s
2026-05-13T22:43:31.835+08:00 [INFO] heartbeatCheck: 8.0244679s
2026-05-13T22:43:36.835+08:00 [INFO] heartbeatCheck: 13.0244563s
2026-05-13T22:43:41.835+08:00 [INFO] heartbeatCheck: 18.0246706s
2026-05-13T22:43:46.836+08:00 [INFO] heartbeatCheck: 23.0250018s
2026-05-13T22:43:51.836+08:00 [INFO] heartbeatCheck: 28.024839s
2026-05-13T22:43:54.698+08:00 [INFO] 用户 1 接收消息: {"type":"heartbeat","data":"ping"}（类型: 1）
2026-05-13T22:43:54.699+08:00 [INFO] 用户 1 发送消息: {"type":"heartbeat","data":"pong","from":"1"}
2026-05-13T22:43:56.835+08:00 [INFO] heartbeatCheck: 2.1378094s
2026-05-13T22:44:01.835+08:00 [INFO] heartbeatCheck: 7.1373997s
2026-05-13T22:44:06.835+08:00 [INFO] heartbeatCheck: 12.1372884s
2026-05-13T22:44:11.835+08:00 [INFO] heartbeatCheck: 17.1374081s
2026-05-13T22:44:16.835+08:00 [INFO] heartbeatCheck: 22.1374122s
2026-05-13T22:44:21.835+08:00 [INFO] heartbeatCheck: 27.1377458s
2026-05-13T22:44:25.700+08:00 [INFO] 用户 1 接收消息: {"type":"heartbeat","data":"ping"}（类型: 1）
2026-05-13T22:44:25.703+08:00 [INFO] 用户 1 发送消息: {"type":"heartbeat","data":"pong","from":"1"}
2026-05-13T22:44:26.835+08:00 [INFO] heartbeatCheck: 1.1355603s
2026-05-13T22:44:31.835+08:00 [INFO] heartbeatCheck: 6.1352854s
2026-05-13T22:44:36.836+08:00 [INFO] heartbeatCheck: 11.1362573s
2026-05-13T22:44:41.835+08:00 [INFO] heartbeatCheck: 16.1358162s
2026-05-13T22:44:46.835+08:00 [INFO] heartbeatCheck: 21.1357086s
2026-05-13T22:44:51.835+08:00 [INFO] heartbeatCheck: 26.1359552s
2026-05-13T22:44:56.685+08:00 [INFO] 用户 1 接收消息: {"type":"heartbeat","data":"ping"}（类型: 1）
2026-05-13T22:44:56.689+08:00 [INFO] 用户 1 发送消息: {"type":"heartbeat","data":"pong","from":"1"}
2026-05-13T22:44:56.835+08:00 [INFO] heartbeatCheck: 149.84ms
2026-05-13T22:45:01.836+08:00 [INFO] heartbeatCheck: 5.1507519s
2026-05-13T22:45:06.835+08:00 [INFO] heartbeatCheck: 10.1503884s
2026-05-13T22:45:11.835+08:00 [INFO] heartbeatCheck: 15.15004s
2026-05-13T22:45:16.835+08:00 [INFO] heartbeatCheck: 20.1505828s
2026-05-13T22:45:21.835+08:00 [INFO] heartbeatCheck: 25.15032s
2026-05-13T22:45:26.836+08:00 [INFO] heartbeatCheck: 30.150859s
2026-05-13T22:45:27.697+08:00 [INFO] 用户 1 接收消息: {"type":"heartbeat","data":"ping"}（类型: 1）
2026-05-13T22:45:27.702+08:00 [INFO] 用户 1 发送消息: {"type":"heartbeat","data":"pong","from":"1"}
2026-05-13T22:45:31.835+08:00 [INFO] heartbeatCheck: 4.1374992s
2026-05-13T22:45:36.835+08:00 [INFO] heartbeatCheck: 9.1378952s
2026-05-13T22:45:41.835+08:00 [INFO] heartbeatCheck: 14.1375225s
2026-05-13T22:45:46.835+08:00 [INFO] heartbeatCheck: 19.1376385s
2026-05-13T22:45:51.835+08:00 [INFO] heartbeatCheck: 24.1377339s
2026-05-13T22:45:56.835+08:00 [INFO] heartbeatCheck: 29.1374643s
2026-05-13T22:45:58.700+08:00 [INFO] 用户 1 接收消息: {"type":"heartbeat","data":"ping"}（类型: 1）
2026-05-13T22:45:58.702+08:00 [INFO] 用户 1 发送消息: {"type":"heartbeat","data":"pong","from":"1"}
2026-05-13T22:46:01.835+08:00 [INFO] heartbeatCheck: 3.1363211s
2026-05-13T22:46:06.836+08:00 [INFO] heartbeatCheck: 8.1369023s
2026-05-13T22:46:11.835+08:00 [INFO] heartbeatCheck: 13.1361676s
2026-05-13T22:46:16.836+08:00 [INFO] heartbeatCheck: 18.1368111s
2026-05-13T22:46:21.835+08:00 [INFO] heartbeatCheck: 23.1363176s
2026-05-13T22:46:26.835+08:00 [INFO] heartbeatCheck: 28.1366696s
2026-05-13T22:46:29.691+08:00 [INFO] 用户 1 接收消息: {"type":"heartbeat","data":"ping"}（类型: 1）
2026-05-13T22:46:29.700+08:00 [INFO] 用户 1 发送消息: {"type":"heartbeat","data":"pong","from":"1"}
2026-05-13T22:46:31.835+08:00 [INFO] heartbeatCheck: 2.1448916s
2026-05-13T22:46:36.836+08:00 [INFO] heartbeatCheck: 7.1454288s
2026-05-13T22:46:41.836+08:00 [INFO] heartbeatCheck: 12.1455786s
2026-05-13T22:46:46.835+08:00 [INFO] heartbeatCheck: 17.1449087s
2026-05-13T22:46:51.835+08:00 [INFO] heartbeatCheck: 22.1447085s
2026-05-13T22:46:56.835+08:00 [INFO] heartbeatCheck: 27.1454079s
2026-05-13T22:47:00.697+08:00 [INFO] 用户 1 接收消息: {"type":"heartbeat","data":"ping"}（类型: 1）
2026-05-13T22:47:00.699+08:00 [INFO] 用户 1 发送消息: {"type":"heartbeat","data":"pong","from":"1"}
2026-05-13T22:47:01.846+08:00 [INFO] heartbeatCheck: 1.1482814s
2026-05-13T22:47:06.836+08:00 [INFO] heartbeatCheck: 6.1383188s
2026-05-13T22:47:11.835+08:00 [INFO] heartbeatCheck: 11.1379408s
2026-05-13T22:47:16.835+08:00 [INFO] heartbeatCheck: 16.1376245s
2026-05-13T22:47:21.835+08:00 [INFO] heartbeatCheck: 21.1374721s
2026-05-13T22:47:26.835+08:00 [INFO] heartbeatCheck: 26.1378133s
2026-05-13T22:47:31.687+08:00 [INFO] 用户 1 接收消息: {"type":"heartbeat","data":"ping"}（类型: 1）
2026-05-13T22:47:31.691+08:00 [INFO] 用户 1 发送消息: {"type":"heartbeat","data":"pong","from":"1"}
2026-05-13T22:47:31.835+08:00 [INFO] heartbeatCheck: 148.0976ms
2026-05-13T22:47:36.836+08:00 [INFO] heartbeatCheck: 5.1484149s
2026-05-13T22:47:41.835+08:00 [INFO] heartbeatCheck: 10.1477511s
2026-05-13T22:47:46.835+08:00 [INFO] heartbeatCheck: 15.1479912s
2026-05-13T22:47:51.835+08:00 [INFO] heartbeatCheck: 20.1480623s
2026-05-13T22:47:56.835+08:00 [INFO] heartbeatCheck: 25.1475932s
2026-05-13T22:48:01.835+08:00 [INFO] heartbeatCheck: 30.1477026s
2026-05-13T22:48:02.684+08:00 [INFO] 用户 1 接收消息: {"type":"heartbeat","data":"ping"}（类型: 1）
2026-05-13T22:48:02.697+08:00 [INFO] 用户 1 发送消息: {"type":"heartbeat","data":"pong","from":"1"}
2026-05-13T22:48:06.836+08:00 [INFO] heartbeatCheck: 4.1511229s
2026-05-13T22:48:11.835+08:00 [INFO] heartbeatCheck: 9.1509673s
2026-05-13T22:48:16.835+08:00 [INFO] heartbeatCheck: 14.1502572s
2026-05-13T22:48:21.835+08:00 [INFO] heartbeatCheck: 19.150533s
2026-05-13T22:48:26.835+08:00 [INFO] heartbeatCheck: 24.1508936s
2026-05-13T22:48:31.835+08:00 [INFO] heartbeatCheck: 29.1506915s
2026-05-13T22:48:33.686+08:00 [INFO] 用户 1 接收消息: {"type":"heartbeat","data":"ping"}（类型: 1）
2026-05-13T22:48:33.688+08:00 [INFO] 用户 1 发送消息: {"type":"heartbeat","data":"pong","from":"1"}
2026-05-13T22:48:36.835+08:00 [INFO] heartbeatCheck: 3.1486804s
2026-05-13T22:48:41.835+08:00 [INFO] heartbeatCheck: 8.1484728s
2026-05-13T22:48:46.835+08:00 [INFO] heartbeatCheck: 13.1484059s
2026-05-13T22:48:51.835+08:00 [INFO] heartbeatCheck: 18.1486458s
2026-05-13T22:48:56.835+08:00 [INFO] heartbeatCheck: 23.1487782s
2026-05-13T22:49:01.835+08:00 [INFO] heartbeatCheck: 28.1484944s
2026-05-13T22:49:04.694+08:00 [INFO] 用户 1 接收消息: {"type":"heartbeat","data":"ping"}（类型: 1）
2026-05-13T22:49:04.695+08:00 [INFO] 用户 1 发送消息: {"type":"heartbeat","data":"pong","from":"1"}
2026-05-13T22:49:06.835+08:00 [INFO] heartbeatCheck: 2.14129s
2026-05-13T22:49:11.835+08:00 [INFO] heartbeatCheck: 7.141252s
2026-05-13T22:49:16.835+08:00 [INFO] heartbeatCheck: 12.1411128s
2026-05-13T22:49:21.836+08:00 [INFO] heartbeatCheck: 17.1419742s
2026-05-13T22:49:26.836+08:00 [INFO] heartbeatCheck: 22.1420186s
2026-05-13T22:49:31.835+08:00 [INFO] heartbeatCheck: 27.1411601s
2026-05-13T22:49:35.690+08:00 [INFO] 用户 1 接收消息: {"type":"heartbeat","data":"ping"}（类型: 1）
2026-05-13T22:49:35.695+08:00 [INFO] 用户 1 发送消息: {"type":"heartbeat","data":"pong","from":"1"}
2026-05-13T22:49:36.835+08:00 [INFO] heartbeatCheck: 1.1464032s
2026-05-13T22:49:41.835+08:00 [INFO] heartbeatCheck: 6.1461396s
2026-05-13T22:49:46.835+08:00 [INFO] heartbeatCheck: 11.146282s
2026-05-13T22:49:51.835+08:00 [INFO] heartbeatCheck: 16.1462385s
2026-05-13T22:49:56.835+08:00 [INFO] heartbeatCheck: 21.1463703s
2026-05-13T22:50:01.836+08:00 [INFO] heartbeatCheck: 26.1469332s
2026-05-13T22:50:06.697+08:00 [INFO] 用户 1 接收消息: {"type":"heartbeat","data":"ping"}（类型: 1）
2026-05-13T22:50:06.700+08:00 [INFO] 用户 1 发送消息: {"type":"heartbeat","data":"pong","from":"1"}
2026-05-13T22:50:06.836+08:00 [INFO] heartbeatCheck: 138.961ms
2026-05-13T22:50:11.835+08:00 [INFO] heartbeatCheck: 5.1385124s
2026-05-13T22:50:16.836+08:00 [INFO] heartbeatCheck: 10.1392264s
2026-05-13T22:50:21.835+08:00 [INFO] heartbeatCheck: 15.13835s
2026-05-13T22:50:26.836+08:00 [INFO] heartbeatCheck: 20.1390974s
2026-05-13T22:50:31.836+08:00 [INFO] heartbeatCheck: 25.1391448s
2026-05-13T22:50:36.835+08:00 [INFO] heartbeatCheck: 30.1388587s
2026-05-13T22:50:37.686+08:00 [INFO] 用户 1 接收消息: {"type":"heartbeat","data":"ping"}（类型: 1）
2026-05-13T22:50:37.689+08:00 [INFO] 用户 1 发送消息: {"type":"heartbeat","data":"pong","from":"1"}
2026-05-13T22:50:41.835+08:00 [INFO] heartbeatCheck: 4.1498027s
2026-05-13T22:50:46.835+08:00 [INFO] heartbeatCheck: 9.149381s
2026-05-13T22:50:51.835+08:00 [INFO] heartbeatCheck: 14.1494355s
2026-05-13T22:50:56.835+08:00 [INFO] heartbeatCheck: 19.1496626s
2026-05-13T22:51:01.835+08:00 [INFO] heartbeatCheck: 24.1494858s
2026-05-13T22:51:06.835+08:00 [INFO] heartbeatCheck: 29.1492938s
2026-05-13T22:51:08.699+08:00 [INFO] 用户 1 接收消息: {"type":"heartbeat","data":"ping"}（类型: 1）
2026-05-13T22:51:08.707+08:00 [INFO] 用户 1 发送消息: {"type":"heartbeat","data":"pong","from":"1"}
2026-05-13T22:51:11.835+08:00 [INFO] heartbeatCheck: 3.136081s
2026-05-13T22:51:16.835+08:00 [INFO] heartbeatCheck: 8.1363461s
2026-05-13T22:51:21.835+08:00 [INFO] heartbeatCheck: 13.1363927s
2026-05-13T22:51:26.835+08:00 [INFO] heartbeatCheck: 18.1359645s
2026-05-13T22:51:31.835+08:00 [INFO] heartbeatCheck: 23.1358154s
2026-05-13T22:51:36.835+08:00 [INFO] heartbeatCheck: 28.1358667s
2026-05-13T22:51:39.689+08:00 [INFO] 用户 1 接收消息: {"type":"heartbeat","data":"ping"}（类型: 1）
2026-05-13T22:51:39.692+08:00 [INFO] 用户 1 发送消息: {"type":"heartbeat","data":"pong","from":"1"}
2026-05-13T22:51:41.835+08:00 [INFO] heartbeatCheck: 2.1460817s
2026-05-13T22:51:46.835+08:00 [INFO] heartbeatCheck: 7.1462152s
2026-05-13T22:51:51.835+08:00 [INFO] heartbeatCheck: 12.1460839s
2026-05-13T22:51:56.835+08:00 [INFO] heartbeatCheck: 17.1462499s
2026-05-13T22:52:01.835+08:00 [INFO] heartbeatCheck: 22.1461102s
2026-05-13T22:52:06.835+08:00 [INFO] heartbeatCheck: 27.1455663s
2026-05-13T22:52:10.698+08:00 [INFO] 用户 1 接收消息: {"type":"heartbeat","data":"ping"}（类型: 1）
2026-05-13T22:52:10.701+08:00 [INFO] 用户 1 发送消息: {"type":"heartbeat","data":"pong","from":"1"}
2026-05-13T22:52:11.835+08:00 [INFO] heartbeatCheck: 1.1371299s
2026-05-13T22:52:16.836+08:00 [INFO] heartbeatCheck: 6.1379686s
2026-05-13T22:52:21.835+08:00 [INFO] heartbeatCheck: 11.1374869s
2026-05-13T22:52:26.835+08:00 [INFO] heartbeatCheck: 16.1377969s
2026-05-13T22:52:31.835+08:00 [INFO] heartbeatCheck: 21.1377515s
2026-05-13T22:52:36.835+08:00 [INFO] heartbeatCheck: 26.1371289s
2026-05-13T22:52:41.700+08:00 [INFO] 用户 1 接收消息: {"type":"heartbeat","data":"ping"}（类型: 1）
2026-05-13T22:52:41.708+08:00 [INFO] 用户 1 发送消息: {"type":"heartbeat","data":"pong","from":"1"}
2026-05-13T22:52:41.835+08:00 [INFO] heartbeatCheck: 134.7785ms
2026-05-13T22:52:46.835+08:00 [INFO] heartbeatCheck: 5.1353668s
2026-05-13T22:52:51.836+08:00 [INFO] heartbeatCheck: 10.1355272s
2026-05-13T22:52:56.835+08:00 [INFO] heartbeatCheck: 15.1348628s
2026-05-13T22:53:01.835+08:00 [INFO] heartbeatCheck: 20.1348606s
2026-05-13T22:53:06.835+08:00 [INFO] heartbeatCheck: 25.1349862s
2026-05-13T22:53:11.835+08:00 [INFO] heartbeatCheck: 30.1350178s
2026-05-13T22:53:12.691+08:00 [INFO] 用户 1 接收消息: {"type":"heartbeat","data":"ping"}（类型: 1）
2026-05-13T22:53:12.694+08:00 [INFO] 用户 1 发送消息: {"type":"heartbeat","data":"pong","from":"1"}
2026-05-13T22:53:16.836+08:00 [INFO] heartbeatCheck: 4.1459999s
2026-05-13T22:53:21.835+08:00 [INFO] heartbeatCheck: 9.145787s
2026-05-13T22:53:26.835+08:00 [INFO] heartbeatCheck: 14.1453057s
2026-05-13T22:53:31.835+08:00 [INFO] heartbeatCheck: 19.1459279s
2026-05-13T22:53:36.835+08:00 [INFO] heartbeatCheck: 24.1458807s
2026-05-13T22:53:41.835+08:00 [INFO] heartbeatCheck: 29.1452998s
2026-05-13T22:53:43.694+08:00 [INFO] 用户 1 接收消息: {"type":"heartbeat","data":"ping"}（类型: 1）
2026-05-13T22:53:43.698+08:00 [INFO] 用户 1 发送消息: {"type":"heartbeat","data":"pong","from":"1"}
2026-05-13T22:53:46.836+08:00 [INFO] heartbeatCheck: 3.1417588s
2026-05-13T22:53:51.836+08:00 [INFO] heartbeatCheck: 8.1416933s
2026-05-13T22:53:56.835+08:00 [INFO] heartbeatCheck: 13.1410709s
2026-05-13T22:54:01.837+08:00 [INFO] heartbeatCheck: 18.1430594s
2026-05-13T22:54:06.840+08:00 [INFO] heartbeatCheck: 23.1463785s
2026-05-13T22:54:11.837+08:00 [INFO] heartbeatCheck: 28.1435667s
2026-05-13T22:54:16.842+08:00 [INFO] heartbeatCheck: 33.1485379s
2026-05-13T22:54:17.633+08:00 [INFO] 用户 1 接收消息: {"type":"heartbeat","data":"ping"}（类型: 1）
2026-05-13T22:54:17.642+08:00 [INFO] 用户 1 发送消息: {"type":"heartbeat","data":"pong","from":"1"}
2026-05-13T22:54:21.835+08:00 [INFO] heartbeatCheck: 4.2031327s
2026-05-13T22:54:26.836+08:00 [INFO] heartbeatCheck: 9.2036207s
2026-05-13T22:54:31.837+08:00 [INFO] heartbeatCheck: 14.2044327s
2026-05-13T22:54:36.843+08:00 [INFO] heartbeatCheck: 19.2108595s
2026-05-13T22:54:41.835+08:00 [INFO] heartbeatCheck: 24.2027324s
2026-05-13T22:54:46.850+08:00 [INFO] heartbeatCheck: 29.2176755s
2026-05-13T22:54:48.859+08:00 [INFO] 用户 1 接收消息: {"type":"heartbeat","data":"ping"}（类型: 1）
2026-05-13T22:54:48.862+08:00 [INFO] 用户 1 发送消息: {"type":"heartbeat","data":"pong","from":"1"}
2026-05-13T22:54:51.842+08:00 [INFO] heartbeatCheck: 2.984473s
2026-05-13T22:54:56.835+08:00 [INFO] heartbeatCheck: 7.9771307s
2026-05-13T22:55:01.835+08:00 [INFO] heartbeatCheck: 12.9769816s
2026-05-13T22:55:06.965+08:00 [INFO] heartbeatCheck: 18.1069441s
2026-05-13T22:55:11.836+08:00 [INFO] heartbeatCheck: 22.9775797s
2026-05-13T22:55:16.835+08:00 [INFO] heartbeatCheck: 27.9770174s
2026-05-13T22:55:19.698+08:00 [INFO] 用户 1 接收消息: {"type":"heartbeat","data":"ping"}（类型: 1）
2026-05-13T22:55:19.700+08:00 [INFO] 用户 1 发送消息: {"type":"heartbeat","data":"pong","from":"1"}
2026-05-13T22:55:21.835+08:00 [INFO] heartbeatCheck: 2.1363991s
2026-05-13T22:55:26.838+08:00 [INFO] heartbeatCheck: 7.1394021s
2026-05-13T22:55:31.836+08:00 [INFO] heartbeatCheck: 12.1372251s
2026-05-13T22:55:36.835+08:00 [INFO] heartbeatCheck: 17.1367094s
2026-05-13T22:55:41.835+08:00 [INFO] heartbeatCheck: 22.1368693s
2026-05-13T22:55:46.836+08:00 [INFO] heartbeatCheck: 27.1365835s
2026-05-13T22:55:50.691+08:00 [INFO] 用户 1 接收消息: {"type":"heartbeat","data":"ping"}（类型: 1）
2026-05-13T22:55:50.702+08:00 [INFO] 用户 1 发送消息: {"type":"heartbeat","data":"pong","from":"1"}
2026-05-13T22:55:51.835+08:00 [INFO] heartbeatCheck: 1.1450248s
2026-05-13T22:55:56.835+08:00 [INFO] heartbeatCheck: 6.1448385s
2026-05-13T22:56:01.835+08:00 [INFO] heartbeatCheck: 11.1447721s
2026-05-13T22:56:06.835+08:00 [INFO] heartbeatCheck: 16.1449899s
2026-05-13T22:56:11.836+08:00 [INFO] heartbeatCheck: 21.1455528s
2026-05-13T22:56:16.835+08:00 [INFO] heartbeatCheck: 26.1447097s
2026-05-13T22:56:21.693+08:00 [INFO] 用户 1 接收消息: {"type":"heartbeat","data":"ping"}（类型: 1）
2026-05-13T22:56:21.696+08:00 [INFO] 用户 1 发送消息: {"type":"heartbeat","data":"pong","from":"1"}
2026-05-13T22:56:21.835+08:00 [INFO] heartbeatCheck: 143.0029ms
2026-05-13T22:56:26.835+08:00 [INFO] heartbeatCheck: 5.1425319s
2026-05-13T22:56:31.835+08:00 [INFO] heartbeatCheck: 10.1425062s
2026-05-13T22:56:36.835+08:00 [INFO] heartbeatCheck: 15.1431151s
2026-05-13T22:56:41.835+08:00 [INFO] heartbeatCheck: 20.143185s
2026-05-13T22:56:46.835+08:00 [INFO] heartbeatCheck: 25.1428209s
2026-05-13T22:56:51.835+08:00 [INFO] heartbeatCheck: 30.1429801s
2026-05-13T22:56:52.688+08:00 [INFO] 用户 1 接收消息: {"type":"heartbeat","data":"ping"}（类型: 1）
2026-05-13T22:56:52.691+08:00 [INFO] 用户 1 发送消息: {"type":"heartbeat","data":"pong","from":"1"}
2026-05-13T22:56:56.835+08:00 [INFO] heartbeatCheck: 4.1464638s
2026-05-13T22:57:01.835+08:00 [INFO] heartbeatCheck: 9.1469079s
2026-05-13T22:57:06.835+08:00 [INFO] heartbeatCheck: 14.1463205s
2026-05-13T22:57:11.836+08:00 [INFO] heartbeatCheck: 19.147229s
2026-05-13T22:57:16.835+08:00 [INFO] heartbeatCheck: 24.1465588s
2026-05-13T22:57:21.835+08:00 [INFO] heartbeatCheck: 29.1466331s
2026-05-13T22:57:23.704+08:00 [INFO] 用户 1 接收消息: {"type":"heartbeat","data":"ping"}（类型: 1）
2026-05-13T22:57:23.712+08:00 [INFO] 用户 1 发送消息: {"type":"heartbeat","data":"pong","from":"1"}
2026-05-13T22:57:26.835+08:00 [INFO] heartbeatCheck: 3.1305983s
2026-05-13T22:57:31.835+08:00 [INFO] heartbeatCheck: 8.1303175s
2026-05-13T22:57:36.845+08:00 [INFO] heartbeatCheck: 13.1404596s
2026-05-13T22:57:41.835+08:00 [INFO] heartbeatCheck: 18.1307986s
2026-05-13T22:57:46.835+08:00 [INFO] heartbeatCheck: 23.1305949s
2026-05-13T22:57:51.835+08:00 [INFO] heartbeatCheck: 28.1311026s
2026-05-13T22:57:55.658+08:00 [INFO] 用户 1 接收消息: {"type":"heartbeat","data":"ping"}（类型: 1）
2026-05-13T22:57:55.660+08:00 [INFO] 用户 1 发送消息: {"type":"heartbeat","data":"pong","from":"1"}
2026-05-13T22:57:56.854+08:00 [INFO] heartbeatCheck: 1.1964338s
2026-05-13T22:58:01.835+08:00 [INFO] heartbeatCheck: 6.1773133s
2026-05-13T22:58:06.839+08:00 [INFO] heartbeatCheck: 11.1810369s
2026-05-13T22:58:11.841+08:00 [INFO] heartbeatCheck: 16.1838948s
2026-05-13T22:58:16.842+08:00 [INFO] heartbeatCheck: 21.1841436s
2026-05-13T22:58:21.845+08:00 [INFO] heartbeatCheck: 26.1870365s
2026-05-13T22:58:29.339+08:00 [INFO] 用户 1 接收消息: {"type":"heartbeat","data":"ping"}（类型: 1）
2026-05-13T22:58:29.341+08:00 [INFO] heartbeatCheck: 2ms
2026-05-13T22:58:29.381+08:00 [INFO] 用户 1 发送消息: {"type":"heartbeat","data":"pong","from":"1"}
2026-05-13T22:58:31.858+08:00 [INFO] heartbeatCheck: 2.5190555s
2026-05-13T22:58:36.842+08:00 [INFO] heartbeatCheck: 7.5024615s
2026-05-13T22:58:41.855+08:00 [INFO] heartbeatCheck: 12.5168043s
2026-05-13T22:58:46.839+08:00 [INFO] heartbeatCheck: 17.5006986s
2026-05-13T22:58:51.837+08:00 [INFO] heartbeatCheck: 22.49792s
2026-05-13T22:58:56.844+08:00 [INFO] heartbeatCheck: 27.5051449s
2026-05-13T22:59:01.866+08:00 [INFO] heartbeatCheck: 32.5274891s
2026-05-13T22:59:06.850+08:00 [INFO] heartbeatCheck: 37.5111482s
2026-05-13T22:59:11.845+08:00 [INFO] heartbeatCheck: 42.5062037s
2026-05-13T22:59:16.862+08:00 [INFO] heartbeatCheck: 47.5236844s
2026-05-13T22:59:21.850+08:00 [INFO] heartbeatCheck: 52.511385s
2026-05-13T22:59:26.873+08:00 [INFO] heartbeatCheck: 57.5343145s
2026-05-13T22:59:31.849+08:00 [INFO] heartbeatCheck: 1m2.5105524s
2026-05-13T22:59:31.849+08:00 [INFO] 用户 1 心跳超时（60秒），断开连接
2026-05-13T22:59:31.849+08:00 [INFO] 用户 1 关闭连接，原因: 心跳超时
2026-05-13T22:59:31.850+08:00 [INFO] 用户 1 连接已关闭，读循环退出
2026-05-13T22:59:31.850+08:00 [INFO] 用户 1 连接已关闭，跳过重复关闭
2026-05-13T22:59:31.851+08:00 [INFO] 用户 1 心跳检测退出
2026-05-13T23:08:27.021+08:00 [DEBU] etcd put success with key "/service/default/default/game_user/latest/172.20.10.3:9010", value "{"protocol":"grpc"}", lease "7587894790532690439"
2026-05-13T23:08:27.041+08:00 [DEBU] etcd put success with key "/service/default/default/game_user.svc/latest/172.20.10.3:8010", value "{"insecure":true,"protocol":"http"}", lease "7587894790532690442"
2026-05-13T23:29:40.664+08:00 [DEBU] etcd put success with key "/service/default/default/game_user/latest/172.20.10.3:9010", value "{"protocol":"grpc"}", lease "7587894790532690447"
2026-05-13T23:29:40.704+08:00 [DEBU] etcd put success with key "/service/default/default/game_user.svc/latest/172.20.10.3:8010", value "{"insecure":true,"protocol":"http"}", lease "7587894790532690450"
2026-05-13T23:30:35.787+08:00 [INFO] {2846f022b529af184518505df67d75b4} 用户 1 连接成功
2026-05-13T23:30:35.788+08:00 [INFO] heartbeatCheck: 2562047h47m16.854775807s
2026-05-13T23:30:35.805+08:00 [INFO] 用户 1 接收消息: {"type":"getInfo","data":"","name":""}（类型: 1）
2026-05-13T23:30:35.832+08:00 [ERRO] unexpected end of JSON input 
Stack:
1.  game_user/internal/controller/enter.(*Client).handleGetInfo
    D:/gowork/max2/max2/app/game_user/internal/controller/enter/enter_v1_enter.go:748
2.  game_user/internal/controller/enter.(*Client).readLoop
    D:/gowork/max2/max2/app/game_user/internal/controller/enter/enter_v1_enter.go:197

2026-05-13T23:30:35.842+08:00 [ERRO] 用户 1 房间  不存在 
Stack:
1.  game_user/internal/controller/enter.(*Client).handleGetInfo
    D:/gowork/max2/max2/app/game_user/internal/controller/enter/enter_v1_enter.go:760
2.  game_user/internal/controller/enter.(*Client).readLoop
    D:/gowork/max2/max2/app/game_user/internal/controller/enter/enter_v1_enter.go:197

2026-05-13T23:30:37.193+08:00 [INFO] 用户 1 接收消息: {"type":"initRoom","data":"","name":""}（类型: 1）
2026-05-13T23:30:37.195+08:00 [ERRO] unexpected end of JSON input 
Stack:
1.  game_user/internal/controller/enter.(*Client).clearRoom
    D:/gowork/max2/max2/app/game_user/internal/controller/enter/enter_v1_enter.go:1041
2.  game_user/internal/controller/enter.(*Client).handleInitRoom
    D:/gowork/max2/max2/app/game_user/internal/controller/enter/enter_v1_enter.go:215
3.  game_user/internal/controller/enter.(*Client).readLoop
    D:/gowork/max2/max2/app/game_user/internal/controller/enter/enter_v1_enter.go:185

2026-05-13T23:30:37.197+08:00 [ERRO] 用户 1 房间  不存在 
Stack:
1.  game_user/internal/controller/enter.(*Client).clearRoom
    D:/gowork/max2/max2/app/game_user/internal/controller/enter/enter_v1_enter.go:1046
2.  game_user/internal/controller/enter.(*Client).handleInitRoom
    D:/gowork/max2/max2/app/game_user/internal/controller/enter/enter_v1_enter.go:215
3.  game_user/internal/controller/enter.(*Client).readLoop
    D:/gowork/max2/max2/app/game_user/internal/controller/enter/enter_v1_enter.go:185

2026-05-13T23:30:37.202+08:00 [INFO] 执行日志异步任务: RoomID:"Q0H0V3"  Type:1  UserID:"1"  Point:902  Action:"initRoom"
2026-05-13T23:30:37.204+08:00 [DEBU] Watch key "/service/default/default/log-service/latest/"
2026-05-13T23:30:37.211+08:00 [INFO] 用户 1 发送消息: {"type":"initRoom","data":"[{\"ID\":0,\"Name\":\"1\",\"RoomID\":\"Q0H0V3\",\"Type\":0,\"CardNum\":13,\"Point\":902,\"UserId\":\"1\",\"RoomType\":1},{\"ID\":1,\"Name\":\"冷昆皓\",\"RoomID\":\"Q0H0V3\",\"Type\":1,\"CardNum\":13,\"Point\":0,\"UserId\":\"\",\"RoomType\":1}]","from":"1"}
2026-05-13T23:30:37.217+08:00 [INFO] 用户 1 开始延迟添加AI到房间 Q0H0V3
2026-05-13T23:30:39.229+08:00 [INFO] 用户 1 发送消息: {"type":"initRoom","data":"[{\"ID\":0,\"Name\":\"1\",\"RoomID\":\"Q0H0V3\",\"Type\":0,\"CardNum\":13,\"Point\":902,\"UserId\":\"1\",\"RoomType\":1},{\"ID\":1,\"Name\":\"冷昆皓\",\"RoomID\":\"Q0H0V3\",\"Type\":1,\"CardNum\":13,\"Point\":0,\"UserId\":\"\",\"RoomType\":1},{\"ID\":2,\"Name\":\"邬鸿振\",\"RoomID\":\"Q0H0V3\",\"Type\":1,\"CardNum\":13,\"Point\":0,\"UserId\":\"\",\"RoomType\":1},{\"ID\":3,\"Name\":\"屠凌寒\",\"RoomID\":\"Q0H0V3\",\"Type\":1,\"CardNum\":13,\"Point\":0,\"UserId\":\"\",\"RoomType\":1}]","from":"1"}
2026-05-13T23:30:40.223+08:00 [INFO] 用户 1 接收消息: {"type":"play","data":"","name":""}（类型: 1）
2026-05-13T23:30:40.790+08:00 [INFO] heartbeatCheck: 566.4951ms
2026-05-13T23:30:45.789+08:00 [INFO] heartbeatCheck: 5.5655346s
2026-05-13T23:30:50.789+08:00 [INFO] heartbeatCheck: 10.5655692s
2026-05-13T23:30:55.789+08:00 [INFO] heartbeatCheck: 15.5662351s
2026-05-13T23:31:00.789+08:00 [INFO] heartbeatCheck: 20.565836s
2026-05-13T23:31:05.789+08:00 [INFO] heartbeatCheck: 25.5662922s
2026-05-13T23:31:10.789+08:00 [INFO] heartbeatCheck: 30.5655871s
2026-05-13T23:31:15.789+08:00 [INFO] heartbeatCheck: 35.565917s
2026-05-13T23:31:20.789+08:00 [INFO] heartbeatCheck: 40.5661201s
2026-05-13T23:31:25.789+08:00 [INFO] heartbeatCheck: 45.566432s
2026-05-13T23:31:30.789+08:00 [INFO] heartbeatCheck: 50.5657084s
2026-05-13T23:31:35.789+08:00 [INFO] heartbeatCheck: 55.5660246s
2026-05-13T23:31:40.789+08:00 [INFO] heartbeatCheck: 1m0.5661562s
2026-05-13T23:31:40.790+08:00 [INFO] 用户 1 心跳超时（60秒），断开连接
2026-05-13T23:33:49.997+08:00 [DEBU] etcd put success with key "/service/default/default/game_user/latest/172.20.10.3:9010", value "{"protocol":"grpc"}", lease "7587894790532690458"
2026-05-13T23:33:50.020+08:00 [DEBU] etcd put success with key "/service/default/default/game_user.svc/latest/172.20.10.3:8010", value "{"insecure":true,"protocol":"http"}", lease "7587894790532690461"
2026-05-13T23:33:50.696+08:00 [INFO] {64827084e229af185f4358787dcfdcf5} 用户 1 连接成功
2026-05-13T23:33:50.697+08:00 [INFO] heartbeatCheck: 2562047h47m16.854775807s
2026-05-13T23:33:50.699+08:00 [INFO] 用户 1 接收消息: {"type":"getInfo","data":"","name":""}（类型: 1）
2026-05-13T23:33:50.703+08:00 [INFO] 用户 1 接收消息: {"type":"getInfo","data":"","name":""}（类型: 1）
2026-05-13T23:33:50.704+08:00 [INFO] 用户 1 发送消息: {"type":"getInfo","data":"{\"roomId\":\"Q0H0V3\",\"players\":[{\"ID\":0,\"Name\":\"1\",\"RoomID\":\"Q0H0V3\",\"Type\":0,\"CardNum\":13,\"Point\":902,\"UserId\":\"1\",\"RoomType\":1},{\"ID\":1,\"Name\":\"冷昆皓\",\"RoomID\":\"Q0H0V3\",\"Type\":1,\"CardNum\":13,\"Point\":0,\"UserId\":\"\",\"RoomType\":1},{\"ID\":2,\"Name\":\"邬鸿振\",\"RoomID\":\"Q0H0V3\",\"Type\":1,\"CardNum\":13,\"Point\":0,\"UserId\":\"\",\"RoomType\":1},{\"ID\":3,\"Name\":\"屠凌寒\",\"RoomID\":\"Q0H0V3\",\"Type\":1,\"CardNum\":13,\"Point\":0,\"UserId\":\"\",\"RoomType\":1}],\"cards\":[],\"current\":0,\"playerPoint\":902,\"outCardTimeout\":30,\"remainOutCardTimeout\":30,\"cardsNum\":[{\"id\":1,\"cardNum\":13},{\"id\":2,\"cardNum\":13},{\"id\":3,\"cardNum\":13}],\"isPlaying\":false,\"outCards\":[],\"mustPid\":0,\"lastPid\":3,\"status\":0,\"type\":1}","from":"1"}
2026-05-13T23:33:50.705+08:00 [INFO] 用户 1 接收消息: {"type":"getInfo","data":"","name":""}（类型: 1）
2026-05-13T23:33:50.705+08:00 [INFO] 用户 1 发送消息: {"type":"getInfo","data":"{\"roomId\":\"Q0H0V3\",\"players\":[{\"ID\":0,\"Name\":\"1\",\"RoomID\":\"Q0H0V3\",\"Type\":0,\"CardNum\":13,\"Point\":902,\"UserId\":\"1\",\"RoomType\":1},{\"ID\":1,\"Name\":\"冷昆皓\",\"RoomID\":\"Q0H0V3\",\"Type\":1,\"CardNum\":13,\"Point\":0,\"UserId\":\"\",\"RoomType\":1},{\"ID\":2,\"Name\":\"邬鸿振\",\"RoomID\":\"Q0H0V3\",\"Type\":1,\"CardNum\":13,\"Point\":0,\"UserId\":\"\",\"RoomType\":1},{\"ID\":3,\"Name\":\"屠凌寒\",\"RoomID\":\"Q0H0V3\",\"Type\":1,\"CardNum\":13,\"Point\":0,\"UserId\":\"\",\"RoomType\":1}],\"cards\":[],\"current\":0,\"playerPoint\":902,\"outCardTimeout\":30,\"remainOutCardTimeout\":30,\"cardsNum\":[{\"id\":1,\"cardNum\":13},{\"id\":2,\"cardNum\":13},{\"id\":3,\"cardNum\":13}],\"isPlaying\":false,\"outCards\":[],\"mustPid\":0,\"lastPid\":3,\"status\":0,\"type\":1}","from":"1"}
2026-05-13T23:33:50.707+08:00 [INFO] 用户 1 接收消息: {"type":"getInfo","data":"","name":""}（类型: 1）
2026-05-13T23:33:50.708+08:00 [INFO] 用户 1 发送消息: {"type":"getInfo","data":"{\"roomId\":\"Q0H0V3\",\"players\":[{\"ID\":0,\"Name\":\"1\",\"RoomID\":\"Q0H0V3\",\"Type\":0,\"CardNum\":13,\"Point\":902,\"UserId\":\"1\",\"RoomType\":1},{\"ID\":1,\"Name\":\"冷昆皓\",\"RoomID\":\"Q0H0V3\",\"Type\":1,\"CardNum\":13,\"Point\":0,\"UserId\":\"\",\"RoomType\":1},{\"ID\":2,\"Name\":\"邬鸿振\",\"RoomID\":\"Q0H0V3\",\"Type\":1,\"CardNum\":13,\"Point\":0,\"UserId\":\"\",\"RoomType\":1},{\"ID\":3,\"Name\":\"屠凌寒\",\"RoomID\":\"Q0H0V3\",\"Type\":1,\"CardNum\":13,\"Point\":0,\"UserId\":\"\",\"RoomType\":1}],\"cards\":[],\"current\":0,\"playerPoint\":902,\"outCardTimeout\":30,\"remainOutCardTimeout\":30,\"cardsNum\":[{\"id\":1,\"cardNum\":13},{\"id\":2,\"cardNum\":13},{\"id\":3,\"cardNum\":13}],\"isPlaying\":false,\"outCards\":[],\"mustPid\":0,\"lastPid\":3,\"status\":0,\"type\":1}","from":"1"}
2026-05-13T23:33:50.710+08:00 [INFO] 用户 1 接收消息: {"type":"getInfo","data":"","name":""}（类型: 1）
2026-05-13T23:33:50.711+08:00 [INFO] 用户 1 发送消息: {"type":"getInfo","data":"{\"roomId\":\"Q0H0V3\",\"players\":[{\"ID\":0,\"Name\":\"1\",\"RoomID\":\"Q0H0V3\",\"Type\":0,\"CardNum\":13,\"Point\":902,\"UserId\":\"1\",\"RoomType\":1},{\"ID\":1,\"Name\":\"冷昆皓\",\"RoomID\":\"Q0H0V3\",\"Type\":1,\"CardNum\":13,\"Point\":0,\"UserId\":\"\",\"RoomType\":1},{\"ID\":2,\"Name\":\"邬鸿振\",\"RoomID\":\"Q0H0V3\",\"Type\":1,\"CardNum\":13,\"Point\":0,\"UserId\":\"\",\"RoomType\":1},{\"ID\":3,\"Name\":\"屠凌寒\",\"RoomID\":\"Q0H0V3\",\"Type\":1,\"CardNum\":13,\"Point\":0,\"UserId\":\"\",\"RoomType\":1}],\"cards\":[],\"current\":0,\"playerPoint\":902,\"outCardTimeout\":30,\"remainOutCardTimeout\":30,\"cardsNum\":[{\"id\":1,\"cardNum\":13},{\"id\":2,\"cardNum\":13},{\"id\":3,\"cardNum\":13}],\"isPlaying\":false,\"outCards\":[],\"mustPid\":0,\"lastPid\":3,\"status\":0,\"type\":1}","from":"1"}
2026-05-13T23:33:50.713+08:00 [INFO] 用户 1 发送消息: {"type":"getInfo","data":"{\"roomId\":\"Q0H0V3\",\"players\":[{\"ID\":0,\"Name\":\"1\",\"RoomID\":\"Q0H0V3\",\"Type\":0,\"CardNum\":13,\"Point\":902,\"UserId\":\"1\",\"RoomType\":1},{\"ID\":1,\"Name\":\"冷昆皓\",\"RoomID\":\"Q0H0V3\",\"Type\":1,\"CardNum\":13,\"Point\":0,\"UserId\":\"\",\"RoomType\":1},{\"ID\":2,\"Name\":\"邬鸿振\",\"RoomID\":\"Q0H0V3\",\"Type\":1,\"CardNum\":13,\"Point\":0,\"UserId\":\"\",\"RoomType\":1},{\"ID\":3,\"Name\":\"屠凌寒\",\"RoomID\":\"Q0H0V3\",\"Type\":1,\"CardNum\":13,\"Point\":0,\"UserId\":\"\",\"RoomType\":1}],\"cards\":[],\"current\":0,\"playerPoint\":902,\"outCardTimeout\":30,\"remainOutCardTimeout\":30,\"cardsNum\":[{\"id\":1,\"cardNum\":13},{\"id\":2,\"cardNum\":13},{\"id\":3,\"cardNum\":13}],\"isPlaying\":false,\"outCards\":[],\"mustPid\":0,\"lastPid\":3,\"status\":0,\"type\":1}","from":"1"}
2026-05-13T23:33:55.698+08:00 [INFO] heartbeatCheck: 4.9885357s
2026-05-13T23:34:00.803+08:00 [INFO] heartbeatCheck: 10.0932784s
2026-05-13T23:34:00.891+08:00 [INFO] 用户 1 接收消息: {"type":"heartbeat","data":"ping"}（类型: 1）
2026-05-13T23:34:00.893+08:00 [INFO] 用户 1 发送消息: {"type":"heartbeat","data":"pong","from":"1"}
2026-05-13T23:34:04.899+08:00 [INFO] 用户 1 连接已关闭，读循环退出
2026-05-13T23:34:04.919+08:00 [INFO] 用户 1 关闭连接，原因: 读循环退出
2026-05-13T23:34:04.925+08:00 [INFO] 用户 1 心跳检测被取消: context canceled
2026-05-13T23:34:04.928+08:00 [INFO] 用户 1 心跳检测退出
2026-05-13T23:34:11.193+08:00 [INFO] {1c3e234ae729af18714358782d5fb90d} 用户 1 连接成功
2026-05-13T23:34:11.194+08:00 [INFO] heartbeatCheck: 2562047h47m16.854775807s
2026-05-13T23:34:11.222+08:00 [INFO] 用户 1 接收消息: {"type":"getInfo","data":"","name":""}（类型: 1）
2026-05-13T23:34:11.232+08:00 [INFO] 用户 1 连接已关闭，跳过消息发送
2026-05-13T23:34:11.236+08:00 [INFO] 用户 1 writeLoop退出
2026-05-13T23:34:11.237+08:00 [INFO] 用户 1 发送消息: {"type":"getInfo","data":"{\"roomId\":\"Q0H0V3\",\"players\":[{\"ID\":0,\"Name\":\"1\",\"RoomID\":\"Q0H0V3\",\"Type\":0,\"CardNum\":13,\"Point\":902,\"UserId\":\"1\",\"RoomType\":1},{\"ID\":1,\"Name\":\"冷昆皓\",\"RoomID\":\"Q0H0V3\",\"Type\":1,\"CardNum\":13,\"Point\":0,\"UserId\":\"\",\"RoomType\":1},{\"ID\":2,\"Name\":\"邬鸿振\",\"RoomID\":\"Q0H0V3\",\"Type\":1,\"CardNum\":13,\"Point\":0,\"UserId\":\"\",\"RoomType\":1},{\"ID\":3,\"Name\":\"屠凌寒\",\"RoomID\":\"Q0H0V3\",\"Type\":1,\"CardNum\":13,\"Point\":0,\"UserId\":\"\",\"RoomType\":1}],\"cards\":[],\"current\":0,\"playerPoint\":902,\"outCardTimeout\":30,\"remainOutCardTimeout\":30,\"cardsNum\":[{\"id\":1,\"cardNum\":13},{\"id\":2,\"cardNum\":13},{\"id\":3,\"cardNum\":13}],\"isPlaying\":false,\"outCards\":[],\"mustPid\":0,\"lastPid\":3,\"status\":0,\"type\":1}","from":"1"}
2026-05-13T23:34:13.501+08:00 [INFO] 用户 1 接收消息: {"type":"initRoom","data":"","name":""}（类型: 1）
2026-05-13T23:34:13.516+08:00 [INFO] 执行日志异步任务: RoomID:"EWY09L" Type:1 UserID:"1" Point:902 Action:"initRoom"
2026-05-13T23:34:13.518+08:00 [DEBU] Watch key "/service/default/default/log-service/latest/"
2026-05-13T23:34:13.518+08:00 [INFO] 用户 1 发送消息: {"type":"initRoom","data":"[{\"ID\":0,\"Name\":\"1\",\"RoomID\":\"EWY09L\",\"Type\":0,\"CardNum\":13,\"Point\":902,\"UserId\":\"1\",\"RoomType\":1},{\"ID\":1,\"Name\":\"单辰皓\",\"RoomID\":\"EWY09L\",\"Type\":1,\"CardNum\":13,\"Point\":0,\"UserId\":\"\",\"RoomType\":1},{\"ID\":2,\"Name\":\"须博耘\",\"RoomID\":\"EWY09L\",\"Type\":1,\"CardNum\":13,\"Point\":0,\"UserId\":\"\",\"RoomType\":1}]","from":"1"}
2026-05-13T23:34:13.526+08:00 [INFO] 用户 1 开始延迟添加AI到房间 EWY09L
2026-05-13T23:34:15.530+08:00 [INFO] 用户 1 发送消息: {"type":"initRoom","data":"[{\"ID\":0,\"Name\":\"1\",\"RoomID\":\"EWY09L\",\"Type\":0,\"CardNum\":13,\"Point\":902,\"UserId\":\"1\",\"RoomType\":1},{\"ID\":1,\"Name\":\"单辰皓\",\"RoomID\":\"EWY09L\",\"Type\":1,\"CardNum\":13,\"Point\":0,\"UserId\":\"\",\"RoomType\":1},{\"ID\":2,\"Name\":\"须博耘\",\"RoomID\":\"EWY09L\",\"Type\":1,\"CardNum\":13,\"Point\":0,\"UserId\":\"\",\"RoomType\":1},{\"ID\":3,\"Name\":\"管秋荷\",\"RoomID\":\"EWY09L\",\"Type\":1,\"CardNum\":13,\"Point\":0,\"UserId\":\"\",\"RoomType\":1}]","from":"1"}
2026-05-13T23:34:16.195+08:00 [INFO] heartbeatCheck: 2.6940375s
2026-05-13T23:34:16.632+08:00 [INFO] 用户 1 接收消息: {"type":"play","data":"","name":""}（类型: 1）
2026-05-13T23:34:22.903+08:00 [INFO] heartbeatCheck: 6.2705618s
2026-05-13T23:34:48.423+08:00 [WARN] keepalive exit, lease id: 7587894790532690461, retry register
2026-05-13T23:34:48.423+08:00 [INFO] heartbeatCheck: 31.7910593s
2026-05-13T23:35:08.479+08:00 [INFO] heartbeatCheck: 51.8467478s
2026-05-13T23:35:08.480+08:00 [WARN] keepalive exit, lease id: 7587894790532690458, retry register
2026-05-13T23:35:08.482+08:00 [ERRO] keepalive retry register failed, will retry in 1s: etcd grant failed with keepalive ttl "10s": context deadline exceeded
1. etcd grant failed with keepalive ttl "10s"
2. context deadline exceeded

2026-05-13T23:35:08.488+08:00 [DEBU] etcd put success with key "/service/default/default/game_user/latest/172.20.10.3:9010", value "{"protocol":"grpc"}", lease "7587894790532690469"
2026-05-13T23:35:09.490+08:00 [DEBU] etcd put success with key "/service/default/default/game_user.svc/latest/172.20.10.3:8010", value "{"insecure":true,"protocol":"http"}", lease "7587894790532690472"
2026-05-13T23:35:11.194+08:00 [INFO] heartbeatCheck: 54.561816s
2026-05-13T23:35:16.194+08:00 [INFO] heartbeatCheck: 59.5620053s
2026-05-13T23:35:21.194+08:00 [INFO] heartbeatCheck: 1m4.5623169s
2026-05-13T23:35:21.195+08:00 [INFO] 用户 1 心跳超时（60秒），断开连接
2026-05-13T23:36:55.717+08:00 [INFO] {70d261980d2aaf18854358782a24d755} 用户 1 重连，关闭旧连接
2026-05-13T23:36:55.718+08:00 [INFO] {70d261980d2aaf18854358782a24d755} 用户 1 连接成功
2026-05-13T23:36:55.720+08:00 [INFO] heartbeatCheck: 2562047h47m16.854775807s
2026-05-13T23:36:55.728+08:00 [INFO] 用户 1 接收消息: {"type":"getInfo","data":"","name":""}（类型: 1）
2026-05-13T23:37:00.730+08:00 [INFO] heartbeatCheck: 5.0022906s
2026-05-13T23:37:05.721+08:00 [INFO] heartbeatCheck: 9.9929784s
2026-05-13T23:37:17.338+08:00 [DEBU] etcd put success with key "/service/default/default/game_user.svc/latest/172.20.10.3:8010", value "{"insecure":true,"protocol":"http"}", lease "7587894790532690480"
2026-05-13T23:37:17.759+08:00 [DEBU] etcd put success with key "/service/default/default/game_user/latest/172.20.10.3:9010", value "{"protocol":"grpc"}", lease "7587894790532690477"
2026-05-13T23:37:29.408+08:00 [INFO] {b455a170152aaf18901d6a74df8903d2} 用户 1 连接成功
2026-05-13T23:37:29.410+08:00 [INFO] heartbeatCheck: 2562047h47m16.854775807s
2026-05-13T23:37:29.454+08:00 [INFO] 用户 1 接收消息: {"type":"getInfo","data":"","name":""}（类型: 1）
2026-05-13T23:37:34.410+08:00 [INFO] heartbeatCheck: 4.9569275s
2026-05-13T23:37:39.409+08:00 [INFO] heartbeatCheck: 9.9563943s
2026-05-13T23:37:39.418+08:00 [INFO] 用户 1 接收消息: {"type":"heartbeat","data":"ping"}（类型: 1）
2026-05-13T23:37:39.419+08:00 [INFO] 用户 1 发送消息: {"type":"heartbeat","data":"pong","from":"1"}
2026-05-13T23:37:39.885+08:00 [INFO] 用户 1 接收消息: {"type":"initRoom","data":"","name":""}（类型: 1）
2026-05-13T23:37:39.891+08:00 [INFO] 执行日志异步任务: RoomID:"EBWO3B" Type:1 UserID:"1" Point:902 Action:"initRoom"
2026-05-13T23:37:39.893+08:00 [DEBU] Watch key "/service/default/default/log-service/latest/"
2026-05-13T23:37:39.908+08:00 [INFO] 用户 1 开始延迟添加AI到房间 EBWO3B
2026-05-13T23:37:39.912+08:00 [INFO] 用户 1 发送消息: {"type":"initRoom","data":"[{\"ID\":0,\"Name\":\"1\",\"RoomID\":\"EBWO3B\",\"Type\":0,\"CardNum\":13,\"Point\":902,\"UserId\":\"1\",\"RoomType\":1},{\"ID\":1,\"Name\":\"谷瑞霖\",\"RoomID\":\"EBWO3B\",\"Type\":1,\"CardNum\":13,\"Point\":0,\"UserId\":\"\",\"RoomType\":1}]","from":"1"}
2026-05-13T23:37:41.913+08:00 [INFO] 用户 1 发送消息: {"type":"initRoom","data":"[{\"ID\":0,\"Name\":\"1\",\"RoomID\":\"EBWO3B\",\"Type\":0,\"CardNum\":13,\"Point\":902,\"UserId\":\"1\",\"RoomType\":1},{\"ID\":1,\"Name\":\"谷瑞霖\",\"RoomID\":\"EBWO3B\",\"Type\":1,\"CardNum\":13,\"Point\":0,\"UserId\":\"\",\"RoomType\":1},{\"ID\":2,\"Name\":\"权慧贞\",\"RoomID\":\"EBWO3B\",\"Type\":1,\"CardNum\":13,\"Point\":0,\"UserId\":\"\",\"RoomType\":1},{\"ID\":3,\"Name\":\"沈浦和\",\"RoomID\":\"EBWO3B\",\"Type\":1,\"CardNum\":13,\"Point\":0,\"UserId\":\"\",\"RoomType\":1}]","from":"1"}
2026-05-13T23:37:43.468+08:00 [INFO] 用户 1 接收消息: {"type":"play","data":"","name":""}（类型: 1）
2026-05-13T23:37:49.438+08:00 [INFO] heartbeatCheck: 5.9695737s
2026-05-13T23:37:52.489+08:00 [WARN] keepalive exit, lease id: 7587894790532690480, retry register
2026-05-13T23:37:54.694+08:00 [INFO] heartbeatCheck: 11.2254437s
2026-05-13T23:38:09.486+08:00 [WARN] keepalive exit, lease id: 7587894790532690477, retry register
2026-05-13T23:38:09.488+08:00 [INFO] heartbeatCheck: 26.0195451s
2026-05-13T23:38:09.490+08:00 [ERRO] keepalive retry register failed, will retry in 2s: etcd put failed with key "/service/default/default/game_user.svc/latest/172.20.10.3:8010", value "{"insecure":true,"protocol":"http"}", lease "7587894790532690487": context deadline exceeded
1. etcd put failed with key "/service/default/default/game_user.svc/latest/172.20.10.3:8010", value "{"insecure":true,"protocol":"http"}", lease "7587894790532690487"
2. context deadline exceeded

2026-05-13T23:38:09.496+08:00 [DEBU] etcd put success with key "/service/default/default/game_user/latest/172.20.10.3:9010", value "{"protocol":"grpc"}", lease "7587894790532690491"
2026-05-13T23:38:11.502+08:00 [DEBU] etcd put success with key "/service/default/default/game_user.svc/latest/172.20.10.3:8010", value "{"insecure":true,"protocol":"http"}", lease "7587894790532690494"
2026-05-13T23:38:14.410+08:00 [INFO] heartbeatCheck: 30.9420789s
2026-05-13T23:38:19.409+08:00 [INFO] heartbeatCheck: 35.9407163s
2026-05-13T23:38:24.409+08:00 [INFO] heartbeatCheck: 40.9407343s
2026-05-13T23:38:29.409+08:00 [INFO] heartbeatCheck: 45.9406782s
2026-05-13T23:38:34.409+08:00 [INFO] heartbeatCheck: 50.9409166s
2026-05-13T23:38:39.409+08:00 [INFO] heartbeatCheck: 55.9410628s
2026-05-13T23:38:44.409+08:00 [INFO] heartbeatCheck: 1m0.9405731s
2026-05-13T23:38:44.409+08:00 [INFO] 用户 1 心跳超时（60秒），断开连接
2026-05-13T23:40:04.914+08:00 [DEBU] etcd put success with key "/service/default/default/game_user/latest/172.20.10.3:9010", value "{"protocol":"grpc"}", lease "7587894816030803716"
2026-05-13T23:40:04.947+08:00 [DEBU] etcd put success with key "/service/default/default/game_user.svc/latest/172.20.10.3:8010", value "{"insecure":true,"protocol":"http"}", lease "7587894816030803719"
2026-05-13T23:40:08.508+08:00 [INFO] {a809c97b3a2aaf18b1a6504e7124a4c9} 用户 1 连接成功
2026-05-13T23:40:08.510+08:00 [INFO] heartbeatCheck: 2562047h47m16.854775807s
2026-05-13T23:40:08.510+08:00 [INFO] 用户 1 接收消息: {"type":"getInfo","data":"","name":""}（类型: 1）
2026-05-13T23:40:08.517+08:00 [INFO] 用户 1 接收消息: {"type":"getInfo","data":"","name":""}（类型: 1）
2026-05-13T23:40:08.523+08:00 [INFO] 用户 1 接收消息: {"type":"getInfo","data":"","name":""}（类型: 1）
2026-05-13T23:40:08.525+08:00 [INFO] 用户 1 发送消息: {"type":"getInfo","data":"{\"roomId\":\"EBWO3B\",\"players\":[{\"ID\":0,\"Name\":\"1\",\"RoomID\":\"EBWO3B\",\"Type\":0,\"CardNum\":13,\"Point\":902,\"UserId\":\"1\",\"RoomType\":1},{\"ID\":1,\"Name\":\"谷瑞霖\",\"RoomID\":\"EBWO3B\",\"Type\":1,\"CardNum\":13,\"Point\":0,\"UserId\":\"\",\"RoomType\":1},{\"ID\":2,\"Name\":\"权慧贞\",\"RoomID\":\"EBWO3B\",\"Type\":1,\"CardNum\":13,\"Point\":0,\"UserId\":\"\",\"RoomType\":1},{\"ID\":3,\"Name\":\"沈浦和\",\"RoomID\":\"EBWO3B\",\"Type\":1,\"CardNum\":13,\"Point\":0,\"UserId\":\"\",\"RoomType\":1}],\"cards\":[],\"current\":0,\"playerPoint\":902,\"outCardTimeout\":30,\"remainOutCardTimeout\":30,\"cardsNum\":[{\"id\":1,\"cardNum\":13},{\"id\":2,\"cardNum\":13},{\"id\":3,\"cardNum\":13}],\"isPlaying\":false,\"outCards\":[],\"mustPid\":0,\"lastPid\":3,\"status\":0,\"type\":1}","from":"1"}
2026-05-13T23:40:08.528+08:00 [INFO] 用户 1 发送消息: {"type":"getInfo","data":"{\"roomId\":\"EBWO3B\",\"players\":[{\"ID\":0,\"Name\":\"1\",\"RoomID\":\"EBWO3B\",\"Type\":0,\"CardNum\":13,\"Point\":902,\"UserId\":\"1\",\"RoomType\":1},{\"ID\":1,\"Name\":\"谷瑞霖\",\"RoomID\":\"EBWO3B\",\"Type\":1,\"CardNum\":13,\"Point\":0,\"UserId\":\"\",\"RoomType\":1},{\"ID\":2,\"Name\":\"权慧贞\",\"RoomID\":\"EBWO3B\",\"Type\":1,\"CardNum\":13,\"Point\":0,\"UserId\":\"\",\"RoomType\":1},{\"ID\":3,\"Name\":\"沈浦和\",\"RoomID\":\"EBWO3B\",\"Type\":1,\"CardNum\":13,\"Point\":0,\"UserId\":\"\",\"RoomType\":1}],\"cards\":[],\"current\":0,\"playerPoint\":902,\"outCardTimeout\":30,\"remainOutCardTimeout\":30,\"cardsNum\":[{\"id\":1,\"cardNum\":13},{\"id\":2,\"cardNum\":13},{\"id\":3,\"cardNum\":13}],\"isPlaying\":false,\"outCards\":[],\"mustPid\":0,\"lastPid\":3,\"status\":0,\"type\":1}","from":"1"}
2026-05-13T23:40:10.603+08:00 [INFO] 用户 1 连接已关闭，读循环退出
2026-05-13T23:40:10.604+08:00 [INFO] 用户 1 关闭连接，原因: 读循环退出
2026-05-13T23:40:10.606+08:00 [INFO] 用户 1 心跳检测被取消: context canceled
2026-05-13T23:40:10.614+08:00 [INFO] 用户 1 心跳检测退出
2026-05-13T23:40:23.197+08:00 [INFO] {848048e73d2aaf18bca6504e4903eb0b} 用户 1 连接成功
2026-05-13T23:40:23.198+08:00 [INFO] heartbeatCheck: 2562047h47m16.854775807s
2026-05-13T23:40:23.239+08:00 [INFO] 用户 1 接收消息: {"type":"getInfo","data":"","name":""}（类型: 1）
2026-05-13T23:40:23.251+08:00 [INFO] 用户 1 连接已关闭，跳过消息发送
2026-05-13T23:40:23.253+08:00 [INFO] 用户 1 writeLoop退出
2026-05-13T23:40:23.256+08:00 [INFO] 用户 1 发送消息: {"type":"getInfo","data":"{\"roomId\":\"EBWO3B\",\"players\":[{\"ID\":0,\"Name\":\"1\",\"RoomID\":\"EBWO3B\",\"Type\":0,\"CardNum\":13,\"Point\":902,\"UserId\":\"1\",\"RoomType\":1},{\"ID\":1,\"Name\":\"谷瑞霖\",\"RoomID\":\"EBWO3B\",\"Type\":1,\"CardNum\":13,\"Point\":0,\"UserId\":\"\",\"RoomType\":1},{\"ID\":2,\"Name\":\"权慧贞\",\"RoomID\":\"EBWO3B\",\"Type\":1,\"CardNum\":13,\"Point\":0,\"UserId\":\"\",\"RoomType\":1},{\"ID\":3,\"Name\":\"沈浦和\",\"RoomID\":\"EBWO3B\",\"Type\":1,\"CardNum\":13,\"Point\":0,\"UserId\":\"\",\"RoomType\":1}],\"cards\":[],\"current\":0,\"playerPoint\":902,\"outCardTimeout\":30,\"remainOutCardTimeout\":30,\"cardsNum\":[{\"id\":1,\"cardNum\":13},{\"id\":2,\"cardNum\":13},{\"id\":3,\"cardNum\":13}],\"isPlaying\":false,\"outCards\":[],\"mustPid\":0,\"lastPid\":3,\"status\":0,\"type\":1}","from":"1"}
2026-05-13T23:40:28.199+08:00 [INFO] heartbeatCheck: 4.9594173s
2026-05-13T23:40:29.731+08:00 [INFO] 用户 1 接收消息: {"type":"initRoom","data":"","name":""}（类型: 1）
2026-05-13T23:40:29.747+08:00 [INFO] 执行日志异步任务: RoomID:"2EGKYI" Type:1 UserID:"1" Point:902 Action:"initRoom"
2026-05-13T23:40:29.749+08:00 [INFO] 用户 1 发送消息: {"type":"initRoom","data":"[{\"ID\":0,\"Name\":\"1\",\"RoomID\":\"2EGKYI\",\"Type\":0,\"CardNum\":13,\"Point\":902,\"UserId\":\"1\",\"RoomType\":1},{\"ID\":1,\"Name\":\"经子骞\",\"RoomID\":\"2EGKYI\",\"Type\":1,\"CardNum\":13,\"Point\":0,\"UserId\":\"\",\"RoomType\":1},{\"ID\":2,\"Name\":\"禹紫夏\",\"RoomID\":\"2EGKYI\",\"Type\":1,\"CardNum\":13,\"Point\":0,\"UserId\":\"\",\"RoomType\":1}]","from":"1"}
2026-05-13T23:40:29.749+08:00 [DEBU] Watch key "/service/default/default/log-service/latest/"
2026-05-13T23:40:29.750+08:00 [INFO] 用户 1 开始延迟添加AI到房间 2EGKYI
2026-05-13T23:40:31.759+08:00 [INFO] 用户 1 发送消息: {"type":"initRoom","data":"[{\"ID\":0,\"Name\":\"1\",\"RoomID\":\"2EGKYI\",\"Type\":0,\"CardNum\":13,\"Point\":902,\"UserId\":\"1\",\"RoomType\":1},{\"ID\":1,\"Name\":\"经子骞\",\"RoomID\":\"2EGKYI\",\"Type\":1,\"CardNum\":13,\"Point\":0,\"UserId\":\"\",\"RoomType\":1},{\"ID\":2,\"Name\":\"禹紫夏\",\"RoomID\":\"2EGKYI\",\"Type\":1,\"CardNum\":13,\"Point\":0,\"UserId\":\"\",\"RoomType\":1},{\"ID\":3,\"Name\":\"穆曼冬\",\"RoomID\":\"2EGKYI\",\"Type\":1,\"CardNum\":13,\"Point\":0,\"UserId\":\"\",\"RoomType\":1}]","from":"1"}
2026-05-13T23:40:32.931+08:00 [INFO] 用户 1 接收消息: {"type":"play","data":"","name":""}（类型: 1）
2026-05-13T23:40:39.283+08:00 [INFO] heartbeatCheck: 6.3519786s
2026-05-13T23:40:43.198+08:00 [INFO] heartbeatCheck: 10.267377s
2026-05-13T23:40:48.198+08:00 [INFO] heartbeatCheck: 15.2670146s
2026-05-13T23:40:53.197+08:00 [INFO] heartbeatCheck: 20.2668956s
2026-05-13T23:40:58.198+08:00 [INFO] heartbeatCheck: 25.267846s
2026-05-13T23:41:03.198+08:00 [INFO] heartbeatCheck: 30.2674837s
2026-05-13T23:41:08.199+08:00 [INFO] heartbeatCheck: 35.2680832s
2026-05-13T23:41:13.198+08:00 [INFO] heartbeatCheck: 40.2670371s
2026-05-13T23:41:18.198+08:00 [INFO] heartbeatCheck: 45.2675646s
2026-05-13T23:41:23.198+08:00 [INFO] heartbeatCheck: 50.267607s
2026-05-13T23:41:28.198+08:00 [INFO] heartbeatCheck: 55.2670842s
2026-05-13T23:41:33.214+08:00 [INFO] heartbeatCheck: 1m0.2833526s
2026-05-13T23:41:33.218+08:00 [INFO] 用户 1 心跳超时（60秒），断开连接
2026-05-13T23:41:53.400+08:00 [INFO] {0c140ae6522aaf18d0a6504ebf124814} 用户 1 重连，关闭旧连接
2026-05-13T23:41:53.429+08:00 [INFO] {0c140ae6522aaf18d0a6504ebf124814} 用户 1 连接成功
2026-05-13T23:41:53.467+08:00 [INFO] heartbeatCheck: 2562047h47m16.854775807s
2026-05-13T23:41:53.470+08:00 [INFO] 用户 1 接收消息: {"type":"getInfo","data":"","name":""}（类型: 1）
2026-05-13T23:41:58.468+08:00 [INFO] heartbeatCheck: 4.9972361s
2026-05-13T23:42:03.468+08:00 [INFO] heartbeatCheck: 9.9973313s
2026-05-13T23:42:08.468+08:00 [INFO] heartbeatCheck: 14.997562s
2026-05-13T23:42:13.468+08:00 [INFO] heartbeatCheck: 19.9973659s
2026-05-13T23:42:18.470+08:00 [INFO] heartbeatCheck: 24.9992731s
2026-05-13T23:42:23.467+08:00 [INFO] heartbeatCheck: 29.997065s
2026-05-13T23:42:28.468+08:00 [INFO] heartbeatCheck: 34.9972403s
2026-05-13T23:42:33.468+08:00 [INFO] heartbeatCheck: 39.9972418s
2026-05-13T23:42:38.468+08:00 [INFO] heartbeatCheck: 44.9972396s
2026-05-13T23:42:43.468+08:00 [INFO] heartbeatCheck: 49.9972344s
2026-05-13T23:42:48.500+08:00 [INFO] heartbeatCheck: 55.0298047s
2026-05-13T23:42:53.471+08:00 [INFO] heartbeatCheck: 1m0.0007265s
2026-05-13T23:42:53.471+08:00 [INFO] 用户 1 心跳超时（60秒），断开连接
2026-05-13T23:43:49.164+08:00 [DEBU] etcd put success with key "/service/default/default/game_user/latest/172.20.10.3:9010", value "{"protocol":"grpc"}", lease "7587894816030803727"
2026-05-13T23:43:49.194+08:00 [DEBU] etcd put success with key "/service/default/default/game_user.svc/latest/172.20.10.3:8010", value "{"insecure":true,"protocol":"http"}", lease "7587894816030803730"
2026-05-13T23:43:51.698+08:00 [INFO] {c000d5726e2aaf18c587d940ba621a79} 用户 1 连接成功
2026-05-13T23:43:51.701+08:00 [INFO] heartbeatCheck: 2562047h47m16.854775807s
2026-05-13T23:43:51.708+08:00 [INFO] 用户 1 接收消息: {"type":"getInfo","data":"","name":""}（类型: 1）
2026-05-13T23:43:51.717+08:00 [INFO] 用户 1 发送消息: {"type":"getInfo","data":"{\"roomId\":\"2EGKYI\",\"players\":[{\"ID\":0,\"Name\":\"1\",\"RoomID\":\"2EGKYI\",\"Type\":0,\"CardNum\":13,\"Point\":902,\"UserId\":\"1\",\"RoomType\":1},{\"ID\":1,\"Name\":\"经子骞\",\"RoomID\":\"2EGKYI\",\"Type\":1,\"CardNum\":13,\"Point\":0,\"UserId\":\"\",\"RoomType\":1},{\"ID\":2,\"Name\":\"禹紫夏\",\"RoomID\":\"2EGKYI\",\"Type\":1,\"CardNum\":13,\"Point\":0,\"UserId\":\"\",\"RoomType\":1},{\"ID\":3,\"Name\":\"穆曼冬\",\"RoomID\":\"2EGKYI\",\"Type\":1,\"CardNum\":13,\"Point\":0,\"UserId\":\"\",\"RoomType\":1}],\"cards\":[],\"current\":0,\"playerPoint\":902,\"outCardTimeout\":30,\"remainOutCardTimeout\":30,\"cardsNum\":[{\"id\":1,\"cardNum\":13},{\"id\":2,\"cardNum\":13},{\"id\":3,\"cardNum\":13}],\"isPlaying\":false,\"outCards\":[],\"mustPid\":0,\"lastPid\":3,\"status\":0,\"type\":1}","from":"1"}
2026-05-13T23:43:56.702+08:00 [INFO] heartbeatCheck: 4.9954738s
2026-05-13T23:44:01.702+08:00 [INFO] heartbeatCheck: 9.9950249s
2026-05-13T23:44:02.693+08:00 [INFO] 用户 1 接收消息: {"type":"heartbeat","data":"ping"}（类型: 1）
2026-05-13T23:44:02.695+08:00 [INFO] 用户 1 发送消息: {"type":"heartbeat","data":"pong","from":"1"}
2026-05-13T23:44:06.701+08:00 [INFO] heartbeatCheck: 4.0086553s
2026-05-13T23:44:11.702+08:00 [INFO] heartbeatCheck: 9.0088896s
2026-05-13T23:44:13.693+08:00 [INFO] 用户 1 接收消息: {"type":"heartbeat","data":"ping"}（类型: 1）
2026-05-13T23:44:13.697+08:00 [INFO] 用户 1 发送消息: {"type":"heartbeat","data":"pong","from":"1"}
2026-05-13T23:44:16.701+08:00 [INFO] heartbeatCheck: 3.0083074s
2026-05-13T23:44:21.702+08:00 [INFO] heartbeatCheck: 8.0089131s
2026-05-13T23:44:22.838+08:00 [INFO] 用户 1 连接已关闭，读循环退出
2026-05-13T23:44:22.841+08:00 [INFO] 用户 1 关闭连接，原因: 读循环退出
2026-05-13T23:44:22.841+08:00 [INFO] 用户 1 心跳检测被取消: context canceled
2026-05-13T23:44:22.842+08:00 [INFO] 用户 1 心跳检测退出
2026-05-13T23:44:34.624+08:00 [DEBU] etcd put success with key "/service/default/default/game_user/latest/172.20.10.3:9010", value "{"protocol":"grpc"}", lease "7587894816030803734"
2026-05-13T23:44:34.653+08:00 [DEBU] etcd put success with key "/service/default/default/game_user.svc/latest/172.20.10.3:8010", value "{"insecure":true,"protocol":"http"}", lease "7587894816030803737"
2026-05-13T23:44:50.816+08:00 [INFO] {4466a1367c2aaf18ff5610520a623776} 用户 1 连接成功
2026-05-13T23:44:50.820+08:00 [INFO] heartbeatCheck: 2562047h47m16.854775807s
2026-05-13T23:44:50.835+08:00 [INFO] 用户 1 接收消息: {"type":"getInfo","data":"","name":""}（类型: 1）
2026-05-13T23:44:50.865+08:00 [INFO] 用户 1 发送消息: {"type":"getInfo","data":"{\"roomId\":\"2EGKYI\",\"players\":[{\"ID\":0,\"Name\":\"1\",\"RoomID\":\"2EGKYI\",\"Type\":0,\"CardNum\":13,\"Point\":902,\"UserId\":\"1\",\"RoomType\":1},{\"ID\":1,\"Name\":\"经子骞\",\"RoomID\":\"2EGKYI\",\"Type\":1,\"CardNum\":13,\"Point\":0,\"UserId\":\"\",\"RoomType\":1},{\"ID\":2,\"Name\":\"禹紫夏\",\"RoomID\":\"2EGKYI\",\"Type\":1,\"CardNum\":13,\"Point\":0,\"UserId\":\"\",\"RoomType\":1},{\"ID\":3,\"Name\":\"穆曼冬\",\"RoomID\":\"2EGKYI\",\"Type\":1,\"CardNum\":13,\"Point\":0,\"UserId\":\"\",\"RoomType\":1}],\"cards\":[],\"current\":0,\"playerPoint\":902,\"outCardTimeout\":30,\"remainOutCardTimeout\":30,\"cardsNum\":[{\"id\":1,\"cardNum\":13},{\"id\":2,\"cardNum\":13},{\"id\":3,\"cardNum\":13}],\"isPlaying\":false,\"outCards\":[],\"mustPid\":0,\"lastPid\":3,\"status\":0,\"type\":1}","from":"1"}
2026-05-13T23:44:55.271+08:00 [INFO] 用户 1 接收消息: {"type":"initRoom","data":"","name":""}（类型: 1）
2026-05-13T23:44:55.312+08:00 [INFO] 执行日志异步任务: RoomID:"96R06X" Type:1 UserID:"1" Point:902 Action:"initRoom"
2026-05-13T23:44:55.389+08:00 [DEBU] Watch key "/service/default/default/log-service/latest/"
2026-05-13T23:44:55.313+08:00 [INFO] 用户 1 发送消息: {"type":"initRoom","data":"[{\"ID\":0,\"Name\":\"1\",\"RoomID\":\"96R06X\",\"Type\":0,\"CardNum\":13,\"Point\":902,\"UserId\":\"1\",\"RoomType\":1},{\"ID\":1,\"Name\":\"季驰\",\"RoomID\":\"96R06X\",\"Type\":1,\"CardNum\":13,\"Point\":0,\"UserId\":\"\",\"RoomType\":1},{\"ID\":2,\"Name\":\"隆怀瑶\",\"RoomID\":\"96R06X\",\"Type\":1,\"CardNum\":13,\"Point\":0,\"UserId\":\"\",\"RoomType\":1},{\"ID\":3,\"Name\":\"家钰轩\",\"RoomID\":\"96R06X\",\"Type\":1,\"CardNum\":13,\"Point\":0,\"UserId\":\"\",\"RoomType\":1}]","from":"1"}
2026-05-13T23:44:55.821+08:00 [INFO] heartbeatCheck: 549.4438ms
2026-05-13T23:44:57.020+08:00 [INFO] 用户 1 接收消息: {"type":"play","data":"","name":""}（类型: 1）
2026-05-13T23:45:26.670+08:00 [INFO] 
===== 房间 96R06X 游戏开始 =====
2026-05-13T23:45:26.670+08:00 [INFO] 
确定谁先出牌...
2026-05-13T23:45:26.671+08:00 [WARN] keepalive exit, lease id: 7587894816030803734, retry register
2026-05-13T23:45:26.672+08:00 [INFO] 房间 96R06X 启动消息接收 goroutine
2026-05-13T23:45:26.673+08:00 [INFO] 1的牌: 
2026-05-13T23:45:26.673+08:00 [WARN] keepalive exit, lease id: 7587894816030803737, retry register
2026-05-13T23:45:26.673+08:00 [INFO] ♠5,♥4,♠A,♥7,♥10,♠7,♠Q,♣K,♥5,♣3,♠3,♥3,♦A
2026-05-13T23:45:26.674+08:00 [INFO] 季驰的牌: 
2026-05-13T23:45:26.675+08:00 [INFO] 牌型：5,具体的牌：[[{4 0 ♦4 5 4 ♦} {4 1 ♣4 6 4 ♣} {4 3 ♠4 8 4 ♠} {J 0 ♦J 33 11 ♦} {J 3 ♠J 36 11 ♠}]] 
2026-05-13T23:45:26.675+08:00 [INFO] 牌型：2,具体的牌：[[{8 0 ♦8 21 8 ♦} {8 1 ♣8 22 8 ♣}]] 
2026-05-13T23:45:26.675+08:00 [INFO] 牌型：1,具体的牌：[[{7 0 ♦7 17 7 ♦}] [{10 0 ♦10 29 10 ♦}] [{5 1 ♣5 10 5 ♣}] [{Q 1 ♣Q 38 12 ♣}] [{6 3 ♠6 16 6 ♠}] [{K 3 ♠K 44 13 ♠}]] 
2026-05-13T23:45:26.676+08:00 [INFO] 隆怀瑶的牌: 
2026-05-13T23:45:26.677+08:00 [INFO] 牌型：2,具体的牌：[[{9 0 ♦9 25 9 ♦} {9 1 ♣9 26 9 ♣}] [{6 1 ♣6 14 6 ♣} {6 2 ♥6 15 6 ♥}] [{2 1 ♣2 50 15 ♣} {2 3 ♠2 52 15 ♠}] [{8 2 ♥8 23 8 ♥} {8 3 ♠8 24 8 ♠}]] 
2026-05-13T23:45:26.678+08:00 [INFO] 牌型：1,具体的牌：[[{5 0 ♦5 9 5 ♦}] [{K 0 ♦K 41 13 ♦}] [{J 2 ♥J 35 11 ♥}] [{A 2 ♥A 47 14 ♥}] [{10 3 ♠10 32 10 ♠}]] 
2026-05-13T23:45:14.741+08:00 [INFO] heartbeatCheck: 17.7203659s
2026-05-13T23:45:26.679+08:00 [INFO] 用户 1 发送消息: {"type":"showCard","data":"{\"cards\":[12,7,48,19,31,20,40,42,11,2,4,3,45],\"current\":3,\"playerPoint\":902,\"outCardTimeout\":30}","from":""}
2026-05-13T23:45:26.682+08:00 [INFO] 家钰轩的牌: 
2026-05-13T23:45:26.683+08:00 [INFO] 牌型：3,具体的牌：[[{9 2 ♥9 27 9 ♥} {10 1 ♣10 30 10 ♣} {J 1 ♣J 34 11 ♣} {Q 0 ♦Q 37 12 ♦} {K 2 ♥K 43 13 ♥}]] 
2026-05-13T23:45:26.684+08:00 [INFO] 牌型：2,具体的牌：[[{2 0 ♦2 49 15 ♦} {2 2 ♥2 51 15 ♥}]] 
2026-05-13T23:45:26.686+08:00 [INFO] 牌型：1,具体的牌：[[{3 0 ♦3 1 3 ♦}] [{6 0 ♦6 13 6 ♦}] [{7 1 ♣7 18 7 ♣}] [{A 1 ♣A 46 14 ♣}] [{Q 2 ♥Q 39 12 ♥}] [{9 3 ♠9 28 9 ♠}]] 
2026-05-13T23:45:26.686+08:00 [INFO] 用户 1 接收消息: {"type":"getInfo","data":"","name":""}（类型: 1）
2026-05-13T23:45:26.685+08:00 [INFO] heartbeatCheck: 29.664751s
2026-05-13T23:45:26.691+08:00 [INFO] 用户 1 接收消息: {"type":"heartbeat","data":"ping"}（类型: 1）
2026-05-13T23:45:26.691+08:00 [INFO] 用户 1 发送消息: {"type":"getInfo","data":"{\"roomId\":\"96R06X\",\"players\":[{\"ID\":0,\"Name\":\"1\",\"RoomID\":\"96R06X\",\"Type\":0,\"CardNum\":13,\"Point\":902,\"UserId\":\"1\",\"RoomType\":1},{\"ID\":1,\"Name\":\"季驰\",\"RoomID\":\"96R06X\",\"Type\":1,\"CardNum\":13,\"Point\":0,\"UserId\":\"\",\"RoomType\":1},{\"ID\":2,\"Name\":\"隆怀瑶\",\"RoomID\":\"96R06X\",\"Type\":1,\"CardNum\":13,\"Point\":0,\"UserId\":\"\",\"RoomType\":1},{\"ID\":3,\"Name\":\"家钰轩\",\"RoomID\":\"96R06X\",\"Type\":1,\"CardNum\":13,\"Point\":0,\"UserId\":\"\",\"RoomType\":1}],\"cards\":[],\"current\":0,\"playerPoint\":902,\"outCardTimeout\":30,\"remainOutCardTimeout\":30,\"cardsNum\":[{\"id\":1,\"cardNum\":13},{\"id\":2,\"cardNum\":13},{\"id\":3,\"cardNum\":13}],\"isPlaying\":false,\"outCards\":[],\"mustPid\":0,\"lastPid\":3,\"status\":0,\"type\":1}","from":"1"}
2026-05-13T23:45:26.693+08:00 [INFO] 用户 1 发送消息: {"type":"heartbeat","data":"pong","from":"1"}
2026-05-13T23:45:26.693+08:00 [INFO] 用户 1 接收消息: {"type":"heartbeat","data":"ping"}（类型: 1）
2026-05-13T23:45:26.697+08:00 [INFO] 用户 1 发送消息: {"type":"heartbeat","data":"pong","from":"1"}
2026-05-13T23:45:26.699+08:00 [INFO] 用户 1 接收消息: {"type":"heartbeat","data":"ping"}（类型: 1）
2026-05-13T23:45:26.703+08:00 [DEBU] etcd put success with key "/service/default/default/game_user.svc/latest/172.20.10.3:8010", value "{"insecure":true,"protocol":"http"}", lease "7587894816030803746"
2026-05-13T23:45:26.703+08:00 [INFO] 用户 1 发送消息: {"type":"heartbeat","data":"pong","from":"1"}
2026-05-13T23:45:26.719+08:00 [DEBU] etcd put success with key "/service/default/default/game_user/latest/172.20.10.3:9010", value "{"protocol":"grpc"}", lease "7587894816030803748"
2026-05-13T23:45:27.675+08:00 [INFO] 
家钰轩的回合 (当前手牌数: 13)

2026-05-13T23:45:27.675+08:00 [INFO] 上一手牌，牌型: 0, 牌是：不出

2026-05-13T23:45:27.676+08:00 [INFO] 请选择要出的牌 (输入牌的序号，用逗号分隔，0表示不出): 
2026-05-13T23:45:28.674+08:00 [INFO] 
家钰轩的回合 (当前手牌数: 13)

2026-05-13T23:45:28.674+08:00 [INFO] 上一手牌，牌型: 0, 牌是：不出

2026-05-13T23:45:28.676+08:00 [INFO] 请选择要出的牌 (输入牌的序号，用逗号分隔，0表示不出): 
2026-05-13T23:45:29.673+08:00 [INFO] 
家钰轩的回合 (当前手牌数: 13)

2026-05-13T23:45:29.673+08:00 [INFO] 上一手牌，牌型: 0, 牌是：不出

2026-05-13T23:45:29.674+08:00 [INFO] 请选择要出的牌 (输入牌的序号，用逗号分隔，0表示不出): 
2026-05-13T23:45:29.674+08:00 [INFO] 家钰轩出了: ♦3 (1)

2026-05-13T23:45:29.677+08:00 [INFO] 正在订阅 Channel: player:play:card:1，当前玩家: 1
2026-05-13T23:45:29.680+08:00 [INFO] 成功订阅 Channel: player:play:card:1
2026-05-13T23:45:29.683+08:00 [INFO] 用户 1 发送消息: {"type":"outCard","data":"{\"pid\":3,\"cardIds\":[1],\"card_type\":1,\"cards_num\":12,\"code\":0,\"current\":0,\"mustPid\":3,\"outCardTimeout\":30}","from":""}
2026-05-13T23:45:30.674+08:00 [INFO] 
1的回合 (当前手牌数: 13)

2026-05-13T23:45:30.674+08:00 [INFO] 上一手牌，牌型: 1, 牌是：♦3

2026-05-13T23:45:30.675+08:00 [INFO] 请选择要出的牌 (输入牌的序号，用逗号分隔，0表示不出): 
2026-05-13T23:45:30.675+08:00 [INFO] 用户 1 接收出牌消息1: <nil>
2026-05-13T23:45:30.676+08:00 [INFO] 用户 1 接收出牌消息2: {0 [] 0}
2026-05-13T23:45:30.821+08:00 [INFO] heartbeatCheck: 4.1219695s
2026-05-13T23:45:31.673+08:00 [INFO] 
1的回合 (当前手牌数: 13)

2026-05-13T23:45:31.675+08:00 [INFO] 上一手牌，牌型: 1, 牌是：♦3

2026-05-13T23:45:31.676+08:00 [INFO] 请选择要出的牌 (输入牌的序号，用逗号分隔，0表示不出): 
2026-05-13T23:45:31.678+08:00 [INFO] 用户 1 接收出牌消息1: <nil>
2026-05-13T23:45:31.680+08:00 [INFO] 用户 1 接收出牌消息2: {0 [] 0}
2026-05-13T23:45:32.673+08:00 [INFO] 
1的回合 (当前手牌数: 13)

2026-05-13T23:45:32.675+08:00 [INFO] 上一手牌，牌型: 1, 牌是：♦3

2026-05-13T23:45:32.677+08:00 [INFO] 请选择要出的牌 (输入牌的序号，用逗号分隔，0表示不出): 
2026-05-13T23:45:32.678+08:00 [INFO] 用户 1 接收出牌消息1: <nil>
2026-05-13T23:45:32.680+08:00 [INFO] 用户 1 接收出牌消息2: {0 [] 0}
2026-05-13T23:45:33.708+08:00 [INFO] 
1的回合 (当前手牌数: 13)

2026-05-13T23:45:33.715+08:00 [INFO] 上一手牌，牌型: 1, 牌是：♦3

2026-05-13T23:45:33.739+08:00 [INFO] 请选择要出的牌 (输入牌的序号，用逗号分隔，0表示不出): 
2026-05-13T23:45:33.745+08:00 [INFO] 用户 1 接收出牌消息1: <nil>
2026-05-13T23:45:33.749+08:00 [INFO] 用户 1 接收出牌消息2: {0 [] 0}
2026-05-13T23:45:34.673+08:00 [INFO] 
1的回合 (当前手牌数: 13)

2026-05-13T23:45:34.673+08:00 [INFO] 上一手牌，牌型: 1, 牌是：♦3

2026-05-13T23:45:34.674+08:00 [INFO] 请选择要出的牌 (输入牌的序号，用逗号分隔，0表示不出): 
2026-05-13T23:45:34.675+08:00 [INFO] 用户 1 接收出牌消息1: <nil>
2026-05-13T23:45:34.676+08:00 [INFO] 用户 1 接收出牌消息2: {0 [] 0}
2026-05-13T23:45:35.674+08:00 [INFO] 
1的回合 (当前手牌数: 13)

2026-05-13T23:45:35.674+08:00 [INFO] 上一手牌，牌型: 1, 牌是：♦3

2026-05-13T23:45:35.675+08:00 [INFO] 请选择要出的牌 (输入牌的序号，用逗号分隔，0表示不出): 
2026-05-13T23:45:35.676+08:00 [INFO] 用户 1 接收出牌消息1: <nil>
2026-05-13T23:45:35.676+08:00 [INFO] 用户 1 接收出牌消息2: {0 [] 0}
2026-05-13T23:45:35.821+08:00 [INFO] heartbeatCheck: 9.1219506s
2026-05-13T23:45:36.674+08:00 [INFO] 
1的回合 (当前手牌数: 13)

2026-05-13T23:45:36.674+08:00 [INFO] 上一手牌，牌型: 1, 牌是：♦3

2026-05-13T23:45:36.674+08:00 [INFO] 请选择要出的牌 (输入牌的序号，用逗号分隔，0表示不出): 
2026-05-13T23:45:36.675+08:00 [INFO] 用户 1 接收出牌消息1: <nil>
2026-05-13T23:45:36.676+08:00 [INFO] 用户 1 接收出牌消息2: {0 [] 0}
2026-05-13T23:45:37.675+08:00 [INFO] 
1的回合 (当前手牌数: 13)

2026-05-13T23:45:37.678+08:00 [INFO] 上一手牌，牌型: 1, 牌是：♦3

2026-05-13T23:45:37.679+08:00 [INFO] 请选择要出的牌 (输入牌的序号，用逗号分隔，0表示不出): 
2026-05-13T23:45:37.679+08:00 [INFO] 用户 1 接收出牌消息1: <nil>
2026-05-13T23:45:37.680+08:00 [INFO] 用户 1 接收出牌消息2: {0 [] 0}
2026-05-13T23:45:38.674+08:00 [INFO] 
1的回合 (当前手牌数: 13)

2026-05-13T23:45:38.674+08:00 [INFO] 上一手牌，牌型: 1, 牌是：♦3

2026-05-13T23:45:38.675+08:00 [INFO] 请选择要出的牌 (输入牌的序号，用逗号分隔，0表示不出): 
2026-05-13T23:45:38.676+08:00 [INFO] 用户 1 接收出牌消息1: <nil>
2026-05-13T23:45:38.682+08:00 [INFO] 用户 1 接收出牌消息2: {0 [] 0}
2026-05-13T23:45:39.585+08:00 [INFO] 用户 1 接收消息: {"type":"playCard","data":"{\"pid\":0,\"cardIds\":[7]}"}（类型: 1）
2026-05-13T23:45:39.589+08:00 [INFO] 用户 1 发送出牌消息: {"pid":0,"cardIds":[7],"pass":0}
2026-05-13T23:45:39.674+08:00 [INFO] 
1的回合 (当前手牌数: 13)

2026-05-13T23:45:39.674+08:00 [INFO] 上一手牌，牌型: 1, 牌是：♦3

2026-05-13T23:45:39.675+08:00 [INFO] 请选择要出的牌 (输入牌的序号，用逗号分隔，0表示不出): 
2026-05-13T23:45:39.675+08:00 [INFO] 从队列收到消息: playCard
2026-05-13T23:45:39.676+08:00 [INFO] 用户 1 接收出牌消息1: &{playCard {"pid":0,"cardIds":[7],"pass":0} 1}
2026-05-13T23:45:39.676+08:00 [INFO] 用户 1 接收出牌消息2: {0 [7] 0}
2026-05-13T23:45:39.677+08:00 [DEBU] [7]
2026-05-13T23:45:39.677+08:00 [INFO] 1出了: ♥4 (1)

2026-05-13T23:45:39.678+08:00 [INFO] ♠5,♠A,♥7,♥10,♠7,♠Q,♣K,♥5,♣3,♠3,♥3,♦A
2026-05-13T23:45:39.679+08:00 [INFO] 用户 1 发送消息: {"type":"outCard","data":"{\"pid\":0,\"cardIds\":[7],\"card_type\":1,\"cards_num\":12,\"code\":0,\"current\":1,\"mustPid\":0,\"outCardTimeout\":30}","from":""}
2026-05-13T23:45:40.674+08:00 [INFO] 
季驰的回合 (当前手牌数: 13)

2026-05-13T23:45:40.675+08:00 [INFO] 上一手牌，牌型: 1, 牌是：♥4

2026-05-13T23:45:40.676+08:00 [INFO] 请选择要出的牌 (输入牌的序号，用逗号分隔，0表示不出): 
2026-05-13T23:45:40.822+08:00 [INFO] heartbeatCheck: 1.2366192s
2026-05-13T23:45:41.675+08:00 [INFO] 
季驰的回合 (当前手牌数: 13)

2026-05-13T23:45:41.677+08:00 [INFO] 上一手牌，牌型: 1, 牌是：♥4

2026-05-13T23:45:41.677+08:00 [INFO] 请选择要出的牌 (输入牌的序号，用逗号分隔，0表示不出): 
2026-05-13T23:45:41.678+08:00 [INFO] 季驰出了: ♣5 (1)

2026-05-13T23:45:41.681+08:00 [INFO] 用户 1 发送消息: {"type":"outCard","data":"{\"pid\":1,\"cardIds\":[10],\"card_type\":1,\"cards_num\":12,\"code\":0,\"current\":2,\"mustPid\":1,\"outCardTimeout\":30}","from":""}
2026-05-13T23:45:42.677+08:00 [INFO] 
隆怀瑶的回合 (当前手牌数: 13)

2026-05-13T23:45:42.678+08:00 [INFO] 上一手牌，牌型: 1, 牌是：♣5

2026-05-13T23:45:42.679+08:00 [INFO] 请选择要出的牌 (输入牌的序号，用逗号分隔，0表示不出): 
2026-05-13T23:45:43.678+08:00 [INFO] 
隆怀瑶的回合 (当前手牌数: 13)

2026-05-13T23:45:43.679+08:00 [INFO] 上一手牌，牌型: 1, 牌是：♣5

2026-05-13T23:45:43.680+08:00 [INFO] 请选择要出的牌 (输入牌的序号，用逗号分隔，0表示不出): 
2026-05-13T23:45:43.681+08:00 [INFO] 隆怀瑶出了: ♠10 (1)

2026-05-13T23:45:43.684+08:00 [INFO] 用户 1 发送消息: {"type":"outCard","data":"{\"pid\":2,\"cardIds\":[32],\"card_type\":1,\"cards_num\":12,\"code\":0,\"current\":3,\"mustPid\":2,\"outCardTimeout\":30}","from":""}
2026-05-13T23:45:44.674+08:00 [INFO] 
家钰轩的回合 (当前手牌数: 12)

2026-05-13T23:45:44.674+08:00 [INFO] 上一手牌，牌型: 1, 牌是：♠10

2026-05-13T23:45:44.675+08:00 [INFO] 请选择要出的牌 (输入牌的序号，用逗号分隔，0表示不出): 
2026-05-13T23:45:45.673+08:00 [INFO] 
家钰轩的回合 (当前手牌数: 12)

2026-05-13T23:45:45.673+08:00 [INFO] 上一手牌，牌型: 1, 牌是：♠10

2026-05-13T23:45:45.674+08:00 [INFO] 请选择要出的牌 (输入牌的序号，用逗号分隔，0表示不出): 
2026-05-13T23:45:45.821+08:00 [INFO] heartbeatCheck: 6.2358604s
2026-05-13T23:45:46.674+08:00 [INFO] 
家钰轩的回合 (当前手牌数: 12)

2026-05-13T23:45:46.675+08:00 [INFO] 上一手牌，牌型: 1, 牌是：♠10

2026-05-13T23:45:46.677+08:00 [INFO] 请选择要出的牌 (输入牌的序号，用逗号分隔，0表示不出): 
2026-05-13T23:45:46.679+08:00 [INFO] 家钰轩出了: ♥Q (1)

2026-05-13T23:45:46.682+08:00 [INFO] 正在订阅 Channel: player:play:card:1，当前玩家: 1
2026-05-13T23:45:46.699+08:00 [INFO] 成功订阅 Channel: player:play:card:1
2026-05-13T23:45:46.704+08:00 [INFO] 用户 1 发送消息: {"type":"outCard","data":"{\"pid\":3,\"cardIds\":[39],\"card_type\":1,\"cards_num\":11,\"code\":0,\"current\":0,\"mustPid\":3,\"outCardTimeout\":30}","from":""}
2026-05-13T23:45:47.674+08:00 [INFO] 
1的回合 (当前手牌数: 12)

2026-05-13T23:45:47.675+08:00 [INFO] 上一手牌，牌型: 1, 牌是：♥Q

2026-05-13T23:45:47.677+08:00 [INFO] 请选择要出的牌 (输入牌的序号，用逗号分隔，0表示不出): 
2026-05-13T23:45:47.678+08:00 [INFO] 用户 1 接收出牌消息1: <nil>
2026-05-13T23:45:47.679+08:00 [INFO] 用户 1 接收出牌消息2: {0 [] 0}
2026-05-13T23:45:48.674+08:00 [INFO] 
1的回合 (当前手牌数: 12)

2026-05-13T23:45:48.674+08:00 [INFO] 上一手牌，牌型: 1, 牌是：♥Q

2026-05-13T23:45:48.675+08:00 [INFO] 请选择要出的牌 (输入牌的序号，用逗号分隔，0表示不出): 
2026-05-13T23:45:48.676+08:00 [INFO] 用户 1 接收出牌消息1: <nil>
2026-05-13T23:45:48.678+08:00 [INFO] 用户 1 接收出牌消息2: {0 [] 0}
2026-05-13T23:45:49.674+08:00 [INFO] 
1的回合 (当前手牌数: 12)

2026-05-13T23:45:49.674+08:00 [INFO] 上一手牌，牌型: 1, 牌是：♥Q

2026-05-13T23:45:49.675+08:00 [INFO] 请选择要出的牌 (输入牌的序号，用逗号分隔，0表示不出): 
2026-05-13T23:45:49.676+08:00 [INFO] 用户 1 接收出牌消息1: <nil>
2026-05-13T23:45:49.677+08:00 [INFO] 用户 1 接收出牌消息2: {0 [] 0}
2026-05-13T23:45:50.673+08:00 [INFO] 
1的回合 (当前手牌数: 12)

2026-05-13T23:45:50.673+08:00 [INFO] 上一手牌，牌型: 1, 牌是：♥Q

2026-05-13T23:45:50.674+08:00 [INFO] 请选择要出的牌 (输入牌的序号，用逗号分隔，0表示不出): 
2026-05-13T23:45:50.674+08:00 [INFO] 用户 1 接收出牌消息1: <nil>
2026-05-13T23:45:50.675+08:00 [INFO] 用户 1 接收出牌消息2: {0 [] 0}
2026-05-13T23:45:50.821+08:00 [INFO] heartbeatCheck: 11.2358482s
2026-05-13T23:45:51.675+08:00 [INFO] 
1的回合 (当前手牌数: 12)

2026-05-13T23:45:51.676+08:00 [INFO] 上一手牌，牌型: 1, 牌是：♥Q

2026-05-13T23:45:51.676+08:00 [INFO] 请选择要出的牌 (输入牌的序号，用逗号分隔，0表示不出): 
2026-05-13T23:45:51.679+08:00 [INFO] 用户 1 接收出牌消息1: <nil>
2026-05-13T23:45:51.680+08:00 [INFO] 用户 1 接收出牌消息2: {0 [] 0}
2026-05-13T23:45:52.674+08:00 [INFO] 
1的回合 (当前手牌数: 12)

2026-05-13T23:45:52.675+08:00 [INFO] 上一手牌，牌型: 1, 牌是：♥Q

2026-05-13T23:45:52.675+08:00 [INFO] 请选择要出的牌 (输入牌的序号，用逗号分隔，0表示不出): 
2026-05-13T23:45:52.676+08:00 [INFO] 用户 1 接收出牌消息1: <nil>
2026-05-13T23:45:52.677+08:00 [INFO] 用户 1 接收出牌消息2: {0 [] 0}
2026-05-13T23:45:53.674+08:00 [INFO] 
1的回合 (当前手牌数: 12)

2026-05-13T23:45:53.674+08:00 [INFO] 上一手牌，牌型: 1, 牌是：♥Q

2026-05-13T23:45:53.675+08:00 [INFO] 请选择要出的牌 (输入牌的序号，用逗号分隔，0表示不出): 
2026-05-13T23:45:53.676+08:00 [INFO] 用户 1 接收出牌消息1: <nil>
2026-05-13T23:45:53.676+08:00 [INFO] 用户 1 接收出牌消息2: {0 [] 0}
2026-05-13T23:45:54.674+08:00 [INFO] 
1的回合 (当前手牌数: 12)

2026-05-13T23:45:54.674+08:00 [INFO] 上一手牌，牌型: 1, 牌是：♥Q

2026-05-13T23:45:54.675+08:00 [INFO] 请选择要出的牌 (输入牌的序号，用逗号分隔，0表示不出): 
2026-05-13T23:45:54.676+08:00 [INFO] 用户 1 接收出牌消息1: <nil>
2026-05-13T23:45:54.677+08:00 [INFO] 用户 1 接收出牌消息2: {0 [] 0}
2026-05-13T23:45:55.675+08:00 [INFO] 
1的回合 (当前手牌数: 12)

2026-05-13T23:45:55.677+08:00 [INFO] 上一手牌，牌型: 1, 牌是：♥Q

2026-05-13T23:45:55.678+08:00 [INFO] 请选择要出的牌 (输入牌的序号，用逗号分隔，0表示不出): 
2026-05-13T23:45:55.679+08:00 [INFO] 用户 1 接收出牌消息1: <nil>
2026-05-13T23:45:55.681+08:00 [INFO] 用户 1 接收出牌消息2: {0 [] 0}
2026-05-13T23:45:55.820+08:00 [INFO] heartbeatCheck: 16.2351532s
2026-05-13T23:45:56.674+08:00 [INFO] 
1的回合 (当前手牌数: 12)

2026-05-13T23:45:56.675+08:00 [INFO] 上一手牌，牌型: 1, 牌是：♥Q

2026-05-13T23:45:56.677+08:00 [INFO] 请选择要出的牌 (输入牌的序号，用逗号分隔，0表示不出): 
2026-05-13T23:45:56.678+08:00 [INFO] 用户 1 接收出牌消息1: <nil>
2026-05-13T23:45:56.679+08:00 [INFO] 用户 1 接收出牌消息2: {0 [] 0}
2026-05-13T23:45:56.720+08:00 [INFO] 用户 1 接收消息: {"type":"heartbeat","data":"ping"}（类型: 1）
2026-05-13T23:45:56.723+08:00 [INFO] 用户 1 发送消息: {"type":"heartbeat","data":"pong","from":"1"}
2026-05-13T23:45:57.674+08:00 [INFO] 
1的回合 (当前手牌数: 12)

2026-05-13T23:45:57.676+08:00 [INFO] 上一手牌，牌型: 1, 牌是：♥Q

2026-05-13T23:45:57.677+08:00 [INFO] 请选择要出的牌 (输入牌的序号，用逗号分隔，0表示不出): 
2026-05-13T23:45:57.685+08:00 [INFO] 用户 1 接收出牌消息1: <nil>
2026-05-13T23:45:57.686+08:00 [INFO] 用户 1 接收出牌消息2: {0 [] 0}
2026-05-13T23:45:58.673+08:00 [INFO] 
1的回合 (当前手牌数: 12)

2026-05-13T23:45:58.675+08:00 [INFO] 上一手牌，牌型: 1, 牌是：♥Q

2026-05-13T23:45:58.677+08:00 [INFO] 请选择要出的牌 (输入牌的序号，用逗号分隔，0表示不出): 
2026-05-13T23:45:58.678+08:00 [INFO] 用户 1 接收出牌消息1: <nil>
2026-05-13T23:45:58.682+08:00 [INFO] 用户 1 接收出牌消息2: {0 [] 0}
2026-05-13T23:45:59.891+08:00 [INFO] 
1的回合 (当前手牌数: 12)

2026-05-13T23:45:59.893+08:00 [INFO] 上一手牌，牌型: 1, 牌是：♥Q

2026-05-13T23:45:59.893+08:00 [INFO] 请选择要出的牌 (输入牌的序号，用逗号分隔，0表示不出): 
2026-05-13T23:45:59.893+08:00 [INFO] 用户 1 接收出牌消息1: <nil>
2026-05-13T23:45:59.895+08:00 [INFO] 用户 1 接收出牌消息2: {0 [] 0}
2026-05-13T23:46:00.822+08:00 [INFO] heartbeatCheck: 4.1022567s
2026-05-13T23:46:00.875+08:00 [INFO] 
1的回合 (当前手牌数: 12)

2026-05-13T23:46:00.883+08:00 [INFO] 上一手牌，牌型: 1, 牌是：♥Q

2026-05-13T23:46:00.885+08:00 [INFO] 请选择要出的牌 (输入牌的序号，用逗号分隔，0表示不出): 
2026-05-13T23:46:00.886+08:00 [INFO] 用户 1 接收出牌消息1: <nil>
2026-05-13T23:46:00.896+08:00 [INFO] 用户 1 接收出牌消息2: {0 [] 0}
2026-05-13T23:46:01.877+08:00 [INFO] 
1的回合 (当前手牌数: 12)

2026-05-13T23:46:01.879+08:00 [INFO] 上一手牌，牌型: 1, 牌是：♥Q

2026-05-13T23:46:01.880+08:00 [INFO] 请选择要出的牌 (输入牌的序号，用逗号分隔，0表示不出): 
2026-05-13T23:46:01.880+08:00 [INFO] 用户 1 接收出牌消息1: <nil>
2026-05-13T23:46:01.881+08:00 [INFO] 用户 1 接收出牌消息2: {0 [] 0}
2026-05-13T23:46:02.873+08:00 [INFO] 
1的回合 (当前手牌数: 12)

2026-05-13T23:46:02.874+08:00 [INFO] 上一手牌，牌型: 1, 牌是：♥Q

2026-05-13T23:46:02.875+08:00 [INFO] 请选择要出的牌 (输入牌的序号，用逗号分隔，0表示不出): 
2026-05-13T23:46:02.876+08:00 [INFO] 用户 1 接收出牌消息1: <nil>
2026-05-13T23:46:02.876+08:00 [INFO] 用户 1 接收出牌消息2: {0 [] 0}
2026-05-13T23:46:03.873+08:00 [INFO] 
1的回合 (当前手牌数: 12)

2026-05-13T23:46:03.874+08:00 [INFO] 上一手牌，牌型: 1, 牌是：♥Q

2026-05-13T23:46:03.875+08:00 [INFO] 请选择要出的牌 (输入牌的序号，用逗号分隔，0表示不出): 
2026-05-13T23:46:03.875+08:00 [INFO] 用户 1 接收出牌消息1: <nil>
2026-05-13T23:46:03.876+08:00 [INFO] 用户 1 接收出牌消息2: {0 [] 0}
2026-05-13T23:46:04.874+08:00 [INFO] 
1的回合 (当前手牌数: 12)

2026-05-13T23:46:04.876+08:00 [INFO] 上一手牌，牌型: 1, 牌是：♥Q

2026-05-13T23:46:04.877+08:00 [INFO] 请选择要出的牌 (输入牌的序号，用逗号分隔，0表示不出): 
2026-05-13T23:46:04.879+08:00 [INFO] 用户 1 接收出牌消息1: <nil>
2026-05-13T23:46:04.879+08:00 [INFO] 用户 1 接收出牌消息2: {0 [] 0}
2026-05-13T23:46:05.822+08:00 [INFO] heartbeatCheck: 9.1031077s
2026-05-13T23:46:05.874+08:00 [INFO] 
1的回合 (当前手牌数: 12)

2026-05-13T23:46:05.875+08:00 [INFO] 上一手牌，牌型: 1, 牌是：♥Q

2026-05-13T23:46:05.876+08:00 [INFO] 请选择要出的牌 (输入牌的序号，用逗号分隔，0表示不出): 
2026-05-13T23:46:05.876+08:00 [INFO] 用户 1 接收出牌消息1: <nil>
2026-05-13T23:46:05.877+08:00 [INFO] 用户 1 接收出牌消息2: {0 [] 0}
2026-05-13T23:46:05.894+08:00 [INFO] 用户 1 接收消息: {"type":"playCard","data":"{\"pid\":0,\"cardIds\":[40]}"}（类型: 1）
2026-05-13T23:46:05.897+08:00 [INFO] 用户 1 发送出牌消息: {"pid":0,"cardIds":[40],"pass":0}
2026-05-13T23:46:06.729+08:00 [INFO] 用户 1 接收消息: {"type":"heartbeat","data":"ping"}（类型: 1）
2026-05-13T23:46:06.730+08:00 [INFO] 用户 1 发送消息: {"type":"heartbeat","data":"pong","from":"1"}
2026-05-13T23:46:06.873+08:00 [INFO] 
1的回合 (当前手牌数: 12)

2026-05-13T23:46:06.874+08:00 [INFO] 上一手牌，牌型: 1, 牌是：♥Q

2026-05-13T23:46:06.875+08:00 [INFO] 请选择要出的牌 (输入牌的序号，用逗号分隔，0表示不出): 
2026-05-13T23:46:06.878+08:00 [INFO] 从队列收到消息: playCard
2026-05-13T23:46:06.880+08:00 [INFO] 用户 1 接收出牌消息1: &{playCard {"pid":0,"cardIds":[40],"pass":0} 1}
2026-05-13T23:46:06.880+08:00 [INFO] 用户 1 接收出牌消息2: {0 [40] 0}
2026-05-13T23:46:06.881+08:00 [DEBU] [40]
2026-05-13T23:46:06.881+08:00 [INFO] 1出了: ♠Q (1)

2026-05-13T23:46:06.882+08:00 [INFO] ♠5,♠A,♥7,♥10,♠7,♣K,♥5,♣3,♠3,♥3,♦A
2026-05-13T23:46:06.883+08:00 [INFO] 用户 1 发送消息: {"type":"outCard","data":"{\"pid\":0,\"cardIds\":[40],\"card_type\":1,\"cards_num\":11,\"code\":0,\"current\":1,\"mustPid\":0,\"outCardTimeout\":30}","from":""}
2026-05-13T23:46:07.874+08:00 [INFO] 
季驰的回合 (当前手牌数: 12)

2026-05-13T23:46:07.874+08:00 [INFO] 上一手牌，牌型: 1, 牌是：♠Q

2026-05-13T23:46:07.876+08:00 [INFO] 请选择要出的牌 (输入牌的序号，用逗号分隔，0表示不出): 
2026-05-13T23:46:08.873+08:00 [INFO] 
季驰的回合 (当前手牌数: 12)

2026-05-13T23:46:08.873+08:00 [INFO] 上一手牌，牌型: 1, 牌是：♠Q

2026-05-13T23:46:08.875+08:00 [INFO] 请选择要出的牌 (输入牌的序号，用逗号分隔，0表示不出): 
2026-05-13T23:46:08.876+08:00 [INFO] 季驰出了: ♠K (1)

2026-05-13T23:46:08.878+08:00 [INFO] 用户 1 发送消息: {"type":"outCard","data":"{\"pid\":1,\"cardIds\":[44],\"card_type\":1,\"cards_num\":11,\"code\":0,\"current\":2,\"mustPid\":1,\"outCardTimeout\":30}","from":""}
2026-05-13T23:46:09.873+08:00 [INFO] 
隆怀瑶的回合 (当前手牌数: 12)

2026-05-13T23:46:09.875+08:00 [INFO] 上一手牌，牌型: 1, 牌是：♠K

2026-05-13T23:46:09.876+08:00 [INFO] 请选择要出的牌 (输入牌的序号，用逗号分隔，0表示不出): 
2026-05-13T23:46:10.820+08:00 [INFO] heartbeatCheck: 4.0918579s
2026-05-13T23:46:10.876+08:00 [INFO] 
隆怀瑶的回合 (当前手牌数: 12)

2026-05-13T23:46:10.878+08:00 [INFO] 上一手牌，牌型: 1, 牌是：♠K

2026-05-13T23:46:10.880+08:00 [INFO] 请选择要出的牌 (输入牌的序号，用逗号分隔，0表示不出): 
2026-05-13T23:46:10.882+08:00 [INFO] 隆怀瑶出了: ♥A (1)

2026-05-13T23:46:10.885+08:00 [INFO] 用户 1 发送消息: {"type":"outCard","data":"{\"pid\":2,\"cardIds\":[47],\"card_type\":1,\"cards_num\":11,\"code\":0,\"current\":3,\"mustPid\":2,\"outCardTimeout\":30}","from":""}
2026-05-13T23:46:11.874+08:00 [INFO] 
家钰轩的回合 (当前手牌数: 11)

2026-05-13T23:46:11.875+08:00 [INFO] 上一手牌，牌型: 1, 牌是：♥A

2026-05-13T23:46:11.875+08:00 [INFO] 请选择要出的牌 (输入牌的序号，用逗号分隔，0表示不出): 
2026-05-13T23:46:12.874+08:00 [INFO] 
家钰轩的回合 (当前手牌数: 11)

2026-05-13T23:46:12.875+08:00 [INFO] 上一手牌，牌型: 1, 牌是：♥A

2026-05-13T23:46:12.875+08:00 [INFO] 请选择要出的牌 (输入牌的序号，用逗号分隔，0表示不出): 
2026-05-13T23:46:12.876+08:00 [INFO] 家钰轩不出

2026-05-13T23:46:12.876+08:00 [INFO] 正在订阅 Channel: player:play:card:1，当前玩家: 1
2026-05-13T23:46:12.879+08:00 [INFO] 成功订阅 Channel: player:play:card:1
2026-05-13T23:46:12.884+08:00 [INFO] 用户 1 发送消息: {"type":"pass","data":"{\"pid\":3,\"cardIds\":null,\"card_type\":0,\"cards_num\":11,\"code\":0,\"current\":0,\"mustPid\":2,\"outCardTimeout\":30}","from":""}
2026-05-13T23:46:13.874+08:00 [INFO] 
1的回合 (当前手牌数: 11)

2026-05-13T23:46:13.876+08:00 [INFO] 上一手牌，牌型: 1, 牌是：♥A

2026-05-13T23:46:13.877+08:00 [INFO] 请选择要出的牌 (输入牌的序号，用逗号分隔，0表示不出): 
2026-05-13T23:46:13.878+08:00 [INFO] 用户 1 接收出牌消息1: <nil>
2026-05-13T23:46:13.879+08:00 [INFO] 用户 1 接收出牌消息2: {0 [] 0}
2026-05-13T23:46:14.874+08:00 [INFO] 
1的回合 (当前手牌数: 11)

2026-05-13T23:46:14.875+08:00 [INFO] 上一手牌，牌型: 1, 牌是：♥A

2026-05-13T23:46:14.875+08:00 [INFO] 请选择要出的牌 (输入牌的序号，用逗号分隔，0表示不出): 
2026-05-13T23:46:14.877+08:00 [INFO] 用户 1 接收出牌消息1: <nil>
2026-05-13T23:46:14.878+08:00 [INFO] 用户 1 接收出牌消息2: {0 [] 0}
2026-05-13T23:46:15.820+08:00 [INFO] heartbeatCheck: 9.0920133s
2026-05-13T23:46:15.856+08:00 [INFO] 用户 1 接收消息: {"type":"playCard","data":"{\"pid\":0,\"pass\":1}"}（类型: 1）
2026-05-13T23:46:15.862+08:00 [INFO] 用户 1 发送出牌消息: {"pid":0,"cardIds":null,"pass":1}
2026-05-13T23:46:15.874+08:00 [INFO] 
1的回合 (当前手牌数: 11)

2026-05-13T23:46:15.875+08:00 [INFO] 上一手牌，牌型: 1, 牌是：♥A

2026-05-13T23:46:15.877+08:00 [INFO] 请选择要出的牌 (输入牌的序号，用逗号分隔，0表示不出): 
2026-05-13T23:46:15.877+08:00 [INFO] 从队列收到消息: playCard
2026-05-13T23:46:15.879+08:00 [INFO] 用户 1 接收出牌消息1: &{playCard {"pid":0,"cardIds":null,"pass":1} 1}
2026-05-13T23:46:15.880+08:00 [INFO] 用户 1 接收出牌消息2: {0 [] 1}
2026-05-13T23:46:15.880+08:00 [INFO] 1不出

2026-05-13T23:46:15.881+08:00 [INFO] ♠5,♠A,♥7,♥10,♠7,♣K,♥5,♣3,♠3,♥3,♦A
2026-05-13T23:46:15.883+08:00 [INFO] 用户 1 发送消息: {"type":"pass","data":"{\"pid\":0,\"cardIds\":[],\"card_type\":0,\"cards_num\":11,\"code\":0,\"current\":1,\"mustPid\":2,\"outCardTimeout\":30}","from":""}
2026-05-13T23:46:16.874+08:00 [INFO] 
季驰的回合 (当前手牌数: 11)

2026-05-13T23:46:16.875+08:00 [INFO] 上一手牌，牌型: 1, 牌是：♥A

2026-05-13T23:46:16.881+08:00 [INFO] 请选择要出的牌 (输入牌的序号，用逗号分隔，0表示不出): 
2026-05-13T23:46:17.874+08:00 [INFO] 
季驰的回合 (当前手牌数: 11)

2026-05-13T23:46:17.874+08:00 [INFO] 上一手牌，牌型: 1, 牌是：♥A

2026-05-13T23:46:17.876+08:00 [INFO] 请选择要出的牌 (输入牌的序号，用逗号分隔，0表示不出): 
2026-05-13T23:46:17.876+08:00 [INFO] 季驰不出

2026-05-13T23:46:17.877+08:00 [INFO] 用户 1 发送消息: {"type":"pass","data":"{\"pid\":1,\"cardIds\":null,\"card_type\":0,\"cards_num\":11,\"code\":0,\"current\":2,\"mustPid\":2,\"outCardTimeout\":30}","from":""}
2026-05-13T23:46:18.873+08:00 [INFO] 
隆怀瑶的回合 (当前手牌数: 11)

2026-05-13T23:46:18.873+08:00 [INFO] 上一手牌，牌型: 0, 牌是：不出

2026-05-13T23:46:18.874+08:00 [INFO] 请选择要出的牌 (输入牌的序号，用逗号分隔，0表示不出): 
2026-05-13T23:46:19.874+08:00 [INFO] 
隆怀瑶的回合 (当前手牌数: 11)

2026-05-13T23:46:19.876+08:00 [INFO] 上一手牌，牌型: 0, 牌是：不出

2026-05-13T23:46:19.878+08:00 [INFO] 请选择要出的牌 (输入牌的序号，用逗号分隔，0表示不出): 
2026-05-13T23:46:19.879+08:00 [INFO] 隆怀瑶出了: ♦5 (1)

2026-05-13T23:46:19.884+08:00 [INFO] 用户 1 发送消息: {"type":"outCard","data":"{\"pid\":2,\"cardIds\":[9],\"card_type\":1,\"cards_num\":10,\"code\":0,\"current\":3,\"mustPid\":2,\"outCardTimeout\":30}","from":""}
2026-05-13T23:46:20.820+08:00 [INFO] heartbeatCheck: 4.9644732s
2026-05-13T23:46:20.875+08:00 [INFO] 
家钰轩的回合 (当前手牌数: 11)

2026-05-13T23:46:20.877+08:00 [INFO] 上一手牌，牌型: 1, 牌是：♦5

2026-05-13T23:46:20.878+08:00 [INFO] 请选择要出的牌 (输入牌的序号，用逗号分隔，0表示不出): 
2026-05-13T23:46:21.873+08:00 [INFO] 
家钰轩的回合 (当前手牌数: 11)

2026-05-13T23:46:21.875+08:00 [INFO] 上一手牌，牌型: 1, 牌是：♦5

2026-05-13T23:46:21.877+08:00 [INFO] 请选择要出的牌 (输入牌的序号，用逗号分隔，0表示不出): 
2026-05-13T23:46:22.874+08:00 [INFO] 
家钰轩的回合 (当前手牌数: 11)

2026-05-13T23:46:22.875+08:00 [INFO] 上一手牌，牌型: 1, 牌是：♦5

2026-05-13T23:46:22.876+08:00 [INFO] 请选择要出的牌 (输入牌的序号，用逗号分隔，0表示不出): 
2026-05-13T23:46:22.876+08:00 [INFO] 家钰轩出了: ♦6 (1)

2026-05-13T23:46:22.877+08:00 [INFO] 正在订阅 Channel: player:play:card:1，当前玩家: 1
2026-05-13T23:46:22.880+08:00 [INFO] 成功订阅 Channel: player:play:card:1
2026-05-13T23:46:22.881+08:00 [INFO] 用户 1 发送消息: {"type":"outCard","data":"{\"pid\":3,\"cardIds\":[13],\"card_type\":1,\"cards_num\":10,\"code\":0,\"current\":0,\"mustPid\":3,\"outCardTimeout\":30}","from":""}
2026-05-13T23:46:23.874+08:00 [INFO] 
1的回合 (当前手牌数: 11)

2026-05-13T23:46:23.875+08:00 [INFO] 上一手牌，牌型: 1, 牌是：♦6

2026-05-13T23:46:23.876+08:00 [INFO] 请选择要出的牌 (输入牌的序号，用逗号分隔，0表示不出): 
2026-05-13T23:46:23.876+08:00 [INFO] 用户 1 接收出牌消息1: <nil>
2026-05-13T23:46:23.877+08:00 [INFO] 用户 1 接收出牌消息2: {0 [] 0}
2026-05-13T23:46:24.874+08:00 [INFO] 
1的回合 (当前手牌数: 11)

2026-05-13T23:46:24.875+08:00 [INFO] 上一手牌，牌型: 1, 牌是：♦6

2026-05-13T23:46:24.876+08:00 [INFO] 请选择要出的牌 (输入牌的序号，用逗号分隔，0表示不出): 
2026-05-13T23:46:24.876+08:00 [INFO] 用户 1 接收出牌消息1: <nil>
2026-05-13T23:46:24.877+08:00 [INFO] 用户 1 接收出牌消息2: {0 [] 0}
2026-05-13T23:46:25.820+08:00 [INFO] heartbeatCheck: 9.9644715s
2026-05-13T23:46:25.874+08:00 [INFO] 
1的回合 (当前手牌数: 11)

2026-05-13T23:46:25.879+08:00 [INFO] 上一手牌，牌型: 1, 牌是：♦6

2026-05-13T23:46:25.880+08:00 [INFO] 请选择要出的牌 (输入牌的序号，用逗号分隔，0表示不出): 
2026-05-13T23:46:25.881+08:00 [INFO] 用户 1 接收出牌消息1: <nil>
2026-05-13T23:46:25.881+08:00 [INFO] 用户 1 接收出牌消息2: {0 [] 0}
2026-05-13T23:46:26.283+08:00 [INFO] 用户 1 接收消息: {"type":"playCard","data":"{\"pid\":0,\"cardIds\":[31]}"}（类型: 1）
2026-05-13T23:46:26.287+08:00 [INFO] 用户 1 发送出牌消息: {"pid":0,"cardIds":[31],"pass":0}
2026-05-13T23:46:26.874+08:00 [INFO] 
1的回合 (当前手牌数: 11)

2026-05-13T23:46:26.874+08:00 [INFO] 上一手牌，牌型: 1, 牌是：♦6

2026-05-13T23:46:26.875+08:00 [INFO] 请选择要出的牌 (输入牌的序号，用逗号分隔，0表示不出): 
2026-05-13T23:46:26.876+08:00 [INFO] 从队列收到消息: playCard
2026-05-13T23:46:26.876+08:00 [INFO] 用户 1 接收出牌消息1: &{playCard {"pid":0,"cardIds":[31],"pass":0} 1}
2026-05-13T23:46:26.877+08:00 [INFO] 用户 1 接收出牌消息2: {0 [31] 0}
2026-05-13T23:46:26.878+08:00 [DEBU] [31]
2026-05-13T23:46:26.881+08:00 [INFO] 1出了: ♥10 (1)

2026-05-13T23:46:26.882+08:00 [INFO] ♠5,♠A,♥7,♠7,♣K,♥5,♣3,♠3,♥3,♦A
2026-05-13T23:46:26.885+08:00 [INFO] 用户 1 发送消息: {"type":"outCard","data":"{\"pid\":0,\"cardIds\":[31],\"card_type\":1,\"cards_num\":10,\"code\":0,\"current\":1,\"mustPid\":0,\"outCardTimeout\":30}","from":""}
2026-05-13T23:46:27.873+08:00 [INFO] 
季驰的回合 (当前手牌数: 11)

2026-05-13T23:46:27.873+08:00 [INFO] 上一手牌，牌型: 1, 牌是：♥10

2026-05-13T23:46:27.874+08:00 [INFO] 请选择要出的牌 (输入牌的序号，用逗号分隔，0表示不出): 
2026-05-13T23:46:28.874+08:00 [INFO] 
季驰的回合 (当前手牌数: 11)

2026-05-13T23:46:28.874+08:00 [INFO] 上一手牌，牌型: 1, 牌是：♥10

2026-05-13T23:46:28.875+08:00 [INFO] 请选择要出的牌 (输入牌的序号，用逗号分隔，0表示不出): 
2026-05-13T23:46:28.875+08:00 [INFO] 季驰出了: ♣Q (1)

2026-05-13T23:46:28.877+08:00 [INFO] 用户 1 发送消息: {"type":"outCard","data":"{\"pid\":1,\"cardIds\":[38],\"card_type\":1,\"cards_num\":10,\"code\":0,\"current\":2,\"mustPid\":1,\"outCardTimeout\":30}","from":""}
2026-05-13T23:46:29.874+08:00 [INFO] 
隆怀瑶的回合 (当前手牌数: 10)

2026-05-13T23:46:29.876+08:00 [INFO] 上一手牌，牌型: 1, 牌是：♣Q

2026-05-13T23:46:29.877+08:00 [INFO] 请选择要出的牌 (输入牌的序号，用逗号分隔，0表示不出): 
2026-05-13T23:46:30.820+08:00 [INFO] heartbeatCheck: 4.5376869s
2026-05-13T23:46:30.873+08:00 [INFO] 
隆怀瑶的回合 (当前手牌数: 10)

2026-05-13T23:46:30.874+08:00 [INFO] 上一手牌，牌型: 1, 牌是：♣Q

2026-05-13T23:46:30.875+08:00 [INFO] 请选择要出的牌 (输入牌的序号，用逗号分隔，0表示不出): 
2026-05-13T23:46:30.875+08:00 [INFO] 隆怀瑶出了: ♦K (1)

2026-05-13T23:46:30.880+08:00 [INFO] 用户 1 发送消息: {"type":"outCard","data":"{\"pid\":2,\"cardIds\":[41],\"card_type\":1,\"cards_num\":9,\"code\":0,\"current\":3,\"mustPid\":2,\"outCardTimeout\":30}","from":""}
2026-05-13T23:46:31.873+08:00 [INFO] 
家钰轩的回合 (当前手牌数: 10)

2026-05-13T23:46:31.873+08:00 [INFO] 上一手牌，牌型: 1, 牌是：♦K

2026-05-13T23:46:31.875+08:00 [INFO] 请选择要出的牌 (输入牌的序号，用逗号分隔，0表示不出): 
2026-05-13T23:46:32.874+08:00 [INFO] 
家钰轩的回合 (当前手牌数: 10)

2026-05-13T23:46:32.874+08:00 [INFO] 上一手牌，牌型: 1, 牌是：♦K

2026-05-13T23:46:32.875+08:00 [INFO] 请选择要出的牌 (输入牌的序号，用逗号分隔，0表示不出): 
2026-05-13T23:46:32.876+08:00 [INFO] 家钰轩出了: ♣A (1)

2026-05-13T23:46:32.877+08:00 [INFO] 正在订阅 Channel: player:play:card:1，当前玩家: 1
2026-05-13T23:46:32.879+08:00 [INFO] 成功订阅 Channel: player:play:card:1
2026-05-13T23:46:32.881+08:00 [INFO] 用户 1 发送消息: {"type":"outCard","data":"{\"pid\":3,\"cardIds\":[46],\"card_type\":1,\"cards_num\":9,\"code\":0,\"current\":0,\"mustPid\":3,\"outCardTimeout\":30}","from":""}
2026-05-13T23:46:33.873+08:00 [INFO] 
1的回合 (当前手牌数: 10)

2026-05-13T23:46:33.874+08:00 [INFO] 上一手牌，牌型: 1, 牌是：♣A

2026-05-13T23:46:33.874+08:00 [INFO] 请选择要出的牌 (输入牌的序号，用逗号分隔，0表示不出): 
2026-05-13T23:46:33.875+08:00 [INFO] 用户 1 接收出牌消息1: <nil>
2026-05-13T23:46:33.875+08:00 [INFO] 用户 1 接收出牌消息2: {0 [] 0}
2026-05-13T23:46:34.834+08:00 [INFO] 用户 1 接收消息: {"type":"playCard","data":"{\"pid\":0,\"pass\":1}"}（类型: 1）
2026-05-13T23:46:34.838+08:00 [INFO] 用户 1 发送出牌消息: {"pid":0,"cardIds":null,"pass":1}
2026-05-13T23:46:34.874+08:00 [INFO] 
1的回合 (当前手牌数: 10)

2026-05-13T23:46:34.877+08:00 [INFO] 上一手牌，牌型: 1, 牌是：♣A

2026-05-13T23:46:34.877+08:00 [INFO] 请选择要出的牌 (输入牌的序号，用逗号分隔，0表示不出): 
2026-05-13T23:46:34.878+08:00 [INFO] 从队列收到消息: playCard
2026-05-13T23:46:34.879+08:00 [INFO] 用户 1 接收出牌消息1: &{playCard {"pid":0,"cardIds":null,"pass":1} 1}
2026-05-13T23:46:34.880+08:00 [INFO] 用户 1 接收出牌消息2: {0 [] 1}
2026-05-13T23:46:34.880+08:00 [INFO] 1不出

2026-05-13T23:46:34.881+08:00 [INFO] ♠5,♠A,♥7,♠7,♣K,♥5,♣3,♠3,♥3,♦A
2026-05-13T23:46:34.882+08:00 [INFO] 用户 1 发送消息: {"type":"pass","data":"{\"pid\":0,\"cardIds\":[],\"card_type\":0,\"cards_num\":10,\"code\":0,\"current\":1,\"mustPid\":3,\"outCardTimeout\":30}","from":""}
2026-05-13T23:46:35.820+08:00 [INFO] heartbeatCheck: 985.8143ms
2026-05-13T23:46:35.874+08:00 [INFO] 
季驰的回合 (当前手牌数: 10)

2026-05-13T23:46:35.874+08:00 [INFO] 上一手牌，牌型: 1, 牌是：♣A

2026-05-13T23:46:35.875+08:00 [INFO] 请选择要出的牌 (输入牌的序号，用逗号分隔，0表示不出): 
2026-05-13T23:46:36.873+08:00 [INFO] 
季驰的回合 (当前手牌数: 10)

2026-05-13T23:46:36.874+08:00 [INFO] 上一手牌，牌型: 1, 牌是：♣A

2026-05-13T23:46:36.877+08:00 [INFO] 请选择要出的牌 (输入牌的序号，用逗号分隔，0表示不出): 
2026-05-13T23:46:37.873+08:00 [INFO] 
季驰的回合 (当前手牌数: 10)

2026-05-13T23:46:37.881+08:00 [INFO] 上一手牌，牌型: 1, 牌是：♣A

2026-05-13T23:46:37.896+08:00 [INFO] 请选择要出的牌 (输入牌的序号，用逗号分隔，0表示不出): 
2026-05-13T23:46:37.898+08:00 [INFO] 季驰不出

2026-05-13T23:46:37.907+08:00 [INFO] 用户 1 发送消息: {"type":"pass","data":"{\"pid\":1,\"cardIds\":null,\"card_type\":0,\"cards_num\":10,\"code\":0,\"current\":2,\"mustPid\":3,\"outCardTimeout\":30}","from":""}
2026-05-13T23:46:38.875+08:00 [INFO] 
隆怀瑶的回合 (当前手牌数: 9)

2026-05-13T23:46:38.875+08:00 [INFO] 上一手牌，牌型: 1, 牌是：♣A

2026-05-13T23:46:38.876+08:00 [INFO] 请选择要出的牌 (输入牌的序号，用逗号分隔，0表示不出): 
2026-05-13T23:46:39.873+08:00 [INFO] 
隆怀瑶的回合 (当前手牌数: 9)

2026-05-13T23:46:39.877+08:00 [INFO] 上一手牌，牌型: 1, 牌是：♣A

2026-05-13T23:46:39.878+08:00 [INFO] 请选择要出的牌 (输入牌的序号，用逗号分隔，0表示不出): 
2026-05-13T23:46:40.820+08:00 [INFO] heartbeatCheck: 5.9859837s
2026-05-13T23:46:40.874+08:00 [INFO] 
隆怀瑶的回合 (当前手牌数: 9)

2026-05-13T23:46:40.874+08:00 [INFO] 上一手牌，牌型: 1, 牌是：♣A

2026-05-13T23:46:40.876+08:00 [INFO] 请选择要出的牌 (输入牌的序号，用逗号分隔，0表示不出): 
2026-05-13T23:46:40.883+08:00 [INFO] 隆怀瑶不出

2026-05-13T23:46:40.887+08:00 [INFO] 用户 1 发送消息: {"type":"pass","data":"{\"pid\":2,\"cardIds\":null,\"card_type\":0,\"cards_num\":9,\"code\":0,\"current\":3,\"mustPid\":3,\"outCardTimeout\":30}","from":""}
2026-05-13T23:46:41.874+08:00 [INFO] 
家钰轩的回合 (当前手牌数: 9)

2026-05-13T23:46:41.875+08:00 [INFO] 上一手牌，牌型: 0, 牌是：不出

2026-05-13T23:46:41.876+08:00 [INFO] 请选择要出的牌 (输入牌的序号，用逗号分隔，0表示不出): 
2026-05-13T23:46:42.873+08:00 [INFO] 
家钰轩的回合 (当前手牌数: 9)

2026-05-13T23:46:42.873+08:00 [INFO] 上一手牌，牌型: 0, 牌是：不出

2026-05-13T23:46:42.875+08:00 [INFO] 请选择要出的牌 (输入牌的序号，用逗号分隔，0表示不出): 
2026-05-13T23:46:43.874+08:00 [INFO] 
家钰轩的回合 (当前手牌数: 9)

2026-05-13T23:46:43.876+08:00 [INFO] 上一手牌，牌型: 0, 牌是：不出

2026-05-13T23:46:43.879+08:00 [INFO] 请选择要出的牌 (输入牌的序号，用逗号分隔，0表示不出): 
2026-05-13T23:46:43.880+08:00 [INFO] 家钰轩出了: ♣7 (1)

2026-05-13T23:46:43.883+08:00 [INFO] 正在订阅 Channel: player:play:card:1，当前玩家: 1
2026-05-13T23:46:43.901+08:00 [INFO] 成功订阅 Channel: player:play:card:1
2026-05-13T23:46:43.903+08:00 [INFO] 用户 1 发送消息: {"type":"outCard","data":"{\"pid\":3,\"cardIds\":[18],\"card_type\":1,\"cards_num\":8,\"code\":0,\"current\":0,\"mustPid\":3,\"outCardTimeout\":30}","from":""}
2026-05-13T23:46:44.874+08:00 [INFO] 
1的回合 (当前手牌数: 10)

2026-05-13T23:46:44.879+08:00 [INFO] 上一手牌，牌型: 1, 牌是：♣7

2026-05-13T23:46:44.880+08:00 [INFO] 请选择要出的牌 (输入牌的序号，用逗号分隔，0表示不出): 
2026-05-13T23:46:44.881+08:00 [INFO] 用户 1 接收出牌消息1: <nil>
2026-05-13T23:46:44.881+08:00 [INFO] 用户 1 接收出牌消息2: {0 [] 0}
2026-05-13T23:46:45.820+08:00 [INFO] heartbeatCheck: 10.9858361s
2026-05-13T23:46:45.874+08:00 [INFO] 
1的回合 (当前手牌数: 10)

2026-05-13T23:46:45.874+08:00 [INFO] 上一手牌，牌型: 1, 牌是：♣7

2026-05-13T23:46:45.875+08:00 [INFO] 请选择要出的牌 (输入牌的序号，用逗号分隔，0表示不出): 
2026-05-13T23:46:45.876+08:00 [INFO] 用户 1 接收出牌消息1: <nil>
2026-05-13T23:46:45.876+08:00 [INFO] 用户 1 接收出牌消息2: {0 [] 0}
2026-05-13T23:46:46.484+08:00 [INFO] 用户 1 接收消息: {"type":"playCard","data":"{\"pid\":0,\"cardIds\":[42]}"}（类型: 1）
2026-05-13T23:46:46.487+08:00 [INFO] 用户 1 发送出牌消息: {"pid":0,"cardIds":[42],"pass":0}
2026-05-13T23:46:46.874+08:00 [INFO] 
1的回合 (当前手牌数: 10)

2026-05-13T23:46:46.874+08:00 [INFO] 上一手牌，牌型: 1, 牌是：♣7

2026-05-13T23:46:46.875+08:00 [INFO] 请选择要出的牌 (输入牌的序号，用逗号分隔，0表示不出): 
2026-05-13T23:46:46.875+08:00 [INFO] 从队列收到消息: playCard
2026-05-13T23:46:46.876+08:00 [INFO] 用户 1 接收出牌消息1: &{playCard {"pid":0,"cardIds":[42],"pass":0} 1}
2026-05-13T23:46:46.877+08:00 [INFO] 用户 1 接收出牌消息2: {0 [42] 0}
2026-05-13T23:46:46.877+08:00 [DEBU] [42]
2026-05-13T23:46:46.878+08:00 [INFO] 1出了: ♣K (1)

2026-05-13T23:46:46.878+08:00 [INFO] ♠5,♠A,♥7,♠7,♥5,♣3,♠3,♥3,♦A
2026-05-13T23:46:46.880+08:00 [INFO] 用户 1 发送消息: {"type":"outCard","data":"{\"pid\":0,\"cardIds\":[42],\"card_type\":1,\"cards_num\":9,\"code\":0,\"current\":1,\"mustPid\":0,\"outCardTimeout\":30}","from":""}
2026-05-13T23:46:47.873+08:00 [INFO] 
季驰的回合 (当前手牌数: 10)

2026-05-13T23:46:47.873+08:00 [INFO] 上一手牌，牌型: 1, 牌是：♣K

2026-05-13T23:46:47.874+08:00 [INFO] 请选择要出的牌 (输入牌的序号，用逗号分隔，0表示不出): 
2026-05-13T23:46:48.874+08:00 [INFO] 
季驰的回合 (当前手牌数: 10)

2026-05-13T23:46:48.875+08:00 [INFO] 上一手牌，牌型: 1, 牌是：♣K

2026-05-13T23:46:48.877+08:00 [INFO] 请选择要出的牌 (输入牌的序号，用逗号分隔，0表示不出): 
2026-05-13T23:46:48.877+08:00 [INFO] 季驰不出

2026-05-13T23:46:48.879+08:00 [INFO] 用户 1 发送消息: {"type":"pass","data":"{\"pid\":1,\"cardIds\":null,\"card_type\":0,\"cards_num\":10,\"code\":0,\"current\":2,\"mustPid\":0,\"outCardTimeout\":30}","from":""}
2026-05-13T23:46:49.874+08:00 [INFO] 
隆怀瑶的回合 (当前手牌数: 9)

2026-05-13T23:46:49.875+08:00 [INFO] 上一手牌，牌型: 1, 牌是：♣K

2026-05-13T23:46:49.881+08:00 [INFO] 请选择要出的牌 (输入牌的序号，用逗号分隔，0表示不出): 
2026-05-13T23:46:50.820+08:00 [INFO] heartbeatCheck: 4.3377735s
2026-05-13T23:46:50.874+08:00 [INFO] 
隆怀瑶的回合 (当前手牌数: 9)

2026-05-13T23:46:50.874+08:00 [INFO] 上一手牌，牌型: 1, 牌是：♣K

2026-05-13T23:46:50.876+08:00 [INFO] 请选择要出的牌 (输入牌的序号，用逗号分隔，0表示不出): 
2026-05-13T23:46:51.874+08:00 [INFO] 
隆怀瑶的回合 (当前手牌数: 9)

2026-05-13T23:46:51.874+08:00 [INFO] 上一手牌，牌型: 1, 牌是：♣K

2026-05-13T23:46:51.875+08:00 [INFO] 请选择要出的牌 (输入牌的序号，用逗号分隔，0表示不出): 
2026-05-13T23:46:51.875+08:00 [INFO] 隆怀瑶不出

2026-05-13T23:46:51.877+08:00 [INFO] 用户 1 发送消息: {"type":"pass","data":"{\"pid\":2,\"cardIds\":null,\"card_type\":0,\"cards_num\":9,\"code\":0,\"current\":3,\"mustPid\":0,\"outCardTimeout\":30}","from":""}
2026-05-13T23:46:52.874+08:00 [INFO] 
家钰轩的回合 (当前手牌数: 8)

2026-05-13T23:46:52.876+08:00 [INFO] 上一手牌，牌型: 1, 牌是：♣K

2026-05-13T23:46:52.878+08:00 [INFO] 请选择要出的牌 (输入牌的序号，用逗号分隔，0表示不出): 
2026-05-13T23:46:53.875+08:00 [INFO] 
家钰轩的回合 (当前手牌数: 8)

2026-05-13T23:46:53.877+08:00 [INFO] 上一手牌，牌型: 1, 牌是：♣K

2026-05-13T23:46:53.878+08:00 [INFO] 请选择要出的牌 (输入牌的序号，用逗号分隔，0表示不出): 
2026-05-13T23:46:53.878+08:00 [INFO] 家钰轩不出

2026-05-13T23:46:53.879+08:00 [INFO] 正在订阅 Channel: player:play:card:1，当前玩家: 1
2026-05-13T23:46:53.882+08:00 [INFO] 成功订阅 Channel: player:play:card:1
2026-05-13T23:46:53.883+08:00 [INFO] 用户 1 发送消息: {"type":"pass","data":"{\"pid\":3,\"cardIds\":null,\"card_type\":0,\"cards_num\":8,\"code\":0,\"current\":0,\"mustPid\":0,\"outCardTimeout\":30}","from":""}
2026-05-13T23:46:54.873+08:00 [INFO] 
1的回合 (当前手牌数: 9)

2026-05-13T23:46:54.874+08:00 [INFO] 上一手牌，牌型: 0, 牌是：不出

2026-05-13T23:46:54.875+08:00 [INFO] 请选择要出的牌 (输入牌的序号，用逗号分隔，0表示不出): 
2026-05-13T23:46:54.881+08:00 [INFO] 用户 1 接收出牌消息1: <nil>
2026-05-13T23:46:54.882+08:00 [INFO] 用户 1 接收出牌消息2: {0 [] 0}
2026-05-13T23:46:55.820+08:00 [INFO] heartbeatCheck: 9.3379457s
2026-05-13T23:46:55.873+08:00 [INFO] 
1的回合 (当前手牌数: 9)

2026-05-13T23:46:55.874+08:00 [INFO] 上一手牌，牌型: 0, 牌是：不出

2026-05-13T23:46:55.875+08:00 [INFO] 请选择要出的牌 (输入牌的序号，用逗号分隔，0表示不出): 
2026-05-13T23:46:55.875+08:00 [INFO] 用户 1 接收出牌消息1: <nil>
2026-05-13T23:46:55.876+08:00 [INFO] 用户 1 接收出牌消息2: {0 [] 0}
2026-05-13T23:46:56.874+08:00 [INFO] 
1的回合 (当前手牌数: 9)

2026-05-13T23:46:56.874+08:00 [INFO] 上一手牌，牌型: 0, 牌是：不出

2026-05-13T23:46:56.875+08:00 [INFO] 请选择要出的牌 (输入牌的序号，用逗号分隔，0表示不出): 
2026-05-13T23:46:56.876+08:00 [INFO] 用户 1 接收出牌消息1: <nil>
2026-05-13T23:46:56.877+08:00 [INFO] 用户 1 接收出牌消息2: {0 [] 0}
2026-05-13T23:46:57.874+08:00 [INFO] 
1的回合 (当前手牌数: 9)

2026-05-13T23:46:57.875+08:00 [INFO] 上一手牌，牌型: 0, 牌是：不出

2026-05-13T23:46:57.876+08:00 [INFO] 请选择要出的牌 (输入牌的序号，用逗号分隔，0表示不出): 
2026-05-13T23:46:57.876+08:00 [INFO] 用户 1 接收出牌消息1: <nil>
2026-05-13T23:46:57.876+08:00 [INFO] 用户 1 接收出牌消息2: {0 [] 0}
2026-05-13T23:46:58.683+08:00 [INFO] 用户 1 接收消息: {"type":"playCard","data":"{\"pid\":0,\"cardIds\":[2,3,4,11,12]}"}（类型: 1）
2026-05-13T23:46:58.686+08:00 [INFO] 用户 1 发送出牌消息: {"pid":0,"cardIds":[2,3,4,11,12],"pass":0}
2026-05-13T23:46:58.874+08:00 [INFO] 
1的回合 (当前手牌数: 9)

2026-05-13T23:46:58.877+08:00 [INFO] 上一手牌，牌型: 0, 牌是：不出

2026-05-13T23:46:58.877+08:00 [INFO] 请选择要出的牌 (输入牌的序号，用逗号分隔，0表示不出): 
2026-05-13T23:46:58.878+08:00 [INFO] 从队列收到消息: playCard
2026-05-13T23:46:58.879+08:00 [INFO] 用户 1 接收出牌消息1: &{playCard {"pid":0,"cardIds":[2,3,4,11,12],"pass":0} 1}
2026-05-13T23:46:58.879+08:00 [INFO] 用户 1 接收出牌消息2: {0 [2 3 4 11 12] 0}
2026-05-13T23:46:58.879+08:00 [DEBU] [2,3,4,11,12]
2026-05-13T23:46:58.881+08:00 [INFO] 1出了: ♣3,♥3,♠3,♥5,♠5 (5)

2026-05-13T23:46:58.881+08:00 [INFO] ♠A,♥7,♠7,♦A
2026-05-13T23:46:58.883+08:00 [INFO] 用户 1 发送消息: {"type":"outCard","data":"{\"pid\":0,\"cardIds\":[2,3,4,11,12],\"card_type\":5,\"cards_num\":4,\"code\":0,\"current\":1,\"mustPid\":0,\"outCardTimeout\":30}","from":""}
2026-05-13T23:46:59.874+08:00 [INFO] 
季驰的回合 (当前手牌数: 10)

2026-05-13T23:46:59.874+08:00 [INFO] 上一手牌，牌型: 5, 牌是：♣3,♥3,♠3,♥5,♠5

2026-05-13T23:46:59.875+08:00 [INFO] 请选择要出的牌 (输入牌的序号，用逗号分隔，0表示不出): 
2026-05-13T23:47:00.821+08:00 [INFO] heartbeatCheck: 2.1391472s
2026-05-13T23:47:00.874+08:00 [INFO] 
季驰的回合 (当前手牌数: 10)

2026-05-13T23:47:00.875+08:00 [INFO] 上一手牌，牌型: 5, 牌是：♣3,♥3,♠3,♥5,♠5

2026-05-13T23:47:00.876+08:00 [INFO] 请选择要出的牌 (输入牌的序号，用逗号分隔，0表示不出): 
2026-05-13T23:47:01.873+08:00 [INFO] 
季驰的回合 (当前手牌数: 10)

2026-05-13T23:47:01.874+08:00 [INFO] 上一手牌，牌型: 5, 牌是：♣3,♥3,♠3,♥5,♠5

2026-05-13T23:47:01.875+08:00 [INFO] 请选择要出的牌 (输入牌的序号，用逗号分隔，0表示不出): 
2026-05-13T23:47:01.875+08:00 [INFO] 季驰出了: ♦4,♣4,♠4,♦J,♠J (5)

2026-05-13T23:47:01.877+08:00 [INFO] 用户 1 发送消息: {"type":"outCard","data":"{\"pid\":1,\"cardIds\":[5,6,8,33,36],\"card_type\":5,\"cards_num\":5,\"code\":0,\"current\":2,\"mustPid\":1,\"outCardTimeout\":30}","from":""}
2026-05-13T23:47:02.874+08:00 [INFO] 
隆怀瑶的回合 (当前手牌数: 9)

2026-05-13T23:47:02.875+08:00 [INFO] 上一手牌，牌型: 5, 牌是：♦4,♣4,♠4,♦J,♠J

2026-05-13T23:47:02.876+08:00 [INFO] 请选择要出的牌 (输入牌的序号，用逗号分隔，0表示不出): 
2026-05-13T23:47:03.874+08:00 [INFO] 
隆怀瑶的回合 (当前手牌数: 9)

2026-05-13T23:47:03.880+08:00 [INFO] 上一手牌，牌型: 5, 牌是：♦4,♣4,♠4,♦J,♠J

2026-05-13T23:47:03.882+08:00 [INFO] 请选择要出的牌 (输入牌的序号，用逗号分隔，0表示不出): 
2026-05-13T23:47:04.874+08:00 [INFO] 
隆怀瑶的回合 (当前手牌数: 9)

2026-05-13T23:47:04.874+08:00 [INFO] 上一手牌，牌型: 5, 牌是：♦4,♣4,♠4,♦J,♠J

2026-05-13T23:47:04.874+08:00 [INFO] 请选择要出的牌 (输入牌的序号，用逗号分隔，0表示不出): 
2026-05-13T23:47:04.875+08:00 [INFO] 隆怀瑶不出

2026-05-13T23:47:04.877+08:00 [INFO] 用户 1 发送消息: {"type":"pass","data":"{\"pid\":2,\"cardIds\":null,\"card_type\":0,\"cards_num\":9,\"code\":0,\"current\":3,\"mustPid\":1,\"outCardTimeout\":30}","from":""}
2026-05-13T23:47:05.820+08:00 [INFO] heartbeatCheck: 7.1386044s
2026-05-13T23:47:05.874+08:00 [INFO] 
家钰轩的回合 (当前手牌数: 8)

2026-05-13T23:47:05.874+08:00 [INFO] 上一手牌，牌型: 5, 牌是：♦4,♣4,♠4,♦J,♠J

2026-05-13T23:47:05.876+08:00 [INFO] 请选择要出的牌 (输入牌的序号，用逗号分隔，0表示不出): 
2026-05-13T23:47:06.874+08:00 [INFO] 
家钰轩的回合 (当前手牌数: 8)

2026-05-13T23:47:06.874+08:00 [INFO] 上一手牌，牌型: 5, 牌是：♦4,♣4,♠4,♦J,♠J

2026-05-13T23:47:06.874+08:00 [INFO] 请选择要出的牌 (输入牌的序号，用逗号分隔，0表示不出): 
2026-05-13T23:47:06.876+08:00 [INFO] 家钰轩不出

2026-05-13T23:47:06.876+08:00 [INFO] 正在订阅 Channel: player:play:card:1，当前玩家: 1
2026-05-13T23:47:06.879+08:00 [INFO] 成功订阅 Channel: player:play:card:1
2026-05-13T23:47:06.880+08:00 [INFO] 用户 1 发送消息: {"type":"pass","data":"{\"pid\":3,\"cardIds\":null,\"card_type\":0,\"cards_num\":8,\"code\":0,\"current\":0,\"mustPid\":1,\"outCardTimeout\":30}","from":""}
2026-05-13T23:47:07.874+08:00 [INFO] 
1的回合 (当前手牌数: 4)

2026-05-13T23:47:07.875+08:00 [INFO] 上一手牌，牌型: 5, 牌是：♦4,♣4,♠4,♦J,♠J

2026-05-13T23:47:07.877+08:00 [INFO] 请选择要出的牌 (输入牌的序号，用逗号分隔，0表示不出): 
2026-05-13T23:47:07.877+08:00 [INFO] 用户 1 接收出牌消息1: <nil>
2026-05-13T23:47:07.878+08:00 [INFO] 用户 1 接收出牌消息2: {0 [] 0}
2026-05-13T23:47:08.873+08:00 [INFO] 
1的回合 (当前手牌数: 4)

2026-05-13T23:47:08.873+08:00 [INFO] 上一手牌，牌型: 5, 牌是：♦4,♣4,♠4,♦J,♠J

2026-05-13T23:47:08.874+08:00 [INFO] 请选择要出的牌 (输入牌的序号，用逗号分隔，0表示不出): 
2026-05-13T23:47:08.874+08:00 [INFO] 用户 1 接收出牌消息1: <nil>
2026-05-13T23:47:08.879+08:00 [INFO] 用户 1 接收出牌消息2: {0 [] 0}
2026-05-13T23:47:09.634+08:00 [INFO] 用户 1 接收消息: {"type":"playCard","data":"{\"pid\":0,\"pass\":1}"}（类型: 1）
2026-05-13T23:47:09.639+08:00 [INFO] 用户 1 发送出牌消息: {"pid":0,"cardIds":null,"pass":1}
2026-05-13T23:47:09.874+08:00 [INFO] 
1的回合 (当前手牌数: 4)

2026-05-13T23:47:09.874+08:00 [INFO] 上一手牌，牌型: 5, 牌是：♦4,♣4,♠4,♦J,♠J

2026-05-13T23:47:09.876+08:00 [INFO] 请选择要出的牌 (输入牌的序号，用逗号分隔，0表示不出): 
2026-05-13T23:47:09.876+08:00 [INFO] 从队列收到消息: playCard
2026-05-13T23:47:09.877+08:00 [INFO] 用户 1 接收出牌消息1: &{playCard {"pid":0,"cardIds":null,"pass":1} 1}
2026-05-13T23:47:09.878+08:00 [INFO] 用户 1 接收出牌消息2: {0 [] 1}
2026-05-13T23:47:09.881+08:00 [INFO] 1不出

2026-05-13T23:47:09.883+08:00 [INFO] ♠A,♥7,♠7,♦A
2026-05-13T23:47:09.885+08:00 [INFO] 用户 1 发送消息: {"type":"pass","data":"{\"pid\":0,\"cardIds\":[],\"card_type\":0,\"cards_num\":4,\"code\":0,\"current\":1,\"mustPid\":1,\"outCardTimeout\":30}","from":""}
2026-05-13T23:47:10.821+08:00 [INFO] heartbeatCheck: 1.1866164s
2026-05-13T23:47:10.874+08:00 [INFO] 
季驰的回合 (当前手牌数: 5)

2026-05-13T23:47:10.874+08:00 [INFO] 上一手牌，牌型: 0, 牌是：不出

2026-05-13T23:47:10.875+08:00 [INFO] 请选择要出的牌 (输入牌的序号，用逗号分隔，0表示不出): 
2026-05-13T23:47:11.874+08:00 [INFO] 
季驰的回合 (当前手牌数: 5)

2026-05-13T23:47:11.874+08:00 [INFO] 上一手牌，牌型: 0, 牌是：不出

2026-05-13T23:47:11.874+08:00 [INFO] 请选择要出的牌 (输入牌的序号，用逗号分隔，0表示不出): 
2026-05-13T23:47:12.877+08:00 [INFO] 
季驰的回合 (当前手牌数: 5)

2026-05-13T23:47:12.877+08:00 [INFO] 上一手牌，牌型: 0, 牌是：不出

2026-05-13T23:47:12.877+08:00 [INFO] 请选择要出的牌 (输入牌的序号，用逗号分隔，0表示不出): 
2026-05-13T23:47:12.877+08:00 [INFO] 季驰出了: ♠6 (1)

2026-05-13T23:47:12.881+08:00 [INFO] 用户 1 发送消息: {"type":"outCard","data":"{\"pid\":1,\"cardIds\":[16],\"card_type\":1,\"cards_num\":4,\"code\":0,\"current\":2,\"mustPid\":1,\"outCardTimeout\":30}","from":""}
2026-05-13T23:47:13.875+08:00 [INFO] 
隆怀瑶的回合 (当前手牌数: 9)

2026-05-13T23:47:13.875+08:00 [INFO] 上一手牌，牌型: 1, 牌是：♠6

2026-05-13T23:47:13.876+08:00 [INFO] 请选择要出的牌 (输入牌的序号，用逗号分隔，0表示不出): 
2026-05-13T23:47:14.874+08:00 [INFO] 
隆怀瑶的回合 (当前手牌数: 9)

2026-05-13T23:47:14.875+08:00 [INFO] 上一手牌，牌型: 1, 牌是：♠6

2026-05-13T23:47:14.876+08:00 [INFO] 请选择要出的牌 (输入牌的序号，用逗号分隔，0表示不出): 
2026-05-13T23:47:14.877+08:00 [INFO] 隆怀瑶出了: ♥J (1)

2026-05-13T23:47:14.879+08:00 [INFO] 用户 1 发送消息: {"type":"outCard","data":"{\"pid\":2,\"cardIds\":[35],\"card_type\":1,\"cards_num\":8,\"code\":0,\"current\":3,\"mustPid\":2,\"outCardTimeout\":30}","from":""}
2026-05-13T23:47:15.821+08:00 [INFO] heartbeatCheck: 6.1863924s
2026-05-13T23:47:15.874+08:00 [INFO] 
家钰轩的回合 (当前手牌数: 8)

2026-05-13T23:47:15.874+08:00 [INFO] 上一手牌，牌型: 1, 牌是：♥J

2026-05-13T23:47:15.874+08:00 [INFO] 请选择要出的牌 (输入牌的序号，用逗号分隔，0表示不出): 
2026-05-13T23:47:16.875+08:00 [INFO] 
家钰轩的回合 (当前手牌数: 8)

2026-05-13T23:47:16.875+08:00 [INFO] 上一手牌，牌型: 1, 牌是：♥J

2026-05-13T23:47:16.876+08:00 [INFO] 请选择要出的牌 (输入牌的序号，用逗号分隔，0表示不出): 
2026-05-13T23:47:16.877+08:00 [INFO] 家钰轩不出

2026-05-13T23:47:16.877+08:00 [INFO] 正在订阅 Channel: player:play:card:1，当前玩家: 1
2026-05-13T23:47:16.881+08:00 [INFO] 成功订阅 Channel: player:play:card:1
2026-05-13T23:47:16.883+08:00 [INFO] 用户 1 发送消息: {"type":"pass","data":"{\"pid\":3,\"cardIds\":null,\"card_type\":0,\"cards_num\":8,\"code\":0,\"current\":0,\"mustPid\":2,\"outCardTimeout\":30}","from":""}
2026-05-13T23:47:17.874+08:00 [INFO] 
1的回合 (当前手牌数: 4)

2026-05-13T23:47:17.878+08:00 [INFO] 上一手牌，牌型: 1, 牌是：♥J

2026-05-13T23:47:17.879+08:00 [INFO] 请选择要出的牌 (输入牌的序号，用逗号分隔，0表示不出): 
2026-05-13T23:47:17.880+08:00 [INFO] 用户 1 接收出牌消息1: <nil>
2026-05-13T23:47:17.880+08:00 [INFO] 用户 1 接收出牌消息2: {0 [] 0}
2026-05-13T23:47:18.815+08:00 [INFO] 用户 1 接收消息: {"type":"playCard","data":"{\"pid\":0,\"pass\":1}"}（类型: 1）
2026-05-13T23:47:18.820+08:00 [INFO] 用户 1 发送出牌消息: {"pid":0,"cardIds":null,"pass":1}
2026-05-13T23:47:18.874+08:00 [INFO] 
1的回合 (当前手牌数: 4)

2026-05-13T23:47:18.874+08:00 [INFO] 上一手牌，牌型: 1, 牌是：♥J

2026-05-13T23:47:18.875+08:00 [INFO] 请选择要出的牌 (输入牌的序号，用逗号分隔，0表示不出): 
2026-05-13T23:47:18.876+08:00 [INFO] 从队列收到消息: playCard
2026-05-13T23:47:18.882+08:00 [INFO] 用户 1 接收出牌消息1: &{playCard {"pid":0,"cardIds":null,"pass":1} 1}
2026-05-13T23:47:18.883+08:00 [INFO] 用户 1 接收出牌消息2: {0 [] 1}
2026-05-13T23:47:18.884+08:00 [INFO] 1不出

2026-05-13T23:47:18.884+08:00 [INFO] ♠A,♥7,♠7,♦A
2026-05-13T23:47:18.886+08:00 [INFO] 用户 1 发送消息: {"type":"pass","data":"{\"pid\":0,\"cardIds\":[],\"card_type\":0,\"cards_num\":4,\"code\":0,\"current\":1,\"mustPid\":2,\"outCardTimeout\":30}","from":""}
2026-05-13T23:47:19.874+08:00 [INFO] 
季驰的回合 (当前手牌数: 4)

2026-05-13T23:47:19.874+08:00 [INFO] 上一手牌，牌型: 1, 牌是：♥J

2026-05-13T23:47:19.875+08:00 [INFO] 请选择要出的牌 (输入牌的序号，用逗号分隔，0表示不出): 
2026-05-13T23:47:20.821+08:00 [INFO] heartbeatCheck: 2.0057319s
2026-05-13T23:47:20.874+08:00 [INFO] 
季驰的回合 (当前手牌数: 4)

2026-05-13T23:47:20.874+08:00 [INFO] 上一手牌，牌型: 1, 牌是：♥J

2026-05-13T23:47:20.875+08:00 [INFO] 请选择要出的牌 (输入牌的序号，用逗号分隔，0表示不出): 
2026-05-13T23:47:21.874+08:00 [INFO] 
季驰的回合 (当前手牌数: 4)

2026-05-13T23:47:21.876+08:00 [INFO] 上一手牌，牌型: 1, 牌是：♥J

2026-05-13T23:47:21.876+08:00 [INFO] 请选择要出的牌 (输入牌的序号，用逗号分隔，0表示不出): 
2026-05-13T23:47:21.877+08:00 [INFO] 季驰不出

2026-05-13T23:47:21.879+08:00 [INFO] 用户 1 发送消息: {"type":"pass","data":"{\"pid\":1,\"cardIds\":null,\"card_type\":0,\"cards_num\":4,\"code\":0,\"current\":2,\"mustPid\":2,\"outCardTimeout\":30}","from":""}
2026-05-13T23:47:22.874+08:00 [INFO] 
隆怀瑶的回合 (当前手牌数: 8)

2026-05-13T23:47:22.878+08:00 [INFO] 上一手牌，牌型: 0, 牌是：不出

2026-05-13T23:47:22.879+08:00 [INFO] 请选择要出的牌 (输入牌的序号，用逗号分隔，0表示不出): 
2026-05-13T23:47:23.874+08:00 [INFO] 
隆怀瑶的回合 (当前手牌数: 8)

2026-05-13T23:47:23.875+08:00 [INFO] 上一手牌，牌型: 0, 牌是：不出

2026-05-13T23:47:23.875+08:00 [INFO] 请选择要出的牌 (输入牌的序号，用逗号分隔，0表示不出): 
2026-05-13T23:47:24.874+08:00 [INFO] 
隆怀瑶的回合 (当前手牌数: 8)

2026-05-13T23:47:24.874+08:00 [INFO] 上一手牌，牌型: 0, 牌是：不出

2026-05-13T23:47:24.876+08:00 [INFO] 请选择要出的牌 (输入牌的序号，用逗号分隔，0表示不出): 
2026-05-13T23:47:24.876+08:00 [INFO] 隆怀瑶出了: ♣6,♥6 (2)

2026-05-13T23:47:24.878+08:00 [INFO] 用户 1 发送消息: {"type":"outCard","data":"{\"pid\":2,\"cardIds\":[14,15],\"card_type\":2,\"cards_num\":6,\"code\":0,\"current\":3,\"mustPid\":2,\"outCardTimeout\":30}","from":""}
2026-05-13T23:47:25.821+08:00 [INFO] heartbeatCheck: 7.0057479s
2026-05-13T23:47:25.874+08:00 [INFO] 
家钰轩的回合 (当前手牌数: 8)

2026-05-13T23:47:25.875+08:00 [INFO] 上一手牌，牌型: 2, 牌是：♣6,♥6

2026-05-13T23:47:25.876+08:00 [INFO] 请选择要出的牌 (输入牌的序号，用逗号分隔，0表示不出): 
2026-05-13T23:47:26.875+08:00 [INFO] 
家钰轩的回合 (当前手牌数: 8)

2026-05-13T23:47:26.877+08:00 [INFO] 上一手牌，牌型: 2, 牌是：♣6,♥6

2026-05-13T23:47:26.877+08:00 [INFO] 请选择要出的牌 (输入牌的序号，用逗号分隔，0表示不出): 
2026-05-13T23:47:27.873+08:00 [INFO] 
家钰轩的回合 (当前手牌数: 8)

2026-05-13T23:47:27.874+08:00 [INFO] 上一手牌，牌型: 2, 牌是：♣6,♥6

2026-05-13T23:47:27.879+08:00 [INFO] 请选择要出的牌 (输入牌的序号，用逗号分隔，0表示不出): 
2026-05-13T23:47:27.881+08:00 [INFO] 家钰轩出了: ♦2,♥2 (2)

2026-05-13T23:47:27.884+08:00 [INFO] 正在订阅 Channel: player:play:card:1，当前玩家: 1
2026-05-13T23:47:27.890+08:00 [INFO] 成功订阅 Channel: player:play:card:1
2026-05-13T23:47:27.897+08:00 [INFO] 用户 1 发送消息: {"type":"outCard","data":"{\"pid\":3,\"cardIds\":[49,51],\"card_type\":2,\"cards_num\":6,\"code\":0,\"current\":0,\"mustPid\":3,\"outCardTimeout\":30}","from":""}
2026-05-13T23:47:28.874+08:00 [INFO] 
1的回合 (当前手牌数: 4)

2026-05-13T23:47:28.874+08:00 [INFO] 上一手牌，牌型: 2, 牌是：♦2,♥2

2026-05-13T23:47:28.875+08:00 [INFO] 请选择要出的牌 (输入牌的序号，用逗号分隔，0表示不出): 
2026-05-13T23:47:28.875+08:00 [INFO] 用户 1 接收出牌消息1: <nil>
2026-05-13T23:47:28.876+08:00 [INFO] 用户 1 接收出牌消息2: {0 [] 0}
2026-05-13T23:47:29.788+08:00 [INFO] 用户 1 接收消息: {"type":"playCard","data":"{\"pid\":0,\"pass\":1}"}（类型: 1）
2026-05-13T23:47:29.792+08:00 [INFO] 用户 1 发送出牌消息: {"pid":0,"cardIds":null,"pass":1}
2026-05-13T23:47:29.874+08:00 [INFO] 
1的回合 (当前手牌数: 4)

2026-05-13T23:47:29.874+08:00 [INFO] 上一手牌，牌型: 2, 牌是：♦2,♥2

2026-05-13T23:47:29.874+08:00 [INFO] 请选择要出的牌 (输入牌的序号，用逗号分隔，0表示不出): 
2026-05-13T23:47:29.875+08:00 [INFO] 从队列收到消息: playCard
2026-05-13T23:47:29.876+08:00 [INFO] 用户 1 接收出牌消息1: &{playCard {"pid":0,"cardIds":null,"pass":1} 1}
2026-05-13T23:47:29.876+08:00 [INFO] 用户 1 接收出牌消息2: {0 [] 1}
2026-05-13T23:47:29.877+08:00 [INFO] 1不出

2026-05-13T23:47:29.878+08:00 [INFO] ♠A,♥7,♠7,♦A
2026-05-13T23:47:29.879+08:00 [INFO] 用户 1 发送消息: {"type":"pass","data":"{\"pid\":0,\"cardIds\":[],\"card_type\":0,\"cards_num\":4,\"code\":0,\"current\":1,\"mustPid\":3,\"outCardTimeout\":30}","from":""}
2026-05-13T23:47:30.822+08:00 [INFO] heartbeatCheck: 1.034479s
2026-05-13T23:47:30.874+08:00 [INFO] 
季驰的回合 (当前手牌数: 4)

2026-05-13T23:47:30.874+08:00 [INFO] 上一手牌，牌型: 2, 牌是：♦2,♥2

2026-05-13T23:47:30.876+08:00 [INFO] 请选择要出的牌 (输入牌的序号，用逗号分隔，0表示不出): 
2026-05-13T23:47:31.873+08:00 [INFO] 
季驰的回合 (当前手牌数: 4)

2026-05-13T23:47:31.876+08:00 [INFO] 上一手牌，牌型: 2, 牌是：♦2,♥2

2026-05-13T23:47:31.877+08:00 [INFO] 请选择要出的牌 (输入牌的序号，用逗号分隔，0表示不出): 
2026-05-13T23:47:32.873+08:00 [INFO] 
季驰的回合 (当前手牌数: 4)

2026-05-13T23:47:32.874+08:00 [INFO] 上一手牌，牌型: 2, 牌是：♦2,♥2

2026-05-13T23:47:32.875+08:00 [INFO] 请选择要出的牌 (输入牌的序号，用逗号分隔，0表示不出): 
2026-05-13T23:47:32.876+08:00 [INFO] 季驰不出

2026-05-13T23:47:32.880+08:00 [INFO] 用户 1 发送消息: {"type":"pass","data":"{\"pid\":1,\"cardIds\":null,\"card_type\":0,\"cards_num\":4,\"code\":0,\"current\":2,\"mustPid\":3,\"outCardTimeout\":30}","from":""}
2026-05-13T23:47:33.874+08:00 [INFO] 
隆怀瑶的回合 (当前手牌数: 6)

2026-05-13T23:47:33.875+08:00 [INFO] 上一手牌，牌型: 2, 牌是：♦2,♥2

2026-05-13T23:47:33.876+08:00 [INFO] 请选择要出的牌 (输入牌的序号，用逗号分隔，0表示不出): 
2026-05-13T23:47:34.873+08:00 [INFO] 
隆怀瑶的回合 (当前手牌数: 6)

2026-05-13T23:47:34.874+08:00 [INFO] 上一手牌，牌型: 2, 牌是：♦2,♥2

2026-05-13T23:47:34.874+08:00 [INFO] 请选择要出的牌 (输入牌的序号，用逗号分隔，0表示不出): 
2026-05-13T23:47:35.820+08:00 [INFO] heartbeatCheck: 6.0329428s
2026-05-13T23:47:35.874+08:00 [INFO] 
隆怀瑶的回合 (当前手牌数: 6)

2026-05-13T23:47:35.875+08:00 [INFO] 上一手牌，牌型: 2, 牌是：♦2,♥2

2026-05-13T23:47:35.875+08:00 [INFO] 请选择要出的牌 (输入牌的序号，用逗号分隔，0表示不出): 
2026-05-13T23:47:35.876+08:00 [INFO] 隆怀瑶出了: ♣2,♠2 (2)

2026-05-13T23:47:35.877+08:00 [INFO] 用户 1 发送消息: {"type":"outCard","data":"{\"pid\":2,\"cardIds\":[50,52],\"card_type\":2,\"cards_num\":4,\"code\":0,\"current\":3,\"mustPid\":2,\"outCardTimeout\":30}","from":""}
2026-05-13T23:47:36.876+08:00 [INFO] 
家钰轩的回合 (当前手牌数: 6)

2026-05-13T23:47:36.878+08:00 [INFO] 上一手牌，牌型: 2, 牌是：♣2,♠2

2026-05-13T23:47:36.879+08:00 [INFO] 请选择要出的牌 (输入牌的序号，用逗号分隔，0表示不出): 
2026-05-13T23:47:37.873+08:00 [INFO] 
家钰轩的回合 (当前手牌数: 6)

2026-05-13T23:47:37.874+08:00 [INFO] 上一手牌，牌型: 2, 牌是：♣2,♠2

2026-05-13T23:47:37.875+08:00 [INFO] 请选择要出的牌 (输入牌的序号，用逗号分隔，0表示不出): 
2026-05-13T23:47:37.876+08:00 [INFO] 家钰轩不出

2026-05-13T23:47:37.883+08:00 [INFO] 正在订阅 Channel: player:play:card:1，当前玩家: 1
2026-05-13T23:47:37.890+08:00 [INFO] 成功订阅 Channel: player:play:card:1
2026-05-13T23:47:37.893+08:00 [INFO] 用户 1 发送消息: {"type":"pass","data":"{\"pid\":3,\"cardIds\":null,\"card_type\":0,\"cards_num\":6,\"code\":0,\"current\":0,\"mustPid\":2,\"outCardTimeout\":30}","from":""}
2026-05-13T23:47:38.873+08:00 [INFO] 
1的回合 (当前手牌数: 4)

2026-05-13T23:47:38.874+08:00 [INFO] 上一手牌，牌型: 2, 牌是：♣2,♠2

2026-05-13T23:47:38.875+08:00 [INFO] 请选择要出的牌 (输入牌的序号，用逗号分隔，0表示不出): 
2026-05-13T23:47:38.877+08:00 [INFO] 用户 1 接收出牌消息1: <nil>
2026-05-13T23:47:38.878+08:00 [INFO] 用户 1 接收出牌消息2: {0 [] 0}
2026-05-13T23:47:39.405+08:00 [INFO] 用户 1 接收消息: {"type":"playCard","data":"{\"pid\":0,\"pass\":1}"}（类型: 1）
2026-05-13T23:47:39.409+08:00 [INFO] 用户 1 发送出牌消息: {"pid":0,"cardIds":null,"pass":1}
2026-05-13T23:47:39.874+08:00 [INFO] 
1的回合 (当前手牌数: 4)

2026-05-13T23:47:39.874+08:00 [INFO] 上一手牌，牌型: 2, 牌是：♣2,♠2

2026-05-13T23:47:39.876+08:00 [INFO] 请选择要出的牌 (输入牌的序号，用逗号分隔，0表示不出): 
2026-05-13T23:47:39.877+08:00 [INFO] 从队列收到消息: playCard
2026-05-13T23:47:39.878+08:00 [INFO] 用户 1 接收出牌消息1: &{playCard {"pid":0,"cardIds":null,"pass":1} 1}
2026-05-13T23:47:39.879+08:00 [INFO] 用户 1 接收出牌消息2: {0 [] 1}
2026-05-13T23:47:39.881+08:00 [INFO] 1不出

2026-05-13T23:47:39.882+08:00 [INFO] ♠A,♥7,♠7,♦A
2026-05-13T23:47:39.890+08:00 [INFO] 用户 1 发送消息: {"type":"pass","data":"{\"pid\":0,\"cardIds\":[],\"card_type\":0,\"cards_num\":4,\"code\":0,\"current\":1,\"mustPid\":2,\"outCardTimeout\":30}","from":""}
2026-05-13T23:47:40.820+08:00 [INFO] heartbeatCheck: 1.4149805s
2026-05-13T23:47:40.875+08:00 [INFO] 
季驰的回合 (当前手牌数: 4)

2026-05-13T23:47:40.876+08:00 [INFO] 上一手牌，牌型: 2, 牌是：♣2,♠2

2026-05-13T23:47:40.879+08:00 [INFO] 请选择要出的牌 (输入牌的序号，用逗号分隔，0表示不出): 
2026-05-13T23:47:41.874+08:00 [INFO] 
季驰的回合 (当前手牌数: 4)

2026-05-13T23:47:41.880+08:00 [INFO] 上一手牌，牌型: 2, 牌是：♣2,♠2

2026-05-13T23:47:41.882+08:00 [INFO] 请选择要出的牌 (输入牌的序号，用逗号分隔，0表示不出): 
2026-05-13T23:47:41.883+08:00 [INFO] 季驰不出

2026-05-13T23:47:41.886+08:00 [INFO] 用户 1 发送消息: {"type":"pass","data":"{\"pid\":1,\"cardIds\":null,\"card_type\":0,\"cards_num\":4,\"code\":0,\"current\":2,\"mustPid\":2,\"outCardTimeout\":30}","from":""}
2026-05-13T23:47:42.874+08:00 [INFO] 
隆怀瑶的回合 (当前手牌数: 4)

2026-05-13T23:47:42.874+08:00 [INFO] 上一手牌，牌型: 0, 牌是：不出

2026-05-13T23:47:42.875+08:00 [INFO] 请选择要出的牌 (输入牌的序号，用逗号分隔，0表示不出): 
2026-05-13T23:47:43.874+08:00 [INFO] 
隆怀瑶的回合 (当前手牌数: 4)

2026-05-13T23:47:43.874+08:00 [INFO] 上一手牌，牌型: 0, 牌是：不出

2026-05-13T23:47:43.875+08:00 [INFO] 请选择要出的牌 (输入牌的序号，用逗号分隔，0表示不出): 
2026-05-13T23:47:44.874+08:00 [INFO] 
隆怀瑶的回合 (当前手牌数: 4)

2026-05-13T23:47:44.876+08:00 [INFO] 上一手牌，牌型: 0, 牌是：不出

2026-05-13T23:47:44.877+08:00 [INFO] 请选择要出的牌 (输入牌的序号，用逗号分隔，0表示不出): 
2026-05-13T23:47:44.879+08:00 [INFO] 隆怀瑶出了: ♥8,♠8 (2)

2026-05-13T23:47:44.882+08:00 [INFO] 用户 1 发送消息: {"type":"outCard","data":"{\"pid\":2,\"cardIds\":[23,24],\"card_type\":2,\"cards_num\":2,\"code\":0,\"current\":3,\"mustPid\":2,\"outCardTimeout\":30}","from":""}
2026-05-13T23:47:45.820+08:00 [INFO] heartbeatCheck: 6.4148977s
2026-05-13T23:47:45.874+08:00 [INFO] 
家钰轩的回合 (当前手牌数: 6)

2026-05-13T23:47:45.875+08:00 [INFO] 上一手牌，牌型: 2, 牌是：♥8,♠8

2026-05-13T23:47:45.876+08:00 [INFO] 请选择要出的牌 (输入牌的序号，用逗号分隔，0表示不出): 
2026-05-13T23:47:46.873+08:00 [INFO] 
家钰轩的回合 (当前手牌数: 6)

2026-05-13T23:47:46.873+08:00 [INFO] 上一手牌，牌型: 2, 牌是：♥8,♠8

2026-05-13T23:47:46.874+08:00 [INFO] 请选择要出的牌 (输入牌的序号，用逗号分隔，0表示不出): 
2026-05-13T23:47:47.874+08:00 [INFO] 
家钰轩的回合 (当前手牌数: 6)

2026-05-13T23:47:47.875+08:00 [INFO] 上一手牌，牌型: 2, 牌是：♥8,♠8

2026-05-13T23:47:47.875+08:00 [INFO] 请选择要出的牌 (输入牌的序号，用逗号分隔，0表示不出): 
2026-05-13T23:47:47.876+08:00 [INFO] 家钰轩不出

2026-05-13T23:47:47.877+08:00 [INFO] 正在订阅 Channel: player:play:card:1，当前玩家: 1
2026-05-13T23:47:47.885+08:00 [INFO] 成功订阅 Channel: player:play:card:1
2026-05-13T23:47:47.888+08:00 [INFO] 用户 1 发送消息: {"type":"pass","data":"{\"pid\":3,\"cardIds\":null,\"card_type\":0,\"cards_num\":6,\"code\":0,\"current\":0,\"mustPid\":2,\"outCardTimeout\":30}","from":""}
2026-05-13T23:47:48.873+08:00 [INFO] 
1的回合 (当前手牌数: 4)

2026-05-13T23:47:48.873+08:00 [INFO] 上一手牌，牌型: 2, 牌是：♥8,♠8

2026-05-13T23:47:48.875+08:00 [INFO] 请选择要出的牌 (输入牌的序号，用逗号分隔，0表示不出): 
2026-05-13T23:47:48.876+08:00 [INFO] 用户 1 接收出牌消息1: <nil>
2026-05-13T23:47:48.876+08:00 [INFO] 用户 1 接收出牌消息2: {0 [] 0}
2026-05-13T23:47:49.607+08:00 [INFO] 用户 1 接收消息: {"type":"playCard","data":"{\"pid\":0,\"cardIds\":[45,48]}"}（类型: 1）
2026-05-13T23:47:49.611+08:00 [INFO] 用户 1 发送出牌消息: {"pid":0,"cardIds":[45,48],"pass":0}
2026-05-13T23:47:49.874+08:00 [INFO] 
1的回合 (当前手牌数: 4)

2026-05-13T23:47:49.876+08:00 [INFO] 上一手牌，牌型: 2, 牌是：♥8,♠8

2026-05-13T23:47:49.876+08:00 [INFO] 请选择要出的牌 (输入牌的序号，用逗号分隔，0表示不出): 
2026-05-13T23:47:49.877+08:00 [INFO] 从队列收到消息: playCard
2026-05-13T23:47:49.877+08:00 [INFO] 用户 1 接收出牌消息1: &{playCard {"pid":0,"cardIds":[45,48],"pass":0} 1}
2026-05-13T23:47:49.879+08:00 [INFO] 用户 1 接收出牌消息2: {0 [45 48] 0}
2026-05-13T23:47:49.880+08:00 [DEBU] [45,48]
2026-05-13T23:47:49.881+08:00 [INFO] 1出了: ♦A,♠A (2)

2026-05-13T23:47:49.881+08:00 [INFO] ♥7,♠7
2026-05-13T23:47:49.883+08:00 [INFO] 用户 1 发送消息: {"type":"outCard","data":"{\"pid\":0,\"cardIds\":[45,48],\"card_type\":2,\"cards_num\":2,\"code\":0,\"current\":1,\"mustPid\":0,\"outCardTimeout\":30}","from":""}
2026-05-13T23:47:50.820+08:00 [INFO] heartbeatCheck: 1.2137485s
2026-05-13T23:47:50.873+08:00 [INFO] 
季驰的回合 (当前手牌数: 4)

2026-05-13T23:47:50.876+08:00 [INFO] 上一手牌，牌型: 2, 牌是：♦A,♠A

2026-05-13T23:47:50.877+08:00 [INFO] 请选择要出的牌 (输入牌的序号，用逗号分隔，0表示不出): 
2026-05-13T23:47:51.874+08:00 [INFO] 
季驰的回合 (当前手牌数: 4)

2026-05-13T23:47:51.874+08:00 [INFO] 上一手牌，牌型: 2, 牌是：♦A,♠A

2026-05-13T23:47:51.875+08:00 [INFO] 请选择要出的牌 (输入牌的序号，用逗号分隔，0表示不出): 
2026-05-13T23:47:51.875+08:00 [INFO] 季驰不出

2026-05-13T23:47:51.879+08:00 [INFO] 用户 1 发送消息: {"type":"pass","data":"{\"pid\":1,\"cardIds\":null,\"card_type\":0,\"cards_num\":4,\"code\":0,\"current\":2,\"mustPid\":0,\"outCardTimeout\":30}","from":""}
2026-05-13T23:47:52.874+08:00 [INFO] 
隆怀瑶的回合 (当前手牌数: 2)

2026-05-13T23:47:52.874+08:00 [INFO] 上一手牌，牌型: 2, 牌是：♦A,♠A

2026-05-13T23:47:52.875+08:00 [INFO] 请选择要出的牌 (输入牌的序号，用逗号分隔，0表示不出): 
2026-05-13T23:47:53.873+08:00 [INFO] 
隆怀瑶的回合 (当前手牌数: 2)

2026-05-13T23:47:53.874+08:00 [INFO] 上一手牌，牌型: 2, 牌是：♦A,♠A

2026-05-13T23:47:53.875+08:00 [INFO] 请选择要出的牌 (输入牌的序号，用逗号分隔，0表示不出): 
2026-05-13T23:47:53.875+08:00 [INFO] 隆怀瑶不出

2026-05-13T23:47:53.876+08:00 [INFO] 用户 1 发送消息: {"type":"pass","data":"{\"pid\":2,\"cardIds\":null,\"card_type\":0,\"cards_num\":2,\"code\":0,\"current\":3,\"mustPid\":0,\"outCardTimeout\":30}","from":""}
2026-05-13T23:47:54.876+08:00 [INFO] 
家钰轩的回合 (当前手牌数: 6)

2026-05-13T23:47:54.878+08:00 [INFO] 上一手牌，牌型: 2, 牌是：♦A,♠A

2026-05-13T23:47:54.880+08:00 [INFO] 请选择要出的牌 (输入牌的序号，用逗号分隔，0表示不出): 
2026-05-13T23:47:55.820+08:00 [INFO] heartbeatCheck: 6.2136715s
2026-05-13T23:47:55.874+08:00 [INFO] 
家钰轩的回合 (当前手牌数: 6)

2026-05-13T23:47:55.878+08:00 [INFO] 上一手牌，牌型: 2, 牌是：♦A,♠A

2026-05-13T23:47:55.879+08:00 [INFO] 请选择要出的牌 (输入牌的序号，用逗号分隔，0表示不出): 
2026-05-13T23:47:56.873+08:00 [INFO] 
家钰轩的回合 (当前手牌数: 6)

2026-05-13T23:47:56.874+08:00 [INFO] 上一手牌，牌型: 2, 牌是：♦A,♠A

2026-05-13T23:47:56.874+08:00 [INFO] 请选择要出的牌 (输入牌的序号，用逗号分隔，0表示不出): 
2026-05-13T23:47:56.875+08:00 [INFO] 家钰轩不出

2026-05-13T23:47:56.876+08:00 [INFO] 正在订阅 Channel: player:play:card:1，当前玩家: 1
2026-05-13T23:47:56.883+08:00 [INFO] 成功订阅 Channel: player:play:card:1
2026-05-13T23:47:56.884+08:00 [INFO] 用户 1 发送消息: {"type":"pass","data":"{\"pid\":3,\"cardIds\":null,\"card_type\":0,\"cards_num\":6,\"code\":0,\"current\":0,\"mustPid\":0,\"outCardTimeout\":30}","from":""}
2026-05-13T23:47:57.873+08:00 [INFO] 
1的回合 (当前手牌数: 2)

2026-05-13T23:47:57.874+08:00 [INFO] 上一手牌，牌型: 0, 牌是：不出

2026-05-13T23:47:57.875+08:00 [INFO] 请选择要出的牌 (输入牌的序号，用逗号分隔，0表示不出): 
2026-05-13T23:47:57.875+08:00 [INFO] 用户 1 接收出牌消息1: <nil>
2026-05-13T23:47:57.876+08:00 [INFO] 用户 1 接收出牌消息2: {0 [] 0}
2026-05-13T23:47:57.962+08:00 [INFO] 用户 1 接收消息: {"type":"playCard","data":"{\"pid\":0,\"cardIds\":[20,19]}"}（类型: 1）
2026-05-13T23:47:57.969+08:00 [INFO] 用户 1 发送出牌消息: {"pid":0,"cardIds":[20,19],"pass":0}
2026-05-13T23:47:58.874+08:00 [INFO] 
1的回合 (当前手牌数: 2)

2026-05-13T23:47:58.875+08:00 [INFO] 上一手牌，牌型: 0, 牌是：不出

2026-05-13T23:47:58.875+08:00 [INFO] 请选择要出的牌 (输入牌的序号，用逗号分隔，0表示不出): 
2026-05-13T23:47:58.876+08:00 [INFO] 从队列收到消息: playCard
2026-05-13T23:47:58.877+08:00 [INFO] 用户 1 接收出牌消息1: &{playCard {"pid":0,"cardIds":[20,19],"pass":0} 1}
2026-05-13T23:47:58.877+08:00 [INFO] 用户 1 接收出牌消息2: {0 [20 19] 0}
2026-05-13T23:47:58.877+08:00 [DEBU] [20,19]
2026-05-13T23:47:58.878+08:00 [INFO] 1出了: ♠7,♥7 (2)

2026-05-13T23:47:58.878+08:00 [INFO] 
2026-05-13T23:47:58.880+08:00 [INFO] 用户 1 发送消息: {"type":"outCard","data":"{\"pid\":0,\"cardIds\":[20,19],\"card_type\":2,\"cards_num\":0,\"code\":0,\"current\":1,\"mustPid\":0,\"outCardTimeout\":30}","from":""}
2026-05-13T23:47:59.879+08:00 [INFO] 
游戏结束！恭喜1！获胜

2026-05-13T23:47:59.879+08:00 [INFO] 游戏每个用户结算信息：0, 12, 912, 1

2026-05-13T23:47:59.883+08:00 [INFO] 
2026-05-13T23:47:59.881+08:00 [INFO] 用户 1 发送消息: {"type":"over","data":"[{\"winName\":\"1\",\"winner\":0,\"point\":912,\"win\":12}]","from":""}
2026-05-13T23:47:59.887+08:00 [INFO] 执行结算异步任务: Id:3 UserName:"1" Point:912
2026-05-13T23:47:59.894+08:00 [DEBU] Watch key "/service/default/default/user/latest/"
2026-05-13T23:47:59.899+08:00 [DEBU] client conn updated with addresses [{"Addr":"172.20.10.3:9020","ServerName":"user","Attributes":{"protocol":"grpc","RawService":"\u003c0xc000946cf0\u003e"},"BalancerAttributes":null,"Metadata":null}]
2026-05-13T23:47:59.903+08:00 [DEBU] client conn updated with addresses [{"Addr":"172.20.10.3:9020","ServerName":"user","Attributes":{"protocol":"grpc","RawService":"\u003c0xc00094d6e0\u003e"},"BalancerAttributes":null,"Metadata":null}]
2026-05-13T23:48:00.820+08:00 [INFO] heartbeatCheck: 2.8578788s
2026-05-13T23:48:02.602+08:00 [INFO] 用户 1 接收消息: {"type":"initRoom","data":"","name":""}（类型: 1）
2026-05-13T23:48:02.609+08:00 [INFO] 用户 1 开始延迟添加AI到房间 W2T6AM
2026-05-13T23:48:02.610+08:00 [INFO] 用户 1 发送消息: {"type":"initRoom","data":"[{\"ID\":0,\"Name\":\"1\",\"RoomID\":\"W2T6AM\",\"Type\":0,\"CardNum\":13,\"Point\":912,\"UserId\":\"1\",\"RoomType\":1},{\"ID\":1,\"Name\":\"熊炎彬\",\"RoomID\":\"W2T6AM\",\"Type\":1,\"CardNum\":13,\"Point\":0,\"UserId\":\"\",\"RoomType\":1},{\"ID\":2,\"Name\":\"竺白容\",\"RoomID\":\"W2T6AM\",\"Type\":1,\"CardNum\":13,\"Point\":0,\"UserId\":\"\",\"RoomType\":1}]","from":"1"}
2026-05-13T23:48:04.612+08:00 [INFO] 用户 1 发送消息: {"type":"initRoom","data":"[{\"ID\":0,\"Name\":\"1\",\"RoomID\":\"W2T6AM\",\"Type\":0,\"CardNum\":13,\"Point\":912,\"UserId\":\"1\",\"RoomType\":1},{\"ID\":1,\"Name\":\"熊炎彬\",\"RoomID\":\"W2T6AM\",\"Type\":1,\"CardNum\":13,\"Point\":0,\"UserId\":\"\",\"RoomType\":1},{\"ID\":2,\"Name\":\"竺白容\",\"RoomID\":\"W2T6AM\",\"Type\":1,\"CardNum\":13,\"Point\":0,\"UserId\":\"\",\"RoomType\":1},{\"ID\":3,\"Name\":\"齐浩言\",\"RoomID\":\"W2T6AM\",\"Type\":1,\"CardNum\":13,\"Point\":0,\"UserId\":\"\",\"RoomType\":1}]","from":"1"}
2026-05-13T23:48:04.842+08:00 [INFO] 用户 1 接收消息: {"type":"leaveRoom","data":"","name":""}（类型: 1）
2026-05-13T23:48:04.854+08:00 [INFO] 用户 1 接收消息: {"type":"getInfo","data":"","name":""}（类型: 1）
2026-05-13T23:48:04.858+08:00 [ERRO] unexpected end of JSON input 
Stack:
1.  game_user/internal/controller/enter.(*Client).handleGetInfo
    D:/gowork/max2/max2/app/game_user/internal/controller/enter/enter_v1_enter.go:747
2.  game_user/internal/controller/enter.(*Client).readLoop
    D:/gowork/max2/max2/app/game_user/internal/controller/enter/enter_v1_enter.go:197

2026-05-13T23:48:05.820+08:00 [INFO] heartbeatCheck: 966.0586ms
2026-05-13T23:48:10.820+08:00 [INFO] heartbeatCheck: 5.9660744s
2026-05-13T23:48:14.622+08:00 [INFO] 用户 1 接收消息: {"type":"heartbeat","data":"ping"}（类型: 1）
2026-05-13T23:48:14.628+08:00 [INFO] 用户 1 发送消息: {"type":"heartbeat","data":"pong","from":"1"}
2026-05-13T23:48:15.820+08:00 [INFO] heartbeatCheck: 1.1985882s
2026-05-13T23:48:20.821+08:00 [INFO] heartbeatCheck: 6.1991651s
2026-05-13T23:48:24.638+08:00 [INFO] 用户 1 接收消息: {"type":"heartbeat","data":"ping"}（类型: 1）
2026-05-13T23:48:24.646+08:00 [INFO] 用户 1 发送消息: {"type":"heartbeat","data":"pong","from":"1"}
2026-05-13T23:48:25.820+08:00 [INFO] heartbeatCheck: 1.1819343s
2026-05-13T23:48:30.821+08:00 [INFO] heartbeatCheck: 6.1826812s
2026-05-13T23:48:34.655+08:00 [INFO] 用户 1 接收消息: {"type":"heartbeat","data":"ping"}（类型: 1）
2026-05-13T23:48:34.656+08:00 [INFO] 用户 1 发送消息: {"type":"heartbeat","data":"pong","from":"1"}
2026-05-13T23:48:35.820+08:00 [INFO] heartbeatCheck: 1.1662867s
2026-05-13T23:48:40.821+08:00 [INFO] heartbeatCheck: 6.1666138s
2026-05-13T23:48:44.686+08:00 [INFO] 用户 1 接收消息: {"type":"heartbeat","data":"ping"}（类型: 1）
2026-05-13T23:48:44.724+08:00 [INFO] 用户 1 发送消息: {"type":"heartbeat","data":"pong","from":"1"}
2026-05-13T23:48:45.821+08:00 [INFO] heartbeatCheck: 1.1353039s
2026-05-13T23:48:50.477+08:00 [INFO] 用户 1 接收消息: {"type":"initRoom","data":"","name":""}（类型: 1）
2026-05-13T23:48:50.479+08:00 [ERRO] unexpected end of JSON input 
Stack:
1.  game_user/internal/controller/enter.(*Client).clearRoom
    D:/gowork/max2/max2/app/game_user/internal/controller/enter/enter_v1_enter.go:1041
2.  game_user/internal/controller/enter.(*Client).handleInitRoom
    D:/gowork/max2/max2/app/game_user/internal/controller/enter/enter_v1_enter.go:215
3.  game_user/internal/controller/enter.(*Client).readLoop
    D:/gowork/max2/max2/app/game_user/internal/controller/enter/enter_v1_enter.go:185

2026-05-13T23:48:50.481+08:00 [ERRO] 用户 1 房间  不存在 
Stack:
1.  game_user/internal/controller/enter.(*Client).clearRoom
    D:/gowork/max2/max2/app/game_user/internal/controller/enter/enter_v1_enter.go:1046
2.  game_user/internal/controller/enter.(*Client).handleInitRoom
    D:/gowork/max2/max2/app/game_user/internal/controller/enter/enter_v1_enter.go:215
3.  game_user/internal/controller/enter.(*Client).readLoop
    D:/gowork/max2/max2/app/game_user/internal/controller/enter/enter_v1_enter.go:185

2026-05-13T23:48:50.487+08:00 [INFO] 用户 1 开始延迟添加AI到房间 LLH5JB
2026-05-13T23:48:50.488+08:00 [INFO] 用户 1 发送消息: {"type":"initRoom","data":"[{\"ID\":0,\"Name\":\"1\",\"RoomID\":\"LLH5JB\",\"Type\":0,\"CardNum\":13,\"Point\":912,\"UserId\":\"1\",\"RoomType\":1}]","from":"1"}
2026-05-13T23:48:50.821+08:00 [INFO] heartbeatCheck: 343.8618ms
2026-05-13T23:48:52.492+08:00 [INFO] 用户 1 发送消息: {"type":"initRoom","data":"[{\"ID\":0,\"Name\":\"1\",\"RoomID\":\"LLH5JB\",\"Type\":0,\"CardNum\":13,\"Point\":912,\"UserId\":\"1\",\"RoomType\":1},{\"ID\":1,\"Name\":\"荀昊宇\",\"RoomID\":\"LLH5JB\",\"Type\":1,\"CardNum\":13,\"Point\":0,\"UserId\":\"\",\"RoomType\":1},{\"ID\":2,\"Name\":\"羿思菱\",\"RoomID\":\"LLH5JB\",\"Type\":1,\"CardNum\":13,\"Point\":0,\"UserId\":\"\",\"RoomType\":1},{\"ID\":3,\"Name\":\"莫明杰\",\"RoomID\":\"LLH5JB\",\"Type\":1,\"CardNum\":13,\"Point\":0,\"UserId\":\"\",\"RoomType\":1}]","from":"1"}
2026-05-13T23:48:55.623+08:00 [INFO] 用户 1 接收消息: {"type":"leaveRoom","data":"","name":""}（类型: 1）
2026-05-13T23:48:55.638+08:00 [INFO] 用户 1 接收消息: {"type":"getInfo","data":"","name":""}（类型: 1）
2026-05-13T23:48:55.640+08:00 [ERRO] unexpected end of JSON input 
Stack:
1.  game_user/internal/controller/enter.(*Client).handleGetInfo
    D:/gowork/max2/max2/app/game_user/internal/controller/enter/enter_v1_enter.go:747
2.  game_user/internal/controller/enter.(*Client).readLoop
    D:/gowork/max2/max2/app/game_user/internal/controller/enter/enter_v1_enter.go:197

2026-05-13T23:48:55.821+08:00 [INFO] heartbeatCheck: 183.2926ms
2026-05-13T23:49:00.623+08:00 [INFO] 用户 1 接收消息: {"type":"createRoom","data":"","name":""}（类型: 1）
2026-05-13T23:49:00.625+08:00 [ERRO] unexpected end of JSON input 
Stack:
1.  game_user/internal/controller/enter.(*Client).clearRoom
    D:/gowork/max2/max2/app/game_user/internal/controller/enter/enter_v1_enter.go:1041
2.  game_user/internal/controller/enter.(*Client).handleCreateRoom
    D:/gowork/max2/max2/app/game_user/internal/controller/enter/enter_v1_enter.go:320
3.  game_user/internal/controller/enter.(*Client).readLoop
    D:/gowork/max2/max2/app/game_user/internal/controller/enter/enter_v1_enter.go:187

2026-05-13T23:49:00.627+08:00 [ERRO] 用户 1 房间  不存在 
Stack:
1.  game_user/internal/controller/enter.(*Client).clearRoom
    D:/gowork/max2/max2/app/game_user/internal/controller/enter/enter_v1_enter.go:1046
2.  game_user/internal/controller/enter.(*Client).handleCreateRoom
    D:/gowork/max2/max2/app/game_user/internal/controller/enter/enter_v1_enter.go:320
3.  game_user/internal/controller/enter.(*Client).readLoop
    D:/gowork/max2/max2/app/game_user/internal/controller/enter/enter_v1_enter.go:187

2026-05-13T23:49:00.633+08:00 [INFO] 用户 1 发送消息: {"type":"createRoom","data":"[{\"ID\":0,\"Name\":\"1\",\"RoomID\":\"FHSQ9A\",\"Type\":0,\"CardNum\":13,\"Point\":100,\"UserId\":\"1\",\"RoomType\":2}]","from":"1"}
2026-05-13T23:49:00.820+08:00 [INFO] heartbeatCheck: 196.866ms
2026-05-13T23:49:02.570+08:00 [INFO] 用户 1 接收消息: {"type":"leaveRoom","data":"","name":""}（类型: 1）
2026-05-13T23:49:02.581+08:00 [INFO] 用户 1 接收消息: {"type":"getInfo","data":"","name":""}（类型: 1）
2026-05-13T23:49:02.583+08:00 [ERRO] unexpected end of JSON input 
Stack:
1.  game_user/internal/controller/enter.(*Client).handleGetInfo
    D:/gowork/max2/max2/app/game_user/internal/controller/enter/enter_v1_enter.go:747
2.  game_user/internal/controller/enter.(*Client).readLoop
    D:/gowork/max2/max2/app/game_user/internal/controller/enter/enter_v1_enter.go:197

2026-05-13T23:49:05.821+08:00 [INFO] heartbeatCheck: 3.2394588s
2026-05-13T23:49:10.672+08:00 [INFO] 用户 1 接收消息: {"type":"heartbeat","data":"ping"}（类型: 1）
2026-05-13T23:49:10.675+08:00 [INFO] 用户 1 发送消息: {"type":"heartbeat","data":"pong","from":"1"}
2026-05-13T23:49:10.820+08:00 [INFO] heartbeatCheck: 148.3744ms
2026-05-13T23:49:15.821+08:00 [INFO] heartbeatCheck: 5.1487819s
2026-05-13T23:49:20.691+08:00 [INFO] 用户 1 接收消息: {"type":"heartbeat","data":"ping"}（类型: 1）
2026-05-13T23:49:20.694+08:00 [INFO] 用户 1 发送消息: {"type":"heartbeat","data":"pong","from":"1"}
2026-05-13T23:49:20.820+08:00 [INFO] heartbeatCheck: 129.4779ms
2026-05-13T23:49:25.820+08:00 [INFO] heartbeatCheck: 5.1294556s
2026-05-13T23:49:30.706+08:00 [INFO] 用户 1 接收消息: {"type":"heartbeat","data":"ping"}（类型: 1）
2026-05-13T23:49:30.709+08:00 [INFO] 用户 1 发送消息: {"type":"heartbeat","data":"pong","from":"1"}
2026-05-13T23:49:30.820+08:00 [INFO] heartbeatCheck: 115.2149ms
2026-05-13T23:49:35.821+08:00 [INFO] heartbeatCheck: 5.1159564s
2026-05-13T23:49:40.820+08:00 [INFO] heartbeatCheck: 10.1151792s
2026-05-13T23:49:41.700+08:00 [INFO] 用户 1 接收消息: {"type":"heartbeat","data":"ping"}（类型: 1）
2026-05-13T23:49:41.705+08:00 [INFO] 用户 1 发送消息: {"type":"heartbeat","data":"pong","from":"1"}
2026-05-13T23:49:45.821+08:00 [INFO] heartbeatCheck: 4.1202984s
2026-05-13T23:49:50.820+08:00 [INFO] heartbeatCheck: 9.1198125s
2026-05-13T23:49:52.692+08:00 [INFO] 用户 1 接收消息: {"type":"heartbeat","data":"ping"}（类型: 1）
2026-05-13T23:49:52.695+08:00 [INFO] 用户 1 发送消息: {"type":"heartbeat","data":"pong","from":"1"}
2026-05-13T23:49:55.821+08:00 [INFO] heartbeatCheck: 3.1288631s
2026-05-13T23:50:00.820+08:00 [INFO] heartbeatCheck: 8.1284415s
2026-05-13T23:50:03.687+08:00 [INFO] 用户 1 接收消息: {"type":"heartbeat","data":"ping"}（类型: 1）
2026-05-13T23:50:03.692+08:00 [INFO] 用户 1 发送消息: {"type":"heartbeat","data":"pong","from":"1"}
2026-05-13T23:50:05.820+08:00 [INFO] heartbeatCheck: 2.1328783s
2026-05-13T23:50:10.821+08:00 [INFO] heartbeatCheck: 7.1337792s
2026-05-13T23:50:14.689+08:00 [INFO] 用户 1 接收消息: {"type":"heartbeat","data":"ping"}（类型: 1）
2026-05-13T23:50:14.690+08:00 [INFO] 用户 1 发送消息: {"type":"heartbeat","data":"pong","from":"1"}
2026-05-13T23:50:15.821+08:00 [INFO] heartbeatCheck: 1.1334099s
2026-05-13T23:50:20.821+08:00 [INFO] heartbeatCheck: 6.1334184s
2026-05-13T23:50:25.695+08:00 [INFO] 用户 1 接收消息: {"type":"heartbeat","data":"ping"}（类型: 1）
2026-05-13T23:50:25.696+08:00 [INFO] 用户 1 发送消息: {"type":"heartbeat","data":"pong","from":"1"}
2026-05-13T23:50:25.821+08:00 [INFO] heartbeatCheck: 126.4079ms
2026-05-13T23:50:41.949+08:00 [DEBU] etcd put success with key "/service/default/default/game_user/latest/172.20.10.3:9010", value "{"protocol":"grpc"}", lease "7587894816030803757"
2026-05-13T23:50:41.958+08:00 [DEBU] etcd put success with key "/service/default/default/game_user.svc/latest/172.20.10.3:8010", value "{"insecure":true,"protocol":"http"}", lease "7587894816030803760"
2026-05-13T23:51:04.840+08:00 [INFO] {e488e54bd32aaf181641bb516a571319} 用户 1 连接成功
2026-05-13T23:51:04.844+08:00 [INFO] heartbeatCheck: 2562047h47m16.854775807s
2026-05-13T23:51:04.896+08:00 [INFO] 用户 1 接收消息: {"type":"getInfo","data":"","name":""}（类型: 1）
2026-05-13T23:51:04.898+08:00 [ERRO] unexpected end of JSON input 
Stack:
1.  game_user/internal/controller/enter.(*Client).handleGetInfo
    D:/gowork/max2/max2/app/game_user/internal/controller/enter/enter_v1_enter.go:746
2.  game_user/internal/controller/enter.(*Client).readLoop
    D:/gowork/max2/max2/app/game_user/internal/controller/enter/enter_v1_enter.go:197

2026-05-13T23:51:09.844+08:00 [INFO] heartbeatCheck: 4.947763s
2026-05-13T23:51:14.845+08:00 [INFO] heartbeatCheck: 9.9484487s
2026-05-13T23:51:14.851+08:00 [INFO] 用户 1 接收消息: {"type":"heartbeat","data":"ping"}（类型: 1）
2026-05-13T23:51:14.853+08:00 [INFO] 用户 1 发送消息: {"type":"heartbeat","data":"pong","from":"1"}
2026-05-13T23:51:19.844+08:00 [INFO] heartbeatCheck: 4.9934744s
2026-05-13T23:51:24.844+08:00 [INFO] heartbeatCheck: 9.9935917s
2026-05-13T23:51:25.009+08:00 [INFO] 用户 1 接收消息: {"type":"heartbeat","data":"ping"}（类型: 1）
2026-05-13T23:51:25.011+08:00 [INFO] 用户 1 发送消息: {"type":"heartbeat","data":"pong","from":"1"}
2026-05-13T23:51:29.844+08:00 [INFO] heartbeatCheck: 4.8353603s
2026-05-13T23:51:34.845+08:00 [INFO] heartbeatCheck: 9.8359463s
2026-05-13T23:51:35.022+08:00 [INFO] 用户 1 接收消息: {"type":"heartbeat","data":"ping"}（类型: 1）
2026-05-13T23:51:35.025+08:00 [INFO] 用户 1 发送消息: {"type":"heartbeat","data":"pong","from":"1"}
2026-05-13T23:51:39.844+08:00 [INFO] heartbeatCheck: 4.8223482s
2026-05-13T23:51:44.844+08:00 [INFO] heartbeatCheck: 9.822299s
2026-05-13T23:51:45.043+08:00 [INFO] 用户 1 接收消息: {"type":"heartbeat","data":"ping"}（类型: 1）
2026-05-13T23:51:45.047+08:00 [INFO] 用户 1 发送消息: {"type":"heartbeat","data":"pong","from":"1"}
2026-05-13T23:51:49.849+08:00 [INFO] heartbeatCheck: 4.8054938s
2026-05-13T23:51:54.844+08:00 [INFO] heartbeatCheck: 9.8009322s
2026-05-13T23:51:55.703+08:00 [INFO] 用户 1 接收消息: {"type":"heartbeat","data":"ping"}（类型: 1）
2026-05-13T23:51:55.705+08:00 [INFO] 用户 1 发送消息: {"type":"heartbeat","data":"pong","from":"1"}
2026-05-13T23:51:59.844+08:00 [INFO] heartbeatCheck: 4.1412854s
2026-05-13T23:52:04.844+08:00 [INFO] heartbeatCheck: 9.1411241s
2026-05-13T23:52:06.700+08:00 [INFO] 用户 1 接收消息: {"type":"heartbeat","data":"ping"}（类型: 1）
2026-05-13T23:52:06.701+08:00 [INFO] 用户 1 发送消息: {"type":"heartbeat","data":"pong","from":"1"}
2026-05-13T23:52:09.845+08:00 [INFO] heartbeatCheck: 3.145038s
2026-05-13T23:52:14.844+08:00 [INFO] heartbeatCheck: 8.1446527s
2026-05-13T23:52:17.695+08:00 [INFO] 用户 1 接收消息: {"type":"heartbeat","data":"ping"}（类型: 1）
2026-05-13T23:52:17.699+08:00 [INFO] 用户 1 发送消息: {"type":"heartbeat","data":"pong","from":"1"}
2026-05-13T23:52:19.844+08:00 [INFO] heartbeatCheck: 2.1492292s
2026-05-13T23:52:24.844+08:00 [INFO] heartbeatCheck: 7.1490354s
2026-05-13T23:52:28.699+08:00 [INFO] 用户 1 接收消息: {"type":"heartbeat","data":"ping"}（类型: 1）
2026-05-13T23:52:28.701+08:00 [INFO] 用户 1 发送消息: {"type":"heartbeat","data":"pong","from":"1"}
2026-05-13T23:52:29.844+08:00 [INFO] heartbeatCheck: 1.1447301s
2026-05-13T23:52:34.844+08:00 [INFO] heartbeatCheck: 6.1450533s
2026-05-13T23:52:38.158+08:00 [INFO] 用户 1 接收消息: {"type":"initRoom","data":"","name":""}（类型: 1）
2026-05-13T23:52:38.159+08:00 [ERRO] unexpected end of JSON input 
Stack:
1.  game_user/internal/controller/enter.(*Client).clearRoom
    D:/gowork/max2/max2/app/game_user/internal/controller/enter/enter_v1_enter.go:1040
2.  game_user/internal/controller/enter.(*Client).handleInitRoom
    D:/gowork/max2/max2/app/game_user/internal/controller/enter/enter_v1_enter.go:215
3.  game_user/internal/controller/enter.(*Client).readLoop
    D:/gowork/max2/max2/app/game_user/internal/controller/enter/enter_v1_enter.go:185

2026-05-13T23:52:38.161+08:00 [ERRO] 用户 1 房间  不存在 
Stack:
1.  game_user/internal/controller/enter.(*Client).clearRoom
    D:/gowork/max2/max2/app/game_user/internal/controller/enter/enter_v1_enter.go:1045
2.  game_user/internal/controller/enter.(*Client).handleInitRoom
    D:/gowork/max2/max2/app/game_user/internal/controller/enter/enter_v1_enter.go:215
3.  game_user/internal/controller/enter.(*Client).readLoop
    D:/gowork/max2/max2/app/game_user/internal/controller/enter/enter_v1_enter.go:185

2026-05-13T23:52:38.168+08:00 [INFO] 执行日志异步任务: RoomID:"UF0R91" Type:1 UserID:"1" Point:912 Action:"initRoom"
2026-05-13T23:52:38.173+08:00 [DEBU] Watch key "/service/default/default/log-service/latest/"
2026-05-13T23:52:38.170+08:00 [INFO] 用户 1 开始延迟添加AI到房间 UF0R91
2026-05-13T23:52:38.170+08:00 [INFO] 用户 1 发送消息: {"type":"initRoom","data":"[{\"ID\":0,\"Name\":\"1\",\"RoomID\":\"UF0R91\",\"Type\":0,\"CardNum\":13,\"Point\":912,\"UserId\":\"1\",\"RoomType\":1},{\"ID\":1,\"Name\":\"连辰阳\",\"RoomID\":\"UF0R91\",\"Type\":1,\"CardNum\":13,\"Point\":0,\"UserId\":\"\",\"RoomType\":1}]","from":"1"}
2026-05-13T23:52:39.844+08:00 [INFO] heartbeatCheck: 1.6866079s
2026-05-13T23:52:40.182+08:00 [INFO] 用户 1 发送消息: {"type":"initRoom","data":"[{\"ID\":0,\"Name\":\"1\",\"RoomID\":\"UF0R91\",\"Type\":0,\"CardNum\":13,\"Point\":912,\"UserId\":\"1\",\"RoomType\":1},{\"ID\":1,\"Name\":\"连辰阳\",\"RoomID\":\"UF0R91\",\"Type\":1,\"CardNum\":13,\"Point\":0,\"UserId\":\"\",\"RoomType\":1},{\"ID\":2,\"Name\":\"翁星爵\",\"RoomID\":\"UF0R91\",\"Type\":1,\"CardNum\":13,\"Point\":0,\"UserId\":\"\",\"RoomType\":1},{\"ID\":3,\"Name\":\"卢涵易\",\"RoomID\":\"UF0R91\",\"Type\":1,\"CardNum\":13,\"Point\":0,\"UserId\":\"\",\"RoomType\":1}]","from":"1"}
2026-05-13T23:52:41.467+08:00 [INFO] 用户 1 接收消息: {"type":"play","data":"","name":""}（类型: 1）
2026-05-13T23:52:41.470+08:00 [INFO] 
===== 房间 UF0R91 游戏开始 =====
2026-05-13T23:52:41.471+08:00 [INFO] 
确定谁先出牌...
2026-05-13T23:52:41.472+08:00 [INFO] 房间 UF0R91 启动消息接收 goroutine
2026-05-13T23:52:41.473+08:00 [INFO] 1的牌: 
2026-05-13T23:52:41.477+08:00 [INFO] ♦9,♠10,♥10,♣2,♦J,♣J,♣5,♦8,♠9,♦10,♠4,♥4,♥3
2026-05-13T23:52:41.478+08:00 [INFO] 连辰阳的牌: 
2026-05-13T23:52:41.480+08:00 [INFO] 牌型：2,具体的牌：[[{9 1 ♣9 26 9 ♣} {9 2 ♥9 27 9 ♥}]] 
2026-05-13T23:52:41.482+08:00 [INFO] 用户 1 发送消息: {"type":"showCard","data":"{\"cards\":[25,32,31,50,33,34,10,21,28,29,8,7,3],\"current\":3,\"playerPoint\":912,\"outCardTimeout\":30}","from":""}
2026-05-13T23:52:41.483+08:00 [INFO] 牌型：1,具体的牌：[[{5 0 ♦5 9 5 ♦}] [{7 0 ♦7 17 7 ♦}] [{Q 0 ♦Q 37 12 ♦}] [{A 0 ♦A 45 14 ♦}] [{10 1 ♣10 30 10 ♣}] [{K 1 ♣K 42 13 ♣}]] 
2026-05-13T23:52:41.486+08:00 [INFO] 牌型：4,具体的牌：[[{K 3 ♠K 44 13 ♠} {Q 3 ♠Q 40 12 ♠} {J 3 ♠J 36 11 ♠} {8 3 ♠8 24 8 ♠} {3 3 ♠3 4 3 ♠}]] 
2026-05-13T23:52:41.487+08:00 [INFO] 翁星爵的牌: 
2026-05-13T23:52:41.496+08:00 [INFO] 牌型：5,具体的牌：[[{7 1 ♣7 18 7 ♣} {7 2 ♥7 19 7 ♥} {7 3 ♠7 20 7 ♠} {5 2 ♥5 11 5 ♥} {5 3 ♠5 12 5 ♠}] [{A 1 ♣A 46 14 ♣} {A 2 ♥A 47 14 ♥} {A 3 ♠A 48 14 ♠} {6 0 ♦6 13 6 ♦} {6 2 ♥6 15 6 ♥}]] 
2026-05-13T23:52:41.500+08:00 [INFO] 牌型：1,具体的牌：[[{J 2 ♥J 35 11 ♥}] [{Q 2 ♥Q 39 12 ♥}] [{2 3 ♠2 52 15 ♠}]] 
2026-05-13T23:52:41.502+08:00 [INFO] 卢涵易的牌: 
2026-05-13T23:52:41.502+08:00 [INFO] 牌型：4,具体的牌：[[{Q 1 ♣Q 38 12 ♣} {8 1 ♣8 22 8 ♣} {6 1 ♣6 14 6 ♣} {4 1 ♣4 6 4 ♣} {3 1 ♣3 2 3 ♣}]] 
2026-05-13T23:52:41.507+08:00 [INFO] 牌型：2,具体的牌：[[{2 0 ♦2 49 15 ♦} {2 2 ♥2 51 15 ♥}] [{K 0 ♦K 41 13 ♦} {K 2 ♥K 43 13 ♥}]] 
2026-05-13T23:52:41.512+08:00 [INFO] 牌型：1,具体的牌：[[{3 0 ♦3 1 3 ♦}] [{4 0 ♦4 5 4 ♦}] [{8 2 ♥8 23 8 ♥}] [{6 3 ♠6 16 6 ♠}]] 
2026-05-13T23:52:41.513+08:00 [INFO] 用户 1 接收消息: {"type":"getInfo","data":"","name":""}（类型: 1）
2026-05-13T23:52:41.523+08:00 [INFO] 用户 1 发送消息: {"type":"getInfo","data":"{\"roomId\":\"UF0R91\",\"players\":[{\"ID\":0,\"Name\":\"1\",\"RoomID\":\"UF0R91\",\"Type\":0,\"CardNum\":13,\"Point\":912,\"UserId\":\"1\",\"RoomType\":1},{\"ID\":1,\"Name\":\"连辰阳\",\"RoomID\":\"UF0R91\",\"Type\":1,\"CardNum\":13,\"Point\":0,\"UserId\":\"\",\"RoomType\":1},{\"ID\":2,\"Name\":\"翁星爵\",\"RoomID\":\"UF0R91\",\"Type\":1,\"CardNum\":13,\"Point\":0,\"UserId\":\"\",\"RoomType\":1},{\"ID\":3,\"Name\":\"卢涵易\",\"RoomID\":\"UF0R91\",\"Type\":1,\"CardNum\":13,\"Point\":0,\"UserId\":\"\",\"RoomType\":1}],\"cards\":[],\"current\":0,\"playerPoint\":912,\"outCardTimeout\":30,\"remainOutCardTimeout\":30,\"cardsNum\":[{\"id\":1,\"cardNum\":13},{\"id\":2,\"cardNum\":13},{\"id\":3,\"cardNum\":13}],\"isPlaying\":false,\"outCards\":[],\"mustPid\":0,\"lastPid\":3,\"status\":0,\"type\":1}","from":"1"}
2026-05-13T23:52:44.844+08:00 [INFO] heartbeatCheck: 3.3313291s
2026-05-13T23:52:49.844+08:00 [INFO] heartbeatCheck: 8.3308914s
2026-05-13T23:52:51.550+08:00 [INFO] 用户 1 接收消息: {"type":"heartbeat","data":"ping"}（类型: 1）
2026-05-13T23:52:51.552+08:00 [INFO] 用户 1 发送消息: {"type":"heartbeat","data":"pong","from":"1"}
2026-05-13T23:52:54.844+08:00 [INFO] heartbeatCheck: 3.2947731s
2026-05-13T23:52:59.845+08:00 [INFO] heartbeatCheck: 8.295052s
2026-05-13T23:53:01.554+08:00 [INFO] 用户 1 接收消息: {"type":"heartbeat","data":"ping"}（类型: 1）
2026-05-13T23:53:01.556+08:00 [INFO] 用户 1 发送消息: {"type":"heartbeat","data":"pong","from":"1"}
2026-05-13T23:53:04.844+08:00 [INFO] heartbeatCheck: 3.2904976s
2026-05-13T23:53:09.844+08:00 [INFO] heartbeatCheck: 8.2899988s
2026-05-13T23:53:11.567+08:00 [INFO] 用户 1 接收消息: {"type":"heartbeat","data":"ping"}（类型: 1）
2026-05-13T23:53:11.571+08:00 [INFO] 用户 1 发送消息: {"type":"heartbeat","data":"pong","from":"1"}
2026-05-13T23:53:14.844+08:00 [INFO] heartbeatCheck: 3.277861s
2026-05-13T23:53:19.168+08:00 [INFO] 用户 1 连接已关闭，读循环退出
2026-05-13T23:53:19.170+08:00 [INFO] 用户 1 关闭连接，原因: 读循环退出
2026-05-13T23:53:19.171+08:00 [INFO] 用户 1 心跳检测被取消: context canceled
2026-05-13T23:53:19.172+08:00 [INFO] 用户 1 心跳检测退出
2026-05-13T23:53:32.306+08:00 [DEBU] etcd put success with key "/service/default/default/game_user/latest/172.20.10.3:9010", value "{"protocol":"grpc"}", lease "7587894816030803766"
2026-05-13T23:53:32.333+08:00 [DEBU] etcd put success with key "/service/default/default/game_user.svc/latest/172.20.10.3:8010", value "{"insecure":true,"protocol":"http"}", lease "7587894816030803769"
2026-05-13T23:53:57.772+08:00 [INFO] {a092b88ffb2aaf183dda5a30c976dcf9} 用户 1 连接成功
2026-05-13T23:53:57.773+08:00 [INFO] heartbeatCheck: 2562047h47m16.854775807s
2026-05-13T23:53:57.795+08:00 [INFO] 用户 1 接收消息: {"type":"getInfo","data":"","name":""}（类型: 1）
2026-05-13T23:53:57.820+08:00 [INFO] 用户 1 发送消息: {"type":"getInfo","data":"{\"roomId\":\"UF0R91\",\"players\":[{\"ID\":0,\"Name\":\"1\",\"RoomID\":\"UF0R91\",\"Type\":0,\"CardNum\":13,\"Point\":912,\"UserId\":\"1\",\"RoomType\":1},{\"ID\":1,\"Name\":\"连辰阳\",\"RoomID\":\"UF0R91\",\"Type\":1,\"CardNum\":13,\"Point\":0,\"UserId\":\"\",\"RoomType\":1},{\"ID\":2,\"Name\":\"翁星爵\",\"RoomID\":\"UF0R91\",\"Type\":1,\"CardNum\":13,\"Point\":0,\"UserId\":\"\",\"RoomType\":1},{\"ID\":3,\"Name\":\"卢涵易\",\"RoomID\":\"UF0R91\",\"Type\":1,\"CardNum\":13,\"Point\":0,\"UserId\":\"\",\"RoomType\":1}],\"cards\":[],\"current\":0,\"playerPoint\":912,\"outCardTimeout\":30,\"remainOutCardTimeout\":30,\"cardsNum\":[{\"id\":1,\"cardNum\":13},{\"id\":2,\"cardNum\":13},{\"id\":3,\"cardNum\":13}],\"isPlaying\":false,\"outCards\":[],\"mustPid\":0,\"lastPid\":3,\"status\":0,\"type\":1}","from":"1"}
2026-05-13T23:53:59.119+08:00 [INFO] 用户 1 接收消息: {"type":"initRoom","data":"","name":""}（类型: 1）
2026-05-13T23:53:59.179+08:00 [INFO] 执行日志异步任务: RoomID:"8H137B" Type:1 UserID:"1" Point:912 Action:"initRoom"
2026-05-13T23:53:59.184+08:00 [DEBU] Watch key "/service/default/default/log-service/latest/"
2026-05-13T23:53:59.187+08:00 [INFO] 用户 1 发送消息: {"type":"initRoom","data":"[{\"ID\":0,\"Name\":\"1\",\"RoomID\":\"8H137B\",\"Type\":0,\"CardNum\":13,\"Point\":912,\"UserId\":\"1\",\"RoomType\":1}]","from":"1"}
2026-05-13T23:53:59.190+08:00 [INFO] 用户 1 开始延迟添加AI到房间 8H137B
2026-05-13T23:54:01.196+08:00 [INFO] 用户 1 发送消息: {"type":"initRoom","data":"[{\"ID\":0,\"Name\":\"1\",\"RoomID\":\"8H137B\",\"Type\":0,\"CardNum\":13,\"Point\":912,\"UserId\":\"1\",\"RoomType\":1},{\"ID\":1,\"Name\":\"连黎昕\",\"RoomID\":\"8H137B\",\"Type\":1,\"CardNum\":13,\"Point\":0,\"UserId\":\"\",\"RoomType\":1},{\"ID\":2,\"Name\":\"乜笑柳\",\"RoomID\":\"8H137B\",\"Type\":1,\"CardNum\":13,\"Point\":0,\"UserId\":\"\",\"RoomType\":1},{\"ID\":3,\"Name\":\"敖语梦\",\"RoomID\":\"8H137B\",\"Type\":1,\"CardNum\":13,\"Point\":0,\"UserId\":\"\",\"RoomType\":1}]","from":"1"}
2026-05-13T23:54:02.105+08:00 [INFO] 用户 1 接收消息: {"type":"play","data":"","name":""}（类型: 1）
2026-05-13T23:54:02.110+08:00 [INFO] 
===== 房间 8H137B 游戏开始 =====
2026-05-13T23:54:02.113+08:00 [INFO] 
确定谁先出牌...
2026-05-13T23:54:02.118+08:00 [INFO] 房间 8H137B 启动消息接收 goroutine
2026-05-13T23:54:02.119+08:00 [INFO] 1的牌: 
2026-05-13T23:54:02.124+08:00 [INFO] ♣K,♥7,♥6,♦8,♣4,♥2,♣6,♠7,♠9,♠2,♦Q,♠K,♣J
2026-05-13T23:54:02.126+08:00 [INFO] 连黎昕的牌: 
2026-05-13T23:54:02.129+08:00 [INFO] 用户 1 发送消息: {"type":"showCard","data":"{\"cards\":[42,19,15,21,6,51,14,20,28,52,37,44,34],\"current\":3,\"playerPoint\":912,\"outCardTimeout\":30}","from":""}
2026-05-13T23:54:02.134+08:00 [INFO] 牌型：4,具体的牌：[[{2 0 ♦2 49 15 ♦} {A 0 ♦A 45 14 ♦} {K 0 ♦K 41 13 ♦} {J 0 ♦J 33 11 ♦} {7 0 ♦7 17 7 ♦}]] 
2026-05-13T23:54:02.143+08:00 [INFO] 牌型：2,具体的牌：[[{Q 1 ♣Q 38 12 ♣} {Q 2 ♥Q 39 12 ♥}] [{10 2 ♥10 31 10 ♥} {10 3 ♠10 32 10 ♠}]] 
2026-05-13T23:54:02.147+08:00 [INFO] 牌型：1,具体的牌：[[{7 1 ♣7 18 7 ♣}] [{2 1 ♣2 50 15 ♣}] [{5 2 ♥5 11 5 ♥}] [{8 2 ♥8 23 8 ♥}]] 
2026-05-13T23:54:02.150+08:00 [INFO] 乜笑柳的牌: 
2026-05-13T23:54:02.152+08:00 [INFO] 牌型：4,具体的牌：[[{A 3 ♠A 48 14 ♠} {Q 3 ♠Q 40 12 ♠} {J 3 ♠J 36 11 ♠} {8 3 ♠8 24 8 ♠} {6 3 ♠6 16 6 ♠}]] 
2026-05-13T23:54:02.156+08:00 [INFO] 牌型：2,具体的牌：[[{9 0 ♦9 25 9 ♦} {9 2 ♥9 27 9 ♥}] [{4 2 ♥4 7 4 ♥} {4 3 ♠4 8 4 ♠}]] 
2026-05-13T23:54:02.159+08:00 [INFO] 牌型：1,具体的牌：[[{5 0 ♦5 9 5 ♦}] [{6 0 ♦6 13 6 ♦}] [{8 1 ♣8 22 8 ♣}] [{A 2 ♥A 47 14 ♥}]] 
2026-05-13T23:54:02.160+08:00 [INFO] 敖语梦的牌: 
2026-05-13T23:54:02.162+08:00 [INFO] 牌型：6,具体的牌：[[{3 0 ♦3 1 3 ♦} {3 1 ♣3 2 3 ♣} {3 2 ♥3 3 3 ♥} {3 3 ♠3 4 3 ♠} {4 0 ♦4 5 4 ♦}]] 
2026-05-13T23:54:02.164+08:00 [INFO] 牌型：2,具体的牌：[[{10 0 ♦10 29 10 ♦} {10 1 ♣10 30 10 ♣}] [{5 1 ♣5 10 5 ♣} {5 3 ♠5 12 5 ♠}]] 
2026-05-13T23:54:02.187+08:00 [INFO] 牌型：1,具体的牌：[[{9 1 ♣9 26 9 ♣}] [{A 1 ♣A 46 14 ♣}] [{J 2 ♥J 35 11 ♥}] [{K 2 ♥K 43 13 ♥}]] 
2026-05-13T23:54:02.207+08:00 [INFO] 用户 1 接收消息: {"type":"getInfo","data":"","name":""}（类型: 1）
2026-05-13T23:54:02.236+08:00 [INFO] 用户 1 发送消息: {"type":"getInfo","data":"{\"roomId\":\"8H137B\",\"players\":[{\"ID\":0,\"Name\":\"1\",\"RoomID\":\"8H137B\",\"Type\":0,\"CardNum\":13,\"Point\":912,\"UserId\":\"1\",\"RoomType\":1},{\"ID\":1,\"Name\":\"连黎昕\",\"RoomID\":\"8H137B\",\"Type\":1,\"CardNum\":13,\"Point\":0,\"UserId\":\"\",\"RoomType\":1},{\"ID\":2,\"Name\":\"乜笑柳\",\"RoomID\":\"8H137B\",\"Type\":1,\"CardNum\":13,\"Point\":0,\"UserId\":\"\",\"RoomType\":1},{\"ID\":3,\"Name\":\"敖语梦\",\"RoomID\":\"8H137B\",\"Type\":1,\"CardNum\":13,\"Point\":0,\"UserId\":\"\",\"RoomType\":1}],\"cards\":[],\"current\":0,\"playerPoint\":912,\"outCardTimeout\":30,\"remainOutCardTimeout\":30,\"cardsNum\":[{\"id\":1,\"cardNum\":13},{\"id\":2,\"cardNum\":13},{\"id\":3,\"cardNum\":13}],\"isPlaying\":false,\"outCards\":[],\"mustPid\":0,\"lastPid\":3,\"status\":0,\"type\":1}","from":"1"}
2026-05-13T23:54:02.774+08:00 [INFO] heartbeatCheck: 567.3409ms
2026-05-13T23:54:07.774+08:00 [INFO] heartbeatCheck: 5.5670713s
2026-05-13T23:54:12.245+08:00 [INFO] 用户 1 接收消息: {"type":"heartbeat","data":"ping"}（类型: 1）
2026-05-13T23:54:12.247+08:00 [INFO] 用户 1 发送消息: {"type":"heartbeat","data":"pong","from":"1"}
2026-05-13T23:54:12.774+08:00 [INFO] heartbeatCheck: 529.4208ms
2026-05-13T23:54:17.774+08:00 [INFO] heartbeatCheck: 5.5290919s
2026-05-13T23:54:22.253+08:00 [INFO] 用户 1 接收消息: {"type":"heartbeat","data":"ping"}（类型: 1）
2026-05-13T23:54:22.256+08:00 [INFO] 用户 1 发送消息: {"type":"heartbeat","data":"pong","from":"1"}
2026-05-13T23:54:22.774+08:00 [INFO] heartbeatCheck: 521.3162ms
2026-05-13T23:54:27.774+08:00 [INFO] heartbeatCheck: 5.5219089s
2026-05-13T23:54:32.264+08:00 [INFO] 用户 1 接收消息: {"type":"heartbeat","data":"ping"}（类型: 1）
2026-05-13T23:54:32.267+08:00 [INFO] 用户 1 发送消息: {"type":"heartbeat","data":"pong","from":"1"}
2026-05-13T23:54:32.774+08:00 [INFO] heartbeatCheck: 510.0879ms
2026-05-13T23:54:37.774+08:00 [INFO] heartbeatCheck: 5.5098337s
2026-05-13T23:54:42.276+08:00 [INFO] 用户 1 接收消息: {"type":"heartbeat","data":"ping"}（类型: 1）
2026-05-13T23:54:42.278+08:00 [INFO] 用户 1 发送消息: {"type":"heartbeat","data":"pong","from":"1"}
2026-05-13T23:54:42.784+08:00 [INFO] heartbeatCheck: 507.4664ms
2026-05-13T23:54:47.774+08:00 [INFO] heartbeatCheck: 5.49825s
2026-05-13T23:54:52.288+08:00 [INFO] 用户 1 接收消息: {"type":"heartbeat","data":"ping"}（类型: 1）
2026-05-13T23:54:52.291+08:00 [INFO] 用户 1 发送消息: {"type":"heartbeat","data":"pong","from":"1"}
2026-05-13T23:54:52.774+08:00 [INFO] heartbeatCheck: 486.9152ms
2026-05-13T23:54:57.774+08:00 [INFO] heartbeatCheck: 5.486914s
2026-05-13T23:55:02.308+08:00 [INFO] 用户 1 接收消息: {"type":"heartbeat","data":"ping"}（类型: 1）
2026-05-13T23:55:02.311+08:00 [INFO] 用户 1 发送消息: {"type":"heartbeat","data":"pong","from":"1"}
2026-05-13T23:55:02.774+08:00 [INFO] heartbeatCheck: 466.8023ms
2026-05-13T23:55:07.774+08:00 [INFO] heartbeatCheck: 5.4675032s
2026-05-13T23:55:12.316+08:00 [INFO] 用户 1 接收消息: {"type":"heartbeat","data":"ping"}（类型: 1）
2026-05-13T23:55:12.325+08:00 [INFO] 用户 1 发送消息: {"type":"heartbeat","data":"pong","from":"1"}
2026-05-13T23:55:12.775+08:00 [INFO] heartbeatCheck: 458.3913ms
2026-05-13T23:55:17.774+08:00 [INFO] heartbeatCheck: 5.4573969s
2026-05-13T23:55:22.338+08:00 [INFO] 用户 1 接收消息: {"type":"heartbeat","data":"ping"}（类型: 1）
2026-05-13T23:55:22.340+08:00 [INFO] 用户 1 发送消息: {"type":"heartbeat","data":"pong","from":"1"}
2026-05-13T23:55:22.774+08:00 [INFO] heartbeatCheck: 435.9331ms
2026-05-13T23:55:27.777+08:00 [INFO] heartbeatCheck: 5.4392717s
2026-05-13T23:55:32.359+08:00 [INFO] 用户 1 接收消息: {"type":"heartbeat","data":"ping"}（类型: 1）
2026-05-13T23:55:32.362+08:00 [INFO] 用户 1 发送消息: {"type":"heartbeat","data":"pong","from":"1"}
2026-05-13T23:55:32.775+08:00 [INFO] heartbeatCheck: 415.6531ms
2026-05-13T23:55:37.774+08:00 [INFO] heartbeatCheck: 5.4155082s
2026-05-13T23:55:42.375+08:00 [INFO] 用户 1 接收消息: {"type":"heartbeat","data":"ping"}（类型: 1）
2026-05-13T23:55:42.380+08:00 [INFO] 用户 1 发送消息: {"type":"heartbeat","data":"pong","from":"1"}
2026-05-13T23:55:42.781+08:00 [INFO] heartbeatCheck: 405.8223ms
2026-05-13T23:55:47.774+08:00 [INFO] heartbeatCheck: 5.3988181s
2026-05-13T23:55:52.391+08:00 [INFO] 用户 1 接收消息: {"type":"heartbeat","data":"ping"}（类型: 1）
2026-05-13T23:55:52.393+08:00 [INFO] 用户 1 发送消息: {"type":"heartbeat","data":"pong","from":"1"}
2026-05-13T23:55:52.775+08:00 [INFO] heartbeatCheck: 384.4939ms
2026-05-13T23:55:57.775+08:00 [INFO] heartbeatCheck: 5.3846207s
2026-05-13T23:56:02.406+08:00 [INFO] 用户 1 接收消息: {"type":"heartbeat","data":"ping"}（类型: 1）
2026-05-13T23:56:02.410+08:00 [INFO] 用户 1 发送消息: {"type":"heartbeat","data":"pong","from":"1"}
2026-05-13T23:56:02.774+08:00 [INFO] heartbeatCheck: 367.7954ms
2026-05-13T23:56:07.775+08:00 [INFO] heartbeatCheck: 5.3687737s
2026-05-13T23:56:12.425+08:00 [INFO] 用户 1 接收消息: {"type":"heartbeat","data":"ping"}（类型: 1）
2026-05-13T23:56:12.429+08:00 [INFO] 用户 1 发送消息: {"type":"heartbeat","data":"pong","from":"1"}
2026-05-13T23:56:12.775+08:00 [INFO] heartbeatCheck: 350.2659ms
2026-05-13T23:56:17.774+08:00 [INFO] heartbeatCheck: 5.349676s
2026-05-13T23:56:22.434+08:00 [INFO] 用户 1 接收消息: {"type":"heartbeat","data":"ping"}（类型: 1）
2026-05-13T23:56:22.436+08:00 [INFO] 用户 1 发送消息: {"type":"heartbeat","data":"pong","from":"1"}
2026-05-13T23:56:22.774+08:00 [INFO] heartbeatCheck: 339.9106ms
2026-05-13T23:56:27.782+08:00 [INFO] heartbeatCheck: 5.3479316s
2026-05-13T23:56:30.124+08:00 [INFO] 用户 1 连接已关闭，读循环退出
2026-05-13T23:56:30.127+08:00 [INFO] 用户 1 关闭连接，原因: 读循环退出
2026-05-13T23:56:30.129+08:00 [INFO] 用户 1 心跳检测被取消: context canceled
2026-05-13T23:56:30.136+08:00 [INFO] 用户 1 心跳检测退出
2026-05-13T23:56:46.755+08:00 [DEBU] etcd put success with key "/service/default/default/game_user/latest/172.20.10.3:9010", value "{"protocol":"grpc"}", lease "7587894816030803779"
2026-05-13T23:56:46.781+08:00 [DEBU] etcd put success with key "/service/default/default/game_user.svc/latest/172.20.10.3:8010", value "{"insecure":true,"protocol":"http"}", lease "7587894816030803782"
2026-05-13T23:57:11.312+08:00 [INFO] {643f929f282baf184ab08142e67100aa} 用户 1 连接成功
2026-05-13T23:57:11.314+08:00 [INFO] heartbeatCheck: 2562047h47m16.854775807s
2026-05-13T23:57:11.340+08:00 [INFO] 用户 1 接收消息: {"type":"getInfo","data":"","name":""}（类型: 1）
2026-05-13T23:57:11.370+08:00 [INFO] 用户 1 发送消息: {"type":"getInfo","data":"{\"roomId\":\"8H137B\",\"players\":[{\"ID\":0,\"Name\":\"1\",\"RoomID\":\"8H137B\",\"Type\":0,\"CardNum\":13,\"Point\":912,\"UserId\":\"1\",\"RoomType\":1},{\"ID\":1,\"Name\":\"连黎昕\",\"RoomID\":\"8H137B\",\"Type\":1,\"CardNum\":13,\"Point\":0,\"UserId\":\"\",\"RoomType\":1},{\"ID\":2,\"Name\":\"乜笑柳\",\"RoomID\":\"8H137B\",\"Type\":1,\"CardNum\":13,\"Point\":0,\"UserId\":\"\",\"RoomType\":1},{\"ID\":3,\"Name\":\"敖语梦\",\"RoomID\":\"8H137B\",\"Type\":1,\"CardNum\":13,\"Point\":0,\"UserId\":\"\",\"RoomType\":1}],\"cards\":[],\"current\":0,\"playerPoint\":912,\"outCardTimeout\":30,\"remainOutCardTimeout\":30,\"cardsNum\":[{\"id\":1,\"cardNum\":13},{\"id\":2,\"cardNum\":13},{\"id\":3,\"cardNum\":13}],\"isPlaying\":false,\"outCards\":[],\"mustPid\":0,\"lastPid\":3,\"status\":0,\"type\":1}","from":"1"}
2026-05-13T23:57:12.921+08:00 [INFO] 用户 1 接收消息: {"type":"initRoom","data":"","name":""}（类型: 1）
2026-05-13T23:57:12.933+08:00 [INFO] 用户 1 开始延迟添加AI到房间 0MS711
2026-05-13T23:57:12.938+08:00 [INFO] 执行日志异步任务: RoomID:"0MS711" Type:1 UserID:"1" Point:912 Action:"initRoom"
2026-05-13T23:57:12.940+08:00 [DEBU] Watch key "/service/default/default/log-service/latest/"
2026-05-13T23:57:12.944+08:00 [INFO] 用户 1 发送消息: {"type":"initRoom","data":"[{\"ID\":0,\"Name\":\"1\",\"RoomID\":\"0MS711\",\"Type\":0,\"CardNum\":13,\"Point\":912,\"UserId\":\"1\",\"RoomType\":1},{\"ID\":1,\"Name\":\"胡梦秋\",\"RoomID\":\"0MS711\",\"Type\":1,\"CardNum\":13,\"Point\":0,\"UserId\":\"\",\"RoomType\":1},{\"ID\":2,\"Name\":\"蔡佳音\",\"RoomID\":\"0MS711\",\"Type\":1,\"CardNum\":13,\"Point\":0,\"UserId\":\"\",\"RoomType\":1}]","from":"1"}
2026-05-13T23:57:14.940+08:00 [INFO] 用户 1 发送消息: {"type":"initRoom","data":"[{\"ID\":0,\"Name\":\"1\",\"RoomID\":\"0MS711\",\"Type\":0,\"CardNum\":13,\"Point\":912,\"UserId\":\"1\",\"RoomType\":1},{\"ID\":1,\"Name\":\"胡梦秋\",\"RoomID\":\"0MS711\",\"Type\":1,\"CardNum\":13,\"Point\":0,\"UserId\":\"\",\"RoomType\":1},{\"ID\":2,\"Name\":\"蔡佳音\",\"RoomID\":\"0MS711\",\"Type\":1,\"CardNum\":13,\"Point\":0,\"UserId\":\"\",\"RoomType\":1},{\"ID\":3,\"Name\":\"容鸿祯\",\"RoomID\":\"0MS711\",\"Type\":1,\"CardNum\":13,\"Point\":0,\"UserId\":\"\",\"RoomType\":1}]","from":"1"}
2026-05-13T23:57:15.745+08:00 [INFO] 用户 1 接收消息: {"type":"play","data":"","name":""}（类型: 1）
2026-05-13T23:57:15.749+08:00 [INFO] 
===== 房间 0MS711 游戏开始 =====
2026-05-13T23:57:15.751+08:00 [INFO] 
确定谁先出牌...
2026-05-13T23:57:15.758+08:00 [INFO] 房间 0MS711 启动消息接收 goroutine
2026-05-13T23:57:15.761+08:00 [INFO] 1的牌: 
2026-05-13T23:57:15.761+08:00 [INFO] ♦8,♥9,♠10,♣K,♣A,♦7,♥6,♠2,♥10,♦4,♠3,♠4,♣8
2026-05-13T23:57:15.763+08:00 [INFO] 胡梦秋的牌: 
2026-05-13T23:57:15.764+08:00 [INFO] 牌型：4,具体的牌：[[{2 1 ♣2 50 15 ♣} {10 1 ♣10 30 10 ♣} {7 1 ♣7 18 7 ♣} {6 1 ♣6 14 6 ♣} {5 1 ♣5 10 5 ♣}] [{2 2 ♥2 51 15 ♥} {8 2 ♥8 23 8 ♥} {7 2 ♥7 19 7 ♥} {5 2 ♥5 11 5 ♥} {3 2 ♥3 3 3 ♥}]] 
2026-05-13T23:57:15.777+08:00 [INFO] 牌型：1,具体的牌：[[{3 0 ♦3 1 3 ♦}] [{A 0 ♦A 45 14 ♦}] [{8 3 ♠8 24 8 ♠}]] 
2026-05-13T23:57:15.780+08:00 [INFO] 蔡佳音的牌: 
2026-05-13T23:57:15.783+08:00 [INFO] 牌型：4,具体的牌：[[{A 3 ♠A 48 14 ♠} {Q 3 ♠Q 40 12 ♠} {J 3 ♠J 36 11 ♠} {6 3 ♠6 16 6 ♠} {5 3 ♠5 12 5 ♠}]] 
2026-05-13T23:57:15.790+08:00 [INFO] 牌型：1,具体的牌：[[{5 0 ♦5 9 5 ♦}] [{9 0 ♦9 25 9 ♦}] [{10 0 ♦10 29 10 ♦}] [{2 0 ♦2 49 15 ♦}] [{J 1 ♣J 34 11 ♣}] [{Q 1 ♣Q 38 12 ♣}] [{4 2 ♥4 7 4 ♥}] [{A 2 ♥A 47 14 ♥}]] 
2026-05-13T23:57:15.795+08:00 [INFO] 容鸿祯的牌: 
2026-05-13T23:57:15.796+08:00 [INFO] 牌型：5,具体的牌：[[{K 0 ♦K 41 13 ♦} {K 2 ♥K 43 13 ♥} {K 3 ♠K 44 13 ♠} {Q 0 ♦Q 37 12 ♦} {Q 2 ♥Q 39 12 ♥}]] 
2026-05-13T23:57:15.797+08:00 [INFO] 用户 1 发送消息: {"type":"showCard","data":"{\"cards\":[21,27,32,42,46,17,15,52,31,5,4,8,22],\"current\":1,\"playerPoint\":912,\"outCardTimeout\":30}","from":""}
2026-05-13T23:57:15.797+08:00 [INFO] 牌型：2,具体的牌：[[{J 0 ♦J 33 11 ♦} {J 2 ♥J 35 11 ♥}] [{9 1 ♣9 26 9 ♣} {9 3 ♠9 28 9 ♠}]] 
2026-05-13T23:57:15.833+08:00 [INFO] 牌型：1,具体的牌：[[{6 0 ♦6 13 6 ♦}] [{3 1 ♣3 2 3 ♣}] [{4 1 ♣4 6 4 ♣}] [{7 3 ♠7 20 7 ♠}]] 
2026-05-13T23:57:15.876+08:00 [INFO] 用户 1 接收消息: {"type":"getInfo","data":"","name":""}（类型: 1）
2026-05-13T23:57:15.911+08:00 [INFO] 用户 1 发送消息: {"type":"getInfo","data":"{\"roomId\":\"0MS711\",\"players\":[{\"ID\":0,\"Name\":\"1\",\"RoomID\":\"0MS711\",\"Type\":0,\"CardNum\":13,\"Point\":912,\"UserId\":\"1\",\"RoomType\":1},{\"ID\":1,\"Name\":\"胡梦秋\",\"RoomID\":\"0MS711\",\"Type\":1,\"CardNum\":13,\"Point\":0,\"UserId\":\"\",\"RoomType\":1},{\"ID\":2,\"Name\":\"蔡佳音\",\"RoomID\":\"0MS711\",\"Type\":1,\"CardNum\":13,\"Point\":0,\"UserId\":\"\",\"RoomType\":1},{\"ID\":3,\"Name\":\"容鸿祯\",\"RoomID\":\"0MS711\",\"Type\":1,\"CardNum\":13,\"Point\":0,\"UserId\":\"\",\"RoomType\":1}],\"cards\":[],\"current\":0,\"playerPoint\":912,\"outCardTimeout\":30,\"remainOutCardTimeout\":30,\"cardsNum\":[{\"id\":1,\"cardNum\":13},{\"id\":2,\"cardNum\":13},{\"id\":3,\"cardNum\":13}],\"isPlaying\":false,\"outCards\":[],\"mustPid\":0,\"lastPid\":3,\"status\":0,\"type\":1}","from":"1"}
2026-05-13T23:57:16.315+08:00 [INFO] heartbeatCheck: 439.8027ms
2026-05-13T23:57:16.761+08:00 [INFO] 
胡梦秋的回合 (当前手牌数: 13)

2026-05-13T23:57:16.762+08:00 [INFO] 上一手牌，牌型: 0, 牌是：不出

2026-05-13T23:57:16.763+08:00 [INFO] 请选择要出的牌 (输入牌的序号，用逗号分隔，0表示不出): 
2026-05-13T23:57:17.766+08:00 [INFO] 
胡梦秋的回合 (当前手牌数: 13)

2026-05-13T23:57:17.768+08:00 [INFO] 上一手牌，牌型: 0, 牌是：不出

2026-05-13T23:57:17.768+08:00 [INFO] 请选择要出的牌 (输入牌的序号，用逗号分隔，0表示不出): 
2026-05-13T23:57:17.770+08:00 [INFO] 胡梦秋出了: ♦3 (1)

2026-05-13T23:57:17.774+08:00 [INFO] 用户 1 发送消息: {"type":"outCard","data":"{\"pid\":1,\"cardIds\":[1],\"card_type\":1,\"cards_num\":12,\"code\":0,\"current\":2,\"mustPid\":1,\"outCardTimeout\":30}","from":""}
2026-05-13T23:57:18.761+08:00 [INFO] 
蔡佳音的回合 (当前手牌数: 13)

2026-05-13T23:57:18.761+08:00 [INFO] 上一手牌，牌型: 1, 牌是：♦3

2026-05-13T23:57:18.761+08:00 [INFO] 请选择要出的牌 (输入牌的序号，用逗号分隔，0表示不出): 
2026-05-13T23:57:19.761+08:00 [INFO] 
蔡佳音的回合 (当前手牌数: 13)

2026-05-13T23:57:19.761+08:00 [INFO] 上一手牌，牌型: 1, 牌是：♦3

2026-05-13T23:57:19.763+08:00 [INFO] 请选择要出的牌 (输入牌的序号，用逗号分隔，0表示不出): 
2026-05-13T23:57:19.763+08:00 [INFO] 蔡佳音出了: ♥4 (1)

2026-05-13T23:57:19.766+08:00 [INFO] 用户 1 发送消息: {"type":"outCard","data":"{\"pid\":2,\"cardIds\":[7],\"card_type\":1,\"cards_num\":12,\"code\":0,\"current\":3,\"mustPid\":2,\"outCardTimeout\":30}","from":""}
2026-05-13T23:57:20.761+08:00 [INFO] 
容鸿祯的回合 (当前手牌数: 13)

2026-05-13T23:57:20.761+08:00 [INFO] 上一手牌，牌型: 1, 牌是：♥4

2026-05-13T23:57:20.762+08:00 [INFO] 请选择要出的牌 (输入牌的序号，用逗号分隔，0表示不出): 
2026-05-13T23:57:21.314+08:00 [INFO] heartbeatCheck: 5.438499s
2026-05-13T23:57:21.764+08:00 [INFO] 
容鸿祯的回合 (当前手牌数: 13)

2026-05-13T23:57:21.767+08:00 [INFO] 上一手牌，牌型: 1, 牌是：♥4

2026-05-13T23:57:21.771+08:00 [INFO] 请选择要出的牌 (输入牌的序号，用逗号分隔，0表示不出): 
2026-05-13T23:57:21.772+08:00 [INFO] 容鸿祯出了: ♦6 (1)

2026-05-13T23:57:21.784+08:00 [INFO] 正在订阅 Channel: player:play:card:1，当前玩家: 1
2026-05-13T23:57:21.790+08:00 [INFO] 成功订阅 Channel: player:play:card:1
2026-05-13T23:57:21.805+08:00 [INFO] 用户 1 发送消息: {"type":"outCard","data":"{\"pid\":3,\"cardIds\":[13],\"card_type\":1,\"cards_num\":12,\"code\":0,\"current\":0,\"mustPid\":3,\"outCardTimeout\":30}","from":""}
2026-05-13T23:57:22.761+08:00 [INFO] 
1的回合 (当前手牌数: 13)

2026-05-13T23:57:22.766+08:00 [INFO] 上一手牌，牌型: 1, 牌是：♦6

2026-05-13T23:57:22.767+08:00 [INFO] 请选择要出的牌 (输入牌的序号，用逗号分隔，0表示不出): 
2026-05-13T23:57:22.768+08:00 [INFO] 用户 1 接收出牌消息1: <nil>
2026-05-13T23:57:22.768+08:00 [INFO] 用户 1 接收出牌消息2: {0 [] 0}
2026-05-13T23:57:23.761+08:00 [INFO] 
1的回合 (当前手牌数: 13)

2026-05-13T23:57:23.761+08:00 [INFO] 上一手牌，牌型: 1, 牌是：♦6

2026-05-13T23:57:23.762+08:00 [INFO] 请选择要出的牌 (输入牌的序号，用逗号分隔，0表示不出): 
2026-05-13T23:57:23.762+08:00 [INFO] 用户 1 接收出牌消息1: <nil>
2026-05-13T23:57:23.763+08:00 [INFO] 用户 1 接收出牌消息2: {0 [] 0}
2026-05-13T23:57:24.760+08:00 [INFO] 
1的回合 (当前手牌数: 13)

2026-05-13T23:57:24.761+08:00 [INFO] 上一手牌，牌型: 1, 牌是：♦6

2026-05-13T23:57:24.761+08:00 [INFO] 请选择要出的牌 (输入牌的序号，用逗号分隔，0表示不出): 
2026-05-13T23:57:24.762+08:00 [INFO] 用户 1 接收出牌消息1: <nil>
2026-05-13T23:57:24.763+08:00 [INFO] 用户 1 接收出牌消息2: {0 [] 0}
2026-05-13T23:57:25.761+08:00 [INFO] 
1的回合 (当前手牌数: 13)

2026-05-13T23:57:25.761+08:00 [INFO] 上一手牌，牌型: 1, 牌是：♦6

2026-05-13T23:57:25.761+08:00 [INFO] 请选择要出的牌 (输入牌的序号，用逗号分隔，0表示不出): 
2026-05-13T23:57:25.762+08:00 [INFO] 用户 1 接收出牌消息1: <nil>
2026-05-13T23:57:25.763+08:00 [INFO] 用户 1 接收出牌消息2: {0 [] 0}
2026-05-13T23:57:26.314+08:00 [INFO] heartbeatCheck: 10.4381895s
2026-05-13T23:57:26.761+08:00 [INFO] 
1的回合 (当前手牌数: 13)

2026-05-13T23:57:26.763+08:00 [INFO] 上一手牌，牌型: 1, 牌是：♦6

2026-05-13T23:57:26.763+08:00 [INFO] 请选择要出的牌 (输入牌的序号，用逗号分隔，0表示不出): 
2026-05-13T23:57:26.764+08:00 [INFO] 用户 1 接收出牌消息1: <nil>
2026-05-13T23:57:26.764+08:00 [INFO] 用户 1 接收出牌消息2: {0 [] 0}
2026-05-13T23:57:27.761+08:00 [INFO] 
1的回合 (当前手牌数: 13)

2026-05-13T23:57:27.761+08:00 [INFO] 上一手牌，牌型: 1, 牌是：♦6

2026-05-13T23:57:27.762+08:00 [INFO] 请选择要出的牌 (输入牌的序号，用逗号分隔，0表示不出): 
2026-05-13T23:57:27.767+08:00 [INFO] 用户 1 接收出牌消息1: <nil>
2026-05-13T23:57:27.769+08:00 [INFO] 用户 1 接收出牌消息2: {0 [] 0}
2026-05-13T23:57:28.761+08:00 [INFO] 
1的回合 (当前手牌数: 13)

2026-05-13T23:57:28.761+08:00 [INFO] 上一手牌，牌型: 1, 牌是：♦6

2026-05-13T23:57:28.762+08:00 [INFO] 请选择要出的牌 (输入牌的序号，用逗号分隔，0表示不出): 
2026-05-13T23:57:28.762+08:00 [INFO] 用户 1 接收出牌消息1: <nil>
2026-05-13T23:57:28.763+08:00 [INFO] 用户 1 接收出牌消息2: {0 [] 0}
2026-05-13T23:57:29.597+08:00 [INFO] 用户 1 接收消息: {"type":"playCard","data":"{\"pid\":0,\"cardIds\":[15]}"}（类型: 1）
2026-05-13T23:57:29.606+08:00 [INFO] 用户 1 发送出牌消息: {"pid":0,"cardIds":[15],"pass":0}
2026-05-13T23:57:29.761+08:00 [INFO] 
1的回合 (当前手牌数: 13)

2026-05-13T23:57:29.762+08:00 [INFO] 上一手牌，牌型: 1, 牌是：♦6

2026-05-13T23:57:29.763+08:00 [INFO] 请选择要出的牌 (输入牌的序号，用逗号分隔，0表示不出): 
2026-05-13T23:57:29.763+08:00 [INFO] 从队列收到消息: playCard
2026-05-13T23:57:29.764+08:00 [INFO] 用户 1 接收出牌消息1: &{playCard {"pid":0,"cardIds":[15],"pass":0} 1}
2026-05-13T23:57:29.765+08:00 [INFO] 用户 1 接收出牌消息2: {0 [15] 0}
2026-05-13T23:57:29.766+08:00 [DEBU] [15]
2026-05-13T23:57:29.767+08:00 [INFO] 1出了: ♥6 (1)

2026-05-13T23:57:29.768+08:00 [INFO] ♦8,♥9,♠10,♣K,♣A,♦7,♠2,♥10,♦4,♠3,♠4,♣8
2026-05-13T23:57:29.776+08:00 [INFO] 用户 1 发送消息: {"type":"outCard","data":"{\"pid\":0,\"cardIds\":[15],\"card_type\":1,\"cards_num\":12,\"code\":0,\"current\":1,\"mustPid\":0,\"outCardTimeout\":30}","from":""}
2026-05-13T23:57:30.760+08:00 [INFO] 
胡梦秋的回合 (当前手牌数: 12)

2026-05-13T23:57:30.761+08:00 [INFO] 上一手牌，牌型: 1, 牌是：♥6

2026-05-13T23:57:30.761+08:00 [INFO] 请选择要出的牌 (输入牌的序号，用逗号分隔，0表示不出): 
2026-05-13T23:57:31.316+08:00 [INFO] heartbeatCheck: 1.7192528s
2026-05-13T23:57:31.763+08:00 [INFO] 
胡梦秋的回合 (当前手牌数: 12)

2026-05-13T23:57:31.764+08:00 [INFO] 上一手牌，牌型: 1, 牌是：♥6

2026-05-13T23:57:31.765+08:00 [INFO] 请选择要出的牌 (输入牌的序号，用逗号分隔，0表示不出): 
2026-05-13T23:57:31.766+08:00 [INFO] 胡梦秋出了: ♠8 (1)

2026-05-13T23:57:31.768+08:00 [INFO] 用户 1 发送消息: {"type":"outCard","data":"{\"pid\":1,\"cardIds\":[24],\"card_type\":1,\"cards_num\":11,\"code\":0,\"current\":2,\"mustPid\":1,\"outCardTimeout\":30}","from":""}
2026-05-13T23:57:32.761+08:00 [INFO] 
蔡佳音的回合 (当前手牌数: 12)

2026-05-13T23:57:32.761+08:00 [INFO] 上一手牌，牌型: 1, 牌是：♠8

2026-05-13T23:57:32.761+08:00 [INFO] 请选择要出的牌 (输入牌的序号，用逗号分隔，0表示不出): 
2026-05-13T23:57:33.761+08:00 [INFO] 
蔡佳音的回合 (当前手牌数: 12)

2026-05-13T23:57:33.762+08:00 [INFO] 上一手牌，牌型: 1, 牌是：♠8

2026-05-13T23:57:33.764+08:00 [INFO] 请选择要出的牌 (输入牌的序号，用逗号分隔，0表示不出): 
2026-05-13T23:57:33.766+08:00 [INFO] 蔡佳音出了: ♦9 (1)

2026-05-13T23:57:33.774+08:00 [INFO] 用户 1 发送消息: {"type":"outCard","data":"{\"pid\":2,\"cardIds\":[25],\"card_type\":1,\"cards_num\":11,\"code\":0,\"current\":3,\"mustPid\":2,\"outCardTimeout\":30}","from":""}
2026-05-13T23:57:34.761+08:00 [INFO] 
容鸿祯的回合 (当前手牌数: 12)

2026-05-13T23:57:34.761+08:00 [INFO] 上一手牌，牌型: 1, 牌是：♦9

2026-05-13T23:57:34.762+08:00 [INFO] 请选择要出的牌 (输入牌的序号，用逗号分隔，0表示不出): 
2026-05-13T23:57:35.761+08:00 [INFO] 
容鸿祯的回合 (当前手牌数: 12)

2026-05-13T23:57:35.761+08:00 [INFO] 上一手牌，牌型: 1, 牌是：♦9

2026-05-13T23:57:35.762+08:00 [INFO] 请选择要出的牌 (输入牌的序号，用逗号分隔，0表示不出): 
2026-05-13T23:57:36.314+08:00 [INFO] heartbeatCheck: 6.7176355s
2026-05-13T23:57:36.761+08:00 [INFO] 
容鸿祯的回合 (当前手牌数: 12)

2026-05-13T23:57:36.768+08:00 [INFO] 上一手牌，牌型: 1, 牌是：♦9

2026-05-13T23:57:36.769+08:00 [INFO] 请选择要出的牌 (输入牌的序号，用逗号分隔，0表示不出): 
2026-05-13T23:57:36.771+08:00 [INFO] 容鸿祯不出

2026-05-13T23:57:36.772+08:00 [INFO] 正在订阅 Channel: player:play:card:1，当前玩家: 1
2026-05-13T23:57:36.792+08:00 [INFO] 成功订阅 Channel: player:play:card:1
2026-05-13T23:57:36.798+08:00 [INFO] 用户 1 发送消息: {"type":"pass","data":"{\"pid\":3,\"cardIds\":null,\"card_type\":0,\"cards_num\":12,\"code\":0,\"current\":0,\"mustPid\":2,\"outCardTimeout\":30}","from":""}
2026-05-13T23:57:37.762+08:00 [INFO] 
1的回合 (当前手牌数: 12)

2026-05-13T23:57:37.762+08:00 [INFO] 上一手牌，牌型: 1, 牌是：♦9

2026-05-13T23:57:37.763+08:00 [INFO] 请选择要出的牌 (输入牌的序号，用逗号分隔，0表示不出): 
2026-05-13T23:57:37.763+08:00 [INFO] 用户 1 接收出牌消息1: <nil>
2026-05-13T23:57:37.767+08:00 [INFO] 用户 1 接收出牌消息2: {0 [] 0}
2026-05-13T23:57:38.761+08:00 [INFO] 
1的回合 (当前手牌数: 12)

2026-05-13T23:57:38.762+08:00 [INFO] 上一手牌，牌型: 1, 牌是：♦9

2026-05-13T23:57:38.763+08:00 [INFO] 请选择要出的牌 (输入牌的序号，用逗号分隔，0表示不出): 
2026-05-13T23:57:38.763+08:00 [INFO] 用户 1 接收出牌消息1: <nil>
2026-05-13T23:57:38.764+08:00 [INFO] 用户 1 接收出牌消息2: {0 [] 0}
2026-05-13T23:57:39.761+08:00 [INFO] 
1的回合 (当前手牌数: 12)

2026-05-13T23:57:39.762+08:00 [INFO] 上一手牌，牌型: 1, 牌是：♦9

2026-05-13T23:57:39.763+08:00 [INFO] 请选择要出的牌 (输入牌的序号，用逗号分隔，0表示不出): 
2026-05-13T23:57:39.764+08:00 [INFO] 用户 1 接收出牌消息1: <nil>
2026-05-13T23:57:39.764+08:00 [INFO] 用户 1 接收出牌消息2: {0 [] 0}
2026-05-13T23:57:40.762+08:00 [INFO] 
1的回合 (当前手牌数: 12)

2026-05-13T23:57:40.763+08:00 [INFO] 上一手牌，牌型: 1, 牌是：♦9

2026-05-13T23:57:40.764+08:00 [INFO] 请选择要出的牌 (输入牌的序号，用逗号分隔，0表示不出): 
2026-05-13T23:57:40.765+08:00 [INFO] 用户 1 接收出牌消息1: <nil>
2026-05-13T23:57:40.766+08:00 [INFO] 用户 1 接收出牌消息2: {0 [] 0}
2026-05-13T23:57:40.981+08:00 [INFO] 用户 1 接收消息: {"type":"playCard","data":"{\"pid\":0,\"pass\":1}"}（类型: 1）
2026-05-13T23:57:40.984+08:00 [INFO] 用户 1 发送出牌消息: {"pid":0,"cardIds":null,"pass":1}
2026-05-13T23:57:41.315+08:00 [INFO] heartbeatCheck: 334.471ms
2026-05-13T23:57:41.761+08:00 [INFO] 
1的回合 (当前手牌数: 12)

2026-05-13T23:57:41.764+08:00 [INFO] 上一手牌，牌型: 1, 牌是：♦9

2026-05-13T23:57:41.765+08:00 [INFO] 请选择要出的牌 (输入牌的序号，用逗号分隔，0表示不出): 
2026-05-13T23:57:41.765+08:00 [INFO] 从队列收到消息: playCard
2026-05-13T23:57:41.766+08:00 [INFO] 用户 1 接收出牌消息1: &{playCard {"pid":0,"cardIds":null,"pass":1} 1}
2026-05-13T23:57:41.767+08:00 [INFO] 用户 1 接收出牌消息2: {0 [] 1}
2026-05-13T23:57:41.768+08:00 [INFO] 1不出

2026-05-13T23:57:41.768+08:00 [INFO] ♦8,♥9,♠10,♣K,♣A,♦7,♠2,♥10,♦4,♠3,♠4,♣8
2026-05-13T23:57:41.769+08:00 [INFO] 用户 1 发送消息: {"type":"pass","data":"{\"pid\":0,\"cardIds\":[],\"card_type\":0,\"cards_num\":12,\"code\":0,\"current\":1,\"mustPid\":2,\"outCardTimeout\":30}","from":""}
2026-05-13T23:57:42.761+08:00 [INFO] 
胡梦秋的回合 (当前手牌数: 11)

2026-05-13T23:57:42.762+08:00 [INFO] 上一手牌，牌型: 1, 牌是：♦9

2026-05-13T23:57:42.762+08:00 [INFO] 请选择要出的牌 (输入牌的序号，用逗号分隔，0表示不出): 
2026-05-13T23:57:43.761+08:00 [INFO] 
胡梦秋的回合 (当前手牌数: 11)

2026-05-13T23:57:43.761+08:00 [INFO] 上一手牌，牌型: 1, 牌是：♦9

2026-05-13T23:57:43.762+08:00 [INFO] 请选择要出的牌 (输入牌的序号，用逗号分隔，0表示不出): 
2026-05-13T23:57:43.762+08:00 [INFO] 胡梦秋出了: ♦A (1)

2026-05-13T23:57:43.763+08:00 [INFO] 用户 1 发送消息: {"type":"outCard","data":"{\"pid\":1,\"cardIds\":[45],\"card_type\":1,\"cards_num\":10,\"code\":0,\"current\":2,\"mustPid\":1,\"outCardTimeout\":30}","from":""}
2026-05-13T23:57:44.761+08:00 [INFO] 
蔡佳音的回合 (当前手牌数: 11)

2026-05-13T23:57:44.761+08:00 [INFO] 上一手牌，牌型: 1, 牌是：♦A

2026-05-13T23:57:44.762+08:00 [INFO] 请选择要出的牌 (输入牌的序号，用逗号分隔，0表示不出): 
2026-05-13T23:57:45.763+08:00 [INFO] 
蔡佳音的回合 (当前手牌数: 11)

2026-05-13T23:57:45.763+08:00 [INFO] 上一手牌，牌型: 1, 牌是：♦A

2026-05-13T23:57:45.764+08:00 [INFO] 请选择要出的牌 (输入牌的序号，用逗号分隔，0表示不出): 
2026-05-13T23:57:45.765+08:00 [INFO] 蔡佳音出了: ♥A (1)

2026-05-13T23:57:45.766+08:00 [INFO] 用户 1 发送消息: {"type":"outCard","data":"{\"pid\":2,\"cardIds\":[47],\"card_type\":1,\"cards_num\":10,\"code\":0,\"current\":3,\"mustPid\":2,\"outCardTimeout\":30}","from":""}
2026-05-13T23:57:46.315+08:00 [INFO] heartbeatCheck: 5.3338386s
2026-05-13T23:57:46.761+08:00 [INFO] 
容鸿祯的回合 (当前手牌数: 12)

2026-05-13T23:57:46.761+08:00 [INFO] 上一手牌，牌型: 1, 牌是：♥A

2026-05-13T23:57:46.762+08:00 [INFO] 请选择要出的牌 (输入牌的序号，用逗号分隔，0表示不出): 
2026-05-13T23:57:47.761+08:00 [INFO] 
容鸿祯的回合 (当前手牌数: 12)

2026-05-13T23:57:47.762+08:00 [INFO] 上一手牌，牌型: 1, 牌是：♥A

2026-05-13T23:57:47.763+08:00 [INFO] 请选择要出的牌 (输入牌的序号，用逗号分隔，0表示不出): 
2026-05-13T23:57:47.763+08:00 [INFO] 容鸿祯不出

2026-05-13T23:57:47.764+08:00 [INFO] 正在订阅 Channel: player:play:card:1，当前玩家: 1
2026-05-13T23:57:47.772+08:00 [INFO] 成功订阅 Channel: player:play:card:1
2026-05-13T23:57:47.774+08:00 [INFO] 用户 1 发送消息: {"type":"pass","data":"{\"pid\":3,\"cardIds\":null,\"card_type\":0,\"cards_num\":12,\"code\":0,\"current\":0,\"mustPid\":2,\"outCardTimeout\":30}","from":""}
2026-05-13T23:57:48.761+08:00 [INFO] 
1的回合 (当前手牌数: 12)

2026-05-13T23:57:48.761+08:00 [INFO] 上一手牌，牌型: 1, 牌是：♥A

2026-05-13T23:57:48.761+08:00 [INFO] 请选择要出的牌 (输入牌的序号，用逗号分隔，0表示不出): 
2026-05-13T23:57:48.762+08:00 [INFO] 用户 1 接收出牌消息1: <nil>
2026-05-13T23:57:48.762+08:00 [INFO] 用户 1 接收出牌消息2: {0 [] 0}
2026-05-13T23:57:49.761+08:00 [INFO] 
1的回合 (当前手牌数: 12)

2026-05-13T23:57:49.761+08:00 [INFO] 上一手牌，牌型: 1, 牌是：♥A

2026-05-13T23:57:49.762+08:00 [INFO] 请选择要出的牌 (输入牌的序号，用逗号分隔，0表示不出): 
2026-05-13T23:57:49.763+08:00 [INFO] 用户 1 接收出牌消息1: <nil>
2026-05-13T23:57:49.763+08:00 [INFO] 用户 1 接收出牌消息2: {0 [] 0}
2026-05-13T23:57:50.765+08:00 [INFO] 
1的回合 (当前手牌数: 12)

2026-05-13T23:57:50.766+08:00 [INFO] 上一手牌，牌型: 1, 牌是：♥A

2026-05-13T23:57:50.766+08:00 [INFO] 请选择要出的牌 (输入牌的序号，用逗号分隔，0表示不出): 
2026-05-13T23:57:50.767+08:00 [INFO] 用户 1 接收出牌消息1: <nil>
2026-05-13T23:57:50.768+08:00 [INFO] 用户 1 接收出牌消息2: {0 [] 0}
2026-05-13T23:57:51.314+08:00 [INFO] heartbeatCheck: 10.3331426s
2026-05-13T23:57:51.761+08:00 [INFO] 
1的回合 (当前手牌数: 12)

2026-05-13T23:57:51.761+08:00 [INFO] 上一手牌，牌型: 1, 牌是：♥A

2026-05-13T23:57:51.763+08:00 [INFO] 请选择要出的牌 (输入牌的序号，用逗号分隔，0表示不出): 
2026-05-13T23:57:51.769+08:00 [INFO] 用户 1 接收出牌消息1: <nil>
2026-05-13T23:57:51.769+08:00 [INFO] 用户 1 接收出牌消息2: {0 [] 0}
2026-05-13T23:57:52.254+08:00 [INFO] 用户 1 接收消息: {"type":"playCard","data":"{\"pid\":0,\"pass\":1}"}（类型: 1）
2026-05-13T23:57:52.259+08:00 [INFO] 用户 1 发送出牌消息: {"pid":0,"cardIds":null,"pass":1}
2026-05-13T23:57:52.762+08:00 [INFO] 
1的回合 (当前手牌数: 12)

2026-05-13T23:57:52.762+08:00 [INFO] 上一手牌，牌型: 1, 牌是：♥A

2026-05-13T23:57:52.762+08:00 [INFO] 请选择要出的牌 (输入牌的序号，用逗号分隔，0表示不出): 
2026-05-13T23:57:52.763+08:00 [INFO] 从队列收到消息: playCard
2026-05-13T23:57:52.764+08:00 [INFO] 用户 1 接收出牌消息1: &{playCard {"pid":0,"cardIds":null,"pass":1} 1}
2026-05-13T23:57:52.765+08:00 [INFO] 用户 1 接收出牌消息2: {0 [] 1}
2026-05-13T23:57:52.765+08:00 [INFO] 1不出

2026-05-13T23:57:52.765+08:00 [INFO] ♦8,♥9,♠10,♣K,♣A,♦7,♠2,♥10,♦4,♠3,♠4,♣8
2026-05-13T23:57:52.770+08:00 [INFO] 用户 1 发送消息: {"type":"pass","data":"{\"pid\":0,\"cardIds\":[],\"card_type\":0,\"cards_num\":12,\"code\":0,\"current\":1,\"mustPid\":2,\"outCardTimeout\":30}","from":""}
2026-05-13T23:57:53.761+08:00 [INFO] 
胡梦秋的回合 (当前手牌数: 10)

2026-05-13T23:57:53.761+08:00 [INFO] 上一手牌，牌型: 1, 牌是：♥A

2026-05-13T23:57:53.762+08:00 [INFO] 请选择要出的牌 (输入牌的序号，用逗号分隔，0表示不出): 
2026-05-13T23:57:54.761+08:00 [INFO] 
胡梦秋的回合 (当前手牌数: 10)

2026-05-13T23:57:54.761+08:00 [INFO] 上一手牌，牌型: 1, 牌是：♥A

2026-05-13T23:57:54.763+08:00 [INFO] 请选择要出的牌 (输入牌的序号，用逗号分隔，0表示不出): 
2026-05-13T23:57:55.762+08:00 [INFO] 
胡梦秋的回合 (当前手牌数: 10)

2026-05-13T23:57:55.766+08:00 [INFO] 上一手牌，牌型: 1, 牌是：♥A

2026-05-13T23:57:55.766+08:00 [INFO] 请选择要出的牌 (输入牌的序号，用逗号分隔，0表示不出): 
2026-05-13T23:57:55.766+08:00 [INFO] 胡梦秋不出

2026-05-13T23:57:55.767+08:00 [INFO] 用户 1 发送消息: {"type":"pass","data":"{\"pid\":1,\"cardIds\":null,\"card_type\":0,\"cards_num\":10,\"code\":0,\"current\":2,\"mustPid\":2,\"outCardTimeout\":30}","from":""}
2026-05-13T23:57:56.315+08:00 [INFO] heartbeatCheck: 4.0603075s
2026-05-13T23:57:56.761+08:00 [INFO] 
蔡佳音的回合 (当前手牌数: 10)

2026-05-13T23:57:56.762+08:00 [INFO] 上一手牌，牌型: 0, 牌是：不出

2026-05-13T23:57:56.763+08:00 [INFO] 请选择要出的牌 (输入牌的序号，用逗号分隔，0表示不出): 
2026-05-13T23:57:57.761+08:00 [INFO] 
蔡佳音的回合 (当前手牌数: 10)

2026-05-13T23:57:57.762+08:00 [INFO] 上一手牌，牌型: 0, 牌是：不出

2026-05-13T23:57:57.762+08:00 [INFO] 请选择要出的牌 (输入牌的序号，用逗号分隔，0表示不出): 
2026-05-13T23:57:58.761+08:00 [INFO] 
蔡佳音的回合 (当前手牌数: 10)

2026-05-13T23:57:58.761+08:00 [INFO] 上一手牌，牌型: 0, 牌是：不出

2026-05-13T23:57:58.762+08:00 [INFO] 请选择要出的牌 (输入牌的序号，用逗号分隔，0表示不出): 
2026-05-13T23:57:58.762+08:00 [INFO] 蔡佳音出了: ♦5 (1)

2026-05-13T23:57:58.763+08:00 [INFO] 用户 1 发送消息: {"type":"outCard","data":"{\"pid\":2,\"cardIds\":[9],\"card_type\":1,\"cards_num\":9,\"code\":0,\"current\":3,\"mustPid\":2,\"outCardTimeout\":30}","from":""}
2026-05-13T23:57:59.761+08:00 [INFO] 
容鸿祯的回合 (当前手牌数: 12)

2026-05-13T23:57:59.762+08:00 [INFO] 上一手牌，牌型: 1, 牌是：♦5

2026-05-13T23:57:59.762+08:00 [INFO] 请选择要出的牌 (输入牌的序号，用逗号分隔，0表示不出): 
2026-05-13T23:58:00.765+08:00 [INFO] 
容鸿祯的回合 (当前手牌数: 12)

2026-05-13T23:58:00.767+08:00 [INFO] 上一手牌，牌型: 1, 牌是：♦5

2026-05-13T23:58:00.767+08:00 [INFO] 请选择要出的牌 (输入牌的序号，用逗号分隔，0表示不出): 
2026-05-13T23:58:00.768+08:00 [INFO] 容鸿祯出了: ♠7 (1)

2026-05-13T23:58:00.770+08:00 [INFO] 正在订阅 Channel: player:play:card:1，当前玩家: 1
2026-05-13T23:58:00.775+08:00 [INFO] 成功订阅 Channel: player:play:card:1
2026-05-13T23:58:00.777+08:00 [INFO] 用户 1 发送消息: {"type":"outCard","data":"{\"pid\":3,\"cardIds\":[20],\"card_type\":1,\"cards_num\":11,\"code\":0,\"current\":0,\"mustPid\":3,\"outCardTimeout\":30}","from":""}
2026-05-13T23:58:01.314+08:00 [INFO] heartbeatCheck: 9.0593516s
2026-05-13T23:58:01.761+08:00 [INFO] 
1的回合 (当前手牌数: 12)

2026-05-13T23:58:01.761+08:00 [INFO] 上一手牌，牌型: 1, 牌是：♠7

2026-05-13T23:58:01.763+08:00 [INFO] 请选择要出的牌 (输入牌的序号，用逗号分隔，0表示不出): 
2026-05-13T23:58:01.763+08:00 [INFO] 用户 1 接收出牌消息1: <nil>
2026-05-13T23:58:01.764+08:00 [INFO] 用户 1 接收出牌消息2: {0 [] 0}
2026-05-13T23:58:02.761+08:00 [INFO] 
1的回合 (当前手牌数: 12)

2026-05-13T23:58:02.761+08:00 [INFO] 上一手牌，牌型: 1, 牌是：♠7

2026-05-13T23:58:02.763+08:00 [INFO] 请选择要出的牌 (输入牌的序号，用逗号分隔，0表示不出): 
2026-05-13T23:58:02.763+08:00 [INFO] 用户 1 接收出牌消息1: <nil>
2026-05-13T23:58:02.764+08:00 [INFO] 用户 1 接收出牌消息2: {0 [] 0}
2026-05-13T23:58:03.075+08:00 [INFO] 用户 1 接收消息: {"type":"playCard","data":"{\"pid\":0,\"pass\":1}"}（类型: 1）
2026-05-13T23:58:03.079+08:00 [INFO] 用户 1 发送出牌消息: {"pid":0,"cardIds":null,"pass":1}
2026-05-13T23:58:03.761+08:00 [INFO] 
1的回合 (当前手牌数: 12)

2026-05-13T23:58:03.761+08:00 [INFO] 上一手牌，牌型: 1, 牌是：♠7

2026-05-13T23:58:03.762+08:00 [INFO] 请选择要出的牌 (输入牌的序号，用逗号分隔，0表示不出): 
2026-05-13T23:58:03.763+08:00 [INFO] 从队列收到消息: playCard
2026-05-13T23:58:03.763+08:00 [INFO] 用户 1 接收出牌消息1: &{playCard {"pid":0,"cardIds":null,"pass":1} 1}
2026-05-13T23:58:03.764+08:00 [INFO] 用户 1 接收出牌消息2: {0 [] 1}
2026-05-13T23:58:03.764+08:00 [INFO] 1不出

2026-05-13T23:58:03.765+08:00 [INFO] ♦8,♥9,♠10,♣K,♣A,♦7,♠2,♥10,♦4,♠3,♠4,♣8
2026-05-13T23:58:03.766+08:00 [INFO] 用户 1 发送消息: {"type":"pass","data":"{\"pid\":0,\"cardIds\":[],\"card_type\":0,\"cards_num\":12,\"code\":0,\"current\":1,\"mustPid\":3,\"outCardTimeout\":30}","from":""}
2026-05-13T23:58:04.762+08:00 [INFO] 
胡梦秋的回合 (当前手牌数: 10)

2026-05-13T23:58:04.764+08:00 [INFO] 上一手牌，牌型: 1, 牌是：♠7

2026-05-13T23:58:04.765+08:00 [INFO] 请选择要出的牌 (输入牌的序号，用逗号分隔，0表示不出): 
2026-05-13T23:58:05.761+08:00 [INFO] 
胡梦秋的回合 (当前手牌数: 10)

2026-05-13T23:58:05.761+08:00 [INFO] 上一手牌，牌型: 1, 牌是：♠7

2026-05-13T23:58:05.764+08:00 [INFO] 请选择要出的牌 (输入牌的序号，用逗号分隔，0表示不出): 
2026-05-13T23:58:06.314+08:00 [INFO] heartbeatCheck: 3.2386065s
2026-05-13T23:58:06.761+08:00 [INFO] 
胡梦秋的回合 (当前手牌数: 10)

2026-05-13T23:58:06.761+08:00 [INFO] 上一手牌，牌型: 1, 牌是：♠7

2026-05-13T23:58:06.762+08:00 [INFO] 请选择要出的牌 (输入牌的序号，用逗号分隔，0表示不出): 
2026-05-13T23:58:06.763+08:00 [INFO] 胡梦秋不出

2026-05-13T23:58:06.764+08:00 [INFO] 用户 1 发送消息: {"type":"pass","data":"{\"pid\":1,\"cardIds\":null,\"card_type\":0,\"cards_num\":10,\"code\":0,\"current\":2,\"mustPid\":3,\"outCardTimeout\":30}","from":""}
2026-05-13T23:58:07.761+08:00 [INFO] 
蔡佳音的回合 (当前手牌数: 9)

2026-05-13T23:58:07.762+08:00 [INFO] 上一手牌，牌型: 1, 牌是：♠7

2026-05-13T23:58:07.763+08:00 [INFO] 请选择要出的牌 (输入牌的序号，用逗号分隔，0表示不出): 
2026-05-13T23:58:08.761+08:00 [INFO] 
蔡佳音的回合 (当前手牌数: 9)

2026-05-13T23:58:08.761+08:00 [INFO] 上一手牌，牌型: 1, 牌是：♠7

2026-05-13T23:58:08.761+08:00 [INFO] 请选择要出的牌 (输入牌的序号，用逗号分隔，0表示不出): 
2026-05-13T23:58:08.762+08:00 [INFO] 蔡佳音出了: ♦10 (1)

2026-05-13T23:58:08.763+08:00 [INFO] 用户 1 发送消息: {"type":"outCard","data":"{\"pid\":2,\"cardIds\":[29],\"card_type\":1,\"cards_num\":8,\"code\":0,\"current\":3,\"mustPid\":2,\"outCardTimeout\":30}","from":""}
2026-05-13T23:58:09.763+08:00 [INFO] 
容鸿祯的回合 (当前手牌数: 11)

2026-05-13T23:58:09.764+08:00 [INFO] 上一手牌，牌型: 1, 牌是：♦10

2026-05-13T23:58:09.764+08:00 [INFO] 请选择要出的牌 (输入牌的序号，用逗号分隔，0表示不出): 
2026-05-13T23:58:10.761+08:00 [INFO] 
容鸿祯的回合 (当前手牌数: 11)

2026-05-13T23:58:10.761+08:00 [INFO] 上一手牌，牌型: 1, 牌是：♦10

2026-05-13T23:58:10.762+08:00 [INFO] 请选择要出的牌 (输入牌的序号，用逗号分隔，0表示不出): 
2026-05-13T23:58:10.763+08:00 [INFO] 容鸿祯不出

2026-05-13T23:58:10.769+08:00 [INFO] 正在订阅 Channel: player:play:card:1，当前玩家: 1
2026-05-13T23:58:10.772+08:00 [INFO] 成功订阅 Channel: player:play:card:1
2026-05-13T23:58:10.774+08:00 [INFO] 用户 1 发送消息: {"type":"pass","data":"{\"pid\":3,\"cardIds\":null,\"card_type\":0,\"cards_num\":11,\"code\":0,\"current\":0,\"mustPid\":2,\"outCardTimeout\":30}","from":""}
2026-05-13T23:58:11.314+08:00 [INFO] heartbeatCheck: 8.2386243s
2026-05-13T23:58:11.761+08:00 [INFO] 
1的回合 (当前手牌数: 12)

2026-05-13T23:58:11.763+08:00 [INFO] 上一手牌，牌型: 1, 牌是：♦10

2026-05-13T23:58:11.764+08:00 [INFO] 请选择要出的牌 (输入牌的序号，用逗号分隔，0表示不出): 
2026-05-13T23:58:11.765+08:00 [INFO] 用户 1 接收出牌消息1: <nil>
2026-05-13T23:58:11.766+08:00 [INFO] 用户 1 接收出牌消息2: {0 [] 0}
2026-05-13T23:58:12.507+08:00 [INFO] 用户 1 接收消息: {"type":"playCard","data":"{\"pid\":0,\"pass\":1}"}（类型: 1）
2026-05-13T23:58:12.510+08:00 [INFO] 用户 1 发送出牌消息: {"pid":0,"cardIds":null,"pass":1}
2026-05-13T23:58:12.761+08:00 [INFO] 
1的回合 (当前手牌数: 12)

2026-05-13T23:58:12.763+08:00 [INFO] 上一手牌，牌型: 1, 牌是：♦10

2026-05-13T23:58:12.763+08:00 [INFO] 请选择要出的牌 (输入牌的序号，用逗号分隔，0表示不出): 
2026-05-13T23:58:12.764+08:00 [INFO] 从队列收到消息: playCard
2026-05-13T23:58:12.764+08:00 [INFO] 用户 1 接收出牌消息1: &{playCard {"pid":0,"cardIds":null,"pass":1} 1}
2026-05-13T23:58:12.765+08:00 [INFO] 用户 1 接收出牌消息2: {0 [] 1}
2026-05-13T23:58:12.766+08:00 [INFO] 1不出

2026-05-13T23:58:12.767+08:00 [INFO] ♦8,♥9,♠10,♣K,♣A,♦7,♠2,♥10,♦4,♠3,♠4,♣8
2026-05-13T23:58:12.767+08:00 [INFO] 用户 1 发送消息: {"type":"pass","data":"{\"pid\":0,\"cardIds\":[],\"card_type\":0,\"cards_num\":12,\"code\":0,\"current\":1,\"mustPid\":2,\"outCardTimeout\":30}","from":""}
2026-05-13T23:58:13.761+08:00 [INFO] 
胡梦秋的回合 (当前手牌数: 10)

2026-05-13T23:58:13.761+08:00 [INFO] 上一手牌，牌型: 1, 牌是：♦10

2026-05-13T23:58:13.761+08:00 [INFO] 请选择要出的牌 (输入牌的序号，用逗号分隔，0表示不出): 
2026-05-13T23:58:14.763+08:00 [INFO] 
胡梦秋的回合 (当前手牌数: 10)

2026-05-13T23:58:14.765+08:00 [INFO] 上一手牌，牌型: 1, 牌是：♦10

2026-05-13T23:58:14.766+08:00 [INFO] 请选择要出的牌 (输入牌的序号，用逗号分隔，0表示不出): 
2026-05-13T23:58:14.767+08:00 [INFO] 胡梦秋不出

2026-05-13T23:58:14.769+08:00 [INFO] 用户 1 发送消息: {"type":"pass","data":"{\"pid\":1,\"cardIds\":null,\"card_type\":0,\"cards_num\":10,\"code\":0,\"current\":2,\"mustPid\":2,\"outCardTimeout\":30}","from":""}
2026-05-13T23:58:15.761+08:00 [INFO] 
蔡佳音的回合 (当前手牌数: 8)

2026-05-13T23:58:15.761+08:00 [INFO] 上一手牌，牌型: 0, 牌是：不出

2026-05-13T23:58:15.762+08:00 [INFO] 请选择要出的牌 (输入牌的序号，用逗号分隔，0表示不出): 
2026-05-13T23:58:16.314+08:00 [INFO] heartbeatCheck: 3.8075788s
2026-05-13T23:58:16.761+08:00 [INFO] 
蔡佳音的回合 (当前手牌数: 8)

2026-05-13T23:58:16.762+08:00 [INFO] 上一手牌，牌型: 0, 牌是：不出

2026-05-13T23:58:16.763+08:00 [INFO] 请选择要出的牌 (输入牌的序号，用逗号分隔，0表示不出): 
2026-05-13T23:58:16.763+08:00 [INFO] 蔡佳音出了: ♠A,♠Q,♠J,♠6,♠5 (4)

2026-05-13T23:58:16.767+08:00 [INFO] 用户 1 发送消息: {"type":"outCard","data":"{\"pid\":2,\"cardIds\":[48,40,36,16,12],\"card_type\":4,\"cards_num\":3,\"code\":0,\"current\":3,\"mustPid\":2,\"outCardTimeout\":30}","from":""}
2026-05-13T23:58:17.761+08:00 [INFO] 
容鸿祯的回合 (当前手牌数: 11)

2026-05-13T23:58:17.762+08:00 [INFO] 上一手牌，牌型: 4, 牌是：♠A,♠Q,♠J,♠6,♠5

2026-05-13T23:58:17.762+08:00 [INFO] 请选择要出的牌 (输入牌的序号，用逗号分隔，0表示不出): 
2026-05-13T23:58:18.762+08:00 [INFO] 
容鸿祯的回合 (当前手牌数: 11)

2026-05-13T23:58:18.763+08:00 [INFO] 上一手牌，牌型: 4, 牌是：♠A,♠Q,♠J,♠6,♠5

2026-05-13T23:58:18.764+08:00 [INFO] 请选择要出的牌 (输入牌的序号，用逗号分隔，0表示不出): 
2026-05-13T23:58:19.763+08:00 [INFO] 
容鸿祯的回合 (当前手牌数: 11)

2026-05-13T23:58:19.765+08:00 [INFO] 上一手牌，牌型: 4, 牌是：♠A,♠Q,♠J,♠6,♠5

2026-05-13T23:58:19.766+08:00 [INFO] 请选择要出的牌 (输入牌的序号，用逗号分隔，0表示不出): 
2026-05-13T23:58:19.766+08:00 [INFO] 容鸿祯出了: ♦K,♥K,♠K,♦Q,♥Q (5)

2026-05-13T23:58:19.768+08:00 [INFO] 正在订阅 Channel: player:play:card:1，当前玩家: 1
2026-05-13T23:58:19.770+08:00 [INFO] 成功订阅 Channel: player:play:card:1
2026-05-13T23:58:19.772+08:00 [INFO] 用户 1 发送消息: {"type":"outCard","data":"{\"pid\":3,\"cardIds\":[41,43,44,37,39],\"card_type\":5,\"cards_num\":6,\"code\":0,\"current\":0,\"mustPid\":3,\"outCardTimeout\":30}","from":""}
2026-05-13T23:58:20.762+08:00 [INFO] 
1的回合 (当前手牌数: 12)

2026-05-13T23:58:20.762+08:00 [INFO] 上一手牌，牌型: 5, 牌是：♦K,♥K,♠K,♦Q,♥Q

2026-05-13T23:58:20.763+08:00 [INFO] 请选择要出的牌 (输入牌的序号，用逗号分隔，0表示不出): 
2026-05-13T23:58:20.764+08:00 [INFO] 用户 1 接收出牌消息1: <nil>
2026-05-13T23:58:20.770+08:00 [INFO] 用户 1 接收出牌消息2: {0 [] 0}
2026-05-13T23:58:21.247+08:00 [INFO] 用户 1 接收消息: {"type":"playCard","data":"{\"pid\":0,\"pass\":1}"}（类型: 1）
2026-05-13T23:58:21.259+08:00 [INFO] 用户 1 发送出牌消息: {"pid":0,"cardIds":null,"pass":1}
2026-05-13T23:58:21.315+08:00 [INFO] heartbeatCheck: 67.824ms
2026-05-13T23:58:21.761+08:00 [INFO] 
1的回合 (当前手牌数: 12)

2026-05-13T23:58:21.761+08:00 [INFO] 上一手牌，牌型: 5, 牌是：♦K,♥K,♠K,♦Q,♥Q

2026-05-13T23:58:21.762+08:00 [INFO] 请选择要出的牌 (输入牌的序号，用逗号分隔，0表示不出): 
2026-05-13T23:58:21.763+08:00 [INFO] 从队列收到消息: playCard
2026-05-13T23:58:21.763+08:00 [INFO] 用户 1 接收出牌消息1: &{playCard {"pid":0,"cardIds":null,"pass":1} 1}
2026-05-13T23:58:21.764+08:00 [INFO] 用户 1 接收出牌消息2: {0 [] 1}
2026-05-13T23:58:21.764+08:00 [INFO] 1不出

2026-05-13T23:58:21.765+08:00 [INFO] ♦8,♥9,♠10,♣K,♣A,♦7,♠2,♥10,♦4,♠3,♠4,♣8
2026-05-13T23:58:21.766+08:00 [INFO] 用户 1 发送消息: {"type":"pass","data":"{\"pid\":0,\"cardIds\":[],\"card_type\":0,\"cards_num\":12,\"code\":0,\"current\":1,\"mustPid\":3,\"outCardTimeout\":30}","from":""}
2026-05-13T23:58:22.761+08:00 [INFO] 
胡梦秋的回合 (当前手牌数: 10)

2026-05-13T23:58:22.761+08:00 [INFO] 上一手牌，牌型: 5, 牌是：♦K,♥K,♠K,♦Q,♥Q

2026-05-13T23:58:22.762+08:00 [INFO] 请选择要出的牌 (输入牌的序号，用逗号分隔，0表示不出): 
2026-05-13T23:58:23.762+08:00 [INFO] 
胡梦秋的回合 (当前手牌数: 10)

2026-05-13T23:58:23.763+08:00 [INFO] 上一手牌，牌型: 5, 牌是：♦K,♥K,♠K,♦Q,♥Q

2026-05-13T23:58:23.764+08:00 [INFO] 请选择要出的牌 (输入牌的序号，用逗号分隔，0表示不出): 
2026-05-13T23:58:24.761+08:00 [INFO] 
胡梦秋的回合 (当前手牌数: 10)

2026-05-13T23:58:24.762+08:00 [INFO] 上一手牌，牌型: 5, 牌是：♦K,♥K,♠K,♦Q,♥Q

2026-05-13T23:58:24.766+08:00 [INFO] 请选择要出的牌 (输入牌的序号，用逗号分隔，0表示不出): 
2026-05-13T23:58:24.767+08:00 [INFO] 胡梦秋不出

2026-05-13T23:58:24.768+08:00 [INFO] 用户 1 发送消息: {"type":"pass","data":"{\"pid\":1,\"cardIds\":null,\"card_type\":0,\"cards_num\":10,\"code\":0,\"current\":2,\"mustPid\":3,\"outCardTimeout\":30}","from":""}
2026-05-13T23:58:25.761+08:00 [INFO] 
蔡佳音的回合 (当前手牌数: 3)

2026-05-13T23:58:25.762+08:00 [INFO] 上一手牌，牌型: 5, 牌是：♦K,♥K,♠K,♦Q,♥Q

2026-05-13T23:58:25.763+08:00 [INFO] 请选择要出的牌 (输入牌的序号，用逗号分隔，0表示不出): 
2026-05-13T23:58:26.314+08:00 [INFO] heartbeatCheck: 5.0670776s
2026-05-13T23:58:26.761+08:00 [INFO] 
蔡佳音的回合 (当前手牌数: 3)

2026-05-13T23:58:26.761+08:00 [INFO] 上一手牌，牌型: 5, 牌是：♦K,♥K,♠K,♦Q,♥Q

2026-05-13T23:58:26.762+08:00 [INFO] 请选择要出的牌 (输入牌的序号，用逗号分隔，0表示不出): 
2026-05-13T23:58:26.763+08:00 [INFO] 蔡佳音不出

2026-05-13T23:58:26.764+08:00 [INFO] 用户 1 发送消息: {"type":"pass","data":"{\"pid\":2,\"cardIds\":null,\"card_type\":0,\"cards_num\":3,\"code\":0,\"current\":3,\"mustPid\":3,\"outCardTimeout\":30}","from":""}
2026-05-13T23:58:27.761+08:00 [INFO] 
容鸿祯的回合 (当前手牌数: 6)

2026-05-13T23:58:27.761+08:00 [INFO] 上一手牌，牌型: 0, 牌是：不出

2026-05-13T23:58:27.762+08:00 [INFO] 请选择要出的牌 (输入牌的序号，用逗号分隔，0表示不出): 
2026-05-13T23:58:28.762+08:00 [INFO] 
容鸿祯的回合 (当前手牌数: 6)

2026-05-13T23:58:28.764+08:00 [INFO] 上一手牌，牌型: 0, 牌是：不出

2026-05-13T23:58:28.764+08:00 [INFO] 请选择要出的牌 (输入牌的序号，用逗号分隔，0表示不出): 
2026-05-13T23:58:28.765+08:00 [INFO] 容鸿祯出了: ♣3 (1)

2026-05-13T23:58:28.766+08:00 [INFO] 正在订阅 Channel: player:play:card:1，当前玩家: 1
2026-05-13T23:58:28.769+08:00 [INFO] 成功订阅 Channel: player:play:card:1
2026-05-13T23:58:28.770+08:00 [INFO] 用户 1 发送消息: {"type":"outCard","data":"{\"pid\":3,\"cardIds\":[2],\"card_type\":1,\"cards_num\":5,\"code\":0,\"current\":0,\"mustPid\":3,\"outCardTimeout\":30}","from":""}
2026-05-13T23:58:29.761+08:00 [INFO] 
1的回合 (当前手牌数: 12)

2026-05-13T23:58:29.762+08:00 [INFO] 上一手牌，牌型: 1, 牌是：♣3

2026-05-13T23:58:29.763+08:00 [INFO] 请选择要出的牌 (输入牌的序号，用逗号分隔，0表示不出): 
2026-05-13T23:58:29.768+08:00 [INFO] 用户 1 接收出牌消息1: <nil>
2026-05-13T23:58:29.769+08:00 [INFO] 用户 1 接收出牌消息2: {0 [] 0}
2026-05-13T23:58:30.761+08:00 [INFO] 
1的回合 (当前手牌数: 12)

2026-05-13T23:58:30.761+08:00 [INFO] 上一手牌，牌型: 1, 牌是：♣3

2026-05-13T23:58:30.762+08:00 [INFO] 请选择要出的牌 (输入牌的序号，用逗号分隔，0表示不出): 
2026-05-13T23:58:30.763+08:00 [INFO] 用户 1 接收出牌消息1: <nil>
2026-05-13T23:58:30.763+08:00 [INFO] 用户 1 接收出牌消息2: {0 [] 0}
2026-05-13T23:58:31.314+08:00 [INFO] heartbeatCheck: 10.0670937s
2026-05-13T23:58:31.860+08:00 [INFO] 
1的回合 (当前手牌数: 12)

2026-05-13T23:58:31.860+08:00 [INFO] 上一手牌，牌型: 1, 牌是：♣3

2026-05-13T23:58:31.861+08:00 [INFO] 请选择要出的牌 (输入牌的序号，用逗号分隔，0表示不出): 
2026-05-13T23:58:31.862+08:00 [INFO] 用户 1 接收出牌消息1: <nil>
2026-05-13T23:58:31.862+08:00 [INFO] 用户 1 接收出牌消息2: {0 [] 0}
2026-05-13T23:58:32.861+08:00 [INFO] 
1的回合 (当前手牌数: 12)

2026-05-13T23:58:32.862+08:00 [INFO] 上一手牌，牌型: 1, 牌是：♣3

2026-05-13T23:58:32.862+08:00 [INFO] 请选择要出的牌 (输入牌的序号，用逗号分隔，0表示不出): 
2026-05-13T23:58:32.862+08:00 [INFO] 用户 1 接收出牌消息1: <nil>
2026-05-13T23:58:32.863+08:00 [INFO] 用户 1 接收出牌消息2: {0 [] 0}
2026-05-13T23:58:33.601+08:00 [INFO] 用户 1 接收消息: {"type":"playCard","data":"{\"pid\":0,\"pass\":1}"}（类型: 1）
2026-05-13T23:58:33.604+08:00 [INFO] 用户 1 发送出牌消息: {"pid":0,"cardIds":null,"pass":1}
2026-05-13T23:58:33.862+08:00 [INFO] 
1的回合 (当前手牌数: 12)

2026-05-13T23:58:33.865+08:00 [INFO] 上一手牌，牌型: 1, 牌是：♣3

2026-05-13T23:58:33.867+08:00 [INFO] 请选择要出的牌 (输入牌的序号，用逗号分隔，0表示不出): 
2026-05-13T23:58:33.867+08:00 [INFO] 从队列收到消息: playCard
2026-05-13T23:58:33.868+08:00 [INFO] 用户 1 接收出牌消息1: &{playCard {"pid":0,"cardIds":null,"pass":1} 1}
2026-05-13T23:58:33.868+08:00 [INFO] 用户 1 接收出牌消息2: {0 [] 1}
2026-05-13T23:58:33.870+08:00 [INFO] 1不出

2026-05-13T23:58:33.870+08:00 [INFO] ♦8,♥9,♠10,♣K,♣A,♦7,♠2,♥10,♦4,♠3,♠4,♣8
2026-05-13T23:58:33.871+08:00 [INFO] 用户 1 发送消息: {"type":"pass","data":"{\"pid\":0,\"cardIds\":[],\"card_type\":0,\"cards_num\":12,\"code\":0,\"current\":1,\"mustPid\":3,\"outCardTimeout\":30}","from":""}
2026-05-13T23:58:34.861+08:00 [INFO] 
胡梦秋的回合 (当前手牌数: 10)

2026-05-13T23:58:34.861+08:00 [INFO] 上一手牌，牌型: 1, 牌是：♣3

2026-05-13T23:58:34.862+08:00 [INFO] 请选择要出的牌 (输入牌的序号，用逗号分隔，0表示不出): 
2026-05-13T23:58:35.861+08:00 [INFO] 
胡梦秋的回合 (当前手牌数: 10)

2026-05-13T23:58:35.861+08:00 [INFO] 上一手牌，牌型: 1, 牌是：♣3

2026-05-13T23:58:35.863+08:00 [INFO] 请选择要出的牌 (输入牌的序号，用逗号分隔，0表示不出): 
2026-05-13T23:58:36.314+08:00 [INFO] heartbeatCheck: 2.7128245s
2026-05-13T23:58:36.861+08:00 [INFO] 
胡梦秋的回合 (当前手牌数: 10)

2026-05-13T23:58:36.861+08:00 [INFO] 上一手牌，牌型: 1, 牌是：♣3

2026-05-13T23:58:36.862+08:00 [INFO] 请选择要出的牌 (输入牌的序号，用逗号分隔，0表示不出): 
2026-05-13T23:58:36.862+08:00 [INFO] 胡梦秋不出

2026-05-13T23:58:36.864+08:00 [INFO] 用户 1 发送消息: {"type":"pass","data":"{\"pid\":1,\"cardIds\":null,\"card_type\":0,\"cards_num\":10,\"code\":0,\"current\":2,\"mustPid\":3,\"outCardTimeout\":30}","from":""}
2026-05-13T23:58:37.861+08:00 [INFO] 
蔡佳音的回合 (当前手牌数: 3)

2026-05-13T23:58:37.862+08:00 [INFO] 上一手牌，牌型: 1, 牌是：♣3

2026-05-13T23:58:37.862+08:00 [INFO] 请选择要出的牌 (输入牌的序号，用逗号分隔，0表示不出): 
2026-05-13T23:58:38.861+08:00 [INFO] 
蔡佳音的回合 (当前手牌数: 3)

2026-05-13T23:58:38.861+08:00 [INFO] 上一手牌，牌型: 1, 牌是：♣3

2026-05-13T23:58:38.866+08:00 [INFO] 请选择要出的牌 (输入牌的序号，用逗号分隔，0表示不出): 
2026-05-13T23:58:38.867+08:00 [INFO] 蔡佳音出了: ♣J (1)

2026-05-13T23:58:38.869+08:00 [INFO] 用户 1 发送消息: {"type":"outCard","data":"{\"pid\":2,\"cardIds\":[34],\"card_type\":1,\"cards_num\":2,\"code\":0,\"current\":3,\"mustPid\":2,\"outCardTimeout\":30}","from":""}
2026-05-13T23:58:39.861+08:00 [INFO] 
容鸿祯的回合 (当前手牌数: 5)

2026-05-13T23:58:39.861+08:00 [INFO] 上一手牌，牌型: 1, 牌是：♣J

2026-05-13T23:58:39.862+08:00 [INFO] 请选择要出的牌 (输入牌的序号，用逗号分隔，0表示不出): 
2026-05-13T23:58:40.861+08:00 [INFO] 
容鸿祯的回合 (当前手牌数: 5)

2026-05-13T23:58:40.861+08:00 [INFO] 上一手牌，牌型: 1, 牌是：♣J

2026-05-13T23:58:40.862+08:00 [INFO] 请选择要出的牌 (输入牌的序号，用逗号分隔，0表示不出): 
2026-05-13T23:58:40.863+08:00 [INFO] 容鸿祯不出

2026-05-13T23:58:40.864+08:00 [INFO] 正在订阅 Channel: player:play:card:1，当前玩家: 1
2026-05-13T23:58:40.867+08:00 [INFO] 成功订阅 Channel: player:play:card:1
2026-05-13T23:58:40.868+08:00 [INFO] 用户 1 发送消息: {"type":"pass","data":"{\"pid\":3,\"cardIds\":null,\"card_type\":0,\"cards_num\":5,\"code\":0,\"current\":0,\"mustPid\":2,\"outCardTimeout\":30}","from":""}
2026-05-13T23:58:41.314+08:00 [INFO] heartbeatCheck: 7.7132301s
2026-05-13T23:58:41.861+08:00 [INFO] 
1的回合 (当前手牌数: 12)

2026-05-13T23:58:41.862+08:00 [INFO] 上一手牌，牌型: 1, 牌是：♣J

2026-05-13T23:58:41.863+08:00 [INFO] 请选择要出的牌 (输入牌的序号，用逗号分隔，0表示不出): 
2026-05-13T23:58:41.864+08:00 [INFO] 用户 1 接收出牌消息1: <nil>
2026-05-13T23:58:41.864+08:00 [INFO] 用户 1 接收出牌消息2: {0 [] 0}
2026-05-13T23:58:42.687+08:00 [INFO] 用户 1 接收消息: {"type":"playCard","data":"{\"pid\":0,\"pass\":1}"}（类型: 1）
2026-05-13T23:58:42.691+08:00 [INFO] 用户 1 发送出牌消息: {"pid":0,"cardIds":null,"pass":1}
2026-05-13T23:58:42.863+08:00 [INFO] 
1的回合 (当前手牌数: 12)

2026-05-13T23:58:42.865+08:00 [INFO] 上一手牌，牌型: 1, 牌是：♣J

2026-05-13T23:58:42.866+08:00 [INFO] 请选择要出的牌 (输入牌的序号，用逗号分隔，0表示不出): 
2026-05-13T23:58:42.866+08:00 [INFO] 从队列收到消息: playCard
2026-05-13T23:58:42.867+08:00 [INFO] 用户 1 接收出牌消息1: &{playCard {"pid":0,"cardIds":null,"pass":1} 1}
2026-05-13T23:58:42.868+08:00 [INFO] 用户 1 接收出牌消息2: {0 [] 1}
2026-05-13T23:58:42.869+08:00 [INFO] 1不出

2026-05-13T23:58:42.869+08:00 [INFO] ♦8,♥9,♠10,♣K,♣A,♦7,♠2,♥10,♦4,♠3,♠4,♣8
2026-05-13T23:58:42.870+08:00 [INFO] 用户 1 发送消息: {"type":"pass","data":"{\"pid\":0,\"cardIds\":[],\"card_type\":0,\"cards_num\":12,\"code\":0,\"current\":1,\"mustPid\":2,\"outCardTimeout\":30}","from":""}
2026-05-13T23:58:43.860+08:00 [INFO] 
胡梦秋的回合 (当前手牌数: 10)

2026-05-13T23:58:43.861+08:00 [INFO] 上一手牌，牌型: 1, 牌是：♣J

2026-05-13T23:58:43.862+08:00 [INFO] 请选择要出的牌 (输入牌的序号，用逗号分隔，0表示不出): 
2026-05-13T23:58:44.861+08:00 [INFO] 
胡梦秋的回合 (当前手牌数: 10)

2026-05-13T23:58:44.861+08:00 [INFO] 上一手牌，牌型: 1, 牌是：♣J

2026-05-13T23:58:44.861+08:00 [INFO] 请选择要出的牌 (输入牌的序号，用逗号分隔，0表示不出): 
2026-05-13T23:58:44.862+08:00 [INFO] 胡梦秋不出

2026-05-13T23:58:44.864+08:00 [INFO] 用户 1 发送消息: {"type":"pass","data":"{\"pid\":1,\"cardIds\":null,\"card_type\":0,\"cards_num\":10,\"code\":0,\"current\":2,\"mustPid\":2,\"outCardTimeout\":30}","from":""}
2026-05-13T23:58:45.861+08:00 [INFO] 
蔡佳音的回合 (当前手牌数: 2)

2026-05-13T23:58:45.861+08:00 [INFO] 上一手牌，牌型: 0, 牌是：不出

2026-05-13T23:58:45.862+08:00 [INFO] 请选择要出的牌 (输入牌的序号，用逗号分隔，0表示不出): 
2026-05-13T23:58:46.314+08:00 [INFO] heartbeatCheck: 3.6274395s
2026-05-13T23:58:46.861+08:00 [INFO] 
蔡佳音的回合 (当前手牌数: 2)

2026-05-13T23:58:46.861+08:00 [INFO] 上一手牌，牌型: 0, 牌是：不出

2026-05-13T23:58:46.862+08:00 [INFO] 请选择要出的牌 (输入牌的序号，用逗号分隔，0表示不出): 
2026-05-13T23:58:47.862+08:00 [INFO] 
蔡佳音的回合 (当前手牌数: 2)

2026-05-13T23:58:47.864+08:00 [INFO] 上一手牌，牌型: 0, 牌是：不出

2026-05-13T23:58:47.865+08:00 [INFO] 请选择要出的牌 (输入牌的序号，用逗号分隔，0表示不出): 
2026-05-13T23:58:47.867+08:00 [INFO] 蔡佳音出了: ♣Q (1)

2026-05-13T23:58:47.868+08:00 [INFO] 用户 1 发送消息: {"type":"outCard","data":"{\"pid\":2,\"cardIds\":[38],\"card_type\":1,\"cards_num\":1,\"code\":0,\"current\":3,\"mustPid\":2,\"outCardTimeout\":30}","from":""}
2026-05-13T23:58:48.861+08:00 [INFO] 
容鸿祯的回合 (当前手牌数: 5)

2026-05-13T23:58:48.861+08:00 [INFO] 上一手牌，牌型: 1, 牌是：♣Q

2026-05-13T23:58:48.862+08:00 [INFO] 请选择要出的牌 (输入牌的序号，用逗号分隔，0表示不出): 
2026-05-13T23:58:49.861+08:00 [INFO] 
容鸿祯的回合 (当前手牌数: 5)

2026-05-13T23:58:49.862+08:00 [INFO] 上一手牌，牌型: 1, 牌是：♣Q

2026-05-13T23:58:49.863+08:00 [INFO] 请选择要出的牌 (输入牌的序号，用逗号分隔，0表示不出): 
2026-05-13T23:58:49.863+08:00 [INFO] 容鸿祯不出

2026-05-13T23:58:49.864+08:00 [INFO] 正在订阅 Channel: player:play:card:1，当前玩家: 1
2026-05-13T23:58:49.872+08:00 [INFO] 成功订阅 Channel: player:play:card:1
2026-05-13T23:58:49.873+08:00 [INFO] 用户 1 发送消息: {"type":"pass","data":"{\"pid\":3,\"cardIds\":null,\"card_type\":0,\"cards_num\":5,\"code\":0,\"current\":0,\"mustPid\":2,\"outCardTimeout\":30}","from":""}
2026-05-13T23:58:50.861+08:00 [INFO] 
1的回合 (当前手牌数: 12)

2026-05-13T23:58:50.862+08:00 [INFO] 上一手牌，牌型: 1, 牌是：♣Q

2026-05-13T23:58:50.862+08:00 [INFO] 请选择要出的牌 (输入牌的序号，用逗号分隔，0表示不出): 
2026-05-13T23:58:50.863+08:00 [INFO] 用户 1 接收出牌消息1: <nil>
2026-05-13T23:58:50.864+08:00 [INFO] 用户 1 接收出牌消息2: {0 [] 0}
2026-05-13T23:58:51.314+08:00 [INFO] heartbeatCheck: 8.6273543s
2026-05-13T23:58:51.861+08:00 [INFO] 
1的回合 (当前手牌数: 12)

2026-05-13T23:58:51.864+08:00 [INFO] 上一手牌，牌型: 1, 牌是：♣Q

2026-05-13T23:58:51.865+08:00 [INFO] 请选择要出的牌 (输入牌的序号，用逗号分隔，0表示不出): 
2026-05-13T23:58:51.866+08:00 [INFO] 用户 1 接收出牌消息1: <nil>
2026-05-13T23:58:51.868+08:00 [INFO] 用户 1 接收出牌消息2: {0 [] 0}
2026-05-13T23:58:52.399+08:00 [INFO] 用户 1 接收消息: {"type":"playCard","data":"{\"pid\":0,\"pass\":1}"}（类型: 1）
2026-05-13T23:58:52.402+08:00 [INFO] 用户 1 发送出牌消息: {"pid":0,"cardIds":null,"pass":1}
2026-05-13T23:58:52.862+08:00 [INFO] 
1的回合 (当前手牌数: 12)

2026-05-13T23:58:52.864+08:00 [INFO] 上一手牌，牌型: 1, 牌是：♣Q

2026-05-13T23:58:52.865+08:00 [INFO] 请选择要出的牌 (输入牌的序号，用逗号分隔，0表示不出): 
2026-05-13T23:58:52.865+08:00 [INFO] 从队列收到消息: playCard
2026-05-13T23:58:52.866+08:00 [INFO] 用户 1 接收出牌消息1: &{playCard {"pid":0,"cardIds":null,"pass":1} 1}
2026-05-13T23:58:52.866+08:00 [INFO] 用户 1 接收出牌消息2: {0 [] 1}
2026-05-13T23:58:52.867+08:00 [INFO] 1不出

2026-05-13T23:58:52.868+08:00 [INFO] ♦8,♥9,♠10,♣K,♣A,♦7,♠2,♥10,♦4,♠3,♠4,♣8
2026-05-13T23:58:52.869+08:00 [INFO] 用户 1 发送消息: {"type":"pass","data":"{\"pid\":0,\"cardIds\":[],\"card_type\":0,\"cards_num\":12,\"code\":0,\"current\":1,\"mustPid\":2,\"outCardTimeout\":30}","from":""}
2026-05-13T23:58:53.862+08:00 [INFO] 
胡梦秋的回合 (当前手牌数: 10)

2026-05-13T23:58:53.862+08:00 [INFO] 上一手牌，牌型: 1, 牌是：♣Q

2026-05-13T23:58:53.862+08:00 [INFO] 请选择要出的牌 (输入牌的序号，用逗号分隔，0表示不出): 
2026-05-13T23:58:54.861+08:00 [INFO] 
胡梦秋的回合 (当前手牌数: 10)

2026-05-13T23:58:54.861+08:00 [INFO] 上一手牌，牌型: 1, 牌是：♣Q

2026-05-13T23:58:54.862+08:00 [INFO] 请选择要出的牌 (输入牌的序号，用逗号分隔，0表示不出): 
2026-05-13T23:58:54.862+08:00 [INFO] 胡梦秋不出

2026-05-13T23:58:54.864+08:00 [INFO] 用户 1 发送消息: {"type":"pass","data":"{\"pid\":1,\"cardIds\":null,\"card_type\":0,\"cards_num\":10,\"code\":0,\"current\":2,\"mustPid\":2,\"outCardTimeout\":30}","from":""}
2026-05-13T23:58:55.861+08:00 [INFO] 
蔡佳音的回合 (当前手牌数: 1)

2026-05-13T23:58:55.861+08:00 [INFO] 上一手牌，牌型: 0, 牌是：不出

2026-05-13T23:58:55.863+08:00 [INFO] 请选择要出的牌 (输入牌的序号，用逗号分隔，0表示不出): 
2026-05-13T23:58:56.314+08:00 [INFO] heartbeatCheck: 3.9157636s
2026-05-13T23:58:56.861+08:00 [INFO] 
蔡佳音的回合 (当前手牌数: 1)

2026-05-13T23:58:56.862+08:00 [INFO] 上一手牌，牌型: 0, 牌是：不出

2026-05-13T23:58:56.862+08:00 [INFO] 请选择要出的牌 (输入牌的序号，用逗号分隔，0表示不出): 
2026-05-13T23:58:56.863+08:00 [INFO] 蔡佳音出了: ♦2 (1)

2026-05-13T23:58:56.864+08:00 [INFO] 用户 1 发送消息: {"type":"outCard","data":"{\"pid\":2,\"cardIds\":[49],\"card_type\":1,\"cards_num\":0,\"code\":0,\"current\":3,\"mustPid\":2,\"outCardTimeout\":30}","from":""}
2026-05-13T23:58:57.866+08:00 [INFO] 游戏每个用户结算信息：0, -12, 898, 1

2026-05-13T23:58:57.861+08:00 [INFO] 
游戏结束！恭喜蔡佳音！获胜

2026-05-13T23:58:57.868+08:00 [INFO] ♦8,♥9,♠10,♣K,♣A,♦7,♠2,♥10,♦4,♠3,♠4,♣8
2026-05-13T23:58:57.869+08:00 [INFO] 用户 1 发送消息: {"type":"over","data":"[{\"winName\":\"1\",\"winner\":0,\"point\":898,\"win\":-12}]","from":""}
2026-05-13T23:58:57.872+08:00 [INFO] 执行结算异步任务: Id:3 UserName:"1" Point:898
2026-05-13T23:58:57.873+08:00 [DEBU] Watch key "/service/default/default/user/latest/"
2026-05-13T23:58:57.882+08:00 [DEBU] client conn updated with addresses [{"Addr":"172.20.10.3:9020","ServerName":"user","Attributes":{"RawService":"\u003c0xc000568d20\u003e","protocol":"grpc"},"BalancerAttributes":null,"Metadata":null}]
2026-05-13T23:58:57.884+08:00 [DEBU] client conn updated with addresses [{"Addr":"172.20.10.3:9020","ServerName":"user","Attributes":{"protocol":"grpc","RawService":"\u003c0xc000c939e0\u003e"},"BalancerAttributes":null,"Metadata":null}]
2026-05-13T23:58:59.382+08:00 [INFO] 用户 1 接收消息: {"type":"play","data":"","name":""}（类型: 1）
2026-05-13T23:58:59.389+08:00 [INFO] 
===== 房间 0MS711 游戏开始 =====
2026-05-13T23:58:59.390+08:00 [INFO] 
确定谁先出牌...
2026-05-13T23:58:59.390+08:00 [INFO] 房间 0MS711 启动消息接收 goroutine
2026-05-13T23:58:59.391+08:00 [INFO] 1的牌: 
2026-05-13T23:58:59.392+08:00 [INFO] ♦10,♣8,♣3,♥J,♥2,♥Q,♠J,♥8,♠4,♦2,♣K,♦9,♦J
2026-05-13T23:58:59.392+08:00 [INFO] 胡梦秋的牌: 
2026-05-13T23:58:59.392+08:00 [INFO] 用户 1 发送消息: {"type":"showCard","data":"{\"cards\":[29,22,2,35,51,39,36,23,8,49,42,25,33],\"current\":3,\"playerPoint\":898,\"outCardTimeout\":30}","from":""}
2026-05-13T23:58:59.393+08:00 [INFO] 牌型：4,具体的牌：[[{A 2 ♥A 47 14 ♥} {K 2 ♥K 43 13 ♥} {10 2 ♥10 31 10 ♥} {6 2 ♥6 15 6 ♥} {3 2 ♥3 3 3 ♥}]] 
2026-05-13T23:58:59.395+08:00 [INFO] 牌型：1,具体的牌：[[{Q 0 ♦Q 37 12 ♦}] [{K 0 ♦K 41 13 ♦}] [{9 1 ♣9 26 9 ♣}] [{10 1 ♣10 30 10 ♣}] [{A 1 ♣A 46 14 ♣}] [{3 3 ♠3 4 3 ♠}] [{7 3 ♠7 20 7 ♠}] [{2 3 ♠2 52 15 ♠}]] 
2026-05-13T23:58:59.397+08:00 [INFO] 蔡佳音的牌: 
2026-05-13T23:58:59.399+08:00 [INFO] 牌型：2,具体的牌：[[{5 0 ♦5 9 5 ♦} {5 2 ♥5 11 5 ♥}] [{6 0 ♦6 13 6 ♦} {6 1 ♣6 14 6 ♣}] [{4 1 ♣4 6 4 ♣} {4 2 ♥4 7 4 ♥}] [{7 1 ♣7 18 7 ♣} {7 2 ♥7 19 7 ♥}] [{9 2 ♥9 27 9 ♥} {9 3 ♠9 28 9 ♠}]] 
2026-05-13T23:58:59.405+08:00 [INFO] 牌型：1,具体的牌：[[{10 3 ♠10 32 10 ♠}] [{Q 3 ♠Q 40 12 ♠}] [{A 3 ♠A 48 14 ♠}]] 
2026-05-13T23:58:59.407+08:00 [INFO] 容鸿祯的牌: 
2026-05-13T23:58:59.408+08:00 [INFO] 牌型：4,具体的牌：[[{A 0 ♦A 45 14 ♦} {8 0 ♦8 21 8 ♦} {7 0 ♦7 17 7 ♦} {4 0 ♦4 5 4 ♦} {3 0 ♦3 1 3 ♦}]] 
2026-05-13T23:58:59.409+08:00 [INFO] 牌型：2,具体的牌：[[{5 1 ♣5 10 5 ♣} {5 3 ♠5 12 5 ♠}]] 
2026-05-13T23:58:59.409+08:00 [INFO] 牌型：1,具体的牌：[[{J 1 ♣J 34 11 ♣}] [{Q 1 ♣Q 38 12 ♣}] [{2 1 ♣2 50 15 ♣}] [{6 3 ♠6 16 6 ♠}] [{8 3 ♠8 24 8 ♠}] [{K 3 ♠K 44 13 ♠}]] 
2026-05-13T23:59:00.390+08:00 [INFO] 
容鸿祯的回合 (当前手牌数: 13)

2026-05-13T23:59:00.391+08:00 [INFO] 上一手牌，牌型: 0, 牌是：不出

2026-05-13T23:59:00.391+08:00 [INFO] 请选择要出的牌 (输入牌的序号，用逗号分隔，0表示不出): 
2026-05-13T23:59:01.314+08:00 [INFO] heartbeatCheck: 1.9315198s
2026-05-13T23:59:01.390+08:00 [INFO] 
容鸿祯的回合 (当前手牌数: 13)

2026-05-13T23:59:01.390+08:00 [INFO] 上一手牌，牌型: 0, 牌是：不出

2026-05-13T23:59:01.394+08:00 [INFO] 请选择要出的牌 (输入牌的序号，用逗号分隔，0表示不出): 
2026-05-13T23:59:01.397+08:00 [INFO] 容鸿祯出了: ♦A,♦8,♦7,♦4,♦3 (4)

2026-05-13T23:59:01.397+08:00 [INFO] 正在订阅 Channel: player:play:card:1，当前玩家: 1
2026-05-13T23:59:01.401+08:00 [INFO] 成功订阅 Channel: player:play:card:1
2026-05-13T23:59:01.402+08:00 [INFO] 用户 1 发送消息: {"type":"outCard","data":"{\"pid\":3,\"cardIds\":[45,21,17,5,1],\"card_type\":4,\"cards_num\":8,\"code\":0,\"current\":0,\"mustPid\":3,\"outCardTimeout\":30}","from":""}
2026-05-13T23:59:02.390+08:00 [INFO] 
1的回合 (当前手牌数: 13)

2026-05-13T23:59:02.390+08:00 [INFO] 上一手牌，牌型: 4, 牌是：♦A,♦8,♦7,♦4,♦3

2026-05-13T23:59:02.391+08:00 [INFO] 请选择要出的牌 (输入牌的序号，用逗号分隔，0表示不出): 
2026-05-13T23:59:02.392+08:00 [INFO] 用户 1 接收出牌消息1: <nil>
2026-05-13T23:59:02.393+08:00 [INFO] 用户 1 接收出牌消息2: {0 [] 0}
2026-05-13T23:59:03.391+08:00 [INFO] 
1的回合 (当前手牌数: 13)

2026-05-13T23:59:03.391+08:00 [INFO] 上一手牌，牌型: 4, 牌是：♦A,♦8,♦7,♦4,♦3

2026-05-13T23:59:03.392+08:00 [INFO] 请选择要出的牌 (输入牌的序号，用逗号分隔，0表示不出): 
2026-05-13T23:59:03.393+08:00 [INFO] 用户 1 接收出牌消息1: <nil>
2026-05-13T23:59:03.393+08:00 [INFO] 用户 1 接收出牌消息2: {0 [] 0}
2026-05-13T23:59:04.390+08:00 [INFO] 
1的回合 (当前手牌数: 13)

2026-05-13T23:59:04.390+08:00 [INFO] 上一手牌，牌型: 4, 牌是：♦A,♦8,♦7,♦4,♦3

2026-05-13T23:59:04.391+08:00 [INFO] 请选择要出的牌 (输入牌的序号，用逗号分隔，0表示不出): 
2026-05-13T23:59:04.392+08:00 [INFO] 用户 1 接收出牌消息1: <nil>
2026-05-13T23:59:04.392+08:00 [INFO] 用户 1 接收出牌消息2: {0 [] 0}
2026-05-13T23:59:04.644+08:00 [INFO] 用户 1 接收消息: {"type":"playCard","data":"{\"pid\":0,\"pass\":1}"}（类型: 1）
2026-05-13T23:59:04.650+08:00 [INFO] 用户 1 发送出牌消息: {"pid":0,"cardIds":null,"pass":1}
2026-05-13T23:59:05.391+08:00 [INFO] 
1的回合 (当前手牌数: 13)

2026-05-13T23:59:05.392+08:00 [INFO] 上一手牌，牌型: 4, 牌是：♦A,♦8,♦7,♦4,♦3

2026-05-13T23:59:05.393+08:00 [INFO] 请选择要出的牌 (输入牌的序号，用逗号分隔，0表示不出): 
2026-05-13T23:59:05.393+08:00 [INFO] 从队列收到消息: playCard
2026-05-13T23:59:05.394+08:00 [INFO] 用户 1 接收出牌消息1: &{playCard {"pid":0,"cardIds":null,"pass":1} 1}
2026-05-13T23:59:05.394+08:00 [INFO] 用户 1 接收出牌消息2: {0 [] 1}
2026-05-13T23:59:05.395+08:00 [INFO] 1不出

2026-05-13T23:59:05.395+08:00 [INFO] ♦10,♣8,♣3,♥J,♥2,♥Q,♠J,♥8,♠4,♦2,♣K,♦9,♦J
2026-05-13T23:59:05.397+08:00 [INFO] 用户 1 发送消息: {"type":"pass","data":"{\"pid\":0,\"cardIds\":[],\"card_type\":0,\"cards_num\":13,\"code\":0,\"current\":1,\"mustPid\":3,\"outCardTimeout\":30}","from":""}
2026-05-13T23:59:06.314+08:00 [INFO] heartbeatCheck: 1.6697937s
2026-05-13T23:59:06.390+08:00 [INFO] 
胡梦秋的回合 (当前手牌数: 13)

2026-05-13T23:59:06.390+08:00 [INFO] 上一手牌，牌型: 4, 牌是：♦A,♦8,♦7,♦4,♦3

2026-05-13T23:59:06.391+08:00 [INFO] 请选择要出的牌 (输入牌的序号，用逗号分隔，0表示不出): 
2026-05-13T23:59:07.390+08:00 [INFO] 
胡梦秋的回合 (当前手牌数: 13)

2026-05-13T23:59:07.390+08:00 [INFO] 上一手牌，牌型: 4, 牌是：♦A,♦8,♦7,♦4,♦3

2026-05-13T23:59:07.391+08:00 [INFO] 请选择要出的牌 (输入牌的序号，用逗号分隔，0表示不出): 
2026-05-13T23:59:08.391+08:00 [INFO] 
胡梦秋的回合 (当前手牌数: 13)

2026-05-13T23:59:08.391+08:00 [INFO] 上一手牌，牌型: 4, 牌是：♦A,♦8,♦7,♦4,♦3

2026-05-13T23:59:08.392+08:00 [INFO] 请选择要出的牌 (输入牌的序号，用逗号分隔，0表示不出): 
2026-05-13T23:59:08.397+08:00 [INFO] 胡梦秋出了: ♥A,♥K,♥10,♥6,♥3 (4)

2026-05-13T23:59:08.404+08:00 [INFO] 用户 1 发送消息: {"type":"outCard","data":"{\"pid\":1,\"cardIds\":[47,43,31,15,3],\"card_type\":4,\"cards_num\":8,\"code\":0,\"current\":2,\"mustPid\":1,\"outCardTimeout\":30}","from":""}
2026-05-13T23:59:09.390+08:00 [INFO] 
蔡佳音的回合 (当前手牌数: 13)

2026-05-13T23:59:09.393+08:00 [INFO] 上一手牌，牌型: 4, 牌是：♥A,♥K,♥10,♥6,♥3

2026-05-13T23:59:09.394+08:00 [INFO] 请选择要出的牌 (输入牌的序号，用逗号分隔，0表示不出): 
2026-05-13T23:59:10.390+08:00 [INFO] 
蔡佳音的回合 (当前手牌数: 13)

2026-05-13T23:59:10.394+08:00 [INFO] 上一手牌，牌型: 4, 牌是：♥A,♥K,♥10,♥6,♥3

2026-05-13T23:59:10.394+08:00 [INFO] 请选择要出的牌 (输入牌的序号，用逗号分隔，0表示不出): 
2026-05-13T23:59:10.394+08:00 [INFO] 蔡佳音不出

2026-05-13T23:59:10.396+08:00 [INFO] 用户 1 发送消息: {"type":"pass","data":"{\"pid\":2,\"cardIds\":null,\"card_type\":0,\"cards_num\":13,\"code\":0,\"current\":3,\"mustPid\":1,\"outCardTimeout\":30}","from":""}
2026-05-13T23:59:11.315+08:00 [INFO] heartbeatCheck: 6.6705959s
2026-05-13T23:59:11.390+08:00 [INFO] 
容鸿祯的回合 (当前手牌数: 8)

2026-05-13T23:59:11.390+08:00 [INFO] 上一手牌，牌型: 4, 牌是：♥A,♥K,♥10,♥6,♥3

2026-05-13T23:59:11.391+08:00 [INFO] 请选择要出的牌 (输入牌的序号，用逗号分隔，0表示不出): 
2026-05-13T23:59:12.390+08:00 [INFO] 
容鸿祯的回合 (当前手牌数: 8)

2026-05-13T23:59:12.390+08:00 [INFO] 上一手牌，牌型: 4, 牌是：♥A,♥K,♥10,♥6,♥3

2026-05-13T23:59:12.391+08:00 [INFO] 请选择要出的牌 (输入牌的序号，用逗号分隔，0表示不出): 
2026-05-13T23:59:12.392+08:00 [INFO] 容鸿祯不出

2026-05-13T23:59:12.392+08:00 [INFO] 正在订阅 Channel: player:play:card:1，当前玩家: 1
2026-05-13T23:59:12.396+08:00 [INFO] 成功订阅 Channel: player:play:card:1
2026-05-13T23:59:12.402+08:00 [INFO] 用户 1 发送消息: {"type":"pass","data":"{\"pid\":3,\"cardIds\":null,\"card_type\":0,\"cards_num\":8,\"code\":0,\"current\":0,\"mustPid\":1,\"outCardTimeout\":30}","from":""}
2026-05-13T23:59:13.390+08:00 [INFO] 
1的回合 (当前手牌数: 13)

2026-05-13T23:59:13.391+08:00 [INFO] 上一手牌，牌型: 4, 牌是：♥A,♥K,♥10,♥6,♥3

2026-05-13T23:59:13.391+08:00 [INFO] 请选择要出的牌 (输入牌的序号，用逗号分隔，0表示不出): 
2026-05-13T23:59:13.393+08:00 [INFO] 用户 1 接收出牌消息1: <nil>
2026-05-13T23:59:13.393+08:00 [INFO] 用户 1 接收出牌消息2: {0 [] 0}
2026-05-13T23:59:14.359+08:00 [INFO] 用户 1 接收消息: {"type":"playCard","data":"{\"pid\":0,\"pass\":1}"}（类型: 1）
2026-05-13T23:59:14.362+08:00 [INFO] 用户 1 发送出牌消息: {"pid":0,"cardIds":null,"pass":1}
2026-05-13T23:59:14.390+08:00 [INFO] 
1的回合 (当前手牌数: 13)

2026-05-13T23:59:14.391+08:00 [INFO] 上一手牌，牌型: 4, 牌是：♥A,♥K,♥10,♥6,♥3

2026-05-13T23:59:14.391+08:00 [INFO] 请选择要出的牌 (输入牌的序号，用逗号分隔，0表示不出): 
2026-05-13T23:59:14.392+08:00 [INFO] 从队列收到消息: playCard
2026-05-13T23:59:14.393+08:00 [INFO] 用户 1 接收出牌消息1: &{playCard {"pid":0,"cardIds":null,"pass":1} 1}
2026-05-13T23:59:14.393+08:00 [INFO] 用户 1 接收出牌消息2: {0 [] 1}
2026-05-13T23:59:14.394+08:00 [INFO] 1不出

2026-05-13T23:59:14.394+08:00 [INFO] ♦10,♣8,♣3,♥J,♥2,♥Q,♠J,♥8,♠4,♦2,♣K,♦9,♦J
2026-05-13T23:59:14.396+08:00 [INFO] 用户 1 发送消息: {"type":"pass","data":"{\"pid\":0,\"cardIds\":[],\"card_type\":0,\"cards_num\":13,\"code\":0,\"current\":1,\"mustPid\":1,\"outCardTimeout\":30}","from":""}
2026-05-13T23:59:15.393+08:00 [INFO] 
胡梦秋的回合 (当前手牌数: 8)

2026-05-13T23:59:15.394+08:00 [INFO] 上一手牌，牌型: 0, 牌是：不出

2026-05-13T23:59:15.395+08:00 [INFO] 请选择要出的牌 (输入牌的序号，用逗号分隔，0表示不出): 
2026-05-13T23:59:16.318+08:00 [INFO] heartbeatCheck: 1.9588795s
2026-05-13T23:59:16.390+08:00 [INFO] 
胡梦秋的回合 (当前手牌数: 8)

2026-05-13T23:59:16.390+08:00 [INFO] 上一手牌，牌型: 0, 牌是：不出

2026-05-13T23:59:16.391+08:00 [INFO] 请选择要出的牌 (输入牌的序号，用逗号分隔，0表示不出): 
2026-05-13T23:59:16.391+08:00 [INFO] 胡梦秋出了: ♠3 (1)

2026-05-13T23:59:16.393+08:00 [INFO] 用户 1 发送消息: {"type":"outCard","data":"{\"pid\":1,\"cardIds\":[4],\"card_type\":1,\"cards_num\":7,\"code\":0,\"current\":2,\"mustPid\":1,\"outCardTimeout\":30}","from":""}
2026-05-13T23:59:17.390+08:00 [INFO] 
蔡佳音的回合 (当前手牌数: 13)

2026-05-13T23:59:17.391+08:00 [INFO] 上一手牌，牌型: 1, 牌是：♠3

2026-05-13T23:59:17.391+08:00 [INFO] 请选择要出的牌 (输入牌的序号，用逗号分隔，0表示不出): 
2026-05-13T23:59:18.390+08:00 [INFO] 
蔡佳音的回合 (当前手牌数: 13)

2026-05-13T23:59:18.391+08:00 [INFO] 上一手牌，牌型: 1, 牌是：♠3

2026-05-13T23:59:18.393+08:00 [INFO] 请选择要出的牌 (输入牌的序号，用逗号分隔，0表示不出): 
2026-05-13T23:59:18.394+08:00 [INFO] 蔡佳音出了: ♠10 (1)

2026-05-13T23:59:18.398+08:00 [INFO] 用户 1 发送消息: {"type":"outCard","data":"{\"pid\":2,\"cardIds\":[32],\"card_type\":1,\"cards_num\":12,\"code\":0,\"current\":3,\"mustPid\":2,\"outCardTimeout\":30}","from":""}
2026-05-13T23:59:19.390+08:00 [INFO] 
容鸿祯的回合 (当前手牌数: 8)

2026-05-13T23:59:19.391+08:00 [INFO] 上一手牌，牌型: 1, 牌是：♠10

2026-05-13T23:59:19.391+08:00 [INFO] 请选择要出的牌 (输入牌的序号，用逗号分隔，0表示不出): 
2026-05-13T23:59:20.390+08:00 [INFO] 
容鸿祯的回合 (当前手牌数: 8)

2026-05-13T23:59:20.390+08:00 [INFO] 上一手牌，牌型: 1, 牌是：♠10

2026-05-13T23:59:20.394+08:00 [INFO] 请选择要出的牌 (输入牌的序号，用逗号分隔，0表示不出): 
2026-05-13T23:59:20.395+08:00 [INFO] 容鸿祯出了: ♣J (1)

2026-05-13T23:59:20.397+08:00 [INFO] 正在订阅 Channel: player:play:card:1，当前玩家: 1
2026-05-13T23:59:20.399+08:00 [INFO] 成功订阅 Channel: player:play:card:1
2026-05-13T23:59:20.400+08:00 [INFO] 用户 1 发送消息: {"type":"outCard","data":"{\"pid\":3,\"cardIds\":[34],\"card_type\":1,\"cards_num\":7,\"code\":0,\"current\":0,\"mustPid\":3,\"outCardTimeout\":30}","from":""}
2026-05-13T23:59:21.314+08:00 [INFO] heartbeatCheck: 6.9552153s
2026-05-13T23:59:21.390+08:00 [INFO] 
1的回合 (当前手牌数: 13)

2026-05-13T23:59:21.390+08:00 [INFO] 上一手牌，牌型: 1, 牌是：♣J

2026-05-13T23:59:21.391+08:00 [INFO] 请选择要出的牌 (输入牌的序号，用逗号分隔，0表示不出): 
2026-05-13T23:59:21.391+08:00 [INFO] 用户 1 接收出牌消息1: <nil>
2026-05-13T23:59:21.392+08:00 [INFO] 用户 1 接收出牌消息2: {0 [] 0}
2026-05-13T23:59:22.391+08:00 [INFO] 
1的回合 (当前手牌数: 13)

2026-05-13T23:59:22.391+08:00 [INFO] 上一手牌，牌型: 1, 牌是：♣J

2026-05-13T23:59:22.392+08:00 [INFO] 请选择要出的牌 (输入牌的序号，用逗号分隔，0表示不出): 
2026-05-13T23:59:22.393+08:00 [INFO] 用户 1 接收出牌消息1: <nil>
2026-05-13T23:59:22.393+08:00 [INFO] 用户 1 接收出牌消息2: {0 [] 0}
2026-05-13T23:59:23.390+08:00 [INFO] 
1的回合 (当前手牌数: 13)

2026-05-13T23:59:23.390+08:00 [INFO] 上一手牌，牌型: 1, 牌是：♣J

2026-05-13T23:59:23.391+08:00 [INFO] 请选择要出的牌 (输入牌的序号，用逗号分隔，0表示不出): 
2026-05-13T23:59:23.392+08:00 [INFO] 用户 1 接收出牌消息1: <nil>
2026-05-13T23:59:23.392+08:00 [INFO] 用户 1 接收出牌消息2: {0 [] 0}
2026-05-13T23:59:24.390+08:00 [INFO] 
1的回合 (当前手牌数: 13)

2026-05-13T23:59:24.392+08:00 [INFO] 上一手牌，牌型: 1, 牌是：♣J

2026-05-13T23:59:24.393+08:00 [INFO] 请选择要出的牌 (输入牌的序号，用逗号分隔，0表示不出): 
2026-05-13T23:59:24.394+08:00 [INFO] 用户 1 接收出牌消息1: <nil>
2026-05-13T23:59:24.394+08:00 [INFO] 用户 1 接收出牌消息2: {0 [] 0}
2026-05-13T23:59:25.390+08:00 [INFO] 
1的回合 (当前手牌数: 13)

2026-05-13T23:59:25.390+08:00 [INFO] 上一手牌，牌型: 1, 牌是：♣J

2026-05-13T23:59:25.391+08:00 [INFO] 请选择要出的牌 (输入牌的序号，用逗号分隔，0表示不出): 
2026-05-13T23:59:25.395+08:00 [INFO] 用户 1 接收出牌消息1: <nil>
2026-05-13T23:59:25.396+08:00 [INFO] 用户 1 接收出牌消息2: {0 [] 0}
2026-05-13T23:59:26.316+08:00 [INFO] heartbeatCheck: 11.9571239s
2026-05-13T23:59:26.390+08:00 [INFO] 
1的回合 (当前手牌数: 13)

2026-05-13T23:59:26.391+08:00 [INFO] 上一手牌，牌型: 1, 牌是：♣J

2026-05-13T23:59:26.392+08:00 [INFO] 请选择要出的牌 (输入牌的序号，用逗号分隔，0表示不出): 
2026-05-13T23:59:26.392+08:00 [INFO] 用户 1 接收出牌消息1: <nil>
2026-05-13T23:59:26.392+08:00 [INFO] 用户 1 接收出牌消息2: {0 [] 0}
2026-05-13T23:59:26.718+08:00 [INFO] 用户 1 接收消息: {"type":"playCard","data":"{\"pid\":0,\"pass\":1}"}（类型: 1）
2026-05-13T23:59:26.721+08:00 [INFO] 用户 1 发送出牌消息: {"pid":0,"cardIds":null,"pass":1}
2026-05-13T23:59:27.390+08:00 [INFO] 
1的回合 (当前手牌数: 13)

2026-05-13T23:59:27.391+08:00 [INFO] 上一手牌，牌型: 1, 牌是：♣J

2026-05-13T23:59:27.391+08:00 [INFO] 请选择要出的牌 (输入牌的序号，用逗号分隔，0表示不出): 
2026-05-13T23:59:27.392+08:00 [INFO] 从队列收到消息: playCard
2026-05-13T23:59:27.392+08:00 [INFO] 用户 1 接收出牌消息1: &{playCard {"pid":0,"cardIds":null,"pass":1} 1}
2026-05-13T23:59:27.394+08:00 [INFO] 用户 1 接收出牌消息2: {0 [] 1}
2026-05-13T23:59:27.394+08:00 [INFO] 1不出

2026-05-13T23:59:27.395+08:00 [INFO] ♦10,♣8,♣3,♥J,♥2,♥Q,♠J,♥8,♠4,♦2,♣K,♦9,♦J
2026-05-13T23:59:27.397+08:00 [INFO] 用户 1 发送消息: {"type":"pass","data":"{\"pid\":0,\"cardIds\":[],\"card_type\":0,\"cards_num\":13,\"code\":0,\"current\":1,\"mustPid\":3,\"outCardTimeout\":30}","from":""}
2026-05-13T23:59:28.390+08:00 [INFO] 
胡梦秋的回合 (当前手牌数: 7)

2026-05-13T23:59:28.390+08:00 [INFO] 上一手牌，牌型: 1, 牌是：♣J

2026-05-13T23:59:28.391+08:00 [INFO] 请选择要出的牌 (输入牌的序号，用逗号分隔，0表示不出): 
2026-05-13T23:59:29.392+08:00 [INFO] 
胡梦秋的回合 (当前手牌数: 7)

2026-05-13T23:59:29.394+08:00 [INFO] 上一手牌，牌型: 1, 牌是：♣J

2026-05-13T23:59:29.394+08:00 [INFO] 请选择要出的牌 (输入牌的序号，用逗号分隔，0表示不出): 
2026-05-13T23:59:30.390+08:00 [INFO] 
胡梦秋的回合 (当前手牌数: 7)

2026-05-13T23:59:30.391+08:00 [INFO] 上一手牌，牌型: 1, 牌是：♣J

2026-05-13T23:59:30.398+08:00 [INFO] 请选择要出的牌 (输入牌的序号，用逗号分隔，0表示不出): 
2026-05-13T23:59:30.398+08:00 [INFO] 胡梦秋出了: ♦Q (1)

2026-05-13T23:59:30.400+08:00 [INFO] 用户 1 发送消息: {"type":"outCard","data":"{\"pid\":1,\"cardIds\":[37],\"card_type\":1,\"cards_num\":6,\"code\":0,\"current\":2,\"mustPid\":1,\"outCardTimeout\":30}","from":""}
2026-05-13T23:59:31.315+08:00 [INFO] heartbeatCheck: 4.5972704s
2026-05-13T23:59:31.390+08:00 [INFO] 
蔡佳音的回合 (当前手牌数: 12)

2026-05-13T23:59:31.390+08:00 [INFO] 上一手牌，牌型: 1, 牌是：♦Q

2026-05-13T23:59:31.391+08:00 [INFO] 请选择要出的牌 (输入牌的序号，用逗号分隔，0表示不出): 
2026-05-13T23:59:32.390+08:00 [INFO] 
蔡佳音的回合 (当前手牌数: 12)

2026-05-13T23:59:32.392+08:00 [INFO] 上一手牌，牌型: 1, 牌是：♦Q

2026-05-13T23:59:32.394+08:00 [INFO] 请选择要出的牌 (输入牌的序号，用逗号分隔，0表示不出): 
2026-05-13T23:59:32.395+08:00 [INFO] 蔡佳音出了: ♠Q (1)

2026-05-13T23:59:32.398+08:00 [INFO] 用户 1 发送消息: {"type":"outCard","data":"{\"pid\":2,\"cardIds\":[40],\"card_type\":1,\"cards_num\":11,\"code\":0,\"current\":3,\"mustPid\":2,\"outCardTimeout\":30}","from":""}
2026-05-13T23:59:33.389+08:00 [INFO] 
容鸿祯的回合 (当前手牌数: 7)

2026-05-13T23:59:33.390+08:00 [INFO] 上一手牌，牌型: 1, 牌是：♠Q

2026-05-13T23:59:33.391+08:00 [INFO] 请选择要出的牌 (输入牌的序号，用逗号分隔，0表示不出): 
2026-05-13T23:59:34.389+08:00 [INFO] 
容鸿祯的回合 (当前手牌数: 7)

2026-05-13T23:59:34.394+08:00 [INFO] 上一手牌，牌型: 1, 牌是：♠Q

2026-05-13T23:59:34.395+08:00 [INFO] 请选择要出的牌 (输入牌的序号，用逗号分隔，0表示不出): 
2026-05-13T23:59:35.389+08:00 [INFO] 
容鸿祯的回合 (当前手牌数: 7)

2026-05-13T23:59:35.390+08:00 [INFO] 上一手牌，牌型: 1, 牌是：♠Q

2026-05-13T23:59:35.391+08:00 [INFO] 请选择要出的牌 (输入牌的序号，用逗号分隔，0表示不出): 
2026-05-13T23:59:35.391+08:00 [INFO] 容鸿祯出了: ♠K (1)

2026-05-13T23:59:35.392+08:00 [INFO] 正在订阅 Channel: player:play:card:1，当前玩家: 1
2026-05-13T23:59:35.399+08:00 [INFO] 成功订阅 Channel: player:play:card:1
2026-05-13T23:59:35.401+08:00 [INFO] 用户 1 发送消息: {"type":"outCard","data":"{\"pid\":3,\"cardIds\":[44],\"card_type\":1,\"cards_num\":6,\"code\":0,\"current\":0,\"mustPid\":3,\"outCardTimeout\":30}","from":""}
2026-05-13T23:59:36.318+08:00 [INFO] heartbeatCheck: 9.6001128s
2026-05-13T23:59:36.391+08:00 [INFO] 
1的回合 (当前手牌数: 13)

2026-05-13T23:59:36.394+08:00 [INFO] 上一手牌，牌型: 1, 牌是：♠K

2026-05-13T23:59:36.395+08:00 [INFO] 请选择要出的牌 (输入牌的序号，用逗号分隔，0表示不出): 
2026-05-13T23:59:36.396+08:00 [INFO] 用户 1 接收出牌消息1: <nil>
2026-05-13T23:59:36.400+08:00 [INFO] 用户 1 接收出牌消息2: {0 [] 0}
2026-05-13T23:59:37.097+08:00 [INFO] 用户 1 接收消息: {"type":"playCard","data":"{\"pid\":0,\"pass\":1}"}（类型: 1）
2026-05-13T23:59:37.105+08:00 [INFO] 用户 1 发送出牌消息: {"pid":0,"cardIds":null,"pass":1}
2026-05-13T23:59:37.390+08:00 [INFO] 
1的回合 (当前手牌数: 13)

2026-05-13T23:59:37.390+08:00 [INFO] 上一手牌，牌型: 1, 牌是：♠K

2026-05-13T23:59:37.391+08:00 [INFO] 请选择要出的牌 (输入牌的序号，用逗号分隔，0表示不出): 
2026-05-13T23:59:37.392+08:00 [INFO] 从队列收到消息: playCard
2026-05-13T23:59:37.392+08:00 [INFO] 用户 1 接收出牌消息1: &{playCard {"pid":0,"cardIds":null,"pass":1} 1}
2026-05-13T23:59:37.393+08:00 [INFO] 用户 1 接收出牌消息2: {0 [] 1}
2026-05-13T23:59:37.393+08:00 [INFO] 1不出

2026-05-13T23:59:37.395+08:00 [INFO] ♦10,♣8,♣3,♥J,♥2,♥Q,♠J,♥8,♠4,♦2,♣K,♦9,♦J
2026-05-13T23:59:37.397+08:00 [INFO] 用户 1 发送消息: {"type":"pass","data":"{\"pid\":0,\"cardIds\":[],\"card_type\":0,\"cards_num\":13,\"code\":0,\"current\":1,\"mustPid\":3,\"outCardTimeout\":30}","from":""}
2026-05-13T23:59:38.390+08:00 [INFO] 
胡梦秋的回合 (当前手牌数: 6)

2026-05-13T23:59:38.391+08:00 [INFO] 上一手牌，牌型: 1, 牌是：♠K

2026-05-13T23:59:38.392+08:00 [INFO] 请选择要出的牌 (输入牌的序号，用逗号分隔，0表示不出): 
2026-05-13T23:59:39.390+08:00 [INFO] 
胡梦秋的回合 (当前手牌数: 6)

2026-05-13T23:59:39.395+08:00 [INFO] 上一手牌，牌型: 1, 牌是：♠K

2026-05-13T23:59:39.395+08:00 [INFO] 请选择要出的牌 (输入牌的序号，用逗号分隔，0表示不出): 
2026-05-13T23:59:40.390+08:00 [INFO] 
胡梦秋的回合 (当前手牌数: 6)

2026-05-13T23:59:40.390+08:00 [INFO] 上一手牌，牌型: 1, 牌是：♠K

2026-05-13T23:59:40.391+08:00 [INFO] 请选择要出的牌 (输入牌的序号，用逗号分隔，0表示不出): 
2026-05-13T23:59:40.392+08:00 [INFO] 胡梦秋出了: ♣A (1)

2026-05-13T23:59:40.393+08:00 [INFO] 用户 1 发送消息: {"type":"outCard","data":"{\"pid\":1,\"cardIds\":[46],\"card_type\":1,\"cards_num\":5,\"code\":0,\"current\":2,\"mustPid\":1,\"outCardTimeout\":30}","from":""}
2026-05-13T23:59:41.317+08:00 [INFO] heartbeatCheck: 4.2199666s
2026-05-13T23:59:41.391+08:00 [INFO] 
蔡佳音的回合 (当前手牌数: 11)

2026-05-13T23:59:41.392+08:00 [INFO] 上一手牌，牌型: 1, 牌是：♣A

2026-05-13T23:59:41.394+08:00 [INFO] 请选择要出的牌 (输入牌的序号，用逗号分隔，0表示不出): 
2026-05-13T23:59:42.390+08:00 [INFO] 
蔡佳音的回合 (当前手牌数: 11)

2026-05-13T23:59:42.390+08:00 [INFO] 上一手牌，牌型: 1, 牌是：♣A

2026-05-13T23:59:42.391+08:00 [INFO] 请选择要出的牌 (输入牌的序号，用逗号分隔，0表示不出): 
2026-05-13T23:59:43.392+08:00 [INFO] 
蔡佳音的回合 (当前手牌数: 11)

2026-05-13T23:59:43.393+08:00 [INFO] 上一手牌，牌型: 1, 牌是：♣A

2026-05-13T23:59:43.393+08:00 [INFO] 请选择要出的牌 (输入牌的序号，用逗号分隔，0表示不出): 
2026-05-13T23:59:43.394+08:00 [INFO] 蔡佳音出了: ♠A (1)

2026-05-13T23:59:43.398+08:00 [INFO] 用户 1 发送消息: {"type":"outCard","data":"{\"pid\":2,\"cardIds\":[48],\"card_type\":1,\"cards_num\":10,\"code\":0,\"current\":3,\"mustPid\":2,\"outCardTimeout\":30}","from":""}
2026-05-13T23:59:44.390+08:00 [INFO] 
容鸿祯的回合 (当前手牌数: 6)

2026-05-13T23:59:44.390+08:00 [INFO] 上一手牌，牌型: 1, 牌是：♠A

2026-05-13T23:59:44.390+08:00 [INFO] 请选择要出的牌 (输入牌的序号，用逗号分隔，0表示不出): 
2026-05-13T23:59:45.390+08:00 [INFO] 
容鸿祯的回合 (当前手牌数: 6)

2026-05-13T23:59:45.390+08:00 [INFO] 上一手牌，牌型: 1, 牌是：♠A

2026-05-13T23:59:45.391+08:00 [INFO] 请选择要出的牌 (输入牌的序号，用逗号分隔，0表示不出): 
2026-05-13T23:59:46.318+08:00 [INFO] heartbeatCheck: 9.2205915s
2026-05-13T23:59:46.393+08:00 [INFO] 
容鸿祯的回合 (当前手牌数: 6)

2026-05-13T23:59:46.393+08:00 [INFO] 上一手牌，牌型: 1, 牌是：♠A

2026-05-13T23:59:46.394+08:00 [INFO] 请选择要出的牌 (输入牌的序号，用逗号分隔，0表示不出): 
2026-05-13T23:59:46.395+08:00 [INFO] 容鸿祯出了: ♣2 (1)

2026-05-13T23:59:46.395+08:00 [INFO] 正在订阅 Channel: player:play:card:1，当前玩家: 1
2026-05-13T23:59:46.402+08:00 [INFO] 成功订阅 Channel: player:play:card:1
2026-05-13T23:59:46.404+08:00 [INFO] 用户 1 发送消息: {"type":"outCard","data":"{\"pid\":3,\"cardIds\":[50],\"card_type\":1,\"cards_num\":5,\"code\":0,\"current\":0,\"mustPid\":3,\"outCardTimeout\":30}","from":""}
2026-05-13T23:59:47.390+08:00 [INFO] 
1的回合 (当前手牌数: 13)

2026-05-13T23:59:47.390+08:00 [INFO] 上一手牌，牌型: 1, 牌是：♣2

2026-05-13T23:59:47.391+08:00 [INFO] 请选择要出的牌 (输入牌的序号，用逗号分隔，0表示不出): 
2026-05-13T23:59:47.392+08:00 [INFO] 用户 1 接收出牌消息1: <nil>
2026-05-13T23:59:47.392+08:00 [INFO] 用户 1 接收出牌消息2: {0 [] 0}
2026-05-13T23:59:48.391+08:00 [INFO] 
1的回合 (当前手牌数: 13)

2026-05-13T23:59:48.394+08:00 [INFO] 上一手牌，牌型: 1, 牌是：♣2

2026-05-13T23:59:48.394+08:00 [INFO] 请选择要出的牌 (输入牌的序号，用逗号分隔，0表示不出): 
2026-05-13T23:59:48.395+08:00 [INFO] 用户 1 接收出牌消息1: <nil>
2026-05-13T23:59:48.395+08:00 [INFO] 用户 1 接收出牌消息2: {0 [] 0}
2026-05-13T23:59:49.390+08:00 [INFO] 
1的回合 (当前手牌数: 13)

2026-05-13T23:59:49.390+08:00 [INFO] 上一手牌，牌型: 1, 牌是：♣2

2026-05-13T23:59:49.391+08:00 [INFO] 请选择要出的牌 (输入牌的序号，用逗号分隔，0表示不出): 
2026-05-13T23:59:49.399+08:00 [INFO] 用户 1 接收出牌消息1: <nil>
2026-05-13T23:59:49.400+08:00 [INFO] 用户 1 接收出牌消息2: {0 [] 0}
2026-05-13T23:59:49.982+08:00 [INFO] 用户 1 接收消息: {"type":"playCard","data":"{\"pid\":0,\"pass\":1}"}（类型: 1）
2026-05-13T23:59:49.988+08:00 [INFO] 用户 1 发送出牌消息: {"pid":0,"cardIds":null,"pass":1}
2026-05-13T23:59:50.390+08:00 [INFO] 
1的回合 (当前手牌数: 13)

2026-05-13T23:59:50.390+08:00 [INFO] 上一手牌，牌型: 1, 牌是：♣2

2026-05-13T23:59:50.391+08:00 [INFO] 请选择要出的牌 (输入牌的序号，用逗号分隔，0表示不出): 
2026-05-13T23:59:50.392+08:00 [INFO] 从队列收到消息: playCard
2026-05-13T23:59:50.392+08:00 [INFO] 用户 1 接收出牌消息1: &{playCard {"pid":0,"cardIds":null,"pass":1} 1}
2026-05-13T23:59:50.392+08:00 [INFO] 用户 1 接收出牌消息2: {0 [] 1}
2026-05-13T23:59:50.393+08:00 [INFO] 1不出

2026-05-13T23:59:50.393+08:00 [INFO] ♦10,♣8,♣3,♥J,♥2,♥Q,♠J,♥8,♠4,♦2,♣K,♦9,♦J
2026-05-13T23:59:50.395+08:00 [INFO] 用户 1 发送消息: {"type":"pass","data":"{\"pid\":0,\"cardIds\":[],\"card_type\":0,\"cards_num\":13,\"code\":0,\"current\":1,\"mustPid\":3,\"outCardTimeout\":30}","from":""}
2026-05-13T23:59:51.314+08:00 [INFO] heartbeatCheck: 1.3332139s
2026-05-13T23:59:51.390+08:00 [INFO] 
胡梦秋的回合 (当前手牌数: 5)

2026-05-13T23:59:51.390+08:00 [INFO] 上一手牌，牌型: 1, 牌是：♣2

2026-05-13T23:59:51.391+08:00 [INFO] 请选择要出的牌 (输入牌的序号，用逗号分隔，0表示不出): 
2026-05-13T23:59:52.390+08:00 [INFO] 
胡梦秋的回合 (当前手牌数: 5)

2026-05-13T23:59:52.391+08:00 [INFO] 上一手牌，牌型: 1, 牌是：♣2

2026-05-13T23:59:52.391+08:00 [INFO] 请选择要出的牌 (输入牌的序号，用逗号分隔，0表示不出): 
2026-05-13T23:59:53.393+08:00 [INFO] 
胡梦秋的回合 (当前手牌数: 5)

2026-05-13T23:59:53.394+08:00 [INFO] 上一手牌，牌型: 1, 牌是：♣2

2026-05-13T23:59:53.394+08:00 [INFO] 请选择要出的牌 (输入牌的序号，用逗号分隔，0表示不出): 
2026-05-13T23:59:53.396+08:00 [INFO] 胡梦秋出了: ♠2 (1)

2026-05-13T23:59:53.397+08:00 [INFO] 用户 1 发送消息: {"type":"outCard","data":"{\"pid\":1,\"cardIds\":[52],\"card_type\":1,\"cards_num\":4,\"code\":0,\"current\":2,\"mustPid\":1,\"outCardTimeout\":30}","from":""}
2026-05-13T23:59:54.390+08:00 [INFO] 
蔡佳音的回合 (当前手牌数: 10)

2026-05-13T23:59:54.391+08:00 [INFO] 上一手牌，牌型: 1, 牌是：♠2

2026-05-13T23:59:54.391+08:00 [INFO] 请选择要出的牌 (输入牌的序号，用逗号分隔，0表示不出): 
2026-05-13T23:59:55.390+08:00 [INFO] 
蔡佳音的回合 (当前手牌数: 10)

2026-05-13T23:59:55.390+08:00 [INFO] 上一手牌，牌型: 1, 牌是：♠2

2026-05-13T23:59:55.391+08:00 [INFO] 请选择要出的牌 (输入牌的序号，用逗号分隔，0表示不出): 
2026-05-13T23:59:56.314+08:00 [INFO] heartbeatCheck: 6.3335523s
2026-05-13T23:59:56.390+08:00 [INFO] 
蔡佳音的回合 (当前手牌数: 10)

2026-05-13T23:59:56.390+08:00 [INFO] 上一手牌，牌型: 1, 牌是：♠2

2026-05-13T23:59:56.391+08:00 [INFO] 请选择要出的牌 (输入牌的序号，用逗号分隔，0表示不出): 
2026-05-13T23:59:56.391+08:00 [INFO] 蔡佳音不出

2026-05-13T23:59:56.394+08:00 [INFO] 用户 1 发送消息: {"type":"pass","data":"{\"pid\":2,\"cardIds\":null,\"card_type\":0,\"cards_num\":10,\"code\":0,\"current\":3,\"mustPid\":1,\"outCardTimeout\":30}","from":""}
2026-05-13T23:59:57.390+08:00 [INFO] 
容鸿祯的回合 (当前手牌数: 5)

2026-05-13T23:59:57.391+08:00 [INFO] 上一手牌，牌型: 1, 牌是：♠2

2026-05-13T23:59:57.391+08:00 [INFO] 请选择要出的牌 (输入牌的序号，用逗号分隔，0表示不出): 
2026-05-13T23:59:58.389+08:00 [INFO] 
容鸿祯的回合 (当前手牌数: 5)

2026-05-13T23:59:58.390+08:00 [INFO] 上一手牌，牌型: 1, 牌是：♠2

2026-05-13T23:59:58.395+08:00 [INFO] 请选择要出的牌 (输入牌的序号，用逗号分隔，0表示不出): 
2026-05-13T23:59:58.395+08:00 [INFO] 容鸿祯不出

2026-05-13T23:59:58.397+08:00 [INFO] 正在订阅 Channel: player:play:card:1，当前玩家: 1
2026-05-13T23:59:58.403+08:00 [INFO] 成功订阅 Channel: player:play:card:1
2026-05-13T23:59:58.404+08:00 [INFO] 用户 1 发送消息: {"type":"pass","data":"{\"pid\":3,\"cardIds\":null,\"card_type\":0,\"cards_num\":5,\"code\":0,\"current\":0,\"mustPid\":1,\"outCardTimeout\":30}","from":""}
2026-05-13T23:59:59.389+08:00 [INFO] 
1的回合 (当前手牌数: 13)

2026-05-13T23:59:59.389+08:00 [INFO] 上一手牌，牌型: 1, 牌是：♠2

2026-05-13T23:59:59.391+08:00 [INFO] 请选择要出的牌 (输入牌的序号，用逗号分隔，0表示不出): 
2026-05-13T23:59:59.392+08:00 [INFO] 用户 1 接收出牌消息1: <nil>
2026-05-13T23:59:59.392+08:00 [INFO] 用户 1 接收出牌消息2: {0 [] 0}
