2026-05-10T00:00:02.888+08:00 [ERRO] keepalive retry register failed, will retry in 2s: etcd grant failed with keepalive ttl "10s": context deadline exceeded
1. etcd grant failed with keepalive ttl "10s"
2. context deadline exceeded

2026-05-10T00:00:09.898+08:00 [ERRO] keepalive retry register failed, will retry in 3s: etcd grant failed with keepalive ttl "10s": context deadline exceeded
1. etcd grant failed with keepalive ttl "10s"
2. context deadline exceeded

2026-05-10T00:00:17.949+08:00 [ERRO] keepalive retry register failed, will retry in 2s: etcd grant failed with keepalive ttl "10s": context deadline exceeded
1. etcd grant failed with keepalive ttl "10s"
2. context deadline exceeded

2026-05-10T00:00:24.952+08:00 [ERRO] keepalive retry register failed, will retry in 1s: etcd grant failed with keepalive ttl "10s": context deadline exceeded
1. etcd grant failed with keepalive ttl "10s"
2. context deadline exceeded

2026-05-10T00:00:30.956+08:00 [ERRO] keepalive retry register failed, will retry in 3s: etcd grant failed with keepalive ttl "10s": context deadline exceeded
1. etcd grant failed with keepalive ttl "10s"
2. context deadline exceeded

2026-05-10T00:00:38.964+08:00 [ERRO] keepalive retry register failed, will retry in 2s: etcd grant failed with keepalive ttl "10s": context deadline exceeded
1. etcd grant failed with keepalive ttl "10s"
2. context deadline exceeded

2026-05-10T00:00:45.969+08:00 [ERRO] keepalive retry register failed, will retry in 1s: etcd grant failed with keepalive ttl "10s": context deadline exceeded
1. etcd grant failed with keepalive ttl "10s"
2. context deadline exceeded

2026-05-10T00:00:51.972+08:00 [ERRO] keepalive retry register failed, will retry in 1s: etcd grant failed with keepalive ttl "10s": context deadline exceeded
1. etcd grant failed with keepalive ttl "10s"
2. context deadline exceeded

2026-05-10T00:00:57.977+08:00 [ERRO] keepalive retry register failed, will retry in 2s: etcd grant failed with keepalive ttl "10s": context deadline exceeded
1. etcd grant failed with keepalive ttl "10s"
2. context deadline exceeded

2026-05-10T00:01:04.982+08:00 [ERRO] keepalive retry register failed, will retry in 2s: etcd grant failed with keepalive ttl "10s": context deadline exceeded
1. etcd grant failed with keepalive ttl "10s"
2. context deadline exceeded

2026-05-10T00:01:11.989+08:00 [ERRO] keepalive retry register failed, will retry in 2s: etcd grant failed with keepalive ttl "10s": context deadline exceeded
1. etcd grant failed with keepalive ttl "10s"
2. context deadline exceeded

2026-05-10T00:01:18.995+08:00 [ERRO] keepalive retry register failed, will retry in 3s: etcd grant failed with keepalive ttl "10s": context deadline exceeded
1. etcd grant failed with keepalive ttl "10s"
2. context deadline exceeded

2026-05-10T00:01:27.002+08:00 [ERRO] keepalive retry register failed, will retry in 2s: etcd grant failed with keepalive ttl "10s": context deadline exceeded
1. etcd grant failed with keepalive ttl "10s"
2. context deadline exceeded

2026-05-10T00:01:34.010+08:00 [ERRO] keepalive retry register failed, will retry in 3s: etcd grant failed with keepalive ttl "10s": context deadline exceeded
1. etcd grant failed with keepalive ttl "10s"
2. context deadline exceeded

2026-05-10T00:01:42.017+08:00 [ERRO] keepalive retry register failed, will retry in 1s: etcd grant failed with keepalive ttl "10s": context deadline exceeded
1. etcd grant failed with keepalive ttl "10s"
2. context deadline exceeded

2026-05-10T00:01:48.024+08:00 [ERRO] keepalive retry register failed, will retry in 2s: etcd grant failed with keepalive ttl "10s": context deadline exceeded
1. etcd grant failed with keepalive ttl "10s"
2. context deadline exceeded

2026-05-10T00:01:55.030+08:00 [ERRO] keepalive retry register failed, will retry in 2s: etcd grant failed with keepalive ttl "10s": context deadline exceeded
1. etcd grant failed with keepalive ttl "10s"
2. context deadline exceeded

2026-05-10T00:02:02.036+08:00 [ERRO] keepalive retry register failed, will retry in 2s: etcd grant failed with keepalive ttl "10s": context deadline exceeded
1. etcd grant failed with keepalive ttl "10s"
2. context deadline exceeded

2026-05-10T00:02:09.049+08:00 [ERRO] keepalive retry register failed, will retry in 1s: etcd grant failed with keepalive ttl "10s": context deadline exceeded
1. etcd grant failed with keepalive ttl "10s"
2. context deadline exceeded

2026-05-10T00:02:15.057+08:00 [ERRO] keepalive retry register failed, will retry in 1s: etcd grant failed with keepalive ttl "10s": context deadline exceeded
1. etcd grant failed with keepalive ttl "10s"
2. context deadline exceeded

2026-05-10T00:02:21.076+08:00 [ERRO] keepalive retry register failed, will retry in 3s: etcd grant failed with keepalive ttl "10s": context deadline exceeded
1. etcd grant failed with keepalive ttl "10s"
2. context deadline exceeded

2026-05-10T00:02:29.084+08:00 [ERRO] keepalive retry register failed, will retry in 1s: etcd grant failed with keepalive ttl "10s": context deadline exceeded
1. etcd grant failed with keepalive ttl "10s"
2. context deadline exceeded

2026-05-10T00:02:35.097+08:00 [ERRO] keepalive retry register failed, will retry in 3s: etcd grant failed with keepalive ttl "10s": context deadline exceeded
1. etcd grant failed with keepalive ttl "10s"
2. context deadline exceeded

2026-05-10T00:02:43.107+08:00 [ERRO] keepalive retry register failed, will retry in 1s: etcd grant failed with keepalive ttl "10s": context deadline exceeded
1. etcd grant failed with keepalive ttl "10s"
2. context deadline exceeded

2026-05-10T00:02:49.123+08:00 [ERRO] keepalive retry register failed, will retry in 3s: etcd grant failed with keepalive ttl "10s": context deadline exceeded
1. etcd grant failed with keepalive ttl "10s"
2. context deadline exceeded

2026-05-10T00:02:57.167+08:00 [ERRO] keepalive retry register failed, will retry in 1s: etcd grant failed with keepalive ttl "10s": context deadline exceeded
1. etcd grant failed with keepalive ttl "10s"
2. context deadline exceeded

2026-05-10T00:03:03.173+08:00 [ERRO] keepalive retry register failed, will retry in 1s: etcd grant failed with keepalive ttl "10s": context deadline exceeded
1. etcd grant failed with keepalive ttl "10s"
2. context deadline exceeded

2026-05-10T00:03:09.183+08:00 [ERRO] keepalive retry register failed, will retry in 2s: etcd grant failed with keepalive ttl "10s": context deadline exceeded
1. etcd grant failed with keepalive ttl "10s"
2. context deadline exceeded

2026-05-10T00:03:16.192+08:00 [ERRO] keepalive retry register failed, will retry in 1s: etcd grant failed with keepalive ttl "10s": context deadline exceeded
1. etcd grant failed with keepalive ttl "10s"
2. context deadline exceeded

2026-05-10T00:03:22.199+08:00 [ERRO] keepalive retry register failed, will retry in 3s: etcd grant failed with keepalive ttl "10s": context deadline exceeded
1. etcd grant failed with keepalive ttl "10s"
2. context deadline exceeded

2026-05-10T00:03:30.211+08:00 [ERRO] keepalive retry register failed, will retry in 1s: etcd grant failed with keepalive ttl "10s": context deadline exceeded
1. etcd grant failed with keepalive ttl "10s"
2. context deadline exceeded

2026-05-10T00:03:36.221+08:00 [ERRO] keepalive retry register failed, will retry in 3s: etcd grant failed with keepalive ttl "10s": context deadline exceeded
1. etcd grant failed with keepalive ttl "10s"
2. context deadline exceeded

2026-05-10T00:03:44.228+08:00 [ERRO] keepalive retry register failed, will retry in 1s: etcd grant failed with keepalive ttl "10s": context deadline exceeded
1. etcd grant failed with keepalive ttl "10s"
2. context deadline exceeded

2026-05-10T00:03:50.234+08:00 [ERRO] keepalive retry register failed, will retry in 1s: etcd grant failed with keepalive ttl "10s": context deadline exceeded
1. etcd grant failed with keepalive ttl "10s"
2. context deadline exceeded

2026-05-10T00:03:56.243+08:00 [ERRO] keepalive retry register failed, will retry in 1s: etcd grant failed with keepalive ttl "10s": context deadline exceeded
1. etcd grant failed with keepalive ttl "10s"
2. context deadline exceeded

2026-05-10T00:04:02.247+08:00 [ERRO] keepalive retry register failed, will retry in 3s: etcd grant failed with keepalive ttl "10s": context deadline exceeded
1. etcd grant failed with keepalive ttl "10s"
2. context deadline exceeded

2026-05-10T00:04:10.255+08:00 [ERRO] keepalive retry register failed, will retry in 1s: etcd grant failed with keepalive ttl "10s": context deadline exceeded
1. etcd grant failed with keepalive ttl "10s"
2. context deadline exceeded

2026-05-10T00:04:16.260+08:00 [ERRO] keepalive retry register failed, will retry in 1s: etcd grant failed with keepalive ttl "10s": context deadline exceeded
1. etcd grant failed with keepalive ttl "10s"
2. context deadline exceeded

2026-05-10T00:04:22.266+08:00 [ERRO] keepalive retry register failed, will retry in 1s: etcd grant failed with keepalive ttl "10s": context deadline exceeded
1. etcd grant failed with keepalive ttl "10s"
2. context deadline exceeded

2026-05-10T00:04:28.289+08:00 [ERRO] keepalive retry register failed, will retry in 3s: etcd grant failed with keepalive ttl "10s": context deadline exceeded
1. etcd grant failed with keepalive ttl "10s"
2. context deadline exceeded

2026-05-10T00:04:36.297+08:00 [ERRO] keepalive retry register failed, will retry in 1s: etcd grant failed with keepalive ttl "10s": context deadline exceeded
1. etcd grant failed with keepalive ttl "10s"
2. context deadline exceeded

2026-05-10T00:04:42.304+08:00 [ERRO] keepalive retry register failed, will retry in 1s: etcd grant failed with keepalive ttl "10s": context deadline exceeded
1. etcd grant failed with keepalive ttl "10s"
2. context deadline exceeded

2026-05-10T00:04:48.334+08:00 [ERRO] keepalive retry register failed, will retry in 2s: etcd grant failed with keepalive ttl "10s": context deadline exceeded
1. etcd grant failed with keepalive ttl "10s"
2. context deadline exceeded

2026-05-10T00:04:55.346+08:00 [ERRO] keepalive retry register failed, will retry in 1s: etcd grant failed with keepalive ttl "10s": context deadline exceeded
1. etcd grant failed with keepalive ttl "10s"
2. context deadline exceeded

2026-05-10T00:05:01.352+08:00 [ERRO] keepalive retry register failed, will retry in 2s: etcd grant failed with keepalive ttl "10s": context deadline exceeded
1. etcd grant failed with keepalive ttl "10s"
2. context deadline exceeded

2026-05-10T00:05:08.358+08:00 [ERRO] keepalive retry register failed, will retry in 2s: etcd grant failed with keepalive ttl "10s": context deadline exceeded
1. etcd grant failed with keepalive ttl "10s"
2. context deadline exceeded

2026-05-10T00:05:15.365+08:00 [ERRO] keepalive retry register failed, will retry in 1s: etcd grant failed with keepalive ttl "10s": context deadline exceeded
1. etcd grant failed with keepalive ttl "10s"
2. context deadline exceeded

2026-05-10T00:05:21.373+08:00 [ERRO] keepalive retry register failed, will retry in 2s: etcd grant failed with keepalive ttl "10s": context deadline exceeded
1. etcd grant failed with keepalive ttl "10s"
2. context deadline exceeded

2026-05-10T00:05:28.376+08:00 [ERRO] keepalive retry register failed, will retry in 2s: etcd grant failed with keepalive ttl "10s": context deadline exceeded
1. etcd grant failed with keepalive ttl "10s"
2. context deadline exceeded

2026-05-10T00:05:35.379+08:00 [ERRO] keepalive retry register failed, will retry in 3s: etcd grant failed with keepalive ttl "10s": context deadline exceeded
1. etcd grant failed with keepalive ttl "10s"
2. context deadline exceeded

2026-05-10T00:05:43.386+08:00 [ERRO] keepalive retry register failed, will retry in 3s: etcd grant failed with keepalive ttl "10s": context deadline exceeded
1. etcd grant failed with keepalive ttl "10s"
2. context deadline exceeded

2026-05-10T00:05:51.397+08:00 [ERRO] keepalive retry register failed, will retry in 1s: etcd grant failed with keepalive ttl "10s": context deadline exceeded
1. etcd grant failed with keepalive ttl "10s"
2. context deadline exceeded

2026-05-10T00:05:57.404+08:00 [ERRO] keepalive retry register failed, will retry in 2s: etcd grant failed with keepalive ttl "10s": context deadline exceeded
1. etcd grant failed with keepalive ttl "10s"
2. context deadline exceeded

2026-05-10T00:06:04.408+08:00 [ERRO] keepalive retry register failed, will retry in 2s: etcd grant failed with keepalive ttl "10s": context deadline exceeded
1. etcd grant failed with keepalive ttl "10s"
2. context deadline exceeded

2026-05-10T00:06:11.415+08:00 [ERRO] keepalive retry register failed, will retry in 3s: etcd grant failed with keepalive ttl "10s": context deadline exceeded
1. etcd grant failed with keepalive ttl "10s"
2. context deadline exceeded

2026-05-10T00:06:19.423+08:00 [ERRO] keepalive retry register failed, will retry in 3s: etcd grant failed with keepalive ttl "10s": context deadline exceeded
1. etcd grant failed with keepalive ttl "10s"
2. context deadline exceeded

2026-05-10T00:06:27.426+08:00 [ERRO] keepalive retry register failed, will retry in 3s: etcd grant failed with keepalive ttl "10s": context deadline exceeded
1. etcd grant failed with keepalive ttl "10s"
2. context deadline exceeded

2026-05-10T00:06:35.433+08:00 [ERRO] keepalive retry register failed, will retry in 2s: etcd grant failed with keepalive ttl "10s": context deadline exceeded
1. etcd grant failed with keepalive ttl "10s"
2. context deadline exceeded

2026-05-10T00:06:42.441+08:00 [ERRO] keepalive retry register failed, will retry in 2s: etcd grant failed with keepalive ttl "10s": context deadline exceeded
1. etcd grant failed with keepalive ttl "10s"
2. context deadline exceeded

2026-05-10T00:06:49.448+08:00 [ERRO] keepalive retry register failed, will retry in 3s: etcd grant failed with keepalive ttl "10s": context deadline exceeded
1. etcd grant failed with keepalive ttl "10s"
2. context deadline exceeded

2026-05-10T00:06:57.453+08:00 [ERRO] keepalive retry register failed, will retry in 1s: etcd grant failed with keepalive ttl "10s": context deadline exceeded
1. etcd grant failed with keepalive ttl "10s"
2. context deadline exceeded

2026-05-10T00:07:03.461+08:00 [ERRO] keepalive retry register failed, will retry in 1s: etcd grant failed with keepalive ttl "10s": context deadline exceeded
1. etcd grant failed with keepalive ttl "10s"
2. context deadline exceeded

2026-05-10T00:07:09.468+08:00 [ERRO] keepalive retry register failed, will retry in 3s: etcd grant failed with keepalive ttl "10s": context deadline exceeded
1. etcd grant failed with keepalive ttl "10s"
2. context deadline exceeded

2026-05-10T00:07:17.476+08:00 [ERRO] keepalive retry register failed, will retry in 2s: etcd grant failed with keepalive ttl "10s": context deadline exceeded
1. etcd grant failed with keepalive ttl "10s"
2. context deadline exceeded

2026-05-10T00:07:24.485+08:00 [ERRO] keepalive retry register failed, will retry in 3s: etcd grant failed with keepalive ttl "10s": context deadline exceeded
1. etcd grant failed with keepalive ttl "10s"
2. context deadline exceeded

2026-05-10T00:07:32.492+08:00 [ERRO] keepalive retry register failed, will retry in 1s: etcd grant failed with keepalive ttl "10s": context deadline exceeded
1. etcd grant failed with keepalive ttl "10s"
2. context deadline exceeded

2026-05-10T00:07:38.497+08:00 [ERRO] keepalive retry register failed, will retry in 1s: etcd grant failed with keepalive ttl "10s": context deadline exceeded
1. etcd grant failed with keepalive ttl "10s"
2. context deadline exceeded

2026-05-10T00:07:44.505+08:00 [ERRO] keepalive retry register failed, will retry in 2s: etcd grant failed with keepalive ttl "10s": context deadline exceeded
1. etcd grant failed with keepalive ttl "10s"
2. context deadline exceeded

2026-05-10T00:07:51.513+08:00 [ERRO] keepalive retry register failed, will retry in 1s: etcd grant failed with keepalive ttl "10s": context deadline exceeded
1. etcd grant failed with keepalive ttl "10s"
2. context deadline exceeded

2026-05-10T00:07:57.524+08:00 [ERRO] keepalive retry register failed, will retry in 3s: etcd grant failed with keepalive ttl "10s": context deadline exceeded
1. etcd grant failed with keepalive ttl "10s"
2. context deadline exceeded

2026-05-10T00:08:05.530+08:00 [ERRO] keepalive retry register failed, will retry in 3s: etcd grant failed with keepalive ttl "10s": context deadline exceeded
1. etcd grant failed with keepalive ttl "10s"
2. context deadline exceeded

2026-05-10T00:08:13.536+08:00 [ERRO] keepalive retry register failed, will retry in 3s: etcd grant failed with keepalive ttl "10s": context deadline exceeded
1. etcd grant failed with keepalive ttl "10s"
2. context deadline exceeded

2026-05-10T00:08:21.544+08:00 [ERRO] keepalive retry register failed, will retry in 2s: etcd grant failed with keepalive ttl "10s": context deadline exceeded
1. etcd grant failed with keepalive ttl "10s"
2. context deadline exceeded

2026-05-10T00:08:28.549+08:00 [ERRO] keepalive retry register failed, will retry in 2s: etcd grant failed with keepalive ttl "10s": context deadline exceeded
1. etcd grant failed with keepalive ttl "10s"
2. context deadline exceeded

2026-05-10T00:08:35.553+08:00 [ERRO] keepalive retry register failed, will retry in 2s: etcd grant failed with keepalive ttl "10s": context deadline exceeded
1. etcd grant failed with keepalive ttl "10s"
2. context deadline exceeded

2026-05-10T00:08:42.558+08:00 [ERRO] keepalive retry register failed, will retry in 1s: etcd grant failed with keepalive ttl "10s": context deadline exceeded
1. etcd grant failed with keepalive ttl "10s"
2. context deadline exceeded

2026-05-10T00:08:48.567+08:00 [ERRO] keepalive retry register failed, will retry in 2s: etcd grant failed with keepalive ttl "10s": context deadline exceeded
1. etcd grant failed with keepalive ttl "10s"
2. context deadline exceeded

2026-05-10T00:08:55.574+08:00 [ERRO] keepalive retry register failed, will retry in 1s: etcd grant failed with keepalive ttl "10s": context deadline exceeded
1. etcd grant failed with keepalive ttl "10s"
2. context deadline exceeded

2026-05-10T00:09:01.639+08:00 [ERRO] keepalive retry register failed, will retry in 3s: etcd grant failed with keepalive ttl "10s": context deadline exceeded
1. etcd grant failed with keepalive ttl "10s"
2. context deadline exceeded

2026-05-10T00:09:09.645+08:00 [ERRO] keepalive retry register failed, will retry in 1s: etcd grant failed with keepalive ttl "10s": context deadline exceeded
1. etcd grant failed with keepalive ttl "10s"
2. context deadline exceeded

2026-05-10T00:09:15.650+08:00 [ERRO] keepalive retry register failed, will retry in 3s: etcd grant failed with keepalive ttl "10s": context deadline exceeded
1. etcd grant failed with keepalive ttl "10s"
2. context deadline exceeded

2026-05-10T00:09:23.653+08:00 [ERRO] keepalive retry register failed, will retry in 2s: etcd grant failed with keepalive ttl "10s": context deadline exceeded
1. etcd grant failed with keepalive ttl "10s"
2. context deadline exceeded

2026-05-10T00:09:30.660+08:00 [ERRO] keepalive retry register failed, will retry in 2s: etcd grant failed with keepalive ttl "10s": context deadline exceeded
1. etcd grant failed with keepalive ttl "10s"
2. context deadline exceeded

2026-05-10T00:09:37.667+08:00 [ERRO] keepalive retry register failed, will retry in 1s: etcd grant failed with keepalive ttl "10s": context deadline exceeded
1. etcd grant failed with keepalive ttl "10s"
2. context deadline exceeded

2026-05-10T00:09:43.676+08:00 [ERRO] keepalive retry register failed, will retry in 1s: etcd grant failed with keepalive ttl "10s": context deadline exceeded
1. etcd grant failed with keepalive ttl "10s"
2. context deadline exceeded

2026-05-10T00:09:49.684+08:00 [ERRO] keepalive retry register failed, will retry in 1s: etcd grant failed with keepalive ttl "10s": context deadline exceeded
1. etcd grant failed with keepalive ttl "10s"
2. context deadline exceeded

2026-05-10T00:09:55.688+08:00 [ERRO] keepalive retry register failed, will retry in 3s: etcd grant failed with keepalive ttl "10s": context deadline exceeded
1. etcd grant failed with keepalive ttl "10s"
2. context deadline exceeded

2026-05-10T00:10:03.705+08:00 [ERRO] keepalive retry register failed, will retry in 3s: etcd grant failed with keepalive ttl "10s": context deadline exceeded
1. etcd grant failed with keepalive ttl "10s"
2. context deadline exceeded

2026-05-10T00:10:11.711+08:00 [ERRO] keepalive retry register failed, will retry in 1s: etcd grant failed with keepalive ttl "10s": context deadline exceeded
1. etcd grant failed with keepalive ttl "10s"
2. context deadline exceeded

2026-05-10T00:10:17.717+08:00 [ERRO] keepalive retry register failed, will retry in 1s: etcd grant failed with keepalive ttl "10s": context deadline exceeded
1. etcd grant failed with keepalive ttl "10s"
2. context deadline exceeded

2026-05-10T00:10:23.724+08:00 [ERRO] keepalive retry register failed, will retry in 1s: etcd grant failed with keepalive ttl "10s": context deadline exceeded
1. etcd grant failed with keepalive ttl "10s"
2. context deadline exceeded

2026-05-10T00:10:29.735+08:00 [ERRO] keepalive retry register failed, will retry in 3s: etcd grant failed with keepalive ttl "10s": context deadline exceeded
1. etcd grant failed with keepalive ttl "10s"
2. context deadline exceeded

2026-05-10T00:10:37.741+08:00 [ERRO] keepalive retry register failed, will retry in 2s: etcd grant failed with keepalive ttl "10s": context deadline exceeded
1. etcd grant failed with keepalive ttl "10s"
2. context deadline exceeded

2026-05-10T00:10:44.745+08:00 [ERRO] keepalive retry register failed, will retry in 2s: etcd grant failed with keepalive ttl "10s": context deadline exceeded
1. etcd grant failed with keepalive ttl "10s"
2. context deadline exceeded

2026-05-10T00:10:51.747+08:00 [ERRO] keepalive retry register failed, will retry in 2s: etcd grant failed with keepalive ttl "10s": context deadline exceeded
1. etcd grant failed with keepalive ttl "10s"
2. context deadline exceeded

2026-05-10T00:10:58.753+08:00 [ERRO] keepalive retry register failed, will retry in 3s: etcd grant failed with keepalive ttl "10s": context deadline exceeded
1. etcd grant failed with keepalive ttl "10s"
2. context deadline exceeded

2026-05-10T00:11:06.759+08:00 [ERRO] keepalive retry register failed, will retry in 2s: etcd grant failed with keepalive ttl "10s": context deadline exceeded
1. etcd grant failed with keepalive ttl "10s"
2. context deadline exceeded

2026-05-10T00:11:13.763+08:00 [ERRO] keepalive retry register failed, will retry in 3s: etcd grant failed with keepalive ttl "10s": context deadline exceeded
1. etcd grant failed with keepalive ttl "10s"
2. context deadline exceeded

2026-05-10T00:11:21.769+08:00 [ERRO] keepalive retry register failed, will retry in 1s: etcd grant failed with keepalive ttl "10s": context deadline exceeded
1. etcd grant failed with keepalive ttl "10s"
2. context deadline exceeded

2026-05-10T00:11:27.775+08:00 [ERRO] keepalive retry register failed, will retry in 2s: etcd grant failed with keepalive ttl "10s": context deadline exceeded
1. etcd grant failed with keepalive ttl "10s"
2. context deadline exceeded

2026-05-10T00:11:34.778+08:00 [ERRO] keepalive retry register failed, will retry in 1s: etcd grant failed with keepalive ttl "10s": context deadline exceeded
1. etcd grant failed with keepalive ttl "10s"
2. context deadline exceeded

2026-05-10T00:11:40.782+08:00 [ERRO] keepalive retry register failed, will retry in 1s: etcd grant failed with keepalive ttl "10s": context deadline exceeded
1. etcd grant failed with keepalive ttl "10s"
2. context deadline exceeded

2026-05-10T00:11:46.786+08:00 [ERRO] keepalive retry register failed, will retry in 1s: etcd grant failed with keepalive ttl "10s": context deadline exceeded
1. etcd grant failed with keepalive ttl "10s"
2. context deadline exceeded

2026-05-10T00:11:52.792+08:00 [ERRO] keepalive retry register failed, will retry in 3s: etcd grant failed with keepalive ttl "10s": context deadline exceeded
1. etcd grant failed with keepalive ttl "10s"
2. context deadline exceeded

2026-05-10T00:12:00.799+08:00 [ERRO] keepalive retry register failed, will retry in 2s: etcd grant failed with keepalive ttl "10s": context deadline exceeded
1. etcd grant failed with keepalive ttl "10s"
2. context deadline exceeded

2026-05-10T00:12:07.805+08:00 [ERRO] keepalive retry register failed, will retry in 1s: etcd grant failed with keepalive ttl "10s": context deadline exceeded
1. etcd grant failed with keepalive ttl "10s"
2. context deadline exceeded

2026-05-10T00:12:13.810+08:00 [ERRO] keepalive retry register failed, will retry in 3s: etcd grant failed with keepalive ttl "10s": context deadline exceeded
1. etcd grant failed with keepalive ttl "10s"
2. context deadline exceeded

2026-05-10T00:12:21.818+08:00 [ERRO] keepalive retry register failed, will retry in 2s: etcd grant failed with keepalive ttl "10s": context deadline exceeded
1. etcd grant failed with keepalive ttl "10s"
2. context deadline exceeded

2026-05-10T00:12:28.822+08:00 [ERRO] keepalive retry register failed, will retry in 3s: etcd grant failed with keepalive ttl "10s": context deadline exceeded
1. etcd grant failed with keepalive ttl "10s"
2. context deadline exceeded

2026-05-10T00:12:36.825+08:00 [ERRO] keepalive retry register failed, will retry in 2s: etcd grant failed with keepalive ttl "10s": context deadline exceeded
1. etcd grant failed with keepalive ttl "10s"
2. context deadline exceeded

2026-05-10T00:12:43.849+08:00 [ERRO] keepalive retry register failed, will retry in 2s: etcd grant failed with keepalive ttl "10s": context deadline exceeded
1. etcd grant failed with keepalive ttl "10s"
2. context deadline exceeded

2026-05-10T00:12:50.853+08:00 [ERRO] keepalive retry register failed, will retry in 3s: etcd grant failed with keepalive ttl "10s": context deadline exceeded
1. etcd grant failed with keepalive ttl "10s"
2. context deadline exceeded

2026-05-10T00:12:58.856+08:00 [ERRO] keepalive retry register failed, will retry in 1s: etcd grant failed with keepalive ttl "10s": context deadline exceeded
1. etcd grant failed with keepalive ttl "10s"
2. context deadline exceeded

2026-05-10T00:13:04.873+08:00 [ERRO] keepalive retry register failed, will retry in 2s: etcd grant failed with keepalive ttl "10s": context deadline exceeded
1. etcd grant failed with keepalive ttl "10s"
2. context deadline exceeded

2026-05-10T00:13:11.876+08:00 [ERRO] keepalive retry register failed, will retry in 1s: etcd grant failed with keepalive ttl "10s": context deadline exceeded
1. etcd grant failed with keepalive ttl "10s"
2. context deadline exceeded

2026-05-10T00:13:17.880+08:00 [ERRO] keepalive retry register failed, will retry in 1s: etcd grant failed with keepalive ttl "10s": context deadline exceeded
1. etcd grant failed with keepalive ttl "10s"
2. context deadline exceeded

2026-05-10T00:13:23.895+08:00 [ERRO] keepalive retry register failed, will retry in 3s: etcd grant failed with keepalive ttl "10s": context deadline exceeded
1. etcd grant failed with keepalive ttl "10s"
2. context deadline exceeded

2026-05-10T00:13:31.903+08:00 [ERRO] keepalive retry register failed, will retry in 1s: etcd grant failed with keepalive ttl "10s": context deadline exceeded
1. etcd grant failed with keepalive ttl "10s"
2. context deadline exceeded

2026-05-10T00:13:37.911+08:00 [ERRO] keepalive retry register failed, will retry in 1s: etcd grant failed with keepalive ttl "10s": context deadline exceeded
1. etcd grant failed with keepalive ttl "10s"
2. context deadline exceeded

2026-05-10T00:13:43.918+08:00 [ERRO] keepalive retry register failed, will retry in 1s: etcd grant failed with keepalive ttl "10s": context deadline exceeded
1. etcd grant failed with keepalive ttl "10s"
2. context deadline exceeded

2026-05-10T00:13:49.924+08:00 [ERRO] keepalive retry register failed, will retry in 3s: etcd grant failed with keepalive ttl "10s": context deadline exceeded
1. etcd grant failed with keepalive ttl "10s"
2. context deadline exceeded

2026-05-10T00:13:57.929+08:00 [ERRO] keepalive retry register failed, will retry in 3s: etcd grant failed with keepalive ttl "10s": context deadline exceeded
1. etcd grant failed with keepalive ttl "10s"
2. context deadline exceeded

2026-05-10T00:14:05.935+08:00 [ERRO] keepalive retry register failed, will retry in 3s: etcd grant failed with keepalive ttl "10s": context deadline exceeded
1. etcd grant failed with keepalive ttl "10s"
2. context deadline exceeded

2026-05-10T00:14:13.941+08:00 [ERRO] keepalive retry register failed, will retry in 1s: etcd grant failed with keepalive ttl "10s": context deadline exceeded
1. etcd grant failed with keepalive ttl "10s"
2. context deadline exceeded

2026-05-10T00:14:19.946+08:00 [ERRO] keepalive retry register failed, will retry in 2s: etcd grant failed with keepalive ttl "10s": context deadline exceeded
1. etcd grant failed with keepalive ttl "10s"
2. context deadline exceeded

2026-05-10T00:14:26.958+08:00 [ERRO] keepalive retry register failed, will retry in 2s: etcd grant failed with keepalive ttl "10s": context deadline exceeded
1. etcd grant failed with keepalive ttl "10s"
2. context deadline exceeded

2026-05-10T00:14:33.968+08:00 [ERRO] keepalive retry register failed, will retry in 1s: etcd grant failed with keepalive ttl "10s": context deadline exceeded
1. etcd grant failed with keepalive ttl "10s"
2. context deadline exceeded

2026-05-10T00:14:39.979+08:00 [ERRO] keepalive retry register failed, will retry in 2s: etcd grant failed with keepalive ttl "10s": context deadline exceeded
1. etcd grant failed with keepalive ttl "10s"
2. context deadline exceeded

2026-05-10T00:14:47.131+08:00 [ERRO] keepalive retry register failed, will retry in 1s: etcd grant failed with keepalive ttl "10s": context deadline exceeded
1. etcd grant failed with keepalive ttl "10s"
2. context deadline exceeded

2026-05-10T00:14:53.173+08:00 [ERRO] keepalive retry register failed, will retry in 3s: etcd grant failed with keepalive ttl "10s": context deadline exceeded
1. etcd grant failed with keepalive ttl "10s"
2. context deadline exceeded

2026-05-10T00:15:01.200+08:00 [ERRO] keepalive retry register failed, will retry in 3s: etcd grant failed with keepalive ttl "10s": context deadline exceeded
1. etcd grant failed with keepalive ttl "10s"
2. context deadline exceeded

2026-05-10T00:15:09.221+08:00 [ERRO] keepalive retry register failed, will retry in 1s: etcd grant failed with keepalive ttl "10s": context deadline exceeded
1. etcd grant failed with keepalive ttl "10s"
2. context deadline exceeded

2026-05-10T00:15:15.255+08:00 [ERRO] keepalive retry register failed, will retry in 2s: etcd grant failed with keepalive ttl "10s": context deadline exceeded
1. etcd grant failed with keepalive ttl "10s"
2. context deadline exceeded

2026-05-10T00:15:22.261+08:00 [ERRO] keepalive retry register failed, will retry in 1s: etcd grant failed with keepalive ttl "10s": context deadline exceeded
1. etcd grant failed with keepalive ttl "10s"
2. context deadline exceeded

2026-05-10T00:15:28.267+08:00 [ERRO] keepalive retry register failed, will retry in 3s: etcd grant failed with keepalive ttl "10s": context deadline exceeded
1. etcd grant failed with keepalive ttl "10s"
2. context deadline exceeded

2026-05-10T00:15:36.274+08:00 [ERRO] keepalive retry register failed, will retry in 2s: etcd grant failed with keepalive ttl "10s": context deadline exceeded
1. etcd grant failed with keepalive ttl "10s"
2. context deadline exceeded

2026-05-10T00:15:43.277+08:00 [ERRO] keepalive retry register failed, will retry in 1s: etcd grant failed with keepalive ttl "10s": context deadline exceeded
1. etcd grant failed with keepalive ttl "10s"
2. context deadline exceeded

2026-05-10T00:15:49.280+08:00 [ERRO] keepalive retry register failed, will retry in 2s: etcd grant failed with keepalive ttl "10s": context deadline exceeded
1. etcd grant failed with keepalive ttl "10s"
2. context deadline exceeded

2026-05-10T00:15:56.285+08:00 [ERRO] keepalive retry register failed, will retry in 3s: etcd grant failed with keepalive ttl "10s": context deadline exceeded
1. etcd grant failed with keepalive ttl "10s"
2. context deadline exceeded

2026-05-10T00:16:04.291+08:00 [ERRO] keepalive retry register failed, will retry in 3s: etcd grant failed with keepalive ttl "10s": context deadline exceeded
1. etcd grant failed with keepalive ttl "10s"
2. context deadline exceeded

2026-05-10T00:16:12.300+08:00 [ERRO] keepalive retry register failed, will retry in 1s: etcd grant failed with keepalive ttl "10s": context deadline exceeded
1. etcd grant failed with keepalive ttl "10s"
2. context deadline exceeded

2026-05-10T00:16:13.347+08:00 [ERRO] keepalive retry register failed, will retry in 2s: etcd grant failed with keepalive ttl "10s": etcdserver: too many requests
1. etcd grant failed with keepalive ttl "10s"
2. etcdserver: too many requests

2026-05-10T00:16:15.352+08:00 [ERRO] keepalive retry register failed, will retry in 1s: etcd grant failed with keepalive ttl "10s": etcdserver: too many requests
1. etcd grant failed with keepalive ttl "10s"
2. etcdserver: too many requests

2026-05-10T00:16:16.359+08:00 [ERRO] keepalive retry register failed, will retry in 1s: etcd grant failed with keepalive ttl "10s": etcdserver: too many requests
1. etcd grant failed with keepalive ttl "10s"
2. etcdserver: too many requests

2026-05-10T00:16:17.367+08:00 [ERRO] keepalive retry register failed, will retry in 3s: etcd grant failed with keepalive ttl "10s": etcdserver: too many requests
1. etcd grant failed with keepalive ttl "10s"
2. etcdserver: too many requests

2026-05-10T00:16:20.374+08:00 [ERRO] keepalive retry register failed, will retry in 3s: etcd grant failed with keepalive ttl "10s": etcdserver: too many requests
1. etcd grant failed with keepalive ttl "10s"
2. etcdserver: too many requests

2026-05-10T00:16:23.379+08:00 [ERRO] keepalive retry register failed, will retry in 1s: etcd grant failed with keepalive ttl "10s": etcdserver: too many requests
1. etcd grant failed with keepalive ttl "10s"
2. etcdserver: too many requests

2026-05-10T00:16:24.383+08:00 [ERRO] keepalive retry register failed, will retry in 3s: etcd grant failed with keepalive ttl "10s": etcdserver: too many requests
1. etcd grant failed with keepalive ttl "10s"
2. etcdserver: too many requests

2026-05-10T00:16:27.385+08:00 [ERRO] keepalive retry register failed, will retry in 1s: etcd grant failed with keepalive ttl "10s": etcdserver: too many requests
1. etcd grant failed with keepalive ttl "10s"
2. etcdserver: too many requests

2026-05-10T00:16:28.391+08:00 [ERRO] keepalive retry register failed, will retry in 1s: etcd grant failed with keepalive ttl "10s": etcdserver: too many requests
1. etcd grant failed with keepalive ttl "10s"
2. etcdserver: too many requests

2026-05-10T00:16:29.398+08:00 [ERRO] keepalive retry register failed, will retry in 2s: etcd grant failed with keepalive ttl "10s": etcdserver: too many requests
1. etcd grant failed with keepalive ttl "10s"
2. etcdserver: too many requests

2026-05-10T00:16:31.406+08:00 [ERRO] keepalive retry register failed, will retry in 1s: etcd grant failed with keepalive ttl "10s": etcdserver: too many requests
1. etcd grant failed with keepalive ttl "10s"
2. etcdserver: too many requests

2026-05-10T00:16:32.413+08:00 [ERRO] keepalive retry register failed, will retry in 3s: etcd grant failed with keepalive ttl "10s": etcdserver: too many requests
1. etcd grant failed with keepalive ttl "10s"
2. etcdserver: too many requests

2026-05-10T00:16:35.422+08:00 [ERRO] keepalive retry register failed, will retry in 1s: etcd grant failed with keepalive ttl "10s": etcdserver: too many requests
1. etcd grant failed with keepalive ttl "10s"
2. etcdserver: too many requests

2026-05-10T00:16:36.430+08:00 [ERRO] keepalive retry register failed, will retry in 3s: etcd grant failed with keepalive ttl "10s": etcdserver: too many requests
1. etcd grant failed with keepalive ttl "10s"
2. etcdserver: too many requests

2026-05-10T00:16:39.438+08:00 [ERRO] keepalive retry register failed, will retry in 2s: etcd grant failed with keepalive ttl "10s": etcdserver: too many requests
1. etcd grant failed with keepalive ttl "10s"
2. etcdserver: too many requests

2026-05-10T00:16:41.445+08:00 [ERRO] keepalive retry register failed, will retry in 3s: etcd grant failed with keepalive ttl "10s": etcdserver: too many requests
1. etcd grant failed with keepalive ttl "10s"
2. etcdserver: too many requests

2026-05-10T00:16:44.454+08:00 [ERRO] keepalive retry register failed, will retry in 2s: etcd grant failed with keepalive ttl "10s": etcdserver: too many requests
1. etcd grant failed with keepalive ttl "10s"
2. etcdserver: too many requests

2026-05-10T00:16:46.457+08:00 [ERRO] keepalive retry register failed, will retry in 2s: etcd grant failed with keepalive ttl "10s": etcdserver: too many requests
1. etcd grant failed with keepalive ttl "10s"
2. etcdserver: too many requests

2026-05-10T00:16:48.462+08:00 [ERRO] keepalive retry register failed, will retry in 3s: etcd grant failed with keepalive ttl "10s": etcdserver: too many requests
1. etcd grant failed with keepalive ttl "10s"
2. etcdserver: too many requests

2026-05-10T00:16:51.467+08:00 [ERRO] keepalive retry register failed, will retry in 3s: etcd grant failed with keepalive ttl "10s": etcdserver: too many requests
1. etcd grant failed with keepalive ttl "10s"
2. etcdserver: too many requests

2026-05-10T00:16:54.472+08:00 [ERRO] keepalive retry register failed, will retry in 1s: etcd grant failed with keepalive ttl "10s": etcdserver: too many requests
1. etcd grant failed with keepalive ttl "10s"
2. etcdserver: too many requests

2026-05-10T00:16:55.477+08:00 [ERRO] keepalive retry register failed, will retry in 3s: etcd grant failed with keepalive ttl "10s": etcdserver: too many requests
1. etcd grant failed with keepalive ttl "10s"
2. etcdserver: too many requests

2026-05-10T00:16:58.485+08:00 [ERRO] keepalive retry register failed, will retry in 3s: etcd grant failed with keepalive ttl "10s": etcdserver: too many requests
1. etcd grant failed with keepalive ttl "10s"
2. etcdserver: too many requests

2026-05-10T00:17:01.493+08:00 [ERRO] keepalive retry register failed, will retry in 3s: etcd grant failed with keepalive ttl "10s": etcdserver: too many requests
1. etcd grant failed with keepalive ttl "10s"
2. etcdserver: too many requests

2026-05-10T00:17:04.500+08:00 [ERRO] keepalive retry register failed, will retry in 2s: etcd grant failed with keepalive ttl "10s": etcdserver: too many requests
1. etcd grant failed with keepalive ttl "10s"
2. etcdserver: too many requests

2026-05-10T00:17:06.509+08:00 [ERRO] keepalive retry register failed, will retry in 1s: etcd grant failed with keepalive ttl "10s": etcdserver: too many requests
1. etcd grant failed with keepalive ttl "10s"
2. etcdserver: too many requests

2026-05-10T00:17:07.518+08:00 [ERRO] keepalive retry register failed, will retry in 1s: etcd grant failed with keepalive ttl "10s": etcdserver: too many requests
1. etcd grant failed with keepalive ttl "10s"
2. etcdserver: too many requests

2026-05-10T00:17:08.527+08:00 [ERRO] keepalive retry register failed, will retry in 3s: etcd grant failed with keepalive ttl "10s": etcdserver: too many requests
1. etcd grant failed with keepalive ttl "10s"
2. etcdserver: too many requests

2026-05-10T00:17:11.530+08:00 [ERRO] keepalive retry register failed, will retry in 1s: etcd grant failed with keepalive ttl "10s": etcdserver: too many requests
1. etcd grant failed with keepalive ttl "10s"
2. etcdserver: too many requests

2026-05-10T00:17:12.537+08:00 [ERRO] keepalive retry register failed, will retry in 2s: etcd grant failed with keepalive ttl "10s": etcdserver: too many requests
1. etcd grant failed with keepalive ttl "10s"
2. etcdserver: too many requests

2026-05-10T00:17:14.546+08:00 [ERRO] keepalive retry register failed, will retry in 1s: etcd grant failed with keepalive ttl "10s": etcdserver: too many requests
1. etcd grant failed with keepalive ttl "10s"
2. etcdserver: too many requests

2026-05-10T00:17:15.550+08:00 [ERRO] keepalive retry register failed, will retry in 2s: etcd grant failed with keepalive ttl "10s": etcdserver: too many requests
1. etcd grant failed with keepalive ttl "10s"
2. etcdserver: too many requests

2026-05-10T00:17:17.558+08:00 [ERRO] keepalive retry register failed, will retry in 1s: etcd grant failed with keepalive ttl "10s": etcdserver: too many requests
1. etcd grant failed with keepalive ttl "10s"
2. etcdserver: too many requests

2026-05-10T00:17:18.562+08:00 [ERRO] keepalive retry register failed, will retry in 2s: etcd grant failed with keepalive ttl "10s": etcdserver: too many requests
1. etcd grant failed with keepalive ttl "10s"
2. etcdserver: too many requests

2026-05-10T00:17:20.571+08:00 [ERRO] keepalive retry register failed, will retry in 2s: etcd grant failed with keepalive ttl "10s": etcdserver: too many requests
1. etcd grant failed with keepalive ttl "10s"
2. etcdserver: too many requests

2026-05-10T00:17:22.575+08:00 [ERRO] keepalive retry register failed, will retry in 1s: etcd grant failed with keepalive ttl "10s": etcdserver: too many requests
1. etcd grant failed with keepalive ttl "10s"
2. etcdserver: too many requests

2026-05-10T00:17:23.578+08:00 [ERRO] keepalive retry register failed, will retry in 3s: etcd grant failed with keepalive ttl "10s": etcdserver: too many requests
1. etcd grant failed with keepalive ttl "10s"
2. etcdserver: too many requests

2026-05-10T00:17:26.584+08:00 [ERRO] keepalive retry register failed, will retry in 3s: etcd grant failed with keepalive ttl "10s": etcdserver: too many requests
1. etcd grant failed with keepalive ttl "10s"
2. etcdserver: too many requests

2026-05-10T00:17:29.588+08:00 [ERRO] keepalive retry register failed, will retry in 3s: etcd grant failed with keepalive ttl "10s": etcdserver: too many requests
1. etcd grant failed with keepalive ttl "10s"
2. etcdserver: too many requests

2026-05-10T00:17:32.596+08:00 [ERRO] keepalive retry register failed, will retry in 1s: etcd grant failed with keepalive ttl "10s": etcdserver: too many requests
1. etcd grant failed with keepalive ttl "10s"
2. etcdserver: too many requests

2026-05-10T00:17:33.600+08:00 [ERRO] keepalive retry register failed, will retry in 1s: etcd grant failed with keepalive ttl "10s": etcdserver: too many requests
1. etcd grant failed with keepalive ttl "10s"
2. etcdserver: too many requests

2026-05-10T00:17:34.608+08:00 [ERRO] keepalive retry register failed, will retry in 1s: etcd grant failed with keepalive ttl "10s": etcdserver: too many requests
1. etcd grant failed with keepalive ttl "10s"
2. etcdserver: too many requests

2026-05-10T00:17:35.616+08:00 [ERRO] keepalive retry register failed, will retry in 1s: etcd grant failed with keepalive ttl "10s": etcdserver: too many requests
1. etcd grant failed with keepalive ttl "10s"
2. etcdserver: too many requests

2026-05-10T00:17:36.621+08:00 [ERRO] keepalive retry register failed, will retry in 1s: etcd grant failed with keepalive ttl "10s": etcdserver: too many requests
1. etcd grant failed with keepalive ttl "10s"
2. etcdserver: too many requests

2026-05-10T00:17:37.627+08:00 [ERRO] keepalive retry register failed, will retry in 1s: etcd grant failed with keepalive ttl "10s": etcdserver: too many requests
1. etcd grant failed with keepalive ttl "10s"
2. etcdserver: too many requests

2026-05-10T00:17:38.632+08:00 [ERRO] keepalive retry register failed, will retry in 3s: etcd grant failed with keepalive ttl "10s": etcdserver: too many requests
1. etcd grant failed with keepalive ttl "10s"
2. etcdserver: too many requests

2026-05-10T00:17:41.648+08:00 [ERRO] keepalive retry register failed, will retry in 2s: etcd grant failed with keepalive ttl "10s": etcdserver: too many requests
1. etcd grant failed with keepalive ttl "10s"
2. etcdserver: too many requests

2026-05-10T00:17:43.655+08:00 [ERRO] keepalive retry register failed, will retry in 2s: etcd grant failed with keepalive ttl "10s": etcdserver: too many requests
1. etcd grant failed with keepalive ttl "10s"
2. etcdserver: too many requests

2026-05-10T00:17:45.658+08:00 [ERRO] keepalive retry register failed, will retry in 1s: etcd grant failed with keepalive ttl "10s": etcdserver: too many requests
1. etcd grant failed with keepalive ttl "10s"
2. etcdserver: too many requests

2026-05-10T00:17:46.661+08:00 [ERRO] keepalive retry register failed, will retry in 3s: etcd grant failed with keepalive ttl "10s": etcdserver: too many requests
1. etcd grant failed with keepalive ttl "10s"
2. etcdserver: too many requests

2026-05-10T00:17:49.664+08:00 [ERRO] keepalive retry register failed, will retry in 1s: etcd grant failed with keepalive ttl "10s": etcdserver: too many requests
1. etcd grant failed with keepalive ttl "10s"
2. etcdserver: too many requests

2026-05-10T00:17:50.668+08:00 [ERRO] keepalive retry register failed, will retry in 1s: etcd grant failed with keepalive ttl "10s": etcdserver: too many requests
1. etcd grant failed with keepalive ttl "10s"
2. etcdserver: too many requests

2026-05-10T00:17:51.672+08:00 [ERRO] keepalive retry register failed, will retry in 3s: etcd grant failed with keepalive ttl "10s": etcdserver: too many requests
1. etcd grant failed with keepalive ttl "10s"
2. etcdserver: too many requests

2026-05-10T00:17:54.676+08:00 [ERRO] keepalive retry register failed, will retry in 2s: etcd grant failed with keepalive ttl "10s": etcdserver: too many requests
1. etcd grant failed with keepalive ttl "10s"
2. etcdserver: too many requests

2026-05-10T00:17:56.679+08:00 [ERRO] keepalive retry register failed, will retry in 2s: etcd grant failed with keepalive ttl "10s": etcdserver: too many requests
1. etcd grant failed with keepalive ttl "10s"
2. etcdserver: too many requests

2026-05-10T00:17:58.684+08:00 [ERRO] keepalive retry register failed, will retry in 2s: etcd grant failed with keepalive ttl "10s": etcdserver: too many requests
1. etcd grant failed with keepalive ttl "10s"
2. etcdserver: too many requests

2026-05-10T00:18:00.691+08:00 [ERRO] keepalive retry register failed, will retry in 2s: etcd grant failed with keepalive ttl "10s": etcdserver: too many requests
1. etcd grant failed with keepalive ttl "10s"
2. etcdserver: too many requests

2026-05-10T00:18:02.695+08:00 [ERRO] keepalive retry register failed, will retry in 3s: etcd grant failed with keepalive ttl "10s": etcdserver: too many requests
1. etcd grant failed with keepalive ttl "10s"
2. etcdserver: too many requests

2026-05-10T00:18:05.702+08:00 [ERRO] keepalive retry register failed, will retry in 1s: etcd grant failed with keepalive ttl "10s": etcdserver: too many requests
1. etcd grant failed with keepalive ttl "10s"
2. etcdserver: too many requests

2026-05-10T00:18:06.709+08:00 [ERRO] keepalive retry register failed, will retry in 2s: etcd grant failed with keepalive ttl "10s": etcdserver: too many requests
1. etcd grant failed with keepalive ttl "10s"
2. etcdserver: too many requests

2026-05-10T00:18:08.713+08:00 [ERRO] keepalive retry register failed, will retry in 3s: etcd grant failed with keepalive ttl "10s": etcdserver: too many requests
1. etcd grant failed with keepalive ttl "10s"
2. etcdserver: too many requests

2026-05-10T00:18:11.720+08:00 [ERRO] keepalive retry register failed, will retry in 3s: etcd grant failed with keepalive ttl "10s": etcdserver: too many requests
1. etcd grant failed with keepalive ttl "10s"
2. etcdserver: too many requests

2026-05-10T00:18:14.725+08:00 [ERRO] keepalive retry register failed, will retry in 2s: etcd grant failed with keepalive ttl "10s": etcdserver: too many requests
1. etcd grant failed with keepalive ttl "10s"
2. etcdserver: too many requests

2026-05-10T00:18:16.730+08:00 [ERRO] keepalive retry register failed, will retry in 1s: etcd grant failed with keepalive ttl "10s": etcdserver: too many requests
1. etcd grant failed with keepalive ttl "10s"
2. etcdserver: too many requests

2026-05-10T00:18:17.734+08:00 [ERRO] keepalive retry register failed, will retry in 1s: etcd grant failed with keepalive ttl "10s": etcdserver: too many requests
1. etcd grant failed with keepalive ttl "10s"
2. etcdserver: too many requests

2026-05-10T00:18:18.741+08:00 [ERRO] keepalive retry register failed, will retry in 1s: etcd grant failed with keepalive ttl "10s": etcdserver: too many requests
1. etcd grant failed with keepalive ttl "10s"
2. etcdserver: too many requests

2026-05-10T00:18:19.748+08:00 [ERRO] keepalive retry register failed, will retry in 3s: etcd grant failed with keepalive ttl "10s": etcdserver: too many requests
1. etcd grant failed with keepalive ttl "10s"
2. etcdserver: too many requests

2026-05-10T00:18:22.755+08:00 [ERRO] keepalive retry register failed, will retry in 3s: etcd grant failed with keepalive ttl "10s": etcdserver: too many requests
1. etcd grant failed with keepalive ttl "10s"
2. etcdserver: too many requests

2026-05-10T00:18:25.763+08:00 [ERRO] keepalive retry register failed, will retry in 3s: etcd grant failed with keepalive ttl "10s": etcdserver: too many requests
1. etcd grant failed with keepalive ttl "10s"
2. etcdserver: too many requests

2026-05-10T00:18:28.771+08:00 [ERRO] keepalive retry register failed, will retry in 3s: etcd grant failed with keepalive ttl "10s": etcdserver: too many requests
1. etcd grant failed with keepalive ttl "10s"
2. etcdserver: too many requests

2026-05-10T00:18:31.779+08:00 [ERRO] keepalive retry register failed, will retry in 1s: etcd grant failed with keepalive ttl "10s": etcdserver: too many requests
1. etcd grant failed with keepalive ttl "10s"
2. etcdserver: too many requests

2026-05-10T00:18:32.786+08:00 [ERRO] keepalive retry register failed, will retry in 2s: etcd grant failed with keepalive ttl "10s": etcdserver: too many requests
1. etcd grant failed with keepalive ttl "10s"
2. etcdserver: too many requests

2026-05-10T00:18:34.793+08:00 [ERRO] keepalive retry register failed, will retry in 3s: etcd grant failed with keepalive ttl "10s": etcdserver: too many requests
1. etcd grant failed with keepalive ttl "10s"
2. etcdserver: too many requests

2026-05-10T00:18:37.800+08:00 [ERRO] keepalive retry register failed, will retry in 2s: etcd grant failed with keepalive ttl "10s": etcdserver: too many requests
1. etcd grant failed with keepalive ttl "10s"
2. etcdserver: too many requests

2026-05-10T00:18:39.808+08:00 [ERRO] keepalive retry register failed, will retry in 3s: etcd grant failed with keepalive ttl "10s": etcdserver: too many requests
1. etcd grant failed with keepalive ttl "10s"
2. etcdserver: too many requests

2026-05-10T00:18:42.814+08:00 [ERRO] keepalive retry register failed, will retry in 2s: etcd grant failed with keepalive ttl "10s": etcdserver: too many requests
1. etcd grant failed with keepalive ttl "10s"
2. etcdserver: too many requests

2026-05-10T00:18:44.821+08:00 [ERRO] keepalive retry register failed, will retry in 3s: etcd grant failed with keepalive ttl "10s": etcdserver: too many requests
1. etcd grant failed with keepalive ttl "10s"
2. etcdserver: too many requests

2026-05-10T00:18:47.828+08:00 [ERRO] keepalive retry register failed, will retry in 3s: etcd grant failed with keepalive ttl "10s": etcdserver: too many requests
1. etcd grant failed with keepalive ttl "10s"
2. etcdserver: too many requests

2026-05-10T00:18:50.836+08:00 [ERRO] keepalive retry register failed, will retry in 2s: etcd grant failed with keepalive ttl "10s": etcdserver: too many requests
1. etcd grant failed with keepalive ttl "10s"
2. etcdserver: too many requests

2026-05-10T00:18:52.844+08:00 [ERRO] keepalive retry register failed, will retry in 3s: etcd grant failed with keepalive ttl "10s": etcdserver: too many requests
1. etcd grant failed with keepalive ttl "10s"
2. etcdserver: too many requests

2026-05-10T00:18:55.853+08:00 [ERRO] keepalive retry register failed, will retry in 2s: etcd grant failed with keepalive ttl "10s": etcdserver: too many requests
1. etcd grant failed with keepalive ttl "10s"
2. etcdserver: too many requests

2026-05-10T00:18:57.863+08:00 [ERRO] keepalive retry register failed, will retry in 2s: etcd grant failed with keepalive ttl "10s": etcdserver: too many requests
1. etcd grant failed with keepalive ttl "10s"
2. etcdserver: too many requests

2026-05-10T00:18:59.869+08:00 [ERRO] keepalive retry register failed, will retry in 3s: etcd grant failed with keepalive ttl "10s": etcdserver: too many requests
1. etcd grant failed with keepalive ttl "10s"
2. etcdserver: too many requests

2026-05-10T00:19:02.877+08:00 [ERRO] keepalive retry register failed, will retry in 2s: etcd grant failed with keepalive ttl "10s": etcdserver: too many requests
1. etcd grant failed with keepalive ttl "10s"
2. etcdserver: too many requests

2026-05-10T00:19:04.886+08:00 [ERRO] keepalive retry register failed, will retry in 1s: etcd grant failed with keepalive ttl "10s": etcdserver: too many requests
1. etcd grant failed with keepalive ttl "10s"
2. etcdserver: too many requests

2026-05-10T00:19:05.889+08:00 [ERRO] keepalive retry register failed, will retry in 2s: etcd grant failed with keepalive ttl "10s": etcdserver: too many requests
1. etcd grant failed with keepalive ttl "10s"
2. etcdserver: too many requests

2026-05-10T00:19:07.893+08:00 [ERRO] keepalive retry register failed, will retry in 2s: etcd grant failed with keepalive ttl "10s": etcdserver: too many requests
1. etcd grant failed with keepalive ttl "10s"
2. etcdserver: too many requests

2026-05-10T00:19:09.900+08:00 [ERRO] keepalive retry register failed, will retry in 3s: etcd grant failed with keepalive ttl "10s": etcdserver: too many requests
1. etcd grant failed with keepalive ttl "10s"
2. etcdserver: too many requests

2026-05-10T00:19:12.908+08:00 [ERRO] keepalive retry register failed, will retry in 1s: etcd grant failed with keepalive ttl "10s": etcdserver: too many requests
1. etcd grant failed with keepalive ttl "10s"
2. etcdserver: too many requests

2026-05-10T00:19:13.911+08:00 [ERRO] keepalive retry register failed, will retry in 1s: etcd grant failed with keepalive ttl "10s": etcdserver: too many requests
1. etcd grant failed with keepalive ttl "10s"
2. etcdserver: too many requests

2026-05-10T00:19:14.913+08:00 [ERRO] keepalive retry register failed, will retry in 1s: etcd grant failed with keepalive ttl "10s": etcdserver: too many requests
1. etcd grant failed with keepalive ttl "10s"
2. etcdserver: too many requests

2026-05-10T00:19:15.916+08:00 [ERRO] keepalive retry register failed, will retry in 1s: etcd grant failed with keepalive ttl "10s": etcdserver: too many requests
1. etcd grant failed with keepalive ttl "10s"
2. etcdserver: too many requests

2026-05-10T00:19:16.932+08:00 [ERRO] keepalive retry register failed, will retry in 1s: etcd grant failed with keepalive ttl "10s": etcdserver: too many requests
1. etcd grant failed with keepalive ttl "10s"
2. etcdserver: too many requests

2026-05-10T00:19:17.935+08:00 [ERRO] keepalive retry register failed, will retry in 2s: etcd grant failed with keepalive ttl "10s": etcdserver: too many requests
1. etcd grant failed with keepalive ttl "10s"
2. etcdserver: too many requests

2026-05-10T00:19:19.942+08:00 [ERRO] keepalive retry register failed, will retry in 3s: etcd grant failed with keepalive ttl "10s": etcdserver: too many requests
1. etcd grant failed with keepalive ttl "10s"
2. etcdserver: too many requests

2026-05-10T00:19:22.949+08:00 [ERRO] keepalive retry register failed, will retry in 1s: etcd grant failed with keepalive ttl "10s": etcdserver: too many requests
1. etcd grant failed with keepalive ttl "10s"
2. etcdserver: too many requests

2026-05-10T00:19:23.958+08:00 [ERRO] keepalive retry register failed, will retry in 2s: etcd grant failed with keepalive ttl "10s": etcdserver: too many requests
1. etcd grant failed with keepalive ttl "10s"
2. etcdserver: too many requests

2026-05-10T00:19:25.965+08:00 [ERRO] keepalive retry register failed, will retry in 2s: etcd grant failed with keepalive ttl "10s": etcdserver: too many requests
1. etcd grant failed with keepalive ttl "10s"
2. etcdserver: too many requests

2026-05-10T00:19:27.971+08:00 [ERRO] keepalive retry register failed, will retry in 3s: etcd grant failed with keepalive ttl "10s": etcdserver: too many requests
1. etcd grant failed with keepalive ttl "10s"
2. etcdserver: too many requests

2026-05-10T00:19:30.978+08:00 [ERRO] keepalive retry register failed, will retry in 1s: etcd grant failed with keepalive ttl "10s": etcdserver: too many requests
1. etcd grant failed with keepalive ttl "10s"
2. etcdserver: too many requests

2026-05-10T00:19:31.985+08:00 [ERRO] keepalive retry register failed, will retry in 2s: etcd grant failed with keepalive ttl "10s": etcdserver: too many requests
1. etcd grant failed with keepalive ttl "10s"
2. etcdserver: too many requests

2026-05-10T00:19:33.989+08:00 [ERRO] keepalive retry register failed, will retry in 3s: etcd grant failed with keepalive ttl "10s": etcdserver: too many requests
1. etcd grant failed with keepalive ttl "10s"
2. etcdserver: too many requests

2026-05-10T00:19:37.025+08:00 [ERRO] keepalive retry register failed, will retry in 1s: etcd grant failed with keepalive ttl "10s": etcdserver: too many requests
1. etcd grant failed with keepalive ttl "10s"
2. etcdserver: too many requests

2026-05-10T00:19:38.032+08:00 [ERRO] keepalive retry register failed, will retry in 2s: etcd grant failed with keepalive ttl "10s": etcdserver: too many requests
1. etcd grant failed with keepalive ttl "10s"
2. etcdserver: too many requests

2026-05-10T00:19:40.037+08:00 [ERRO] keepalive retry register failed, will retry in 3s: etcd grant failed with keepalive ttl "10s": etcdserver: too many requests
1. etcd grant failed with keepalive ttl "10s"
2. etcdserver: too many requests

2026-05-10T00:19:43.040+08:00 [ERRO] keepalive retry register failed, will retry in 2s: etcd grant failed with keepalive ttl "10s": etcdserver: too many requests
1. etcd grant failed with keepalive ttl "10s"
2. etcdserver: too many requests

2026-05-10T00:19:45.042+08:00 [ERRO] keepalive retry register failed, will retry in 2s: etcd grant failed with keepalive ttl "10s": etcdserver: too many requests
1. etcd grant failed with keepalive ttl "10s"
2. etcdserver: too many requests

2026-05-10T00:19:47.046+08:00 [ERRO] keepalive retry register failed, will retry in 3s: etcd grant failed with keepalive ttl "10s": etcdserver: too many requests
1. etcd grant failed with keepalive ttl "10s"
2. etcdserver: too many requests

2026-05-10T00:19:50.049+08:00 [ERRO] keepalive retry register failed, will retry in 1s: etcd grant failed with keepalive ttl "10s": etcdserver: too many requests
1. etcd grant failed with keepalive ttl "10s"
2. etcdserver: too many requests

2026-05-10T00:19:51.053+08:00 [ERRO] keepalive retry register failed, will retry in 3s: etcd grant failed with keepalive ttl "10s": etcdserver: too many requests
1. etcd grant failed with keepalive ttl "10s"
2. etcdserver: too many requests

2026-05-10T00:19:54.056+08:00 [ERRO] keepalive retry register failed, will retry in 1s: etcd grant failed with keepalive ttl "10s": etcdserver: too many requests
1. etcd grant failed with keepalive ttl "10s"
2. etcdserver: too many requests

2026-05-10T00:19:55.059+08:00 [ERRO] keepalive retry register failed, will retry in 2s: etcd grant failed with keepalive ttl "10s": etcdserver: too many requests
1. etcd grant failed with keepalive ttl "10s"
2. etcdserver: too many requests

2026-05-10T00:19:57.063+08:00 [ERRO] keepalive retry register failed, will retry in 1s: etcd grant failed with keepalive ttl "10s": etcdserver: too many requests
1. etcd grant failed with keepalive ttl "10s"
2. etcdserver: too many requests

2026-05-10T00:19:58.066+08:00 [ERRO] keepalive retry register failed, will retry in 2s: etcd grant failed with keepalive ttl "10s": etcdserver: too many requests
1. etcd grant failed with keepalive ttl "10s"
2. etcdserver: too many requests

2026-05-10T00:20:00.077+08:00 [ERRO] keepalive retry register failed, will retry in 3s: etcd grant failed with keepalive ttl "10s": etcdserver: too many requests
1. etcd grant failed with keepalive ttl "10s"
2. etcdserver: too many requests

2026-05-10T00:20:03.080+08:00 [ERRO] keepalive retry register failed, will retry in 2s: etcd grant failed with keepalive ttl "10s": etcdserver: too many requests
1. etcd grant failed with keepalive ttl "10s"
2. etcdserver: too many requests

2026-05-10T00:20:05.082+08:00 [ERRO] keepalive retry register failed, will retry in 2s: etcd grant failed with keepalive ttl "10s": etcdserver: too many requests
1. etcd grant failed with keepalive ttl "10s"
2. etcdserver: too many requests

2026-05-10T00:20:07.085+08:00 [ERRO] keepalive retry register failed, will retry in 3s: etcd grant failed with keepalive ttl "10s": etcdserver: too many requests
1. etcd grant failed with keepalive ttl "10s"
2. etcdserver: too many requests

2026-05-10T00:20:10.102+08:00 [ERRO] keepalive retry register failed, will retry in 3s: etcd grant failed with keepalive ttl "10s": etcdserver: too many requests
1. etcd grant failed with keepalive ttl "10s"
2. etcdserver: too many requests

2026-05-10T00:20:13.109+08:00 [ERRO] keepalive retry register failed, will retry in 2s: etcd grant failed with keepalive ttl "10s": etcdserver: too many requests
1. etcd grant failed with keepalive ttl "10s"
2. etcdserver: too many requests

2026-05-10T00:20:15.152+08:00 [ERRO] keepalive retry register failed, will retry in 1s: etcd grant failed with keepalive ttl "10s": etcdserver: too many requests
1. etcd grant failed with keepalive ttl "10s"
2. etcdserver: too many requests

2026-05-10T00:20:16.156+08:00 [ERRO] keepalive retry register failed, will retry in 1s: etcd grant failed with keepalive ttl "10s": etcdserver: too many requests
1. etcd grant failed with keepalive ttl "10s"
2. etcdserver: too many requests

2026-05-10T00:20:17.161+08:00 [ERRO] keepalive retry register failed, will retry in 2s: etcd grant failed with keepalive ttl "10s": etcdserver: too many requests
1. etcd grant failed with keepalive ttl "10s"
2. etcdserver: too many requests

2026-05-10T00:20:19.167+08:00 [ERRO] keepalive retry register failed, will retry in 2s: etcd grant failed with keepalive ttl "10s": etcdserver: too many requests
1. etcd grant failed with keepalive ttl "10s"
2. etcdserver: too many requests

2026-05-10T00:20:21.174+08:00 [ERRO] keepalive retry register failed, will retry in 3s: etcd grant failed with keepalive ttl "10s": etcdserver: too many requests
1. etcd grant failed with keepalive ttl "10s"
2. etcdserver: too many requests

2026-05-10T00:20:24.182+08:00 [ERRO] keepalive retry register failed, will retry in 3s: etcd grant failed with keepalive ttl "10s": etcdserver: too many requests
1. etcd grant failed with keepalive ttl "10s"
2. etcdserver: too many requests

2026-05-10T00:20:27.186+08:00 [ERRO] keepalive retry register failed, will retry in 2s: etcd grant failed with keepalive ttl "10s": etcdserver: too many requests
1. etcd grant failed with keepalive ttl "10s"
2. etcdserver: too many requests

2026-05-10T00:20:29.190+08:00 [ERRO] keepalive retry register failed, will retry in 3s: etcd grant failed with keepalive ttl "10s": etcdserver: too many requests
1. etcd grant failed with keepalive ttl "10s"
2. etcdserver: too many requests

2026-05-10T00:20:32.192+08:00 [ERRO] keepalive retry register failed, will retry in 2s: etcd grant failed with keepalive ttl "10s": etcdserver: too many requests
1. etcd grant failed with keepalive ttl "10s"
2. etcdserver: too many requests

2026-05-10T00:20:34.198+08:00 [ERRO] keepalive retry register failed, will retry in 1s: etcd grant failed with keepalive ttl "10s": etcdserver: too many requests
1. etcd grant failed with keepalive ttl "10s"
2. etcdserver: too many requests

2026-05-10T00:20:35.207+08:00 [ERRO] keepalive retry register failed, will retry in 2s: etcd grant failed with keepalive ttl "10s": etcdserver: too many requests
1. etcd grant failed with keepalive ttl "10s"
2. etcdserver: too many requests

2026-05-10T00:20:37.210+08:00 [ERRO] keepalive retry register failed, will retry in 3s: etcd grant failed with keepalive ttl "10s": etcdserver: too many requests
1. etcd grant failed with keepalive ttl "10s"
2. etcdserver: too many requests

2026-05-10T00:20:40.231+08:00 [ERRO] keepalive retry register failed, will retry in 3s: etcd grant failed with keepalive ttl "10s": etcdserver: too many requests
1. etcd grant failed with keepalive ttl "10s"
2. etcdserver: too many requests

2026-05-10T00:20:43.325+08:00 [ERRO] keepalive retry register failed, will retry in 2s: etcd grant failed with keepalive ttl "10s": etcdserver: too many requests
1. etcd grant failed with keepalive ttl "10s"
2. etcdserver: too many requests

2026-05-10T00:20:45.569+08:00 [ERRO] keepalive retry register failed, will retry in 3s: etcd grant failed with keepalive ttl "10s": etcdserver: too many requests
1. etcd grant failed with keepalive ttl "10s"
2. etcdserver: too many requests

2026-05-10T00:20:48.581+08:00 [ERRO] keepalive retry register failed, will retry in 2s: etcd grant failed with keepalive ttl "10s": etcdserver: too many requests
1. etcd grant failed with keepalive ttl "10s"
2. etcdserver: too many requests

2026-05-10T00:20:50.587+08:00 [ERRO] keepalive retry register failed, will retry in 1s: etcd grant failed with keepalive ttl "10s": etcdserver: too many requests
1. etcd grant failed with keepalive ttl "10s"
2. etcdserver: too many requests

2026-05-10T00:20:51.593+08:00 [ERRO] keepalive retry register failed, will retry in 3s: etcd grant failed with keepalive ttl "10s": etcdserver: too many requests
1. etcd grant failed with keepalive ttl "10s"
2. etcdserver: too many requests

2026-05-10T00:20:54.598+08:00 [ERRO] keepalive retry register failed, will retry in 1s: etcd grant failed with keepalive ttl "10s": etcdserver: too many requests
1. etcd grant failed with keepalive ttl "10s"
2. etcdserver: too many requests

2026-05-10T00:20:55.603+08:00 [ERRO] keepalive retry register failed, will retry in 3s: etcd grant failed with keepalive ttl "10s": etcdserver: too many requests
1. etcd grant failed with keepalive ttl "10s"
2. etcdserver: too many requests

2026-05-10T00:20:58.605+08:00 [ERRO] keepalive retry register failed, will retry in 3s: etcd grant failed with keepalive ttl "10s": etcdserver: too many requests
1. etcd grant failed with keepalive ttl "10s"
2. etcdserver: too many requests

2026-05-10T00:21:01.610+08:00 [ERRO] keepalive retry register failed, will retry in 2s: etcd grant failed with keepalive ttl "10s": etcdserver: too many requests
1. etcd grant failed with keepalive ttl "10s"
2. etcdserver: too many requests

2026-05-10T00:21:03.709+08:00 [ERRO] keepalive retry register failed, will retry in 3s: etcd grant failed with keepalive ttl "10s": etcdserver: too many requests
1. etcd grant failed with keepalive ttl "10s"
2. etcdserver: too many requests

2026-05-10T00:21:06.715+08:00 [ERRO] keepalive retry register failed, will retry in 3s: etcd grant failed with keepalive ttl "10s": etcdserver: too many requests
1. etcd grant failed with keepalive ttl "10s"
2. etcdserver: too many requests

2026-05-10T00:21:09.722+08:00 [ERRO] keepalive retry register failed, will retry in 2s: etcd grant failed with keepalive ttl "10s": etcdserver: too many requests
1. etcd grant failed with keepalive ttl "10s"
2. etcdserver: too many requests

2026-05-10T00:21:11.727+08:00 [ERRO] keepalive retry register failed, will retry in 3s: etcd grant failed with keepalive ttl "10s": etcdserver: too many requests
1. etcd grant failed with keepalive ttl "10s"
2. etcdserver: too many requests

2026-05-10T00:21:14.736+08:00 [ERRO] keepalive retry register failed, will retry in 3s: etcd grant failed with keepalive ttl "10s": etcdserver: too many requests
1. etcd grant failed with keepalive ttl "10s"
2. etcdserver: too many requests

2026-05-10T00:21:17.741+08:00 [ERRO] keepalive retry register failed, will retry in 3s: etcd grant failed with keepalive ttl "10s": etcdserver: too many requests
1. etcd grant failed with keepalive ttl "10s"
2. etcdserver: too many requests

2026-05-10T00:21:20.849+08:00 [ERRO] keepalive retry register failed, will retry in 1s: etcd grant failed with keepalive ttl "10s": etcdserver: too many requests
1. etcd grant failed with keepalive ttl "10s"
2. etcdserver: too many requests

2026-05-10T00:21:21.854+08:00 [ERRO] keepalive retry register failed, will retry in 2s: etcd grant failed with keepalive ttl "10s": etcdserver: too many requests
1. etcd grant failed with keepalive ttl "10s"
2. etcdserver: too many requests

2026-05-10T00:21:23.860+08:00 [ERRO] keepalive retry register failed, will retry in 3s: etcd grant failed with keepalive ttl "10s": etcdserver: too many requests
1. etcd grant failed with keepalive ttl "10s"
2. etcdserver: too many requests

2026-05-10T00:21:26.863+08:00 [ERRO] keepalive retry register failed, will retry in 2s: etcd grant failed with keepalive ttl "10s": etcdserver: too many requests
1. etcd grant failed with keepalive ttl "10s"
2. etcdserver: too many requests

2026-05-10T00:21:28.871+08:00 [ERRO] keepalive retry register failed, will retry in 1s: etcd grant failed with keepalive ttl "10s": etcdserver: too many requests
1. etcd grant failed with keepalive ttl "10s"
2. etcdserver: too many requests

2026-05-10T00:21:29.876+08:00 [ERRO] keepalive retry register failed, will retry in 3s: etcd grant failed with keepalive ttl "10s": etcdserver: too many requests
1. etcd grant failed with keepalive ttl "10s"
2. etcdserver: too many requests

2026-05-10T00:21:32.883+08:00 [ERRO] keepalive retry register failed, will retry in 3s: etcd grant failed with keepalive ttl "10s": etcdserver: too many requests
1. etcd grant failed with keepalive ttl "10s"
2. etcdserver: too many requests

2026-05-10T00:21:35.893+08:00 [ERRO] keepalive retry register failed, will retry in 1s: etcd grant failed with keepalive ttl "10s": etcdserver: too many requests
1. etcd grant failed with keepalive ttl "10s"
2. etcdserver: too many requests

2026-05-10T00:21:36.899+08:00 [ERRO] keepalive retry register failed, will retry in 2s: etcd grant failed with keepalive ttl "10s": etcdserver: too many requests
1. etcd grant failed with keepalive ttl "10s"
2. etcdserver: too many requests

2026-05-10T00:21:38.905+08:00 [ERRO] keepalive retry register failed, will retry in 2s: etcd grant failed with keepalive ttl "10s": etcdserver: too many requests
1. etcd grant failed with keepalive ttl "10s"
2. etcdserver: too many requests

2026-05-10T00:21:40.908+08:00 [ERRO] keepalive retry register failed, will retry in 2s: etcd grant failed with keepalive ttl "10s": etcdserver: too many requests
1. etcd grant failed with keepalive ttl "10s"
2. etcdserver: too many requests

2026-05-10T00:21:42.928+08:00 [ERRO] keepalive retry register failed, will retry in 1s: etcd grant failed with keepalive ttl "10s": etcdserver: too many requests
1. etcd grant failed with keepalive ttl "10s"
2. etcdserver: too many requests

2026-05-10T00:21:43.936+08:00 [ERRO] keepalive retry register failed, will retry in 3s: etcd grant failed with keepalive ttl "10s": etcdserver: too many requests
1. etcd grant failed with keepalive ttl "10s"
2. etcdserver: too many requests

2026-05-10T00:21:46.944+08:00 [ERRO] keepalive retry register failed, will retry in 3s: etcd grant failed with keepalive ttl "10s": etcdserver: too many requests
1. etcd grant failed with keepalive ttl "10s"
2. etcdserver: too many requests

2026-05-10T00:21:49.952+08:00 [ERRO] keepalive retry register failed, will retry in 1s: etcd grant failed with keepalive ttl "10s": etcdserver: too many requests
1. etcd grant failed with keepalive ttl "10s"
2. etcdserver: too many requests

2026-05-10T00:21:50.957+08:00 [ERRO] keepalive retry register failed, will retry in 2s: etcd grant failed with keepalive ttl "10s": etcdserver: too many requests
1. etcd grant failed with keepalive ttl "10s"
2. etcdserver: too many requests

2026-05-10T00:21:52.966+08:00 [ERRO] keepalive retry register failed, will retry in 3s: etcd grant failed with keepalive ttl "10s": etcdserver: too many requests
1. etcd grant failed with keepalive ttl "10s"
2. etcdserver: too many requests

2026-05-10T00:21:55.973+08:00 [ERRO] keepalive retry register failed, will retry in 1s: etcd grant failed with keepalive ttl "10s": etcdserver: too many requests
1. etcd grant failed with keepalive ttl "10s"
2. etcdserver: too many requests

2026-05-10T00:21:56.980+08:00 [ERRO] keepalive retry register failed, will retry in 3s: etcd grant failed with keepalive ttl "10s": etcdserver: too many requests
1. etcd grant failed with keepalive ttl "10s"
2. etcdserver: too many requests

2026-05-10T00:21:59.988+08:00 [ERRO] keepalive retry register failed, will retry in 2s: etcd grant failed with keepalive ttl "10s": etcdserver: too many requests
1. etcd grant failed with keepalive ttl "10s"
2. etcdserver: too many requests

2026-05-10T00:22:01.992+08:00 [ERRO] keepalive retry register failed, will retry in 2s: etcd grant failed with keepalive ttl "10s": etcdserver: too many requests
1. etcd grant failed with keepalive ttl "10s"
2. etcdserver: too many requests

2026-05-10T00:22:04.055+08:00 [ERRO] keepalive retry register failed, will retry in 2s: etcd grant failed with keepalive ttl "10s": etcdserver: too many requests
1. etcd grant failed with keepalive ttl "10s"
2. etcdserver: too many requests

2026-05-10T00:22:06.219+08:00 [ERRO] keepalive retry register failed, will retry in 1s: etcd grant failed with keepalive ttl "10s": etcdserver: too many requests
1. etcd grant failed with keepalive ttl "10s"
2. etcdserver: too many requests

2026-05-10T00:22:07.612+08:00 [ERRO] keepalive retry register failed, will retry in 2s: etcd grant failed with keepalive ttl "10s": etcdserver: too many requests
1. etcd grant failed with keepalive ttl "10s"
2. etcdserver: too many requests

2026-05-10T00:22:09.616+08:00 [ERRO] keepalive retry register failed, will retry in 1s: etcd grant failed with keepalive ttl "10s": etcdserver: too many requests
1. etcd grant failed with keepalive ttl "10s"
2. etcdserver: too many requests

2026-05-10T00:22:10.619+08:00 [ERRO] keepalive retry register failed, will retry in 2s: etcd grant failed with keepalive ttl "10s": etcdserver: too many requests
1. etcd grant failed with keepalive ttl "10s"
2. etcdserver: too many requests

2026-05-10T00:22:12.630+08:00 [ERRO] keepalive retry register failed, will retry in 3s: etcd grant failed with keepalive ttl "10s": etcdserver: too many requests
1. etcd grant failed with keepalive ttl "10s"
2. etcdserver: too many requests

2026-05-10T00:22:15.635+08:00 [ERRO] keepalive retry register failed, will retry in 1s: etcd grant failed with keepalive ttl "10s": etcdserver: too many requests
1. etcd grant failed with keepalive ttl "10s"
2. etcdserver: too many requests

2026-05-10T00:22:16.638+08:00 [ERRO] keepalive retry register failed, will retry in 2s: etcd grant failed with keepalive ttl "10s": etcdserver: too many requests
1. etcd grant failed with keepalive ttl "10s"
2. etcdserver: too many requests

2026-05-10T00:22:18.641+08:00 [ERRO] keepalive retry register failed, will retry in 2s: etcd grant failed with keepalive ttl "10s": etcdserver: too many requests
1. etcd grant failed with keepalive ttl "10s"
2. etcdserver: too many requests

2026-05-10T00:22:20.649+08:00 [ERRO] keepalive retry register failed, will retry in 1s: etcd grant failed with keepalive ttl "10s": etcdserver: too many requests
1. etcd grant failed with keepalive ttl "10s"
2. etcdserver: too many requests

2026-05-10T00:22:21.653+08:00 [ERRO] keepalive retry register failed, will retry in 1s: etcd grant failed with keepalive ttl "10s": etcdserver: too many requests
1. etcd grant failed with keepalive ttl "10s"
2. etcdserver: too many requests

2026-05-10T00:22:22.657+08:00 [ERRO] keepalive retry register failed, will retry in 1s: etcd grant failed with keepalive ttl "10s": etcdserver: too many requests
1. etcd grant failed with keepalive ttl "10s"
2. etcdserver: too many requests

2026-05-10T00:22:23.663+08:00 [ERRO] keepalive retry register failed, will retry in 1s: etcd grant failed with keepalive ttl "10s": etcdserver: too many requests
1. etcd grant failed with keepalive ttl "10s"
2. etcdserver: too many requests

2026-05-10T00:22:24.669+08:00 [ERRO] keepalive retry register failed, will retry in 2s: etcd grant failed with keepalive ttl "10s": etcdserver: too many requests
1. etcd grant failed with keepalive ttl "10s"
2. etcdserver: too many requests

2026-05-10T00:22:26.680+08:00 [ERRO] keepalive retry register failed, will retry in 2s: etcd grant failed with keepalive ttl "10s": etcdserver: too many requests
1. etcd grant failed with keepalive ttl "10s"
2. etcdserver: too many requests

2026-05-10T00:22:28.707+08:00 [ERRO] keepalive retry register failed, will retry in 1s: etcd grant failed with keepalive ttl "10s": etcdserver: too many requests
1. etcd grant failed with keepalive ttl "10s"
2. etcdserver: too many requests

2026-05-10T00:22:29.716+08:00 [ERRO] keepalive retry register failed, will retry in 1s: etcd grant failed with keepalive ttl "10s": etcdserver: too many requests
1. etcd grant failed with keepalive ttl "10s"
2. etcdserver: too many requests

2026-05-10T00:22:30.720+08:00 [ERRO] keepalive retry register failed, will retry in 3s: etcd grant failed with keepalive ttl "10s": etcdserver: too many requests
1. etcd grant failed with keepalive ttl "10s"
2. etcdserver: too many requests

2026-05-10T00:22:33.736+08:00 [ERRO] keepalive retry register failed, will retry in 3s: etcd grant failed with keepalive ttl "10s": etcdserver: too many requests
1. etcd grant failed with keepalive ttl "10s"
2. etcdserver: too many requests

2026-05-10T00:22:36.740+08:00 [ERRO] keepalive retry register failed, will retry in 1s: etcd grant failed with keepalive ttl "10s": etcdserver: too many requests
1. etcd grant failed with keepalive ttl "10s"
2. etcdserver: too many requests

2026-05-10T00:22:37.747+08:00 [ERRO] keepalive retry register failed, will retry in 2s: etcd grant failed with keepalive ttl "10s": etcdserver: too many requests
1. etcd grant failed with keepalive ttl "10s"
2. etcdserver: too many requests

2026-05-10T00:22:39.754+08:00 [ERRO] keepalive retry register failed, will retry in 1s: etcd grant failed with keepalive ttl "10s": etcdserver: too many requests
1. etcd grant failed with keepalive ttl "10s"
2. etcdserver: too many requests

2026-05-10T00:22:40.757+08:00 [ERRO] keepalive retry register failed, will retry in 3s: etcd grant failed with keepalive ttl "10s": etcdserver: too many requests
1. etcd grant failed with keepalive ttl "10s"
2. etcdserver: too many requests

2026-05-10T00:22:43.761+08:00 [ERRO] keepalive retry register failed, will retry in 1s: etcd grant failed with keepalive ttl "10s": etcdserver: too many requests
1. etcd grant failed with keepalive ttl "10s"
2. etcdserver: too many requests

2026-05-10T00:22:44.768+08:00 [ERRO] keepalive retry register failed, will retry in 3s: etcd grant failed with keepalive ttl "10s": etcdserver: too many requests
1. etcd grant failed with keepalive ttl "10s"
2. etcdserver: too many requests

2026-05-10T00:22:47.788+08:00 [ERRO] keepalive retry register failed, will retry in 1s: etcd grant failed with keepalive ttl "10s": etcdserver: too many requests
1. etcd grant failed with keepalive ttl "10s"
2. etcdserver: too many requests

2026-05-10T00:22:48.791+08:00 [ERRO] keepalive retry register failed, will retry in 3s: etcd grant failed with keepalive ttl "10s": etcdserver: too many requests
1. etcd grant failed with keepalive ttl "10s"
2. etcdserver: too many requests

2026-05-10T00:22:51.841+08:00 [ERRO] keepalive retry register failed, will retry in 3s: etcd grant failed with keepalive ttl "10s": etcdserver: too many requests
1. etcd grant failed with keepalive ttl "10s"
2. etcdserver: too many requests

2026-05-10T00:22:54.846+08:00 [ERRO] keepalive retry register failed, will retry in 2s: etcd grant failed with keepalive ttl "10s": etcdserver: too many requests
1. etcd grant failed with keepalive ttl "10s"
2. etcdserver: too many requests

2026-05-10T00:22:56.848+08:00 [ERRO] keepalive retry register failed, will retry in 3s: etcd grant failed with keepalive ttl "10s": etcdserver: too many requests
1. etcd grant failed with keepalive ttl "10s"
2. etcdserver: too many requests

2026-05-10T00:22:59.855+08:00 [ERRO] keepalive retry register failed, will retry in 2s: etcd grant failed with keepalive ttl "10s": etcdserver: too many requests
1. etcd grant failed with keepalive ttl "10s"
2. etcdserver: too many requests

2026-05-10T00:23:01.859+08:00 [ERRO] keepalive retry register failed, will retry in 2s: etcd grant failed with keepalive ttl "10s": etcdserver: too many requests
1. etcd grant failed with keepalive ttl "10s"
2. etcdserver: too many requests

2026-05-10T00:23:03.864+08:00 [ERRO] keepalive retry register failed, will retry in 1s: etcd grant failed with keepalive ttl "10s": etcdserver: too many requests
1. etcd grant failed with keepalive ttl "10s"
2. etcdserver: too many requests

2026-05-10T00:23:04.868+08:00 [ERRO] keepalive retry register failed, will retry in 3s: etcd grant failed with keepalive ttl "10s": etcdserver: too many requests
1. etcd grant failed with keepalive ttl "10s"
2. etcdserver: too many requests

2026-05-10T00:23:07.887+08:00 [ERRO] keepalive retry register failed, will retry in 2s: etcd grant failed with keepalive ttl "10s": etcdserver: too many requests
1. etcd grant failed with keepalive ttl "10s"
2. etcdserver: too many requests

2026-05-10T00:23:09.895+08:00 [ERRO] keepalive retry register failed, will retry in 3s: etcd grant failed with keepalive ttl "10s": etcdserver: too many requests
1. etcd grant failed with keepalive ttl "10s"
2. etcdserver: too many requests

2026-05-10T00:23:12.903+08:00 [ERRO] keepalive retry register failed, will retry in 1s: etcd grant failed with keepalive ttl "10s": etcdserver: too many requests
1. etcd grant failed with keepalive ttl "10s"
2. etcdserver: too many requests

2026-05-10T00:23:13.932+08:00 [ERRO] keepalive retry register failed, will retry in 1s: etcd grant failed with keepalive ttl "10s": etcdserver: too many requests
1. etcd grant failed with keepalive ttl "10s"
2. etcdserver: too many requests

2026-05-10T00:23:14.939+08:00 [ERRO] keepalive retry register failed, will retry in 2s: etcd grant failed with keepalive ttl "10s": etcdserver: too many requests
1. etcd grant failed with keepalive ttl "10s"
2. etcdserver: too many requests

2026-05-10T00:23:16.943+08:00 [ERRO] keepalive retry register failed, will retry in 2s: etcd grant failed with keepalive ttl "10s": etcdserver: too many requests
1. etcd grant failed with keepalive ttl "10s"
2. etcdserver: too many requests

2026-05-10T00:23:18.950+08:00 [ERRO] keepalive retry register failed, will retry in 2s: etcd grant failed with keepalive ttl "10s": etcdserver: too many requests
1. etcd grant failed with keepalive ttl "10s"
2. etcdserver: too many requests

2026-05-10T00:23:20.957+08:00 [ERRO] keepalive retry register failed, will retry in 3s: etcd grant failed with keepalive ttl "10s": etcdserver: too many requests
1. etcd grant failed with keepalive ttl "10s"
2. etcdserver: too many requests

2026-05-10T00:23:23.959+08:00 [ERRO] keepalive retry register failed, will retry in 3s: etcd grant failed with keepalive ttl "10s": etcdserver: too many requests
1. etcd grant failed with keepalive ttl "10s"
2. etcdserver: too many requests

2026-05-10T00:23:26.963+08:00 [ERRO] keepalive retry register failed, will retry in 2s: etcd grant failed with keepalive ttl "10s": etcdserver: too many requests
1. etcd grant failed with keepalive ttl "10s"
2. etcdserver: too many requests

2026-05-10T00:23:28.967+08:00 [ERRO] keepalive retry register failed, will retry in 2s: etcd grant failed with keepalive ttl "10s": etcdserver: too many requests
1. etcd grant failed with keepalive ttl "10s"
2. etcdserver: too many requests

2026-05-10T00:23:30.971+08:00 [ERRO] keepalive retry register failed, will retry in 1s: etcd grant failed with keepalive ttl "10s": etcdserver: too many requests
1. etcd grant failed with keepalive ttl "10s"
2. etcdserver: too many requests

2026-05-10T00:23:31.978+08:00 [ERRO] keepalive retry register failed, will retry in 3s: etcd grant failed with keepalive ttl "10s": etcdserver: too many requests
1. etcd grant failed with keepalive ttl "10s"
2. etcdserver: too many requests

2026-05-10T00:23:34.981+08:00 [ERRO] keepalive retry register failed, will retry in 1s: etcd grant failed with keepalive ttl "10s": etcdserver: too many requests
1. etcd grant failed with keepalive ttl "10s"
2. etcdserver: too many requests

2026-05-10T00:23:35.985+08:00 [ERRO] keepalive retry register failed, will retry in 1s: etcd grant failed with keepalive ttl "10s": etcdserver: too many requests
1. etcd grant failed with keepalive ttl "10s"
2. etcdserver: too many requests

2026-05-10T00:23:36.988+08:00 [ERRO] keepalive retry register failed, will retry in 1s: etcd grant failed with keepalive ttl "10s": etcdserver: too many requests
1. etcd grant failed with keepalive ttl "10s"
2. etcdserver: too many requests

2026-05-10T00:23:37.999+08:00 [ERRO] keepalive retry register failed, will retry in 3s: etcd grant failed with keepalive ttl "10s": etcdserver: too many requests
1. etcd grant failed with keepalive ttl "10s"
2. etcdserver: too many requests

2026-05-10T00:23:41.003+08:00 [ERRO] keepalive retry register failed, will retry in 3s: etcd grant failed with keepalive ttl "10s": etcdserver: too many requests
1. etcd grant failed with keepalive ttl "10s"
2. etcdserver: too many requests

2026-05-10T00:23:44.012+08:00 [ERRO] keepalive retry register failed, will retry in 2s: etcd grant failed with keepalive ttl "10s": etcdserver: too many requests
1. etcd grant failed with keepalive ttl "10s"
2. etcdserver: too many requests

2026-05-10T00:23:46.016+08:00 [ERRO] keepalive retry register failed, will retry in 3s: etcd grant failed with keepalive ttl "10s": etcdserver: too many requests
1. etcd grant failed with keepalive ttl "10s"
2. etcdserver: too many requests

2026-05-10T00:23:49.274+08:00 [ERRO] keepalive retry register failed, will retry in 3s: etcd grant failed with keepalive ttl "10s": etcdserver: too many requests
1. etcd grant failed with keepalive ttl "10s"
2. etcdserver: too many requests

2026-05-10T00:23:52.290+08:00 [ERRO] keepalive retry register failed, will retry in 1s: etcd grant failed with keepalive ttl "10s": etcdserver: too many requests
1. etcd grant failed with keepalive ttl "10s"
2. etcdserver: too many requests

2026-05-10T00:23:53.312+08:00 [ERRO] keepalive retry register failed, will retry in 2s: etcd grant failed with keepalive ttl "10s": etcdserver: too many requests
1. etcd grant failed with keepalive ttl "10s"
2. etcdserver: too many requests

2026-05-10T00:23:55.317+08:00 [ERRO] keepalive retry register failed, will retry in 2s: etcd grant failed with keepalive ttl "10s": etcdserver: too many requests
1. etcd grant failed with keepalive ttl "10s"
2. etcdserver: too many requests

2026-05-10T00:23:57.324+08:00 [ERRO] keepalive retry register failed, will retry in 3s: etcd grant failed with keepalive ttl "10s": etcdserver: too many requests
1. etcd grant failed with keepalive ttl "10s"
2. etcdserver: too many requests

2026-05-10T00:24:00.367+08:00 [ERRO] keepalive retry register failed, will retry in 2s: etcd grant failed with keepalive ttl "10s": etcdserver: too many requests
1. etcd grant failed with keepalive ttl "10s"
2. etcdserver: too many requests

2026-05-10T00:24:02.461+08:00 [ERRO] keepalive retry register failed, will retry in 1s: etcd grant failed with keepalive ttl "10s": etcdserver: too many requests
1. etcd grant failed with keepalive ttl "10s"
2. etcdserver: too many requests

2026-05-10T00:24:03.473+08:00 [ERRO] keepalive retry register failed, will retry in 3s: etcd grant failed with keepalive ttl "10s": etcdserver: too many requests
1. etcd grant failed with keepalive ttl "10s"
2. etcdserver: too many requests

2026-05-10T00:24:06.486+08:00 [ERRO] keepalive retry register failed, will retry in 1s: etcd grant failed with keepalive ttl "10s": etcdserver: too many requests
1. etcd grant failed with keepalive ttl "10s"
2. etcdserver: too many requests

2026-05-10T00:24:07.495+08:00 [ERRO] keepalive retry register failed, will retry in 3s: etcd grant failed with keepalive ttl "10s": etcdserver: too many requests
1. etcd grant failed with keepalive ttl "10s"
2. etcdserver: too many requests

2026-05-10T00:24:10.669+08:00 [ERRO] keepalive retry register failed, will retry in 2s: etcd grant failed with keepalive ttl "10s": etcdserver: too many requests
1. etcd grant failed with keepalive ttl "10s"
2. etcdserver: too many requests

2026-05-10T00:24:12.691+08:00 [ERRO] keepalive retry register failed, will retry in 2s: etcd grant failed with keepalive ttl "10s": etcdserver: too many requests
1. etcd grant failed with keepalive ttl "10s"
2. etcdserver: too many requests

2026-05-10T00:24:14.697+08:00 [ERRO] keepalive retry register failed, will retry in 3s: etcd grant failed with keepalive ttl "10s": etcdserver: too many requests
1. etcd grant failed with keepalive ttl "10s"
2. etcdserver: too many requests

2026-05-10T00:24:17.703+08:00 [ERRO] keepalive retry register failed, will retry in 3s: etcd grant failed with keepalive ttl "10s": etcdserver: too many requests
1. etcd grant failed with keepalive ttl "10s"
2. etcdserver: too many requests

2026-05-10T00:24:20.707+08:00 [ERRO] keepalive retry register failed, will retry in 2s: etcd grant failed with keepalive ttl "10s": etcdserver: too many requests
1. etcd grant failed with keepalive ttl "10s"
2. etcdserver: too many requests

2026-05-10T00:24:22.710+08:00 [ERRO] keepalive retry register failed, will retry in 3s: etcd grant failed with keepalive ttl "10s": etcdserver: too many requests
1. etcd grant failed with keepalive ttl "10s"
2. etcdserver: too many requests

2026-05-10T00:24:25.714+08:00 [ERRO] keepalive retry register failed, will retry in 3s: etcd grant failed with keepalive ttl "10s": etcdserver: too many requests
1. etcd grant failed with keepalive ttl "10s"
2. etcdserver: too many requests

2026-05-10T00:24:28.719+08:00 [ERRO] keepalive retry register failed, will retry in 2s: etcd grant failed with keepalive ttl "10s": etcdserver: too many requests
1. etcd grant failed with keepalive ttl "10s"
2. etcdserver: too many requests

2026-05-10T00:24:30.734+08:00 [ERRO] keepalive retry register failed, will retry in 2s: etcd grant failed with keepalive ttl "10s": etcdserver: too many requests
1. etcd grant failed with keepalive ttl "10s"
2. etcdserver: too many requests

2026-05-10T00:24:32.745+08:00 [ERRO] keepalive retry register failed, will retry in 3s: etcd grant failed with keepalive ttl "10s": etcdserver: too many requests
1. etcd grant failed with keepalive ttl "10s"
2. etcdserver: too many requests

2026-05-10T00:24:35.762+08:00 [ERRO] keepalive retry register failed, will retry in 1s: etcd grant failed with keepalive ttl "10s": etcdserver: too many requests
1. etcd grant failed with keepalive ttl "10s"
2. etcdserver: too many requests

2026-05-10T00:24:36.861+08:00 [ERRO] keepalive retry register failed, will retry in 1s: etcd grant failed with keepalive ttl "10s": etcdserver: too many requests
1. etcd grant failed with keepalive ttl "10s"
2. etcdserver: too many requests

2026-05-10T00:24:37.898+08:00 [ERRO] keepalive retry register failed, will retry in 3s: etcd grant failed with keepalive ttl "10s": etcdserver: too many requests
1. etcd grant failed with keepalive ttl "10s"
2. etcdserver: too many requests

2026-05-10T00:24:40.906+08:00 [ERRO] keepalive retry register failed, will retry in 1s: etcd grant failed with keepalive ttl "10s": etcdserver: too many requests
1. etcd grant failed with keepalive ttl "10s"
2. etcdserver: too many requests

2026-05-10T00:24:41.909+08:00 [ERRO] keepalive retry register failed, will retry in 1s: etcd grant failed with keepalive ttl "10s": etcdserver: too many requests
1. etcd grant failed with keepalive ttl "10s"
2. etcdserver: too many requests

2026-05-10T00:24:42.915+08:00 [ERRO] keepalive retry register failed, will retry in 2s: etcd grant failed with keepalive ttl "10s": etcdserver: too many requests
1. etcd grant failed with keepalive ttl "10s"
2. etcdserver: too many requests

2026-05-10T00:24:44.920+08:00 [ERRO] keepalive retry register failed, will retry in 2s: etcd grant failed with keepalive ttl "10s": etcdserver: too many requests
1. etcd grant failed with keepalive ttl "10s"
2. etcdserver: too many requests

2026-05-10T00:24:46.927+08:00 [ERRO] keepalive retry register failed, will retry in 3s: etcd grant failed with keepalive ttl "10s": etcdserver: too many requests
1. etcd grant failed with keepalive ttl "10s"
2. etcdserver: too many requests

2026-05-10T00:24:49.932+08:00 [ERRO] keepalive retry register failed, will retry in 2s: etcd grant failed with keepalive ttl "10s": etcdserver: too many requests
1. etcd grant failed with keepalive ttl "10s"
2. etcdserver: too many requests

2026-05-10T00:24:51.939+08:00 [ERRO] keepalive retry register failed, will retry in 2s: etcd grant failed with keepalive ttl "10s": etcdserver: too many requests
1. etcd grant failed with keepalive ttl "10s"
2. etcdserver: too many requests

2026-05-10T00:24:53.943+08:00 [ERRO] keepalive retry register failed, will retry in 3s: etcd grant failed with keepalive ttl "10s": etcdserver: too many requests
1. etcd grant failed with keepalive ttl "10s"
2. etcdserver: too many requests

2026-05-10T00:24:56.946+08:00 [ERRO] keepalive retry register failed, will retry in 1s: etcd grant failed with keepalive ttl "10s": etcdserver: too many requests
1. etcd grant failed with keepalive ttl "10s"
2. etcdserver: too many requests

2026-05-10T00:24:57.949+08:00 [ERRO] keepalive retry register failed, will retry in 3s: etcd grant failed with keepalive ttl "10s": etcdserver: too many requests
1. etcd grant failed with keepalive ttl "10s"
2. etcdserver: too many requests

2026-05-10T00:25:00.963+08:00 [ERRO] keepalive retry register failed, will retry in 3s: etcd grant failed with keepalive ttl "10s": etcdserver: too many requests
1. etcd grant failed with keepalive ttl "10s"
2. etcdserver: too many requests

2026-05-10T00:25:03.968+08:00 [ERRO] keepalive retry register failed, will retry in 2s: etcd grant failed with keepalive ttl "10s": etcdserver: too many requests
1. etcd grant failed with keepalive ttl "10s"
2. etcdserver: too many requests

2026-05-10T00:25:05.974+08:00 [ERRO] keepalive retry register failed, will retry in 1s: etcd grant failed with keepalive ttl "10s": etcdserver: too many requests
1. etcd grant failed with keepalive ttl "10s"
2. etcdserver: too many requests

2026-05-10T00:25:06.983+08:00 [ERRO] keepalive retry register failed, will retry in 3s: etcd grant failed with keepalive ttl "10s": etcdserver: too many requests
1. etcd grant failed with keepalive ttl "10s"
2. etcdserver: too many requests

2026-05-10T00:25:09.990+08:00 [ERRO] keepalive retry register failed, will retry in 1s: etcd grant failed with keepalive ttl "10s": etcdserver: too many requests
1. etcd grant failed with keepalive ttl "10s"
2. etcdserver: too many requests

2026-05-10T00:25:10.993+08:00 [ERRO] keepalive retry register failed, will retry in 1s: etcd grant failed with keepalive ttl "10s": etcdserver: too many requests
1. etcd grant failed with keepalive ttl "10s"
2. etcdserver: too many requests

2026-05-10T00:25:11.996+08:00 [ERRO] keepalive retry register failed, will retry in 3s: etcd grant failed with keepalive ttl "10s": etcdserver: too many requests
1. etcd grant failed with keepalive ttl "10s"
2. etcdserver: too many requests

2026-05-10T00:25:15.002+08:00 [ERRO] keepalive retry register failed, will retry in 3s: etcd grant failed with keepalive ttl "10s": etcdserver: too many requests
1. etcd grant failed with keepalive ttl "10s"
2. etcdserver: too many requests

2026-05-10T00:25:18.010+08:00 [ERRO] keepalive retry register failed, will retry in 1s: etcd grant failed with keepalive ttl "10s": etcdserver: too many requests
1. etcd grant failed with keepalive ttl "10s"
2. etcdserver: too many requests

2026-05-10T00:25:19.014+08:00 [ERRO] keepalive retry register failed, will retry in 2s: etcd grant failed with keepalive ttl "10s": etcdserver: too many requests
1. etcd grant failed with keepalive ttl "10s"
2. etcdserver: too many requests

2026-05-10T00:25:21.017+08:00 [ERRO] keepalive retry register failed, will retry in 3s: etcd grant failed with keepalive ttl "10s": etcdserver: too many requests
1. etcd grant failed with keepalive ttl "10s"
2. etcdserver: too many requests

2026-05-10T00:25:24.020+08:00 [ERRO] keepalive retry register failed, will retry in 1s: etcd grant failed with keepalive ttl "10s": etcdserver: too many requests
1. etcd grant failed with keepalive ttl "10s"
2. etcdserver: too many requests

2026-05-10T00:25:25.024+08:00 [ERRO] keepalive retry register failed, will retry in 3s: etcd grant failed with keepalive ttl "10s": etcdserver: too many requests
1. etcd grant failed with keepalive ttl "10s"
2. etcdserver: too many requests

2026-05-10T00:25:28.028+08:00 [ERRO] keepalive retry register failed, will retry in 1s: etcd grant failed with keepalive ttl "10s": etcdserver: too many requests
1. etcd grant failed with keepalive ttl "10s"
2. etcdserver: too many requests

2026-05-10T00:25:29.031+08:00 [ERRO] keepalive retry register failed, will retry in 2s: etcd grant failed with keepalive ttl "10s": etcdserver: too many requests
1. etcd grant failed with keepalive ttl "10s"
2. etcdserver: too many requests

2026-05-10T00:25:31.040+08:00 [ERRO] keepalive retry register failed, will retry in 3s: etcd grant failed with keepalive ttl "10s": etcdserver: too many requests
1. etcd grant failed with keepalive ttl "10s"
2. etcdserver: too many requests

2026-05-10T00:25:34.046+08:00 [ERRO] keepalive retry register failed, will retry in 2s: etcd grant failed with keepalive ttl "10s": etcdserver: too many requests
1. etcd grant failed with keepalive ttl "10s"
2. etcdserver: too many requests

2026-05-10T00:25:36.049+08:00 [ERRO] keepalive retry register failed, will retry in 3s: etcd grant failed with keepalive ttl "10s": etcdserver: too many requests
1. etcd grant failed with keepalive ttl "10s"
2. etcdserver: too many requests

2026-05-10T00:25:39.054+08:00 [ERRO] keepalive retry register failed, will retry in 1s: etcd grant failed with keepalive ttl "10s": etcdserver: too many requests
1. etcd grant failed with keepalive ttl "10s"
2. etcdserver: too many requests

2026-05-10T00:25:40.063+08:00 [ERRO] keepalive retry register failed, will retry in 3s: etcd grant failed with keepalive ttl "10s": etcdserver: too many requests
1. etcd grant failed with keepalive ttl "10s"
2. etcdserver: too many requests

2026-05-10T00:25:43.072+08:00 [ERRO] keepalive retry register failed, will retry in 2s: etcd grant failed with keepalive ttl "10s": etcdserver: too many requests
1. etcd grant failed with keepalive ttl "10s"
2. etcdserver: too many requests

2026-05-10T00:25:45.081+08:00 [ERRO] keepalive retry register failed, will retry in 1s: etcd grant failed with keepalive ttl "10s": etcdserver: too many requests
1. etcd grant failed with keepalive ttl "10s"
2. etcdserver: too many requests

2026-05-10T00:25:46.086+08:00 [ERRO] keepalive retry register failed, will retry in 1s: etcd grant failed with keepalive ttl "10s": etcdserver: too many requests
1. etcd grant failed with keepalive ttl "10s"
2. etcdserver: too many requests

2026-05-10T00:25:47.093+08:00 [ERRO] keepalive retry register failed, will retry in 3s: etcd grant failed with keepalive ttl "10s": etcdserver: too many requests
1. etcd grant failed with keepalive ttl "10s"
2. etcdserver: too many requests

2026-05-10T00:25:50.098+08:00 [ERRO] keepalive retry register failed, will retry in 2s: etcd grant failed with keepalive ttl "10s": etcdserver: too many requests
1. etcd grant failed with keepalive ttl "10s"
2. etcdserver: too many requests

2026-05-10T00:25:52.102+08:00 [ERRO] keepalive retry register failed, will retry in 3s: etcd grant failed with keepalive ttl "10s": etcdserver: too many requests
1. etcd grant failed with keepalive ttl "10s"
2. etcdserver: too many requests

2026-05-10T00:25:55.106+08:00 [ERRO] keepalive retry register failed, will retry in 3s: etcd grant failed with keepalive ttl "10s": etcdserver: too many requests
1. etcd grant failed with keepalive ttl "10s"
2. etcdserver: too many requests

2026-05-10T00:25:58.117+08:00 [ERRO] keepalive retry register failed, will retry in 2s: etcd grant failed with keepalive ttl "10s": etcdserver: too many requests
1. etcd grant failed with keepalive ttl "10s"
2. etcdserver: too many requests

2026-05-10T00:26:00.122+08:00 [ERRO] keepalive retry register failed, will retry in 3s: etcd grant failed with keepalive ttl "10s": etcdserver: too many requests
1. etcd grant failed with keepalive ttl "10s"
2. etcdserver: too many requests

2026-05-10T00:26:03.128+08:00 [ERRO] keepalive retry register failed, will retry in 1s: etcd grant failed with keepalive ttl "10s": etcdserver: too many requests
1. etcd grant failed with keepalive ttl "10s"
2. etcdserver: too many requests

2026-05-10T00:26:04.137+08:00 [ERRO] keepalive retry register failed, will retry in 1s: etcd grant failed with keepalive ttl "10s": etcdserver: too many requests
1. etcd grant failed with keepalive ttl "10s"
2. etcdserver: too many requests

2026-05-10T00:26:05.141+08:00 [ERRO] keepalive retry register failed, will retry in 2s: etcd grant failed with keepalive ttl "10s": etcdserver: too many requests
1. etcd grant failed with keepalive ttl "10s"
2. etcdserver: too many requests

2026-05-10T00:26:07.145+08:00 [ERRO] keepalive retry register failed, will retry in 3s: etcd grant failed with keepalive ttl "10s": etcdserver: too many requests
1. etcd grant failed with keepalive ttl "10s"
2. etcdserver: too many requests

2026-05-10T00:26:10.148+08:00 [ERRO] keepalive retry register failed, will retry in 2s: etcd grant failed with keepalive ttl "10s": etcdserver: too many requests
1. etcd grant failed with keepalive ttl "10s"
2. etcdserver: too many requests

2026-05-10T00:26:12.155+08:00 [ERRO] keepalive retry register failed, will retry in 2s: etcd grant failed with keepalive ttl "10s": etcdserver: too many requests
1. etcd grant failed with keepalive ttl "10s"
2. etcdserver: too many requests

2026-05-10T00:26:14.161+08:00 [ERRO] keepalive retry register failed, will retry in 3s: etcd grant failed with keepalive ttl "10s": etcdserver: too many requests
1. etcd grant failed with keepalive ttl "10s"
2. etcdserver: too many requests

2026-05-10T00:26:17.193+08:00 [ERRO] keepalive retry register failed, will retry in 1s: etcd grant failed with keepalive ttl "10s": etcdserver: too many requests
1. etcd grant failed with keepalive ttl "10s"
2. etcdserver: too many requests

2026-05-10T00:26:18.202+08:00 [ERRO] keepalive retry register failed, will retry in 1s: etcd grant failed with keepalive ttl "10s": etcdserver: too many requests
1. etcd grant failed with keepalive ttl "10s"
2. etcdserver: too many requests

2026-05-10T00:26:19.209+08:00 [ERRO] keepalive retry register failed, will retry in 2s: etcd grant failed with keepalive ttl "10s": etcdserver: too many requests
1. etcd grant failed with keepalive ttl "10s"
2. etcdserver: too many requests

2026-05-10T00:26:21.228+08:00 [ERRO] keepalive retry register failed, will retry in 1s: etcd grant failed with keepalive ttl "10s": etcdserver: too many requests
1. etcd grant failed with keepalive ttl "10s"
2. etcdserver: too many requests

2026-05-10T00:26:22.294+08:00 [ERRO] keepalive retry register failed, will retry in 3s: etcd grant failed with keepalive ttl "10s": etcdserver: too many requests
1. etcd grant failed with keepalive ttl "10s"
2. etcdserver: too many requests

2026-05-10T00:26:25.310+08:00 [ERRO] keepalive retry register failed, will retry in 2s: etcd grant failed with keepalive ttl "10s": etcdserver: too many requests
1. etcd grant failed with keepalive ttl "10s"
2. etcdserver: too many requests

2026-05-10T00:26:27.316+08:00 [ERRO] keepalive retry register failed, will retry in 3s: etcd grant failed with keepalive ttl "10s": etcdserver: too many requests
1. etcd grant failed with keepalive ttl "10s"
2. etcdserver: too many requests

2026-05-10T00:26:30.320+08:00 [ERRO] keepalive retry register failed, will retry in 3s: etcd grant failed with keepalive ttl "10s": etcdserver: too many requests
1. etcd grant failed with keepalive ttl "10s"
2. etcdserver: too many requests

2026-05-10T00:26:33.323+08:00 [ERRO] keepalive retry register failed, will retry in 2s: etcd grant failed with keepalive ttl "10s": etcdserver: too many requests
1. etcd grant failed with keepalive ttl "10s"
2. etcdserver: too many requests

2026-05-10T00:26:35.333+08:00 [ERRO] keepalive retry register failed, will retry in 1s: etcd grant failed with keepalive ttl "10s": etcdserver: too many requests
1. etcd grant failed with keepalive ttl "10s"
2. etcdserver: too many requests

2026-05-10T00:26:36.342+08:00 [ERRO] keepalive retry register failed, will retry in 1s: etcd grant failed with keepalive ttl "10s": etcdserver: too many requests
1. etcd grant failed with keepalive ttl "10s"
2. etcdserver: too many requests

2026-05-10T00:26:37.346+08:00 [ERRO] keepalive retry register failed, will retry in 1s: etcd grant failed with keepalive ttl "10s": etcdserver: too many requests
1. etcd grant failed with keepalive ttl "10s"
2. etcdserver: too many requests

2026-05-10T00:26:38.353+08:00 [ERRO] keepalive retry register failed, will retry in 1s: etcd grant failed with keepalive ttl "10s": etcdserver: too many requests
1. etcd grant failed with keepalive ttl "10s"
2. etcdserver: too many requests

2026-05-10T00:26:39.360+08:00 [ERRO] keepalive retry register failed, will retry in 1s: etcd grant failed with keepalive ttl "10s": etcdserver: too many requests
1. etcd grant failed with keepalive ttl "10s"
2. etcdserver: too many requests

2026-05-10T00:26:40.366+08:00 [ERRO] keepalive retry register failed, will retry in 3s: etcd grant failed with keepalive ttl "10s": etcdserver: too many requests
1. etcd grant failed with keepalive ttl "10s"
2. etcdserver: too many requests

2026-05-10T00:26:43.375+08:00 [ERRO] keepalive retry register failed, will retry in 3s: etcd grant failed with keepalive ttl "10s": etcdserver: too many requests
1. etcd grant failed with keepalive ttl "10s"
2. etcdserver: too many requests

2026-05-10T00:26:46.382+08:00 [ERRO] keepalive retry register failed, will retry in 2s: etcd grant failed with keepalive ttl "10s": etcdserver: too many requests
1. etcd grant failed with keepalive ttl "10s"
2. etcdserver: too many requests

2026-05-10T00:26:48.395+08:00 [ERRO] keepalive retry register failed, will retry in 2s: etcd grant failed with keepalive ttl "10s": etcdserver: too many requests
1. etcd grant failed with keepalive ttl "10s"
2. etcdserver: too many requests

2026-05-10T00:26:50.404+08:00 [ERRO] keepalive retry register failed, will retry in 2s: etcd grant failed with keepalive ttl "10s": etcdserver: too many requests
1. etcd grant failed with keepalive ttl "10s"
2. etcdserver: too many requests

2026-05-10T00:26:52.409+08:00 [ERRO] keepalive retry register failed, will retry in 1s: etcd grant failed with keepalive ttl "10s": etcdserver: too many requests
1. etcd grant failed with keepalive ttl "10s"
2. etcdserver: too many requests

2026-05-10T00:26:53.416+08:00 [ERRO] keepalive retry register failed, will retry in 1s: etcd grant failed with keepalive ttl "10s": etcdserver: too many requests
1. etcd grant failed with keepalive ttl "10s"
2. etcdserver: too many requests

2026-05-10T00:26:54.421+08:00 [ERRO] keepalive retry register failed, will retry in 1s: etcd grant failed with keepalive ttl "10s": etcdserver: too many requests
1. etcd grant failed with keepalive ttl "10s"
2. etcdserver: too many requests

2026-05-10T00:26:55.430+08:00 [ERRO] keepalive retry register failed, will retry in 3s: etcd grant failed with keepalive ttl "10s": etcdserver: too many requests
1. etcd grant failed with keepalive ttl "10s"
2. etcdserver: too many requests

2026-05-10T00:26:58.444+08:00 [ERRO] keepalive retry register failed, will retry in 3s: etcd grant failed with keepalive ttl "10s": etcdserver: too many requests
1. etcd grant failed with keepalive ttl "10s"
2. etcdserver: too many requests

2026-05-10T00:27:01.459+08:00 [ERRO] keepalive retry register failed, will retry in 3s: etcd grant failed with keepalive ttl "10s": etcdserver: too many requests
1. etcd grant failed with keepalive ttl "10s"
2. etcdserver: too many requests

2026-05-10T00:27:04.462+08:00 [ERRO] keepalive retry register failed, will retry in 1s: etcd grant failed with keepalive ttl "10s": etcdserver: too many requests
1. etcd grant failed with keepalive ttl "10s"
2. etcdserver: too many requests

2026-05-10T00:27:05.480+08:00 [ERRO] keepalive retry register failed, will retry in 3s: etcd grant failed with keepalive ttl "10s": etcdserver: too many requests
1. etcd grant failed with keepalive ttl "10s"
2. etcdserver: too many requests

2026-05-10T00:27:08.487+08:00 [ERRO] keepalive retry register failed, will retry in 2s: etcd grant failed with keepalive ttl "10s": etcdserver: too many requests
1. etcd grant failed with keepalive ttl "10s"
2. etcdserver: too many requests

2026-05-10T00:27:10.491+08:00 [ERRO] keepalive retry register failed, will retry in 2s: etcd grant failed with keepalive ttl "10s": etcdserver: too many requests
1. etcd grant failed with keepalive ttl "10s"
2. etcdserver: too many requests

2026-05-10T00:27:12.495+08:00 [ERRO] keepalive retry register failed, will retry in 1s: etcd grant failed with keepalive ttl "10s": etcdserver: too many requests
1. etcd grant failed with keepalive ttl "10s"
2. etcdserver: too many requests

2026-05-10T00:27:13.499+08:00 [ERRO] keepalive retry register failed, will retry in 3s: etcd grant failed with keepalive ttl "10s": etcdserver: too many requests
1. etcd grant failed with keepalive ttl "10s"
2. etcdserver: too many requests

2026-05-10T00:27:16.504+08:00 [ERRO] keepalive retry register failed, will retry in 2s: etcd grant failed with keepalive ttl "10s": etcdserver: too many requests
1. etcd grant failed with keepalive ttl "10s"
2. etcdserver: too many requests

2026-05-10T00:27:18.510+08:00 [ERRO] keepalive retry register failed, will retry in 3s: etcd grant failed with keepalive ttl "10s": etcdserver: too many requests
1. etcd grant failed with keepalive ttl "10s"
2. etcdserver: too many requests

2026-05-10T00:27:21.515+08:00 [ERRO] keepalive retry register failed, will retry in 1s: etcd grant failed with keepalive ttl "10s": etcdserver: too many requests
1. etcd grant failed with keepalive ttl "10s"
2. etcdserver: too many requests

2026-05-10T00:27:22.521+08:00 [ERRO] keepalive retry register failed, will retry in 3s: etcd grant failed with keepalive ttl "10s": etcdserver: too many requests
1. etcd grant failed with keepalive ttl "10s"
2. etcdserver: too many requests

2026-05-10T00:27:25.528+08:00 [ERRO] keepalive retry register failed, will retry in 1s: etcd grant failed with keepalive ttl "10s": etcdserver: too many requests
1. etcd grant failed with keepalive ttl "10s"
2. etcdserver: too many requests

2026-05-10T00:27:26.535+08:00 [ERRO] keepalive retry register failed, will retry in 1s: etcd grant failed with keepalive ttl "10s": etcdserver: too many requests
1. etcd grant failed with keepalive ttl "10s"
2. etcdserver: too many requests

2026-05-10T00:27:27.539+08:00 [ERRO] keepalive retry register failed, will retry in 2s: etcd grant failed with keepalive ttl "10s": etcdserver: too many requests
1. etcd grant failed with keepalive ttl "10s"
2. etcdserver: too many requests

2026-05-10T00:27:29.544+08:00 [ERRO] keepalive retry register failed, will retry in 2s: etcd grant failed with keepalive ttl "10s": etcdserver: too many requests
1. etcd grant failed with keepalive ttl "10s"
2. etcdserver: too many requests

2026-05-10T00:27:31.549+08:00 [ERRO] keepalive retry register failed, will retry in 2s: etcd grant failed with keepalive ttl "10s": etcdserver: too many requests
1. etcd grant failed with keepalive ttl "10s"
2. etcdserver: too many requests

2026-05-10T00:27:33.552+08:00 [ERRO] keepalive retry register failed, will retry in 3s: etcd grant failed with keepalive ttl "10s": etcdserver: too many requests
1. etcd grant failed with keepalive ttl "10s"
2. etcdserver: too many requests

2026-05-10T00:27:36.620+08:00 [ERRO] keepalive retry register failed, will retry in 2s: etcd grant failed with keepalive ttl "10s": etcdserver: too many requests
1. etcd grant failed with keepalive ttl "10s"
2. etcdserver: too many requests

2026-05-10T00:27:38.628+08:00 [ERRO] keepalive retry register failed, will retry in 1s: etcd grant failed with keepalive ttl "10s": etcdserver: too many requests
1. etcd grant failed with keepalive ttl "10s"
2. etcdserver: too many requests

2026-05-10T00:27:39.635+08:00 [ERRO] keepalive retry register failed, will retry in 3s: etcd grant failed with keepalive ttl "10s": etcdserver: too many requests
1. etcd grant failed with keepalive ttl "10s"
2. etcdserver: too many requests

2026-05-10T00:27:42.639+08:00 [ERRO] keepalive retry register failed, will retry in 2s: etcd grant failed with keepalive ttl "10s": etcdserver: too many requests
1. etcd grant failed with keepalive ttl "10s"
2. etcdserver: too many requests

2026-05-10T00:27:44.647+08:00 [ERRO] keepalive retry register failed, will retry in 1s: etcd grant failed with keepalive ttl "10s": etcdserver: too many requests
1. etcd grant failed with keepalive ttl "10s"
2. etcdserver: too many requests

2026-05-10T00:27:45.650+08:00 [ERRO] keepalive retry register failed, will retry in 3s: etcd grant failed with keepalive ttl "10s": etcdserver: too many requests
1. etcd grant failed with keepalive ttl "10s"
2. etcdserver: too many requests

2026-05-10T00:27:48.658+08:00 [ERRO] keepalive retry register failed, will retry in 2s: etcd grant failed with keepalive ttl "10s": etcdserver: too many requests
1. etcd grant failed with keepalive ttl "10s"
2. etcdserver: too many requests

2026-05-10T00:27:50.662+08:00 [ERRO] keepalive retry register failed, will retry in 2s: etcd grant failed with keepalive ttl "10s": etcdserver: too many requests
1. etcd grant failed with keepalive ttl "10s"
2. etcdserver: too many requests

2026-05-10T00:27:52.679+08:00 [ERRO] keepalive retry register failed, will retry in 1s: etcd grant failed with keepalive ttl "10s": etcdserver: too many requests
1. etcd grant failed with keepalive ttl "10s"
2. etcdserver: too many requests

2026-05-10T00:27:53.698+08:00 [ERRO] keepalive retry register failed, will retry in 1s: etcd grant failed with keepalive ttl "10s": etcdserver: too many requests
1. etcd grant failed with keepalive ttl "10s"
2. etcdserver: too many requests

2026-05-10T00:27:54.705+08:00 [ERRO] keepalive retry register failed, will retry in 2s: etcd grant failed with keepalive ttl "10s": etcdserver: too many requests
1. etcd grant failed with keepalive ttl "10s"
2. etcdserver: too many requests

2026-05-10T00:27:56.714+08:00 [ERRO] keepalive retry register failed, will retry in 2s: etcd grant failed with keepalive ttl "10s": etcdserver: too many requests
1. etcd grant failed with keepalive ttl "10s"
2. etcdserver: too many requests

2026-05-10T00:27:58.723+08:00 [ERRO] keepalive retry register failed, will retry in 3s: etcd grant failed with keepalive ttl "10s": etcdserver: too many requests
1. etcd grant failed with keepalive ttl "10s"
2. etcdserver: too many requests

2026-05-10T00:28:01.728+08:00 [ERRO] keepalive retry register failed, will retry in 1s: etcd grant failed with keepalive ttl "10s": etcdserver: too many requests
1. etcd grant failed with keepalive ttl "10s"
2. etcdserver: too many requests

2026-05-10T00:28:02.735+08:00 [ERRO] keepalive retry register failed, will retry in 3s: etcd grant failed with keepalive ttl "10s": etcdserver: too many requests
1. etcd grant failed with keepalive ttl "10s"
2. etcdserver: too many requests

2026-05-10T00:28:05.745+08:00 [ERRO] keepalive retry register failed, will retry in 1s: etcd grant failed with keepalive ttl "10s": etcdserver: too many requests
1. etcd grant failed with keepalive ttl "10s"
2. etcdserver: too many requests

2026-05-10T00:28:06.751+08:00 [ERRO] keepalive retry register failed, will retry in 1s: etcd grant failed with keepalive ttl "10s": etcdserver: too many requests
1. etcd grant failed with keepalive ttl "10s"
2. etcdserver: too many requests

2026-05-10T00:28:07.759+08:00 [ERRO] keepalive retry register failed, will retry in 1s: etcd grant failed with keepalive ttl "10s": etcdserver: too many requests
1. etcd grant failed with keepalive ttl "10s"
2. etcdserver: too many requests

2026-05-10T00:28:08.764+08:00 [ERRO] keepalive retry register failed, will retry in 1s: etcd grant failed with keepalive ttl "10s": etcdserver: too many requests
1. etcd grant failed with keepalive ttl "10s"
2. etcdserver: too many requests

2026-05-10T00:28:09.770+08:00 [ERRO] keepalive retry register failed, will retry in 3s: etcd grant failed with keepalive ttl "10s": etcdserver: too many requests
1. etcd grant failed with keepalive ttl "10s"
2. etcdserver: too many requests

2026-05-10T00:28:12.774+08:00 [ERRO] keepalive retry register failed, will retry in 3s: etcd grant failed with keepalive ttl "10s": etcdserver: too many requests
1. etcd grant failed with keepalive ttl "10s"
2. etcdserver: too many requests

2026-05-10T00:28:15.782+08:00 [ERRO] keepalive retry register failed, will retry in 1s: etcd grant failed with keepalive ttl "10s": etcdserver: too many requests
1. etcd grant failed with keepalive ttl "10s"
2. etcdserver: too many requests

2026-05-10T00:28:16.790+08:00 [ERRO] keepalive retry register failed, will retry in 2s: etcd grant failed with keepalive ttl "10s": etcdserver: too many requests
1. etcd grant failed with keepalive ttl "10s"
2. etcdserver: too many requests

2026-05-10T00:28:18.797+08:00 [ERRO] keepalive retry register failed, will retry in 3s: etcd grant failed with keepalive ttl "10s": etcdserver: too many requests
1. etcd grant failed with keepalive ttl "10s"
2. etcdserver: too many requests

2026-05-10T00:28:21.805+08:00 [ERRO] keepalive retry register failed, will retry in 1s: etcd grant failed with keepalive ttl "10s": etcdserver: too many requests
1. etcd grant failed with keepalive ttl "10s"
2. etcdserver: too many requests

2026-05-10T00:28:22.814+08:00 [ERRO] keepalive retry register failed, will retry in 3s: etcd grant failed with keepalive ttl "10s": etcdserver: too many requests
1. etcd grant failed with keepalive ttl "10s"
2. etcdserver: too many requests

2026-05-10T00:28:25.820+08:00 [ERRO] keepalive retry register failed, will retry in 2s: etcd grant failed with keepalive ttl "10s": etcdserver: too many requests
1. etcd grant failed with keepalive ttl "10s"
2. etcdserver: too many requests

2026-05-10T00:28:27.823+08:00 [ERRO] keepalive retry register failed, will retry in 2s: etcd grant failed with keepalive ttl "10s": etcdserver: too many requests
1. etcd grant failed with keepalive ttl "10s"
2. etcdserver: too many requests

2026-05-10T00:28:29.826+08:00 [ERRO] keepalive retry register failed, will retry in 1s: etcd grant failed with keepalive ttl "10s": etcdserver: too many requests
1. etcd grant failed with keepalive ttl "10s"
2. etcdserver: too many requests

2026-05-10T00:28:30.829+08:00 [ERRO] keepalive retry register failed, will retry in 3s: etcd grant failed with keepalive ttl "10s": etcdserver: too many requests
1. etcd grant failed with keepalive ttl "10s"
2. etcdserver: too many requests

2026-05-10T00:28:34.442+08:00 [ERRO] keepalive retry register failed, will retry in 1s: etcd grant failed with keepalive ttl "10s": etcdserver: too many requests
1. etcd grant failed with keepalive ttl "10s"
2. etcdserver: too many requests

2026-05-10T00:28:35.446+08:00 [ERRO] keepalive retry register failed, will retry in 1s: etcd grant failed with keepalive ttl "10s": etcdserver: too many requests
1. etcd grant failed with keepalive ttl "10s"
2. etcdserver: too many requests

2026-05-10T00:28:36.450+08:00 [ERRO] keepalive retry register failed, will retry in 1s: etcd grant failed with keepalive ttl "10s": etcdserver: too many requests
1. etcd grant failed with keepalive ttl "10s"
2. etcdserver: too many requests

2026-05-10T00:28:37.453+08:00 [ERRO] keepalive retry register failed, will retry in 3s: etcd grant failed with keepalive ttl "10s": etcdserver: too many requests
1. etcd grant failed with keepalive ttl "10s"
2. etcdserver: too many requests

2026-05-10T00:28:40.458+08:00 [ERRO] keepalive retry register failed, will retry in 3s: etcd grant failed with keepalive ttl "10s": etcdserver: too many requests
1. etcd grant failed with keepalive ttl "10s"
2. etcdserver: too many requests

2026-05-10T00:28:43.736+08:00 [ERRO] keepalive retry register failed, will retry in 3s: etcd grant failed with keepalive ttl "10s": etcdserver: too many requests
1. etcd grant failed with keepalive ttl "10s"
2. etcdserver: too many requests

2026-05-10T00:28:46.980+08:00 [ERRO] keepalive retry register failed, will retry in 2s: etcd grant failed with keepalive ttl "10s": etcdserver: too many requests
1. etcd grant failed with keepalive ttl "10s"
2. etcdserver: too many requests

2026-05-10T00:28:48.988+08:00 [ERRO] keepalive retry register failed, will retry in 1s: etcd grant failed with keepalive ttl "10s": etcdserver: too many requests
1. etcd grant failed with keepalive ttl "10s"
2. etcdserver: too many requests

2026-05-10T00:28:50.057+08:00 [ERRO] keepalive retry register failed, will retry in 2s: etcd grant failed with keepalive ttl "10s": etcdserver: too many requests
1. etcd grant failed with keepalive ttl "10s"
2. etcdserver: too many requests

2026-05-10T00:28:52.105+08:00 [ERRO] keepalive retry register failed, will retry in 2s: etcd grant failed with keepalive ttl "10s": etcdserver: too many requests
1. etcd grant failed with keepalive ttl "10s"
2. etcdserver: too many requests

2026-05-10T00:28:54.107+08:00 [ERRO] keepalive retry register failed, will retry in 1s: etcd grant failed with keepalive ttl "10s": etcdserver: too many requests
1. etcd grant failed with keepalive ttl "10s"
2. etcdserver: too many requests

2026-05-10T00:28:55.109+08:00 [ERRO] keepalive retry register failed, will retry in 1s: etcd grant failed with keepalive ttl "10s": etcdserver: too many requests
1. etcd grant failed with keepalive ttl "10s"
2. etcdserver: too many requests

2026-05-10T00:28:56.112+08:00 [ERRO] keepalive retry register failed, will retry in 3s: etcd grant failed with keepalive ttl "10s": etcdserver: too many requests
1. etcd grant failed with keepalive ttl "10s"
2. etcdserver: too many requests

2026-05-10T00:28:59.126+08:00 [ERRO] keepalive retry register failed, will retry in 2s: etcd grant failed with keepalive ttl "10s": etcdserver: too many requests
1. etcd grant failed with keepalive ttl "10s"
2. etcdserver: too many requests

2026-05-10T00:29:01.236+08:00 [ERRO] keepalive retry register failed, will retry in 1s: etcd grant failed with keepalive ttl "10s": etcdserver: too many requests
1. etcd grant failed with keepalive ttl "10s"
2. etcdserver: too many requests

2026-05-10T00:29:02.263+08:00 [ERRO] keepalive retry register failed, will retry in 3s: etcd grant failed with keepalive ttl "10s": etcdserver: too many requests
1. etcd grant failed with keepalive ttl "10s"
2. etcdserver: too many requests

2026-05-10T00:29:05.268+08:00 [ERRO] keepalive retry register failed, will retry in 1s: etcd grant failed with keepalive ttl "10s": etcdserver: too many requests
1. etcd grant failed with keepalive ttl "10s"
2. etcdserver: too many requests

2026-05-10T00:29:06.275+08:00 [ERRO] keepalive retry register failed, will retry in 1s: etcd grant failed with keepalive ttl "10s": etcdserver: too many requests
1. etcd grant failed with keepalive ttl "10s"
2. etcdserver: too many requests

2026-05-10T00:29:07.541+08:00 [ERRO] keepalive retry register failed, will retry in 3s: etcd grant failed with keepalive ttl "10s": etcdserver: too many requests
1. etcd grant failed with keepalive ttl "10s"
2. etcdserver: too many requests

2026-05-10T00:29:10.547+08:00 [ERRO] keepalive retry register failed, will retry in 1s: etcd grant failed with keepalive ttl "10s": etcdserver: too many requests
1. etcd grant failed with keepalive ttl "10s"
2. etcdserver: too many requests

2026-05-10T00:29:11.551+08:00 [ERRO] keepalive retry register failed, will retry in 3s: etcd grant failed with keepalive ttl "10s": etcdserver: too many requests
1. etcd grant failed with keepalive ttl "10s"
2. etcdserver: too many requests

2026-05-10T00:29:14.563+08:00 [ERRO] keepalive retry register failed, will retry in 3s: etcd grant failed with keepalive ttl "10s": etcdserver: too many requests
1. etcd grant failed with keepalive ttl "10s"
2. etcdserver: too many requests

2026-05-10T00:29:17.633+08:00 [ERRO] keepalive retry register failed, will retry in 1s: etcd grant failed with keepalive ttl "10s": etcdserver: too many requests
1. etcd grant failed with keepalive ttl "10s"
2. etcdserver: too many requests

2026-05-10T00:29:18.786+08:00 [ERRO] keepalive retry register failed, will retry in 3s: etcd grant failed with keepalive ttl "10s": etcdserver: too many requests
1. etcd grant failed with keepalive ttl "10s"
2. etcdserver: too many requests

2026-05-10T00:29:21.881+08:00 [ERRO] keepalive retry register failed, will retry in 2s: etcd grant failed with keepalive ttl "10s": etcdserver: too many requests
1. etcd grant failed with keepalive ttl "10s"
2. etcdserver: too many requests

2026-05-10T00:29:23.918+08:00 [ERRO] keepalive retry register failed, will retry in 1s: etcd grant failed with keepalive ttl "10s": etcdserver: too many requests
1. etcd grant failed with keepalive ttl "10s"
2. etcdserver: too many requests

2026-05-10T00:29:25.083+08:00 [ERRO] keepalive retry register failed, will retry in 2s: etcd grant failed with keepalive ttl "10s": etcdserver: too many requests
1. etcd grant failed with keepalive ttl "10s"
2. etcdserver: too many requests

2026-05-10T00:29:27.228+08:00 [ERRO] keepalive retry register failed, will retry in 2s: etcd grant failed with keepalive ttl "10s": etcdserver: too many requests
1. etcd grant failed with keepalive ttl "10s"
2. etcdserver: too many requests

2026-05-10T00:29:29.236+08:00 [ERRO] keepalive retry register failed, will retry in 3s: etcd grant failed with keepalive ttl "10s": etcdserver: too many requests
1. etcd grant failed with keepalive ttl "10s"
2. etcdserver: too many requests

2026-05-10T00:29:32.240+08:00 [ERRO] keepalive retry register failed, will retry in 3s: etcd grant failed with keepalive ttl "10s": etcdserver: too many requests
1. etcd grant failed with keepalive ttl "10s"
2. etcdserver: too many requests

2026-05-10T00:29:35.260+08:00 [ERRO] keepalive retry register failed, will retry in 1s: etcd grant failed with keepalive ttl "10s": etcdserver: too many requests
1. etcd grant failed with keepalive ttl "10s"
2. etcdserver: too many requests

2026-05-10T00:29:36.264+08:00 [ERRO] keepalive retry register failed, will retry in 3s: etcd grant failed with keepalive ttl "10s": etcdserver: too many requests
1. etcd grant failed with keepalive ttl "10s"
2. etcdserver: too many requests

2026-05-10T00:29:39.307+08:00 [ERRO] keepalive retry register failed, will retry in 3s: etcd grant failed with keepalive ttl "10s": etcdserver: too many requests
1. etcd grant failed with keepalive ttl "10s"
2. etcdserver: too many requests

2026-05-10T00:29:42.308+08:00 [ERRO] keepalive retry register failed, will retry in 2s: etcd grant failed with keepalive ttl "10s": etcdserver: too many requests
1. etcd grant failed with keepalive ttl "10s"
2. etcdserver: too many requests

2026-05-10T00:29:44.315+08:00 [ERRO] keepalive retry register failed, will retry in 3s: etcd grant failed with keepalive ttl "10s": etcdserver: too many requests
1. etcd grant failed with keepalive ttl "10s"
2. etcdserver: too many requests

2026-05-10T00:29:47.318+08:00 [ERRO] keepalive retry register failed, will retry in 2s: etcd grant failed with keepalive ttl "10s": etcdserver: too many requests
1. etcd grant failed with keepalive ttl "10s"
2. etcdserver: too many requests

2026-05-10T00:29:49.321+08:00 [ERRO] keepalive retry register failed, will retry in 3s: etcd grant failed with keepalive ttl "10s": etcdserver: too many requests
1. etcd grant failed with keepalive ttl "10s"
2. etcdserver: too many requests

2026-05-10T00:29:52.343+08:00 [ERRO] keepalive retry register failed, will retry in 1s: etcd grant failed with keepalive ttl "10s": etcdserver: too many requests
1. etcd grant failed with keepalive ttl "10s"
2. etcdserver: too many requests

2026-05-10T00:29:53.348+08:00 [ERRO] keepalive retry register failed, will retry in 3s: etcd grant failed with keepalive ttl "10s": etcdserver: too many requests
1. etcd grant failed with keepalive ttl "10s"
2. etcdserver: too many requests

2026-05-10T00:29:56.357+08:00 [ERRO] keepalive retry register failed, will retry in 2s: etcd grant failed with keepalive ttl "10s": etcdserver: too many requests
1. etcd grant failed with keepalive ttl "10s"
2. etcdserver: too many requests

2026-05-10T00:29:58.361+08:00 [ERRO] keepalive retry register failed, will retry in 3s: etcd grant failed with keepalive ttl "10s": etcdserver: too many requests
1. etcd grant failed with keepalive ttl "10s"
2. etcdserver: too many requests

2026-05-10T00:30:01.364+08:00 [ERRO] keepalive retry register failed, will retry in 1s: etcd grant failed with keepalive ttl "10s": etcdserver: too many requests
1. etcd grant failed with keepalive ttl "10s"
2. etcdserver: too many requests

2026-05-10T00:30:02.368+08:00 [ERRO] keepalive retry register failed, will retry in 1s: etcd grant failed with keepalive ttl "10s": etcdserver: too many requests
1. etcd grant failed with keepalive ttl "10s"
2. etcdserver: too many requests

2026-05-10T00:30:03.374+08:00 [ERRO] keepalive retry register failed, will retry in 3s: etcd grant failed with keepalive ttl "10s": etcdserver: too many requests
1. etcd grant failed with keepalive ttl "10s"
2. etcdserver: too many requests

2026-05-10T00:30:06.378+08:00 [ERRO] keepalive retry register failed, will retry in 3s: etcd grant failed with keepalive ttl "10s": etcdserver: too many requests
1. etcd grant failed with keepalive ttl "10s"
2. etcdserver: too many requests

2026-05-10T00:30:09.593+08:00 [ERRO] keepalive retry register failed, will retry in 2s: etcd grant failed with keepalive ttl "10s": etcdserver: too many requests
1. etcd grant failed with keepalive ttl "10s"
2. etcdserver: too many requests

2026-05-10T00:30:11.649+08:00 [ERRO] keepalive retry register failed, will retry in 1s: etcd grant failed with keepalive ttl "10s": etcdserver: too many requests
1. etcd grant failed with keepalive ttl "10s"
2. etcdserver: too many requests

2026-05-10T00:30:12.800+08:00 [ERRO] keepalive retry register failed, will retry in 3s: etcd grant failed with keepalive ttl "10s": etcdserver: too many requests
1. etcd grant failed with keepalive ttl "10s"
2. etcdserver: too many requests

2026-05-10T00:30:20.920+08:00 [ERRO] keepalive retry register failed, will retry in 2s: etcd grant failed with keepalive ttl "10s": context deadline exceeded
1. etcd grant failed with keepalive ttl "10s"
2. context deadline exceeded

2026-05-10T00:30:22.971+08:00 [ERRO] keepalive retry register failed, will retry in 1s: etcd grant failed with keepalive ttl "10s": etcdserver: too many requests
1. etcd grant failed with keepalive ttl "10s"
2. etcdserver: too many requests

2026-05-10T00:30:24.024+08:00 [ERRO] keepalive retry register failed, will retry in 1s: etcd grant failed with keepalive ttl "10s": etcdserver: too many requests
1. etcd grant failed with keepalive ttl "10s"
2. etcdserver: too many requests

2026-05-10T00:30:25.030+08:00 [ERRO] keepalive retry register failed, will retry in 2s: etcd grant failed with keepalive ttl "10s": etcdserver: too many requests
1. etcd grant failed with keepalive ttl "10s"
2. etcdserver: too many requests

2026-05-10T00:30:27.209+08:00 [ERRO] keepalive retry register failed, will retry in 2s: etcd grant failed with keepalive ttl "10s": etcdserver: too many requests
1. etcd grant failed with keepalive ttl "10s"
2. etcdserver: too many requests

2026-05-10T00:30:29.351+08:00 [ERRO] keepalive retry register failed, will retry in 3s: etcd grant failed with keepalive ttl "10s": etcdserver: too many requests
1. etcd grant failed with keepalive ttl "10s"
2. etcdserver: too many requests

2026-05-10T00:30:32.422+08:00 [ERRO] keepalive retry register failed, will retry in 2s: etcd grant failed with keepalive ttl "10s": etcdserver: too many requests
1. etcd grant failed with keepalive ttl "10s"
2. etcdserver: too many requests

2026-05-10T00:30:34.447+08:00 [ERRO] keepalive retry register failed, will retry in 1s: etcd grant failed with keepalive ttl "10s": etcdserver: too many requests
1. etcd grant failed with keepalive ttl "10s"
2. etcdserver: too many requests

2026-05-10T00:30:35.456+08:00 [ERRO] keepalive retry register failed, will retry in 2s: etcd grant failed with keepalive ttl "10s": etcdserver: too many requests
1. etcd grant failed with keepalive ttl "10s"
2. etcdserver: too many requests

2026-05-10T00:30:37.529+08:00 [ERRO] keepalive retry register failed, will retry in 1s: etcd grant failed with keepalive ttl "10s": etcdserver: too many requests
1. etcd grant failed with keepalive ttl "10s"
2. etcdserver: too many requests

2026-05-10T00:30:38.633+08:00 [ERRO] keepalive retry register failed, will retry in 2s: etcd grant failed with keepalive ttl "10s": etcdserver: too many requests
1. etcd grant failed with keepalive ttl "10s"
2. etcdserver: too many requests

2026-05-10T00:30:40.676+08:00 [ERRO] keepalive retry register failed, will retry in 3s: etcd grant failed with keepalive ttl "10s": etcdserver: too many requests
1. etcd grant failed with keepalive ttl "10s"
2. etcdserver: too many requests

2026-05-10T00:30:43.718+08:00 [ERRO] keepalive retry register failed, will retry in 1s: etcd grant failed with keepalive ttl "10s": etcdserver: too many requests
1. etcd grant failed with keepalive ttl "10s"
2. etcdserver: too many requests

2026-05-10T00:30:44.752+08:00 [ERRO] keepalive retry register failed, will retry in 2s: etcd grant failed with keepalive ttl "10s": etcdserver: too many requests
1. etcd grant failed with keepalive ttl "10s"
2. etcdserver: too many requests

2026-05-10T00:30:46.809+08:00 [ERRO] keepalive retry register failed, will retry in 2s: etcd grant failed with keepalive ttl "10s": etcdserver: too many requests
1. etcd grant failed with keepalive ttl "10s"
2. etcdserver: too many requests

2026-05-10T00:30:48.862+08:00 [ERRO] keepalive retry register failed, will retry in 3s: etcd grant failed with keepalive ttl "10s": etcdserver: too many requests
1. etcd grant failed with keepalive ttl "10s"
2. etcdserver: too many requests

2026-05-10T00:30:51.886+08:00 [ERRO] keepalive retry register failed, will retry in 2s: etcd grant failed with keepalive ttl "10s": etcdserver: too many requests
1. etcd grant failed with keepalive ttl "10s"
2. etcdserver: too many requests

2026-05-10T00:30:53.934+08:00 [ERRO] keepalive retry register failed, will retry in 3s: etcd grant failed with keepalive ttl "10s": etcdserver: too many requests
1. etcd grant failed with keepalive ttl "10s"
2. etcdserver: too many requests

2026-05-10T00:30:57.092+08:00 [ERRO] keepalive retry register failed, will retry in 1s: etcd grant failed with keepalive ttl "10s": etcdserver: too many requests
1. etcd grant failed with keepalive ttl "10s"
2. etcdserver: too many requests

2026-05-10T00:30:58.114+08:00 [ERRO] keepalive retry register failed, will retry in 3s: etcd grant failed with keepalive ttl "10s": etcdserver: too many requests
1. etcd grant failed with keepalive ttl "10s"
2. etcdserver: too many requests

2026-05-10T00:31:01.123+08:00 [ERRO] keepalive retry register failed, will retry in 2s: etcd grant failed with keepalive ttl "10s": etcdserver: too many requests
1. etcd grant failed with keepalive ttl "10s"
2. etcdserver: too many requests

2026-05-10T00:31:03.636+08:00 [ERRO] keepalive retry register failed, will retry in 1s: etcd grant failed with keepalive ttl "10s": etcdserver: too many requests
1. etcd grant failed with keepalive ttl "10s"
2. etcdserver: too many requests

2026-05-10T00:31:04.668+08:00 [ERRO] keepalive retry register failed, will retry in 2s: etcd grant failed with keepalive ttl "10s": etcdserver: too many requests
1. etcd grant failed with keepalive ttl "10s"
2. etcdserver: too many requests

2026-05-10T00:31:06.790+08:00 [ERRO] keepalive retry register failed, will retry in 1s: etcd grant failed with keepalive ttl "10s": etcdserver: too many requests
1. etcd grant failed with keepalive ttl "10s"
2. etcdserver: too many requests

2026-05-10T00:31:07.842+08:00 [ERRO] keepalive retry register failed, will retry in 3s: etcd grant failed with keepalive ttl "10s": etcdserver: too many requests
1. etcd grant failed with keepalive ttl "10s"
2. etcdserver: too many requests

2026-05-10T00:31:10.856+08:00 [ERRO] keepalive retry register failed, will retry in 1s: etcd grant failed with keepalive ttl "10s": etcdserver: too many requests
1. etcd grant failed with keepalive ttl "10s"
2. etcdserver: too many requests

2026-05-10T00:31:11.868+08:00 [ERRO] keepalive retry register failed, will retry in 2s: etcd grant failed with keepalive ttl "10s": etcdserver: too many requests
1. etcd grant failed with keepalive ttl "10s"
2. etcdserver: too many requests

2026-05-10T00:31:13.924+08:00 [ERRO] keepalive retry register failed, will retry in 2s: etcd grant failed with keepalive ttl "10s": etcdserver: too many requests
1. etcd grant failed with keepalive ttl "10s"
2. etcdserver: too many requests

2026-05-10T00:31:16.061+08:00 [ERRO] keepalive retry register failed, will retry in 3s: etcd grant failed with keepalive ttl "10s": etcdserver: too many requests
1. etcd grant failed with keepalive ttl "10s"
2. etcdserver: too many requests

2026-05-10T00:31:19.166+08:00 [ERRO] keepalive retry register failed, will retry in 3s: etcd grant failed with keepalive ttl "10s": etcdserver: too many requests
1. etcd grant failed with keepalive ttl "10s"
2. etcdserver: too many requests

2026-05-10T00:31:22.220+08:00 [ERRO] keepalive retry register failed, will retry in 1s: etcd grant failed with keepalive ttl "10s": etcdserver: too many requests
1. etcd grant failed with keepalive ttl "10s"
2. etcdserver: too many requests

2026-05-10T00:31:23.280+08:00 [ERRO] keepalive retry register failed, will retry in 3s: etcd grant failed with keepalive ttl "10s": etcdserver: too many requests
1. etcd grant failed with keepalive ttl "10s"
2. etcdserver: too many requests

2026-05-10T00:31:26.317+08:00 [ERRO] keepalive retry register failed, will retry in 2s: etcd grant failed with keepalive ttl "10s": etcdserver: too many requests
1. etcd grant failed with keepalive ttl "10s"
2. etcdserver: too many requests

2026-05-10T00:31:28.686+08:00 [ERRO] keepalive retry register failed, will retry in 3s: etcd grant failed with keepalive ttl "10s": etcdserver: too many requests
1. etcd grant failed with keepalive ttl "10s"
2. etcdserver: too many requests

2026-05-10T00:31:31.699+08:00 [ERRO] keepalive retry register failed, will retry in 3s: etcd grant failed with keepalive ttl "10s": etcdserver: too many requests
1. etcd grant failed with keepalive ttl "10s"
2. etcdserver: too many requests

2026-05-10T00:31:34.738+08:00 [ERRO] keepalive retry register failed, will retry in 2s: etcd grant failed with keepalive ttl "10s": etcdserver: too many requests
1. etcd grant failed with keepalive ttl "10s"
2. etcdserver: too many requests

2026-05-10T00:31:36.754+08:00 [ERRO] keepalive retry register failed, will retry in 1s: etcd grant failed with keepalive ttl "10s": etcdserver: too many requests
1. etcd grant failed with keepalive ttl "10s"
2. etcdserver: too many requests

2026-05-10T00:31:37.801+08:00 [ERRO] keepalive retry register failed, will retry in 2s: etcd grant failed with keepalive ttl "10s": etcdserver: too many requests
1. etcd grant failed with keepalive ttl "10s"
2. etcdserver: too many requests

2026-05-10T00:31:39.832+08:00 [ERRO] keepalive retry register failed, will retry in 2s: etcd grant failed with keepalive ttl "10s": etcdserver: too many requests
1. etcd grant failed with keepalive ttl "10s"
2. etcdserver: too many requests

2026-05-10T00:31:41.840+08:00 [ERRO] keepalive retry register failed, will retry in 1s: etcd grant failed with keepalive ttl "10s": etcdserver: too many requests
1. etcd grant failed with keepalive ttl "10s"
2. etcdserver: too many requests

2026-05-10T00:31:42.859+08:00 [ERRO] keepalive retry register failed, will retry in 3s: etcd grant failed with keepalive ttl "10s": etcdserver: too many requests
1. etcd grant failed with keepalive ttl "10s"
2. etcdserver: too many requests

2026-05-10T00:31:45.875+08:00 [ERRO] keepalive retry register failed, will retry in 2s: etcd grant failed with keepalive ttl "10s": etcdserver: too many requests
1. etcd grant failed with keepalive ttl "10s"
2. etcdserver: too many requests

2026-05-10T00:31:47.896+08:00 [ERRO] keepalive retry register failed, will retry in 2s: etcd grant failed with keepalive ttl "10s": etcdserver: too many requests
1. etcd grant failed with keepalive ttl "10s"
2. etcdserver: too many requests

2026-05-10T00:31:49.964+08:00 [ERRO] keepalive retry register failed, will retry in 2s: etcd grant failed with keepalive ttl "10s": etcdserver: too many requests
1. etcd grant failed with keepalive ttl "10s"
2. etcdserver: too many requests

2026-05-10T00:31:52.014+08:00 [ERRO] keepalive retry register failed, will retry in 1s: etcd grant failed with keepalive ttl "10s": etcdserver: too many requests
1. etcd grant failed with keepalive ttl "10s"
2. etcdserver: too many requests

2026-05-10T00:31:53.021+08:00 [ERRO] keepalive retry register failed, will retry in 1s: etcd grant failed with keepalive ttl "10s": etcdserver: too many requests
1. etcd grant failed with keepalive ttl "10s"
2. etcdserver: too many requests

2026-05-10T00:31:54.043+08:00 [ERRO] keepalive retry register failed, will retry in 3s: etcd grant failed with keepalive ttl "10s": etcdserver: too many requests
1. etcd grant failed with keepalive ttl "10s"
2. etcdserver: too many requests

2026-05-10T00:31:57.087+08:00 [ERRO] keepalive retry register failed, will retry in 1s: etcd grant failed with keepalive ttl "10s": etcdserver: too many requests
1. etcd grant failed with keepalive ttl "10s"
2. etcdserver: too many requests

2026-05-10T00:31:58.094+08:00 [ERRO] keepalive retry register failed, will retry in 3s: etcd grant failed with keepalive ttl "10s": etcdserver: too many requests
1. etcd grant failed with keepalive ttl "10s"
2. etcdserver: too many requests

2026-05-10T00:32:01.171+08:00 [ERRO] keepalive retry register failed, will retry in 2s: etcd grant failed with keepalive ttl "10s": etcdserver: too many requests
1. etcd grant failed with keepalive ttl "10s"
2. etcdserver: too many requests

2026-05-10T00:32:03.226+08:00 [ERRO] keepalive retry register failed, will retry in 2s: etcd grant failed with keepalive ttl "10s": etcdserver: too many requests
1. etcd grant failed with keepalive ttl "10s"
2. etcdserver: too many requests

2026-05-10T00:32:05.246+08:00 [ERRO] keepalive retry register failed, will retry in 1s: etcd grant failed with keepalive ttl "10s": etcdserver: too many requests
1. etcd grant failed with keepalive ttl "10s"
2. etcdserver: too many requests

2026-05-10T00:32:06.309+08:00 [ERRO] keepalive retry register failed, will retry in 2s: etcd grant failed with keepalive ttl "10s": etcdserver: too many requests
1. etcd grant failed with keepalive ttl "10s"
2. etcdserver: too many requests

2026-05-10T00:32:08.312+08:00 [ERRO] keepalive retry register failed, will retry in 1s: etcd grant failed with keepalive ttl "10s": etcdserver: too many requests
1. etcd grant failed with keepalive ttl "10s"
2. etcdserver: too many requests

2026-05-10T00:32:09.320+08:00 [ERRO] keepalive retry register failed, will retry in 2s: etcd grant failed with keepalive ttl "10s": etcdserver: too many requests
1. etcd grant failed with keepalive ttl "10s"
2. etcdserver: too many requests

2026-05-10T00:32:11.323+08:00 [ERRO] keepalive retry register failed, will retry in 1s: etcd grant failed with keepalive ttl "10s": etcdserver: too many requests
1. etcd grant failed with keepalive ttl "10s"
2. etcdserver: too many requests

2026-05-10T00:32:12.328+08:00 [ERRO] keepalive retry register failed, will retry in 3s: etcd grant failed with keepalive ttl "10s": etcdserver: too many requests
1. etcd grant failed with keepalive ttl "10s"
2. etcdserver: too many requests

2026-05-10T00:32:15.347+08:00 [ERRO] keepalive retry register failed, will retry in 3s: etcd grant failed with keepalive ttl "10s": etcdserver: too many requests
1. etcd grant failed with keepalive ttl "10s"
2. etcdserver: too many requests

2026-05-10T00:32:18.373+08:00 [ERRO] keepalive retry register failed, will retry in 2s: etcd grant failed with keepalive ttl "10s": etcdserver: too many requests
1. etcd grant failed with keepalive ttl "10s"
2. etcdserver: too many requests

2026-05-10T00:32:20.385+08:00 [ERRO] keepalive retry register failed, will retry in 3s: etcd grant failed with keepalive ttl "10s": etcdserver: too many requests
1. etcd grant failed with keepalive ttl "10s"
2. etcdserver: too many requests

2026-05-10T00:32:23.390+08:00 [ERRO] keepalive retry register failed, will retry in 3s: etcd grant failed with keepalive ttl "10s": etcdserver: too many requests
1. etcd grant failed with keepalive ttl "10s"
2. etcdserver: too many requests

2026-05-10T00:32:26.407+08:00 [ERRO] keepalive retry register failed, will retry in 1s: etcd grant failed with keepalive ttl "10s": etcdserver: too many requests
1. etcd grant failed with keepalive ttl "10s"
2. etcdserver: too many requests

2026-05-10T00:32:27.413+08:00 [ERRO] keepalive retry register failed, will retry in 2s: etcd grant failed with keepalive ttl "10s": etcdserver: too many requests
1. etcd grant failed with keepalive ttl "10s"
2. etcdserver: too many requests

2026-05-10T00:32:29.417+08:00 [ERRO] keepalive retry register failed, will retry in 2s: etcd grant failed with keepalive ttl "10s": etcdserver: too many requests
1. etcd grant failed with keepalive ttl "10s"
2. etcdserver: too many requests

2026-05-10T00:32:31.421+08:00 [ERRO] keepalive retry register failed, will retry in 2s: etcd grant failed with keepalive ttl "10s": etcdserver: too many requests
1. etcd grant failed with keepalive ttl "10s"
2. etcdserver: too many requests

2026-05-10T00:32:33.427+08:00 [ERRO] keepalive retry register failed, will retry in 1s: etcd grant failed with keepalive ttl "10s": etcdserver: too many requests
1. etcd grant failed with keepalive ttl "10s"
2. etcdserver: too many requests

2026-05-10T00:32:34.432+08:00 [ERRO] keepalive retry register failed, will retry in 1s: etcd grant failed with keepalive ttl "10s": etcdserver: too many requests
1. etcd grant failed with keepalive ttl "10s"
2. etcdserver: too many requests

2026-05-10T00:32:35.436+08:00 [ERRO] keepalive retry register failed, will retry in 3s: etcd grant failed with keepalive ttl "10s": etcdserver: too many requests
1. etcd grant failed with keepalive ttl "10s"
2. etcdserver: too many requests

2026-05-10T00:32:38.449+08:00 [ERRO] keepalive retry register failed, will retry in 1s: etcd grant failed with keepalive ttl "10s": etcdserver: too many requests
1. etcd grant failed with keepalive ttl "10s"
2. etcdserver: too many requests

2026-05-10T00:32:39.452+08:00 [ERRO] keepalive retry register failed, will retry in 2s: etcd grant failed with keepalive ttl "10s": etcdserver: too many requests
1. etcd grant failed with keepalive ttl "10s"
2. etcdserver: too many requests

2026-05-10T00:32:41.458+08:00 [ERRO] keepalive retry register failed, will retry in 2s: etcd grant failed with keepalive ttl "10s": etcdserver: too many requests
1. etcd grant failed with keepalive ttl "10s"
2. etcdserver: too many requests

2026-05-10T00:32:43.463+08:00 [ERRO] keepalive retry register failed, will retry in 2s: etcd grant failed with keepalive ttl "10s": etcdserver: too many requests
1. etcd grant failed with keepalive ttl "10s"
2. etcdserver: too many requests

2026-05-10T00:32:45.476+08:00 [ERRO] keepalive retry register failed, will retry in 1s: etcd grant failed with keepalive ttl "10s": etcdserver: too many requests
1. etcd grant failed with keepalive ttl "10s"
2. etcdserver: too many requests

2026-05-10T00:32:46.481+08:00 [ERRO] keepalive retry register failed, will retry in 1s: etcd grant failed with keepalive ttl "10s": etcdserver: too many requests
1. etcd grant failed with keepalive ttl "10s"
2. etcdserver: too many requests

2026-05-10T00:32:47.498+08:00 [ERRO] keepalive retry register failed, will retry in 2s: etcd grant failed with keepalive ttl "10s": etcdserver: too many requests
1. etcd grant failed with keepalive ttl "10s"
2. etcdserver: too many requests

2026-05-10T00:32:49.501+08:00 [ERRO] keepalive retry register failed, will retry in 1s: etcd grant failed with keepalive ttl "10s": etcdserver: too many requests
1. etcd grant failed with keepalive ttl "10s"
2. etcdserver: too many requests

2026-05-10T00:32:50.508+08:00 [ERRO] keepalive retry register failed, will retry in 1s: etcd grant failed with keepalive ttl "10s": etcdserver: too many requests
1. etcd grant failed with keepalive ttl "10s"
2. etcdserver: too many requests

2026-05-10T00:32:51.512+08:00 [ERRO] keepalive retry register failed, will retry in 2s: etcd grant failed with keepalive ttl "10s": etcdserver: too many requests
1. etcd grant failed with keepalive ttl "10s"
2. etcdserver: too many requests

2026-05-10T00:32:53.552+08:00 [ERRO] keepalive retry register failed, will retry in 3s: etcd grant failed with keepalive ttl "10s": etcdserver: too many requests
1. etcd grant failed with keepalive ttl "10s"
2. etcdserver: too many requests

2026-05-10T00:32:56.557+08:00 [ERRO] keepalive retry register failed, will retry in 3s: etcd grant failed with keepalive ttl "10s": etcdserver: too many requests
1. etcd grant failed with keepalive ttl "10s"
2. etcdserver: too many requests

2026-05-10T00:32:59.581+08:00 [ERRO] keepalive retry register failed, will retry in 3s: etcd grant failed with keepalive ttl "10s": etcdserver: too many requests
1. etcd grant failed with keepalive ttl "10s"
2. etcdserver: too many requests

2026-05-10T00:33:02.611+08:00 [ERRO] keepalive retry register failed, will retry in 2s: etcd grant failed with keepalive ttl "10s": etcdserver: too many requests
1. etcd grant failed with keepalive ttl "10s"
2. etcdserver: too many requests

2026-05-10T00:33:04.620+08:00 [ERRO] keepalive retry register failed, will retry in 1s: etcd grant failed with keepalive ttl "10s": etcdserver: too many requests
1. etcd grant failed with keepalive ttl "10s"
2. etcdserver: too many requests

2026-05-10T00:33:05.631+08:00 [ERRO] keepalive retry register failed, will retry in 1s: etcd grant failed with keepalive ttl "10s": etcdserver: too many requests
1. etcd grant failed with keepalive ttl "10s"
2. etcdserver: too many requests

2026-05-10T00:33:06.653+08:00 [ERRO] keepalive retry register failed, will retry in 1s: etcd grant failed with keepalive ttl "10s": etcdserver: too many requests
1. etcd grant failed with keepalive ttl "10s"
2. etcdserver: too many requests

2026-05-10T00:33:07.672+08:00 [ERRO] keepalive retry register failed, will retry in 3s: etcd grant failed with keepalive ttl "10s": etcdserver: too many requests
1. etcd grant failed with keepalive ttl "10s"
2. etcdserver: too many requests

2026-05-10T00:33:10.680+08:00 [ERRO] keepalive retry register failed, will retry in 1s: etcd grant failed with keepalive ttl "10s": etcdserver: too many requests
1. etcd grant failed with keepalive ttl "10s"
2. etcdserver: too many requests

2026-05-10T00:33:11.689+08:00 [ERRO] keepalive retry register failed, will retry in 1s: etcd grant failed with keepalive ttl "10s": etcdserver: too many requests
1. etcd grant failed with keepalive ttl "10s"
2. etcdserver: too many requests

2026-05-10T00:33:13.363+08:00 [ERRO] keepalive retry register failed, will retry in 1s: etcd grant failed with keepalive ttl "10s": etcdserver: too many requests
1. etcd grant failed with keepalive ttl "10s"
2. etcdserver: too many requests

2026-05-10T00:33:14.376+08:00 [ERRO] keepalive retry register failed, will retry in 2s: etcd grant failed with keepalive ttl "10s": etcdserver: too many requests
1. etcd grant failed with keepalive ttl "10s"
2. etcdserver: too many requests

2026-05-10T00:33:16.383+08:00 [ERRO] keepalive retry register failed, will retry in 1s: etcd grant failed with keepalive ttl "10s": etcdserver: too many requests
1. etcd grant failed with keepalive ttl "10s"
2. etcdserver: too many requests

2026-05-10T00:33:17.420+08:00 [ERRO] keepalive retry register failed, will retry in 3s: etcd grant failed with keepalive ttl "10s": etcdserver: too many requests
1. etcd grant failed with keepalive ttl "10s"
2. etcdserver: too many requests

2026-05-10T00:33:20.436+08:00 [ERRO] keepalive retry register failed, will retry in 1s: etcd grant failed with keepalive ttl "10s": etcdserver: too many requests
1. etcd grant failed with keepalive ttl "10s"
2. etcdserver: too many requests

2026-05-10T00:33:21.468+08:00 [ERRO] keepalive retry register failed, will retry in 1s: etcd grant failed with keepalive ttl "10s": etcdserver: too many requests
1. etcd grant failed with keepalive ttl "10s"
2. etcdserver: too many requests

2026-05-10T00:33:22.487+08:00 [ERRO] keepalive retry register failed, will retry in 2s: etcd grant failed with keepalive ttl "10s": etcdserver: too many requests
1. etcd grant failed with keepalive ttl "10s"
2. etcdserver: too many requests

2026-05-10T00:33:24.495+08:00 [ERRO] keepalive retry register failed, will retry in 2s: etcd grant failed with keepalive ttl "10s": etcdserver: too many requests
1. etcd grant failed with keepalive ttl "10s"
2. etcdserver: too many requests

2026-05-10T00:33:26.505+08:00 [ERRO] keepalive retry register failed, will retry in 3s: etcd grant failed with keepalive ttl "10s": etcdserver: too many requests
1. etcd grant failed with keepalive ttl "10s"
2. etcdserver: too many requests

2026-05-10T00:33:29.517+08:00 [ERRO] keepalive retry register failed, will retry in 2s: etcd grant failed with keepalive ttl "10s": etcdserver: too many requests
1. etcd grant failed with keepalive ttl "10s"
2. etcdserver: too many requests

2026-05-10T00:33:31.528+08:00 [ERRO] keepalive retry register failed, will retry in 3s: etcd grant failed with keepalive ttl "10s": etcdserver: too many requests
1. etcd grant failed with keepalive ttl "10s"
2. etcdserver: too many requests

2026-05-10T00:33:34.532+08:00 [ERRO] keepalive retry register failed, will retry in 3s: etcd grant failed with keepalive ttl "10s": etcdserver: too many requests
1. etcd grant failed with keepalive ttl "10s"
2. etcdserver: too many requests

2026-05-10T00:33:37.588+08:00 [ERRO] keepalive retry register failed, will retry in 2s: etcd grant failed with keepalive ttl "10s": etcdserver: too many requests
1. etcd grant failed with keepalive ttl "10s"
2. etcdserver: too many requests

2026-05-10T00:33:39.611+08:00 [ERRO] keepalive retry register failed, will retry in 2s: etcd grant failed with keepalive ttl "10s": etcdserver: too many requests
1. etcd grant failed with keepalive ttl "10s"
2. etcdserver: too many requests

2026-05-10T00:33:41.637+08:00 [ERRO] keepalive retry register failed, will retry in 3s: etcd grant failed with keepalive ttl "10s": etcdserver: too many requests
1. etcd grant failed with keepalive ttl "10s"
2. etcdserver: too many requests

2026-05-10T00:33:44.727+08:00 [ERRO] keepalive retry register failed, will retry in 1s: etcd grant failed with keepalive ttl "10s": etcdserver: too many requests
1. etcd grant failed with keepalive ttl "10s"
2. etcdserver: too many requests

2026-05-10T00:33:45.753+08:00 [ERRO] keepalive retry register failed, will retry in 3s: etcd grant failed with keepalive ttl "10s": etcdserver: too many requests
1. etcd grant failed with keepalive ttl "10s"
2. etcdserver: too many requests

2026-05-10T00:33:48.757+08:00 [ERRO] keepalive retry register failed, will retry in 1s: etcd grant failed with keepalive ttl "10s": etcdserver: too many requests
1. etcd grant failed with keepalive ttl "10s"
2. etcdserver: too many requests

2026-05-10T00:33:49.763+08:00 [ERRO] keepalive retry register failed, will retry in 2s: etcd grant failed with keepalive ttl "10s": etcdserver: too many requests
1. etcd grant failed with keepalive ttl "10s"
2. etcdserver: too many requests

2026-05-10T00:33:51.772+08:00 [ERRO] keepalive retry register failed, will retry in 2s: etcd grant failed with keepalive ttl "10s": etcdserver: too many requests
1. etcd grant failed with keepalive ttl "10s"
2. etcdserver: too many requests

2026-05-10T00:33:53.777+08:00 [ERRO] keepalive retry register failed, will retry in 2s: etcd grant failed with keepalive ttl "10s": etcdserver: too many requests
1. etcd grant failed with keepalive ttl "10s"
2. etcdserver: too many requests

2026-05-10T00:33:55.787+08:00 [ERRO] keepalive retry register failed, will retry in 1s: etcd grant failed with keepalive ttl "10s": etcdserver: too many requests
1. etcd grant failed with keepalive ttl "10s"
2. etcdserver: too many requests

2026-05-10T00:33:56.791+08:00 [ERRO] keepalive retry register failed, will retry in 2s: etcd grant failed with keepalive ttl "10s": etcdserver: too many requests
1. etcd grant failed with keepalive ttl "10s"
2. etcdserver: too many requests

2026-05-10T00:33:58.796+08:00 [ERRO] keepalive retry register failed, will retry in 1s: etcd grant failed with keepalive ttl "10s": etcdserver: too many requests
1. etcd grant failed with keepalive ttl "10s"
2. etcdserver: too many requests

2026-05-10T00:33:59.804+08:00 [ERRO] keepalive retry register failed, will retry in 1s: etcd grant failed with keepalive ttl "10s": etcdserver: too many requests
1. etcd grant failed with keepalive ttl "10s"
2. etcdserver: too many requests

2026-05-10T00:34:00.813+08:00 [ERRO] keepalive retry register failed, will retry in 1s: etcd grant failed with keepalive ttl "10s": etcdserver: too many requests
1. etcd grant failed with keepalive ttl "10s"
2. etcdserver: too many requests

2026-05-10T00:34:01.821+08:00 [ERRO] keepalive retry register failed, will retry in 2s: etcd grant failed with keepalive ttl "10s": etcdserver: too many requests
1. etcd grant failed with keepalive ttl "10s"
2. etcdserver: too many requests

2026-05-10T00:34:03.825+08:00 [ERRO] keepalive retry register failed, will retry in 1s: etcd grant failed with keepalive ttl "10s": etcdserver: too many requests
1. etcd grant failed with keepalive ttl "10s"
2. etcdserver: too many requests

2026-05-10T00:34:04.830+08:00 [ERRO] keepalive retry register failed, will retry in 1s: etcd grant failed with keepalive ttl "10s": etcdserver: too many requests
1. etcd grant failed with keepalive ttl "10s"
2. etcdserver: too many requests

2026-05-10T00:34:05.833+08:00 [ERRO] keepalive retry register failed, will retry in 2s: etcd grant failed with keepalive ttl "10s": etcdserver: too many requests
1. etcd grant failed with keepalive ttl "10s"
2. etcdserver: too many requests

2026-05-10T00:34:07.877+08:00 [ERRO] keepalive retry register failed, will retry in 3s: etcd grant failed with keepalive ttl "10s": etcdserver: too many requests
1. etcd grant failed with keepalive ttl "10s"
2. etcdserver: too many requests

2026-05-10T00:34:10.884+08:00 [ERRO] keepalive retry register failed, will retry in 2s: etcd grant failed with keepalive ttl "10s": etcdserver: too many requests
1. etcd grant failed with keepalive ttl "10s"
2. etcdserver: too many requests

2026-05-10T00:34:12.887+08:00 [ERRO] keepalive retry register failed, will retry in 1s: etcd grant failed with keepalive ttl "10s": etcdserver: too many requests
1. etcd grant failed with keepalive ttl "10s"
2. etcdserver: too many requests

2026-05-10T00:34:13.895+08:00 [ERRO] keepalive retry register failed, will retry in 3s: etcd grant failed with keepalive ttl "10s": etcdserver: too many requests
1. etcd grant failed with keepalive ttl "10s"
2. etcdserver: too many requests

2026-05-10T00:34:16.903+08:00 [ERRO] keepalive retry register failed, will retry in 1s: etcd grant failed with keepalive ttl "10s": etcdserver: too many requests
1. etcd grant failed with keepalive ttl "10s"
2. etcdserver: too many requests

2026-05-10T00:34:17.910+08:00 [ERRO] keepalive retry register failed, will retry in 1s: etcd grant failed with keepalive ttl "10s": etcdserver: too many requests
1. etcd grant failed with keepalive ttl "10s"
2. etcdserver: too many requests

2026-05-10T00:34:18.914+08:00 [ERRO] keepalive retry register failed, will retry in 3s: etcd grant failed with keepalive ttl "10s": etcdserver: too many requests
1. etcd grant failed with keepalive ttl "10s"
2. etcdserver: too many requests

2026-05-10T00:34:21.924+08:00 [ERRO] keepalive retry register failed, will retry in 3s: etcd grant failed with keepalive ttl "10s": etcdserver: too many requests
1. etcd grant failed with keepalive ttl "10s"
2. etcdserver: too many requests

2026-05-10T00:34:24.929+08:00 [ERRO] keepalive retry register failed, will retry in 1s: etcd grant failed with keepalive ttl "10s": etcdserver: too many requests
1. etcd grant failed with keepalive ttl "10s"
2. etcdserver: too many requests

2026-05-10T00:34:25.934+08:00 [ERRO] keepalive retry register failed, will retry in 3s: etcd grant failed with keepalive ttl "10s": etcdserver: too many requests
1. etcd grant failed with keepalive ttl "10s"
2. etcdserver: too many requests

2026-05-10T00:34:28.941+08:00 [ERRO] keepalive retry register failed, will retry in 3s: etcd grant failed with keepalive ttl "10s": etcdserver: too many requests
1. etcd grant failed with keepalive ttl "10s"
2. etcdserver: too many requests

2026-05-10T00:34:31.945+08:00 [ERRO] keepalive retry register failed, will retry in 2s: etcd grant failed with keepalive ttl "10s": etcdserver: too many requests
1. etcd grant failed with keepalive ttl "10s"
2. etcdserver: too many requests

2026-05-10T00:34:33.961+08:00 [ERRO] keepalive retry register failed, will retry in 1s: etcd grant failed with keepalive ttl "10s": etcdserver: too many requests
1. etcd grant failed with keepalive ttl "10s"
2. etcdserver: too many requests

2026-05-10T00:34:35.003+08:00 [ERRO] keepalive retry register failed, will retry in 2s: etcd grant failed with keepalive ttl "10s": etcdserver: too many requests
1. etcd grant failed with keepalive ttl "10s"
2. etcdserver: too many requests

2026-05-10T00:34:37.012+08:00 [ERRO] keepalive retry register failed, will retry in 3s: etcd grant failed with keepalive ttl "10s": etcdserver: too many requests
1. etcd grant failed with keepalive ttl "10s"
2. etcdserver: too many requests

2026-05-10T00:34:40.020+08:00 [ERRO] keepalive retry register failed, will retry in 2s: etcd grant failed with keepalive ttl "10s": etcdserver: too many requests
1. etcd grant failed with keepalive ttl "10s"
2. etcdserver: too many requests

2026-05-10T00:34:42.032+08:00 [ERRO] keepalive retry register failed, will retry in 2s: etcd grant failed with keepalive ttl "10s": etcdserver: too many requests
1. etcd grant failed with keepalive ttl "10s"
2. etcdserver: too many requests

2026-05-10T00:34:44.258+08:00 [ERRO] keepalive retry register failed, will retry in 2s: etcd grant failed with keepalive ttl "10s": etcdserver: too many requests
1. etcd grant failed with keepalive ttl "10s"
2. etcdserver: too many requests

2026-05-10T00:34:46.283+08:00 [ERRO] keepalive retry register failed, will retry in 1s: etcd grant failed with keepalive ttl "10s": etcdserver: too many requests
1. etcd grant failed with keepalive ttl "10s"
2. etcdserver: too many requests

2026-05-10T00:34:47.293+08:00 [ERRO] keepalive retry register failed, will retry in 3s: etcd grant failed with keepalive ttl "10s": etcdserver: too many requests
1. etcd grant failed with keepalive ttl "10s"
2. etcdserver: too many requests

2026-05-10T00:34:50.299+08:00 [ERRO] keepalive retry register failed, will retry in 1s: etcd grant failed with keepalive ttl "10s": etcdserver: too many requests
1. etcd grant failed with keepalive ttl "10s"
2. etcdserver: too many requests

2026-05-10T00:34:51.302+08:00 [ERRO] keepalive retry register failed, will retry in 3s: etcd grant failed with keepalive ttl "10s": etcdserver: too many requests
1. etcd grant failed with keepalive ttl "10s"
2. etcdserver: too many requests

2026-05-10T00:34:54.306+08:00 [ERRO] keepalive retry register failed, will retry in 2s: etcd grant failed with keepalive ttl "10s": etcdserver: too many requests
1. etcd grant failed with keepalive ttl "10s"
2. etcdserver: too many requests

2026-05-10T00:34:56.315+08:00 [ERRO] keepalive retry register failed, will retry in 1s: etcd grant failed with keepalive ttl "10s": etcdserver: too many requests
1. etcd grant failed with keepalive ttl "10s"
2. etcdserver: too many requests

2026-05-10T00:34:57.346+08:00 [ERRO] keepalive retry register failed, will retry in 3s: etcd grant failed with keepalive ttl "10s": etcdserver: too many requests
1. etcd grant failed with keepalive ttl "10s"
2. etcdserver: too many requests

2026-05-10T00:35:00.381+08:00 [ERRO] keepalive retry register failed, will retry in 3s: etcd grant failed with keepalive ttl "10s": etcdserver: too many requests
1. etcd grant failed with keepalive ttl "10s"
2. etcdserver: too many requests

2026-05-10T00:35:03.435+08:00 [ERRO] keepalive retry register failed, will retry in 3s: etcd grant failed with keepalive ttl "10s": etcdserver: too many requests
1. etcd grant failed with keepalive ttl "10s"
2. etcdserver: too many requests

2026-05-10T00:35:06.610+08:00 [ERRO] keepalive retry register failed, will retry in 3s: etcd grant failed with keepalive ttl "10s": etcdserver: too many requests
1. etcd grant failed with keepalive ttl "10s"
2. etcdserver: too many requests

2026-05-10T00:35:09.613+08:00 [ERRO] keepalive retry register failed, will retry in 3s: etcd grant failed with keepalive ttl "10s": etcdserver: too many requests
1. etcd grant failed with keepalive ttl "10s"
2. etcdserver: too many requests

2026-05-10T00:35:12.623+08:00 [ERRO] keepalive retry register failed, will retry in 2s: etcd grant failed with keepalive ttl "10s": etcdserver: too many requests
1. etcd grant failed with keepalive ttl "10s"
2. etcdserver: too many requests

2026-05-10T00:35:14.636+08:00 [ERRO] keepalive retry register failed, will retry in 3s: etcd grant failed with keepalive ttl "10s": etcdserver: too many requests
1. etcd grant failed with keepalive ttl "10s"
2. etcdserver: too many requests

2026-05-10T00:35:17.693+08:00 [ERRO] keepalive retry register failed, will retry in 2s: etcd grant failed with keepalive ttl "10s": etcdserver: too many requests
1. etcd grant failed with keepalive ttl "10s"
2. etcdserver: too many requests

2026-05-10T00:35:19.741+08:00 [ERRO] keepalive retry register failed, will retry in 1s: etcd grant failed with keepalive ttl "10s": etcdserver: too many requests
1. etcd grant failed with keepalive ttl "10s"
2. etcdserver: too many requests

2026-05-10T00:35:20.789+08:00 [ERRO] keepalive retry register failed, will retry in 1s: etcd grant failed with keepalive ttl "10s": etcdserver: too many requests
1. etcd grant failed with keepalive ttl "10s"
2. etcdserver: too many requests

2026-05-10T00:35:21.859+08:00 [ERRO] keepalive retry register failed, will retry in 2s: etcd grant failed with keepalive ttl "10s": etcdserver: too many requests
1. etcd grant failed with keepalive ttl "10s"
2. etcdserver: too many requests

2026-05-10T00:35:23.879+08:00 [ERRO] keepalive retry register failed, will retry in 2s: etcd grant failed with keepalive ttl "10s": etcdserver: too many requests
1. etcd grant failed with keepalive ttl "10s"
2. etcdserver: too many requests

2026-05-10T00:35:25.915+08:00 [ERRO] keepalive retry register failed, will retry in 3s: etcd grant failed with keepalive ttl "10s": etcdserver: too many requests
1. etcd grant failed with keepalive ttl "10s"
2. etcdserver: too many requests

2026-05-10T00:35:28.926+08:00 [ERRO] keepalive retry register failed, will retry in 3s: etcd grant failed with keepalive ttl "10s": etcdserver: too many requests
1. etcd grant failed with keepalive ttl "10s"
2. etcdserver: too many requests

2026-05-10T00:35:31.936+08:00 [ERRO] keepalive retry register failed, will retry in 3s: etcd grant failed with keepalive ttl "10s": etcdserver: too many requests
1. etcd grant failed with keepalive ttl "10s"
2. etcdserver: too many requests

2026-05-10T00:35:34.946+08:00 [ERRO] keepalive retry register failed, will retry in 2s: etcd grant failed with keepalive ttl "10s": etcdserver: too many requests
1. etcd grant failed with keepalive ttl "10s"
2. etcdserver: too many requests

2026-05-10T00:35:36.981+08:00 [ERRO] keepalive retry register failed, will retry in 3s: etcd grant failed with keepalive ttl "10s": etcdserver: too many requests
1. etcd grant failed with keepalive ttl "10s"
2. etcdserver: too many requests

2026-05-10T00:35:39.988+08:00 [ERRO] keepalive retry register failed, will retry in 2s: etcd grant failed with keepalive ttl "10s": etcdserver: too many requests
1. etcd grant failed with keepalive ttl "10s"
2. etcdserver: too many requests

2026-05-10T00:35:41.991+08:00 [ERRO] keepalive retry register failed, will retry in 3s: etcd grant failed with keepalive ttl "10s": etcdserver: too many requests
1. etcd grant failed with keepalive ttl "10s"
2. etcdserver: too many requests

2026-05-10T00:35:44.995+08:00 [ERRO] keepalive retry register failed, will retry in 3s: etcd grant failed with keepalive ttl "10s": etcdserver: too many requests
1. etcd grant failed with keepalive ttl "10s"
2. etcdserver: too many requests

2026-05-10T00:35:48.002+08:00 [ERRO] keepalive retry register failed, will retry in 3s: etcd grant failed with keepalive ttl "10s": etcdserver: too many requests
1. etcd grant failed with keepalive ttl "10s"
2. etcdserver: too many requests

2026-05-10T00:35:51.007+08:00 [ERRO] keepalive retry register failed, will retry in 3s: etcd grant failed with keepalive ttl "10s": etcdserver: too many requests
1. etcd grant failed with keepalive ttl "10s"
2. etcdserver: too many requests

2026-05-10T00:35:54.014+08:00 [ERRO] keepalive retry register failed, will retry in 2s: etcd grant failed with keepalive ttl "10s": etcdserver: too many requests
1. etcd grant failed with keepalive ttl "10s"
2. etcdserver: too many requests

2026-05-10T00:35:56.031+08:00 [ERRO] keepalive retry register failed, will retry in 2s: etcd grant failed with keepalive ttl "10s": etcdserver: too many requests
1. etcd grant failed with keepalive ttl "10s"
2. etcdserver: too many requests

2026-05-10T00:35:58.047+08:00 [ERRO] keepalive retry register failed, will retry in 2s: etcd grant failed with keepalive ttl "10s": etcdserver: too many requests
1. etcd grant failed with keepalive ttl "10s"
2. etcdserver: too many requests

2026-05-10T00:36:00.121+08:00 [ERRO] keepalive retry register failed, will retry in 1s: etcd grant failed with keepalive ttl "10s": etcdserver: too many requests
1. etcd grant failed with keepalive ttl "10s"
2. etcdserver: too many requests

2026-05-10T00:36:01.123+08:00 [ERRO] keepalive retry register failed, will retry in 2s: etcd grant failed with keepalive ttl "10s": etcdserver: too many requests
1. etcd grant failed with keepalive ttl "10s"
2. etcdserver: too many requests

2026-05-10T00:36:03.131+08:00 [ERRO] keepalive retry register failed, will retry in 3s: etcd grant failed with keepalive ttl "10s": etcdserver: too many requests
1. etcd grant failed with keepalive ttl "10s"
2. etcdserver: too many requests

2026-05-10T00:36:06.187+08:00 [ERRO] keepalive retry register failed, will retry in 2s: etcd grant failed with keepalive ttl "10s": etcdserver: too many requests
1. etcd grant failed with keepalive ttl "10s"
2. etcdserver: too many requests

2026-05-10T00:36:08.349+08:00 [ERRO] keepalive retry register failed, will retry in 3s: etcd grant failed with keepalive ttl "10s": etcdserver: too many requests
1. etcd grant failed with keepalive ttl "10s"
2. etcdserver: too many requests

2026-05-10T00:36:11.361+08:00 [ERRO] keepalive retry register failed, will retry in 2s: etcd grant failed with keepalive ttl "10s": etcdserver: too many requests
1. etcd grant failed with keepalive ttl "10s"
2. etcdserver: too many requests

2026-05-10T00:36:13.364+08:00 [ERRO] keepalive retry register failed, will retry in 2s: etcd grant failed with keepalive ttl "10s": etcdserver: too many requests
1. etcd grant failed with keepalive ttl "10s"
2. etcdserver: too many requests

2026-05-10T00:36:15.371+08:00 [ERRO] keepalive retry register failed, will retry in 3s: etcd grant failed with keepalive ttl "10s": etcdserver: too many requests
1. etcd grant failed with keepalive ttl "10s"
2. etcdserver: too many requests

2026-05-10T00:36:18.380+08:00 [ERRO] keepalive retry register failed, will retry in 1s: etcd grant failed with keepalive ttl "10s": etcdserver: too many requests
1. etcd grant failed with keepalive ttl "10s"
2. etcdserver: too many requests

2026-05-10T00:36:19.385+08:00 [ERRO] keepalive retry register failed, will retry in 2s: etcd grant failed with keepalive ttl "10s": etcdserver: too many requests
1. etcd grant failed with keepalive ttl "10s"
2. etcdserver: too many requests

2026-05-10T00:36:21.396+08:00 [ERRO] keepalive retry register failed, will retry in 2s: etcd grant failed with keepalive ttl "10s": etcdserver: too many requests
1. etcd grant failed with keepalive ttl "10s"
2. etcdserver: too many requests

2026-05-10T00:36:23.401+08:00 [ERRO] keepalive retry register failed, will retry in 3s: etcd grant failed with keepalive ttl "10s": etcdserver: too many requests
1. etcd grant failed with keepalive ttl "10s"
2. etcdserver: too many requests

2026-05-10T00:36:26.405+08:00 [ERRO] keepalive retry register failed, will retry in 2s: etcd grant failed with keepalive ttl "10s": etcdserver: too many requests
1. etcd grant failed with keepalive ttl "10s"
2. etcdserver: too many requests

2026-05-10T00:36:28.409+08:00 [ERRO] keepalive retry register failed, will retry in 2s: etcd grant failed with keepalive ttl "10s": etcdserver: too many requests
1. etcd grant failed with keepalive ttl "10s"
2. etcdserver: too many requests

2026-05-10T00:36:30.416+08:00 [ERRO] keepalive retry register failed, will retry in 2s: etcd grant failed with keepalive ttl "10s": etcdserver: too many requests
1. etcd grant failed with keepalive ttl "10s"
2. etcdserver: too many requests

2026-05-10T00:36:32.424+08:00 [ERRO] keepalive retry register failed, will retry in 3s: etcd grant failed with keepalive ttl "10s": etcdserver: too many requests
1. etcd grant failed with keepalive ttl "10s"
2. etcdserver: too many requests

2026-05-10T00:36:35.432+08:00 [ERRO] keepalive retry register failed, will retry in 1s: etcd grant failed with keepalive ttl "10s": etcdserver: too many requests
1. etcd grant failed with keepalive ttl "10s"
2. etcdserver: too many requests

2026-05-10T00:36:36.442+08:00 [ERRO] keepalive retry register failed, will retry in 3s: etcd grant failed with keepalive ttl "10s": etcdserver: too many requests
1. etcd grant failed with keepalive ttl "10s"
2. etcdserver: too many requests

2026-05-10T00:36:39.449+08:00 [ERRO] keepalive retry register failed, will retry in 2s: etcd grant failed with keepalive ttl "10s": etcdserver: too many requests
1. etcd grant failed with keepalive ttl "10s"
2. etcdserver: too many requests

2026-05-10T00:36:41.453+08:00 [ERRO] keepalive retry register failed, will retry in 3s: etcd grant failed with keepalive ttl "10s": etcdserver: too many requests
1. etcd grant failed with keepalive ttl "10s"
2. etcdserver: too many requests

2026-05-10T00:36:44.459+08:00 [ERRO] keepalive retry register failed, will retry in 2s: etcd grant failed with keepalive ttl "10s": etcdserver: too many requests
1. etcd grant failed with keepalive ttl "10s"
2. etcdserver: too many requests

2026-05-10T00:36:46.472+08:00 [ERRO] keepalive retry register failed, will retry in 2s: etcd grant failed with keepalive ttl "10s": etcdserver: too many requests
1. etcd grant failed with keepalive ttl "10s"
2. etcdserver: too many requests

2026-05-10T00:36:48.478+08:00 [ERRO] keepalive retry register failed, will retry in 2s: etcd grant failed with keepalive ttl "10s": etcdserver: too many requests
1. etcd grant failed with keepalive ttl "10s"
2. etcdserver: too many requests

2026-05-10T00:36:50.485+08:00 [ERRO] keepalive retry register failed, will retry in 1s: etcd grant failed with keepalive ttl "10s": etcdserver: too many requests
1. etcd grant failed with keepalive ttl "10s"
2. etcdserver: too many requests

2026-05-10T00:36:51.551+08:00 [ERRO] keepalive retry register failed, will retry in 3s: etcd grant failed with keepalive ttl "10s": etcdserver: too many requests
1. etcd grant failed with keepalive ttl "10s"
2. etcdserver: too many requests

2026-05-10T00:36:54.607+08:00 [ERRO] keepalive retry register failed, will retry in 3s: etcd grant failed with keepalive ttl "10s": etcdserver: too many requests
1. etcd grant failed with keepalive ttl "10s"
2. etcdserver: too many requests

2026-05-10T00:36:57.651+08:00 [ERRO] keepalive retry register failed, will retry in 1s: etcd grant failed with keepalive ttl "10s": etcdserver: too many requests
1. etcd grant failed with keepalive ttl "10s"
2. etcdserver: too many requests

2026-05-10T00:36:58.666+08:00 [ERRO] keepalive retry register failed, will retry in 3s: etcd grant failed with keepalive ttl "10s": etcdserver: too many requests
1. etcd grant failed with keepalive ttl "10s"
2. etcdserver: too many requests

2026-05-10T00:37:01.725+08:00 [ERRO] keepalive retry register failed, will retry in 1s: etcd grant failed with keepalive ttl "10s": etcdserver: too many requests
1. etcd grant failed with keepalive ttl "10s"
2. etcdserver: too many requests

2026-05-10T00:37:02.914+08:00 [ERRO] keepalive retry register failed, will retry in 3s: etcd grant failed with keepalive ttl "10s": etcdserver: too many requests
1. etcd grant failed with keepalive ttl "10s"
2. etcdserver: too many requests

2026-05-10T00:37:05.938+08:00 [ERRO] keepalive retry register failed, will retry in 2s: etcd grant failed with keepalive ttl "10s": etcdserver: too many requests
1. etcd grant failed with keepalive ttl "10s"
2. etcdserver: too many requests

2026-05-10T00:37:07.957+08:00 [ERRO] keepalive retry register failed, will retry in 1s: etcd grant failed with keepalive ttl "10s": etcdserver: too many requests
1. etcd grant failed with keepalive ttl "10s"
2. etcdserver: too many requests

2026-05-10T00:37:08.964+08:00 [ERRO] keepalive retry register failed, will retry in 2s: etcd grant failed with keepalive ttl "10s": etcdserver: too many requests
1. etcd grant failed with keepalive ttl "10s"
2. etcdserver: too many requests

2026-05-10T00:37:11.101+08:00 [ERRO] keepalive retry register failed, will retry in 1s: etcd grant failed with keepalive ttl "10s": etcdserver: too many requests
1. etcd grant failed with keepalive ttl "10s"
2. etcdserver: too many requests

2026-05-10T00:37:12.134+08:00 [ERRO] keepalive retry register failed, will retry in 1s: etcd grant failed with keepalive ttl "10s": etcdserver: too many requests
1. etcd grant failed with keepalive ttl "10s"
2. etcdserver: too many requests

2026-05-10T00:37:13.150+08:00 [ERRO] keepalive retry register failed, will retry in 1s: etcd grant failed with keepalive ttl "10s": etcdserver: too many requests
1. etcd grant failed with keepalive ttl "10s"
2. etcdserver: too many requests

2026-05-10T00:37:14.199+08:00 [ERRO] keepalive retry register failed, will retry in 2s: etcd grant failed with keepalive ttl "10s": etcdserver: too many requests
1. etcd grant failed with keepalive ttl "10s"
2. etcdserver: too many requests

2026-05-10T00:37:16.207+08:00 [ERRO] keepalive retry register failed, will retry in 3s: etcd grant failed with keepalive ttl "10s": etcdserver: too many requests
1. etcd grant failed with keepalive ttl "10s"
2. etcdserver: too many requests

2026-05-10T00:37:19.215+08:00 [ERRO] keepalive retry register failed, will retry in 3s: etcd grant failed with keepalive ttl "10s": etcdserver: too many requests
1. etcd grant failed with keepalive ttl "10s"
2. etcdserver: too many requests

2026-05-10T00:37:22.234+08:00 [ERRO] keepalive retry register failed, will retry in 2s: etcd grant failed with keepalive ttl "10s": etcdserver: too many requests
1. etcd grant failed with keepalive ttl "10s"
2. etcdserver: too many requests

2026-05-10T00:37:24.237+08:00 [ERRO] keepalive retry register failed, will retry in 1s: etcd grant failed with keepalive ttl "10s": etcdserver: too many requests
1. etcd grant failed with keepalive ttl "10s"
2. etcdserver: too many requests

2026-05-10T00:37:25.241+08:00 [ERRO] keepalive retry register failed, will retry in 1s: etcd grant failed with keepalive ttl "10s": etcdserver: too many requests
1. etcd grant failed with keepalive ttl "10s"
2. etcdserver: too many requests

2026-05-10T00:37:26.262+08:00 [ERRO] keepalive retry register failed, will retry in 3s: etcd grant failed with keepalive ttl "10s": etcdserver: too many requests
1. etcd grant failed with keepalive ttl "10s"
2. etcdserver: too many requests

2026-05-10T00:37:29.274+08:00 [ERRO] keepalive retry register failed, will retry in 1s: etcd grant failed with keepalive ttl "10s": etcdserver: too many requests
1. etcd grant failed with keepalive ttl "10s"
2. etcdserver: too many requests

2026-05-10T00:37:30.279+08:00 [ERRO] keepalive retry register failed, will retry in 2s: etcd grant failed with keepalive ttl "10s": etcdserver: too many requests
1. etcd grant failed with keepalive ttl "10s"
2. etcdserver: too many requests

2026-05-10T00:37:32.285+08:00 [ERRO] keepalive retry register failed, will retry in 3s: etcd grant failed with keepalive ttl "10s": etcdserver: too many requests
1. etcd grant failed with keepalive ttl "10s"
2. etcdserver: too many requests

2026-05-10T00:37:35.288+08:00 [ERRO] keepalive retry register failed, will retry in 1s: etcd grant failed with keepalive ttl "10s": etcdserver: too many requests
1. etcd grant failed with keepalive ttl "10s"
2. etcdserver: too many requests

2026-05-10T00:37:36.641+08:00 [ERRO] keepalive retry register failed, will retry in 2s: etcd grant failed with keepalive ttl "10s": etcdserver: too many requests
1. etcd grant failed with keepalive ttl "10s"
2. etcdserver: too many requests

2026-05-10T00:37:38.697+08:00 [ERRO] keepalive retry register failed, will retry in 1s: etcd grant failed with keepalive ttl "10s": etcdserver: too many requests
1. etcd grant failed with keepalive ttl "10s"
2. etcdserver: too many requests

2026-05-10T00:37:39.728+08:00 [ERRO] keepalive retry register failed, will retry in 2s: etcd grant failed with keepalive ttl "10s": etcdserver: too many requests
1. etcd grant failed with keepalive ttl "10s"
2. etcdserver: too many requests

2026-05-10T00:37:41.735+08:00 [ERRO] keepalive retry register failed, will retry in 3s: etcd grant failed with keepalive ttl "10s": etcdserver: too many requests
1. etcd grant failed with keepalive ttl "10s"
2. etcdserver: too many requests

2026-05-10T00:37:44.782+08:00 [ERRO] keepalive retry register failed, will retry in 1s: etcd grant failed with keepalive ttl "10s": etcdserver: too many requests
1. etcd grant failed with keepalive ttl "10s"
2. etcdserver: too many requests

2026-05-10T00:37:45.946+08:00 [ERRO] keepalive retry register failed, will retry in 2s: etcd grant failed with keepalive ttl "10s": etcdserver: too many requests
1. etcd grant failed with keepalive ttl "10s"
2. etcdserver: too many requests

2026-05-10T00:37:48.105+08:00 [ERRO] keepalive retry register failed, will retry in 3s: etcd grant failed with keepalive ttl "10s": etcdserver: too many requests
1. etcd grant failed with keepalive ttl "10s"
2. etcdserver: too many requests

2026-05-10T00:37:51.114+08:00 [ERRO] keepalive retry register failed, will retry in 2s: etcd grant failed with keepalive ttl "10s": etcdserver: too many requests
1. etcd grant failed with keepalive ttl "10s"
2. etcdserver: too many requests

2026-05-10T00:37:53.134+08:00 [ERRO] keepalive retry register failed, will retry in 1s: etcd grant failed with keepalive ttl "10s": etcdserver: too many requests
1. etcd grant failed with keepalive ttl "10s"
2. etcdserver: too many requests

2026-05-10T00:37:54.138+08:00 [ERRO] keepalive retry register failed, will retry in 1s: etcd grant failed with keepalive ttl "10s": etcdserver: too many requests
1. etcd grant failed with keepalive ttl "10s"
2. etcdserver: too many requests

2026-05-10T00:37:55.175+08:00 [ERRO] keepalive retry register failed, will retry in 2s: etcd grant failed with keepalive ttl "10s": etcdserver: too many requests
1. etcd grant failed with keepalive ttl "10s"
2. etcdserver: too many requests

2026-05-10T00:37:57.198+08:00 [ERRO] keepalive retry register failed, will retry in 3s: etcd grant failed with keepalive ttl "10s": etcdserver: too many requests
1. etcd grant failed with keepalive ttl "10s"
2. etcdserver: too many requests

2026-05-10T00:38:00.205+08:00 [ERRO] keepalive retry register failed, will retry in 3s: etcd grant failed with keepalive ttl "10s": etcdserver: too many requests
1. etcd grant failed with keepalive ttl "10s"
2. etcdserver: too many requests

2026-05-10T00:38:03.209+08:00 [ERRO] keepalive retry register failed, will retry in 2s: etcd grant failed with keepalive ttl "10s": etcdserver: too many requests
1. etcd grant failed with keepalive ttl "10s"
2. etcdserver: too many requests

2026-05-10T00:38:05.223+08:00 [ERRO] keepalive retry register failed, will retry in 3s: etcd grant failed with keepalive ttl "10s": etcdserver: too many requests
1. etcd grant failed with keepalive ttl "10s"
2. etcdserver: too many requests

2026-05-10T00:38:08.352+08:00 [ERRO] keepalive retry register failed, will retry in 3s: etcd grant failed with keepalive ttl "10s": etcdserver: too many requests
1. etcd grant failed with keepalive ttl "10s"
2. etcdserver: too many requests

2026-05-10T00:38:11.406+08:00 [ERRO] keepalive retry register failed, will retry in 3s: etcd grant failed with keepalive ttl "10s": etcdserver: too many requests
1. etcd grant failed with keepalive ttl "10s"
2. etcdserver: too many requests

2026-05-10T00:38:14.413+08:00 [ERRO] keepalive retry register failed, will retry in 2s: etcd grant failed with keepalive ttl "10s": etcdserver: too many requests
1. etcd grant failed with keepalive ttl "10s"
2. etcdserver: too many requests

2026-05-10T00:38:16.447+08:00 [ERRO] keepalive retry register failed, will retry in 3s: etcd grant failed with keepalive ttl "10s": etcdserver: too many requests
1. etcd grant failed with keepalive ttl "10s"
2. etcdserver: too many requests

2026-05-10T00:38:19.452+08:00 [ERRO] keepalive retry register failed, will retry in 1s: etcd grant failed with keepalive ttl "10s": etcdserver: too many requests
1. etcd grant failed with keepalive ttl "10s"
2. etcdserver: too many requests

2026-05-10T00:38:20.454+08:00 [ERRO] keepalive retry register failed, will retry in 2s: etcd grant failed with keepalive ttl "10s": etcdserver: too many requests
1. etcd grant failed with keepalive ttl "10s"
2. etcdserver: too many requests

2026-05-10T00:38:22.457+08:00 [ERRO] keepalive retry register failed, will retry in 2s: etcd grant failed with keepalive ttl "10s": etcdserver: too many requests
1. etcd grant failed with keepalive ttl "10s"
2. etcdserver: too many requests

2026-05-10T00:38:24.466+08:00 [ERRO] keepalive retry register failed, will retry in 2s: etcd grant failed with keepalive ttl "10s": etcdserver: too many requests
1. etcd grant failed with keepalive ttl "10s"
2. etcdserver: too many requests

2026-05-10T00:38:26.634+08:00 [ERRO] keepalive retry register failed, will retry in 2s: etcd grant failed with keepalive ttl "10s": etcdserver: too many requests
1. etcd grant failed with keepalive ttl "10s"
2. etcdserver: too many requests

2026-05-10T00:38:28.737+08:00 [ERRO] keepalive retry register failed, will retry in 2s: etcd grant failed with keepalive ttl "10s": etcdserver: too many requests
1. etcd grant failed with keepalive ttl "10s"
2. etcdserver: too many requests

2026-05-10T00:38:30.746+08:00 [ERRO] keepalive retry register failed, will retry in 2s: etcd grant failed with keepalive ttl "10s": etcdserver: too many requests
1. etcd grant failed with keepalive ttl "10s"
2. etcdserver: too many requests

2026-05-10T00:38:32.754+08:00 [ERRO] keepalive retry register failed, will retry in 1s: etcd grant failed with keepalive ttl "10s": etcdserver: too many requests
1. etcd grant failed with keepalive ttl "10s"
2. etcdserver: too many requests

2026-05-10T00:38:33.761+08:00 [ERRO] keepalive retry register failed, will retry in 1s: etcd grant failed with keepalive ttl "10s": etcdserver: too many requests
1. etcd grant failed with keepalive ttl "10s"
2. etcdserver: too many requests

2026-05-10T00:38:34.768+08:00 [ERRO] keepalive retry register failed, will retry in 3s: etcd grant failed with keepalive ttl "10s": etcdserver: too many requests
1. etcd grant failed with keepalive ttl "10s"
2. etcdserver: too many requests

2026-05-10T00:38:37.776+08:00 [ERRO] keepalive retry register failed, will retry in 2s: etcd grant failed with keepalive ttl "10s": etcdserver: too many requests
1. etcd grant failed with keepalive ttl "10s"
2. etcdserver: too many requests

2026-05-10T00:38:39.783+08:00 [ERRO] keepalive retry register failed, will retry in 3s: etcd grant failed with keepalive ttl "10s": etcdserver: too many requests
1. etcd grant failed with keepalive ttl "10s"
2. etcdserver: too many requests

2026-05-10T00:38:42.791+08:00 [ERRO] keepalive retry register failed, will retry in 3s: etcd grant failed with keepalive ttl "10s": etcdserver: too many requests
1. etcd grant failed with keepalive ttl "10s"
2. etcdserver: too many requests

2026-05-10T00:38:45.799+08:00 [ERRO] keepalive retry register failed, will retry in 3s: etcd grant failed with keepalive ttl "10s": etcdserver: too many requests
1. etcd grant failed with keepalive ttl "10s"
2. etcdserver: too many requests

2026-05-10T00:38:48.808+08:00 [ERRO] keepalive retry register failed, will retry in 1s: etcd grant failed with keepalive ttl "10s": etcdserver: too many requests
1. etcd grant failed with keepalive ttl "10s"
2. etcdserver: too many requests

2026-05-10T00:38:49.817+08:00 [ERRO] keepalive retry register failed, will retry in 3s: etcd grant failed with keepalive ttl "10s": etcdserver: too many requests
1. etcd grant failed with keepalive ttl "10s"
2. etcdserver: too many requests

2026-05-10T00:38:52.822+08:00 [ERRO] keepalive retry register failed, will retry in 2s: etcd grant failed with keepalive ttl "10s": etcdserver: too many requests
1. etcd grant failed with keepalive ttl "10s"
2. etcdserver: too many requests

2026-05-10T00:38:54.829+08:00 [ERRO] keepalive retry register failed, will retry in 3s: etcd grant failed with keepalive ttl "10s": etcdserver: too many requests
1. etcd grant failed with keepalive ttl "10s"
2. etcdserver: too many requests

2026-05-10T00:38:57.836+08:00 [ERRO] keepalive retry register failed, will retry in 1s: etcd grant failed with keepalive ttl "10s": etcdserver: too many requests
1. etcd grant failed with keepalive ttl "10s"
2. etcdserver: too many requests

2026-05-10T00:38:58.844+08:00 [ERRO] keepalive retry register failed, will retry in 3s: etcd grant failed with keepalive ttl "10s": etcdserver: too many requests
1. etcd grant failed with keepalive ttl "10s"
2. etcdserver: too many requests

2026-05-10T00:39:01.850+08:00 [ERRO] keepalive retry register failed, will retry in 1s: etcd grant failed with keepalive ttl "10s": etcdserver: too many requests
1. etcd grant failed with keepalive ttl "10s"
2. etcdserver: too many requests

2026-05-10T00:39:02.852+08:00 [ERRO] keepalive retry register failed, will retry in 1s: etcd grant failed with keepalive ttl "10s": etcdserver: too many requests
1. etcd grant failed with keepalive ttl "10s"
2. etcdserver: too many requests

2026-05-10T00:39:03.863+08:00 [ERRO] keepalive retry register failed, will retry in 2s: etcd grant failed with keepalive ttl "10s": etcdserver: too many requests
1. etcd grant failed with keepalive ttl "10s"
2. etcdserver: too many requests

2026-05-10T00:39:05.868+08:00 [ERRO] keepalive retry register failed, will retry in 1s: etcd grant failed with keepalive ttl "10s": etcdserver: too many requests
1. etcd grant failed with keepalive ttl "10s"
2. etcdserver: too many requests

2026-05-10T00:39:06.874+08:00 [ERRO] keepalive retry register failed, will retry in 2s: etcd grant failed with keepalive ttl "10s": etcdserver: too many requests
1. etcd grant failed with keepalive ttl "10s"
2. etcdserver: too many requests

2026-05-10T00:39:08.877+08:00 [ERRO] keepalive retry register failed, will retry in 2s: etcd grant failed with keepalive ttl "10s": etcdserver: too many requests
1. etcd grant failed with keepalive ttl "10s"
2. etcdserver: too many requests

2026-05-10T00:39:10.882+08:00 [ERRO] keepalive retry register failed, will retry in 2s: etcd grant failed with keepalive ttl "10s": etcdserver: too many requests
1. etcd grant failed with keepalive ttl "10s"
2. etcdserver: too many requests

2026-05-10T00:39:12.892+08:00 [ERRO] keepalive retry register failed, will retry in 2s: etcd grant failed with keepalive ttl "10s": etcdserver: too many requests
1. etcd grant failed with keepalive ttl "10s"
2. etcdserver: too many requests

2026-05-10T00:39:14.901+08:00 [ERRO] keepalive retry register failed, will retry in 2s: etcd grant failed with keepalive ttl "10s": etcdserver: too many requests
1. etcd grant failed with keepalive ttl "10s"
2. etcdserver: too many requests

2026-05-10T00:39:16.916+08:00 [ERRO] keepalive retry register failed, will retry in 2s: etcd grant failed with keepalive ttl "10s": etcdserver: too many requests
1. etcd grant failed with keepalive ttl "10s"
2. etcdserver: too many requests

2026-05-10T00:39:18.956+08:00 [ERRO] keepalive retry register failed, will retry in 1s: etcd grant failed with keepalive ttl "10s": etcdserver: too many requests
1. etcd grant failed with keepalive ttl "10s"
2. etcdserver: too many requests

2026-05-10T00:39:20.092+08:00 [ERRO] keepalive retry register failed, will retry in 2s: etcd grant failed with keepalive ttl "10s": etcdserver: too many requests
1. etcd grant failed with keepalive ttl "10s"
2. etcdserver: too many requests

2026-05-10T00:39:22.111+08:00 [ERRO] keepalive retry register failed, will retry in 2s: etcd grant failed with keepalive ttl "10s": etcdserver: too many requests
1. etcd grant failed with keepalive ttl "10s"
2. etcdserver: too many requests

2026-05-10T00:39:24.137+08:00 [ERRO] keepalive retry register failed, will retry in 2s: etcd grant failed with keepalive ttl "10s": etcdserver: too many requests
1. etcd grant failed with keepalive ttl "10s"
2. etcdserver: too many requests

2026-05-10T00:39:26.165+08:00 [ERRO] keepalive retry register failed, will retry in 1s: etcd grant failed with keepalive ttl "10s": etcdserver: too many requests
1. etcd grant failed with keepalive ttl "10s"
2. etcdserver: too many requests

2026-05-10T00:39:27.204+08:00 [ERRO] keepalive retry register failed, will retry in 2s: etcd grant failed with keepalive ttl "10s": etcdserver: too many requests
1. etcd grant failed with keepalive ttl "10s"
2. etcdserver: too many requests

2026-05-10T00:39:29.221+08:00 [ERRO] keepalive retry register failed, will retry in 2s: etcd grant failed with keepalive ttl "10s": etcdserver: too many requests
1. etcd grant failed with keepalive ttl "10s"
2. etcdserver: too many requests

2026-05-10T00:39:31.236+08:00 [ERRO] keepalive retry register failed, will retry in 3s: etcd grant failed with keepalive ttl "10s": etcdserver: too many requests
1. etcd grant failed with keepalive ttl "10s"
2. etcdserver: too many requests

2026-05-10T00:39:34.242+08:00 [ERRO] keepalive retry register failed, will retry in 2s: etcd grant failed with keepalive ttl "10s": etcdserver: too many requests
1. etcd grant failed with keepalive ttl "10s"
2. etcdserver: too many requests

2026-05-10T00:39:36.250+08:00 [ERRO] keepalive retry register failed, will retry in 3s: etcd grant failed with keepalive ttl "10s": etcdserver: too many requests
1. etcd grant failed with keepalive ttl "10s"
2. etcdserver: too many requests

2026-05-10T00:39:39.292+08:00 [ERRO] keepalive retry register failed, will retry in 2s: etcd grant failed with keepalive ttl "10s": etcdserver: too many requests
1. etcd grant failed with keepalive ttl "10s"
2. etcdserver: too many requests

2026-05-10T00:39:41.321+08:00 [ERRO] keepalive retry register failed, will retry in 1s: etcd grant failed with keepalive ttl "10s": etcdserver: too many requests
1. etcd grant failed with keepalive ttl "10s"
2. etcdserver: too many requests

2026-05-10T00:39:42.351+08:00 [ERRO] keepalive retry register failed, will retry in 2s: etcd grant failed with keepalive ttl "10s": etcdserver: too many requests
1. etcd grant failed with keepalive ttl "10s"
2. etcdserver: too many requests

2026-05-10T00:39:44.361+08:00 [ERRO] keepalive retry register failed, will retry in 2s: etcd grant failed with keepalive ttl "10s": etcdserver: too many requests
1. etcd grant failed with keepalive ttl "10s"
2. etcdserver: too many requests

2026-05-10T00:39:46.390+08:00 [ERRO] keepalive retry register failed, will retry in 3s: etcd grant failed with keepalive ttl "10s": etcdserver: too many requests
1. etcd grant failed with keepalive ttl "10s"
2. etcdserver: too many requests

2026-05-10T00:39:49.414+08:00 [ERRO] keepalive retry register failed, will retry in 3s: etcd grant failed with keepalive ttl "10s": etcdserver: too many requests
1. etcd grant failed with keepalive ttl "10s"
2. etcdserver: too many requests

2026-05-10T00:39:52.472+08:00 [ERRO] keepalive retry register failed, will retry in 1s: etcd grant failed with keepalive ttl "10s": etcdserver: too many requests
1. etcd grant failed with keepalive ttl "10s"
2. etcdserver: too many requests

2026-05-10T00:39:53.509+08:00 [ERRO] keepalive retry register failed, will retry in 3s: etcd grant failed with keepalive ttl "10s": etcdserver: too many requests
1. etcd grant failed with keepalive ttl "10s"
2. etcdserver: too many requests

2026-05-10T00:39:56.545+08:00 [ERRO] keepalive retry register failed, will retry in 2s: etcd grant failed with keepalive ttl "10s": etcdserver: too many requests
1. etcd grant failed with keepalive ttl "10s"
2. etcdserver: too many requests

2026-05-10T00:39:58.618+08:00 [ERRO] keepalive retry register failed, will retry in 3s: etcd grant failed with keepalive ttl "10s": etcdserver: too many requests
1. etcd grant failed with keepalive ttl "10s"
2. etcdserver: too many requests

2026-05-10T00:40:01.656+08:00 [ERRO] keepalive retry register failed, will retry in 3s: etcd grant failed with keepalive ttl "10s": etcdserver: too many requests
1. etcd grant failed with keepalive ttl "10s"
2. etcdserver: too many requests

2026-05-10T00:40:04.716+08:00 [ERRO] keepalive retry register failed, will retry in 2s: etcd grant failed with keepalive ttl "10s": etcdserver: too many requests
1. etcd grant failed with keepalive ttl "10s"
2. etcdserver: too many requests

2026-05-10T00:41:09.993+08:00 [DEBU] etcd put success with key "/service/default/default/user/latest/172.20.10.3:9020", value "{"protocol":"grpc"}", lease "7587894528270022924"
2026-05-10T00:42:53.554+08:00 [ERRO] {7859bfd54df3ad18472e1b6f0e1381ca} Redis Client Do failed with arguments "[Get gFastV3Cache:user:1]": i/o timeout 
Stack:
1.  github.com/tiger1103/gfast-cache/cache.(*GfCache).Get
    D:/gowork/pkg/mod/github.com/tiger1103/gfast-cache@v1.0.12/cache/cache.go:168
2.  user/internal/controller/login.(*ControllerV1).Login
    D:/gowork/max2/max2/app/user/internal/controller/login/login_v1_login.go:38
3.  user/internal/logic/middleware.(*sMiddleware).MiddlewareCORS
    D:/gowork/max2/max2/app/user/internal/logic/middleware/middleware.go:28

2026-05-10T00:43:24.037+08:00 [ERRO] {7859bfd54df3ad18472e1b6f0e1381ca} Redis Client Do failed with arguments "[Set gFastV3Cache:user:1 [123 34 105 100 34 58 51 44 34 110 97 109 101 34 58 34 49 34 44 34 112 97 115 115 119 111 114 100 34 58 34 99 52 99 97 52 50 51 56 97 48 98 57 50 51 56 50 48 100 99 99 53 48 57 97 54 102 55 53 56 52 57 98 34 44 34 112 111 105 110 116 34 58 49 48 48 44 34 116 111 107 101 110 34 58 34 101 121 74 104 98 71 99 105 79 105 74 73 85 122 73 49 78 105 73 115 73 110 82 53 99 67 73 54 73 107 112 88 86 67 74 57 46 101 121 74 74 90 67 73 54 77 67 119 105 86 88 78 108 99 109 53 104 98 87 85 105 79 105 73 120 73 105 119 105 90 88 104 119 73 106 111 120 78 122 99 52 79 84 81 53 78 122 99 48 102 81 46 74 105 50 113 75 55 71 110 119 50 113 90 105 98 66 76 88 122 100 53 57 51 108 112 88 115 110 88 101 81 49 99 78 48 67 100 69 121 67 84 69 99 85 34 125] PX 604800000]": i/o timeout 
Stack:
1.  github.com/tiger1103/gfast-cache/cache.(*GfCache).Set
    D:/gowork/pkg/mod/github.com/tiger1103/gfast-cache@v1.0.12/cache/cache.go:146
2.  user/internal/controller/login.(*ControllerV1).Login
    D:/gowork/max2/max2/app/user/internal/controller/login/login_v1_login.go:115
3.  user/internal/logic/middleware.(*sMiddleware).MiddlewareCORS
    D:/gowork/max2/max2/app/user/internal/logic/middleware/middleware.go:28

2026-05-10T00:43:24.045+08:00 [ERRO] {7859bfd54df3ad18472e1b6f0e1381ca} UPDATE `users` SET `token`='eyJhbGciOiJIUzI1NiIsInR5cCI6IkpXVCJ9.eyJJZCI6MCwiVXNlcm5hbWUiOiIxIiwiZXhwIjoxNzc4OTQ5Nzc0fQ.Ji2qK7Gnw2qZibBLXzd593lpXsnXeQ1cN0CdEyCTEcU' WHERE `id`=3: context canceled 
Stack:
1.  user/internal/controller/login.(*ControllerV1).Login
    D:/gowork/max2/max2/app/user/internal/controller/login/login_v1_login.go:122
2.  user/internal/logic/middleware.(*sMiddleware).MiddlewareCORS
    D:/gowork/max2/max2/app/user/internal/logic/middleware/middleware.go:28

2026-05-10T10:59:58.876+08:00 [ERRO] {f0c5f0440115ae18991f5d6fd9c8f6ef} UPDATE `users` SET point WHERE (`id`=3) AND (86): Error 1064 (42000): You have an error in your SQL syntax; check the manual that corresponds to your MySQL server version for the right syntax to use near 'WHERE (`id`=?) AND (86)' at line 1 
Stack:
1.  user/internal/library/liberr.ErrIsNil
    D:/gowork/max2/max2/app/user/internal/library/liberr/err.go:23
2.  user/internal/controller/settle.(*Controller).SendSettle
    D:/gowork/max2/max2/app/user/internal/controller/settle/settle.go:24
3.  user/api/settle/v1._Settle_SendSettle_Handler.func1
    D:/gowork/max2/max2/app/user/api/settle/v1/settle_grpc.pb.go:105
4.  google.golang.org/grpc.getChainUnaryHandler.func1
    D:/gowork/pkg/mod/google.golang.org/grpc@v1.64.1/server.go:1196
5.  google.golang.org/grpc.getChainUnaryHandler.func1
    D:/gowork/pkg/mod/google.golang.org/grpc@v1.64.1/server.go:1196
6.  google.golang.org/grpc.getChainUnaryHandler.func1
    D:/gowork/pkg/mod/google.golang.org/grpc@v1.64.1/server.go:1196
7.  google.golang.org/grpc.getChainUnaryHandler.func1
    D:/gowork/pkg/mod/google.golang.org/grpc@v1.64.1/server.go:1196
8.  google.golang.org/grpc.getChainUnaryHandler.func1
    D:/gowork/pkg/mod/google.golang.org/grpc@v1.64.1/server.go:1196
9.  google.golang.org/grpc.chainUnaryInterceptors.func1
    D:/gowork/pkg/mod/google.golang.org/grpc@v1.64.1/server.go:1187
10. user/api/settle/v1._Settle_SendSettle_Handler
    D:/gowork/max2/max2/app/user/api/settle/v1/settle_grpc.pb.go:107
11. google.golang.org/grpc.(*Server).processUnaryRPC
    D:/gowork/pkg/mod/google.golang.org/grpc@v1.64.1/server.go:1379
12. google.golang.org/grpc.(*Server).handleStream
    D:/gowork/pkg/mod/google.golang.org/grpc@v1.64.1/server.go:1790
13. google.golang.org/grpc.(*Server).serveStreams.func2.1
    D:/gowork/pkg/mod/google.golang.org/grpc@v1.64.1/server.go:1029

2026-05-10T11:15:37.617+08:00 [ERRO] {0427e0f5db15ae187f3dbf623e2f0dc8} UPDATE `users` SET point WHERE (`id`=3) AND (71): Error 1064 (42000): You have an error in your SQL syntax; check the manual that corresponds to your MySQL server version for the right syntax to use near 'WHERE (`id`=?) AND (71)' at line 1 
Stack:
1.  user/internal/library/liberr.ErrIsNil
    D:/gowork/max2/max2/app/user/internal/library/liberr/err.go:23
2.  user/internal/controller/settle.(*Controller).SendSettle
    D:/gowork/max2/max2/app/user/internal/controller/settle/settle.go:24
3.  user/api/settle/v1._Settle_SendSettle_Handler.func1
    D:/gowork/max2/max2/app/user/api/settle/v1/settle_grpc.pb.go:105
4.  google.golang.org/grpc.getChainUnaryHandler.func1
    D:/gowork/pkg/mod/google.golang.org/grpc@v1.64.1/server.go:1196
5.  google.golang.org/grpc.getChainUnaryHandler.func1
    D:/gowork/pkg/mod/google.golang.org/grpc@v1.64.1/server.go:1196
6.  google.golang.org/grpc.getChainUnaryHandler.func1
    D:/gowork/pkg/mod/google.golang.org/grpc@v1.64.1/server.go:1196
7.  google.golang.org/grpc.getChainUnaryHandler.func1
    D:/gowork/pkg/mod/google.golang.org/grpc@v1.64.1/server.go:1196
8.  google.golang.org/grpc.getChainUnaryHandler.func1
    D:/gowork/pkg/mod/google.golang.org/grpc@v1.64.1/server.go:1196
9.  google.golang.org/grpc.chainUnaryInterceptors.func1
    D:/gowork/pkg/mod/google.golang.org/grpc@v1.64.1/server.go:1187
10. user/api/settle/v1._Settle_SendSettle_Handler
    D:/gowork/max2/max2/app/user/api/settle/v1/settle_grpc.pb.go:107
11. google.golang.org/grpc.(*Server).processUnaryRPC
    D:/gowork/pkg/mod/google.golang.org/grpc@v1.64.1/server.go:1379
12. google.golang.org/grpc.(*Server).handleStream
    D:/gowork/pkg/mod/google.golang.org/grpc@v1.64.1/server.go:1790
13. google.golang.org/grpc.(*Server).serveStreams.func2.1
    D:/gowork/pkg/mod/google.golang.org/grpc@v1.64.1/server.go:1029

2026-05-10T11:24:26.120+08:00 [ERRO] {8c41ab025716ae1803d4e02ec77c3005} UPDATE `users` SET point WHERE (`id`=3) AND (56): Error 1064 (42000): You have an error in your SQL syntax; check the manual that corresponds to your MySQL server version for the right syntax to use near 'WHERE (`id`=?) AND (56)' at line 1 
Stack:
1.  user/internal/library/liberr.ErrIsNil
    D:/gowork/max2/max2/app/user/internal/library/liberr/err.go:23
2.  user/internal/controller/settle.(*Controller).SendSettle
    D:/gowork/max2/max2/app/user/internal/controller/settle/settle.go:24
3.  user/api/settle/v1._Settle_SendSettle_Handler.func1
    D:/gowork/max2/max2/app/user/api/settle/v1/settle_grpc.pb.go:105
4.  google.golang.org/grpc.getChainUnaryHandler.func1
    D:/gowork/pkg/mod/google.golang.org/grpc@v1.64.1/server.go:1196
5.  google.golang.org/grpc.getChainUnaryHandler.func1
    D:/gowork/pkg/mod/google.golang.org/grpc@v1.64.1/server.go:1196
6.  google.golang.org/grpc.getChainUnaryHandler.func1
    D:/gowork/pkg/mod/google.golang.org/grpc@v1.64.1/server.go:1196
7.  google.golang.org/grpc.getChainUnaryHandler.func1
    D:/gowork/pkg/mod/google.golang.org/grpc@v1.64.1/server.go:1196
8.  google.golang.org/grpc.getChainUnaryHandler.func1
    D:/gowork/pkg/mod/google.golang.org/grpc@v1.64.1/server.go:1196
9.  google.golang.org/grpc.chainUnaryInterceptors.func1
    D:/gowork/pkg/mod/google.golang.org/grpc@v1.64.1/server.go:1187
10. user/api/settle/v1._Settle_SendSettle_Handler
    D:/gowork/max2/max2/app/user/api/settle/v1/settle_grpc.pb.go:107
11. google.golang.org/grpc.(*Server).processUnaryRPC
    D:/gowork/pkg/mod/google.golang.org/grpc@v1.64.1/server.go:1379
12. google.golang.org/grpc.(*Server).handleStream
    D:/gowork/pkg/mod/google.golang.org/grpc@v1.64.1/server.go:1790
13. google.golang.org/grpc.(*Server).serveStreams.func2.1
    D:/gowork/pkg/mod/google.golang.org/grpc@v1.64.1/server.go:1029

2026-05-10T11:34:29.322+08:00 [DEBU] etcd put success with key "/service/default/default/user/latest/172.20.10.3:9020", value "{"protocol":"grpc"}", lease "7587894528270025604"
2026-05-10T12:00:35.019+08:00 [DEBU] etcd put success with key "/service/default/default/user/latest/172.20.10.3:9020", value "{"protocol":"grpc"}", lease "7587894528270025646"
